Broad_ID,raw_record_count,source_db_count,dedup_basis,abstract_status,has_abstract,raw_record_count_recomputed,reconstructed_primary_support,report_classes
B00001,1,1,SINGLETON,AVAILABLE,1,1,SINGLETON,article_like
B00002,1,1,SINGLETON,AVAILABLE,1,1,SINGLETON,article_like
B00003,1,1,SINGLETON,AVAILABLE,1,1,SINGLETON,article_like
B00004,2,2,DOI;PMID;TITLE_EXACT_NORM,AVAILABLE,1,2,DOI,article_like
B00005,1,1,SINGLETON,AVAILABLE,1,1,SINGLETON,article_like
B00006,3,3,DOI;PMID;TITLE_EXACT_NORM,AVAILABLE,1,3,DOI,article_like
B00007,1,1,SINGLETON,TITLE_ONLY,0,1,SINGLETON,article_like
B00008,3,3,DOI;PMID;TITLE_EXACT_NORM,AVAILABLE,1,3,DOI,article_like
B00009,1,1,SINGLETON,TITLE_ONLY,0,1,SINGLETON,article_like
B00010,1,1,SINGLETON,TITLE_ONLY,0,1,SINGLETON,article_like
B00011,2,2,DOI;TITLE_EXACT_NORM,AVAILABLE,1,2,DOI,article_like
B00012,3,3,DOI;PMID;TITLE_EXACT_NORM,AVAILABLE,1,3,DOI,article_like
B00013,3,3,DOI;PMID;TITLE_EXACT_NORM,AVAILABLE,1,3,DOI,article_like
B00014,1,1,SINGLETON,AVAILABLE,1,1,SINGLETON,article_like
B00015,1,1,SINGLETON,AVAILABLE,1,1,SINGLETON,article_like
B00016,3,3,DOI;PMID;TITLE_EXACT_NORM,AVAILABLE,1,3,DOI,article_like
B00017,2,2,DOI;TITLE_EXACT_NORM,AVAILABLE,1,2,DOI,article_like
B00018,2,2,DOI;TITLE_EXACT_NORM,AVAILABLE,1,2,DOI,article_like
B00019,1,1,SINGLETON,TITLE_ONLY,0,1,SINGLETON,conference
B00020,1,1,SINGLETON,AVAILABLE,1,1,SINGLETON,article_like
B00021,1,1,SINGLETON,AVAILABLE,1,1,SINGLETON,article_like
B00022,1,1,SINGLETON,AVAILABLE,1,1,SINGLETON,article_like
B00023,1,1,SINGLETON,AVAILABLE,1,1,SINGLETON,article_like
B00024,1,1,SINGLETON,AVAILABLE,1,1,SINGLETON,article_like
B00025,3,3,DOI;PMID;TITLE_EXACT_NORM,AVAILABLE,1,3,DOI,article_like
B00026,1,1,SINGLETON,AVAILABLE,1,1,SINGLETON,article_like
B00027,1,1,SINGLETON,AVAILABLE,1,1,SINGLETON,article_like
B00028,3,3,DOI;PMID;TITLE_EXACT_NORM,AVAILABLE,1,3,DOI,article_like
B00029,1,1,SINGLETON,AVAILABLE,1,1,SINGLETON,article_like
B00030,3,3,DOI;PMID;TITLE_EXACT_NORM,AVAILABLE,1,3,DOI,article_like
B00031,1,1,SINGLETON,AVAILABLE,1,1,SINGLETON,article_like
B00032,3,3,DOI;PMID;TITLE_EXACT_NORM,AVAILABLE,1,3,DOI,article_like
B00033,3,3,DOI;PMID;TITLE_EXACT_NORM,TITLE_ONLY,0,3,DOI,article_like
B00034,1,1,SINGLETON,TITLE_ONLY,0,1,SINGLETON,conference
B00035,3,3,DOI;PMID;TITLE_EXACT_NORM,AVAILABLE,1,3,DOI,article_like
B00036,3,3,DOI;PMID;TITLE_EXACT_NORM,AVAILABLE,1,3,DOI,article_like
B00037,1,1,SINGLETON,AVAILABLE,1,1,SINGLETON,article_like
B00038,1,1,SINGLETON,AVAILABLE,1,1,SINGLETON,article_like
B00039,2,2,DOI;PMID;TITLE_EXACT_NORM,AVAILABLE,1,2,DOI,article_like
B00040,2,2,DOI;TITLE_EXACT_NORM,AVAILABLE,1,2,DOI,article_like
B00041,1,1,SINGLETON,AVAILABLE,1,1,SINGLETON,article_like
B00042,3,3,DOI;PMID;TITLE_EXACT_NORM,AVAILABLE,1,3,DOI,article_like
B00043,2,2,DOI;TITLE_EXACT_NORM,AVAILABLE,1,2,DOI,article_like
B00044,3,3,DOI;PMID;TITLE_EXACT_NORM,AVAILABLE,1,3,DOI,article_like
B00045,2,2,DOI;TITLE_EXACT_NORM,AVAILABLE,1,2,DOI,article_like
B00046,1,1,SINGLETON,AVAILABLE,1,1,SINGLETON,article_like
B00047,1,1,SINGLETON,AVAILABLE,1,1,SINGLETON,article_like
B00048,3,3,DOI;PMID;TITLE_EXACT_NORM,AVAILABLE,1,3,DOI,article_like
B00049,3,3,DOI;PMID;TITLE_EXACT_NORM,AVAILABLE,1,3,DOI,article_like
B00050,3,3,DOI;PMID;TITLE_EXACT_NORM,AVAILABLE,1,3,DOI,article_like
B00051,3,3,DOI;PMID;TITLE_EXACT_NORM,AVAILABLE,1,3,DOI,article_like
B00052,2,2,DOI;PMID;TITLE_EXACT_NORM,AVAILABLE,1,2,DOI,article_like
B00053,3,3,DOI;PMID;TITLE_EXACT_NORM,AVAILABLE,1,3,DOI,article_like
B00054,1,1,SINGLETON,AVAILABLE,1,1,SINGLETON,article_like
B00055,1,1,SINGLETON,TITLE_ONLY,0,1,SINGLETON,article_like
B00056,2,2,DOI;TITLE_EXACT_NORM,AVAILABLE,1,2,DOI,article_like
B00057,3,3,DOI;PMID;TITLE_EXACT_NORM,AVAILABLE,1,3,DOI,article_like
B00058,3,3,DOI;PMID;TITLE_EXACT_NORM,AVAILABLE,1,3,DOI,article_like
B00059,1,1,SINGLETON,AVAILABLE,1,1,SINGLETON,article_like
B00060,1,1,SINGLETON,AVAILABLE,1,1,SINGLETON,article_like
B00061,3,3,DOI;PMID;TITLE_EXACT_NORM,AVAILABLE,1,3,DOI,article_like
B00062,1,1,SINGLETON,AVAILABLE,1,1,SINGLETON,article_like
B00063,1,1,SINGLETON,AVAILABLE,1,1,SINGLETON,article_like
B00064,3,3,DOI;PMID;TITLE_EXACT_NORM,AVAILABLE,1,3,DOI,article_like
B00065,3,3,DOI;PMID;TITLE_EXACT_NORM,AVAILABLE,1,3,DOI,article_like
B00066,3,3,DOI;PMID;TITLE_EXACT_NORM,AVAILABLE,1,3,DOI,article_like
B00067,1,1,SINGLETON,AVAILABLE,1,1,SINGLETON,article_like
B00068,1,1,SINGLETON,AVAILABLE,1,1,SINGLETON,article_like
B00069,3,3,DOI;PMID;TITLE_EXACT_NORM,AVAILABLE,1,3,DOI,article_like
B00070,3,3,DOI;PMID;TITLE_EXACT_NORM,AVAILABLE,1,3,DOI,article_like
B00071,2,2,DOI;PMID;TITLE_EXACT_NORM,AVAILABLE,1,2,DOI,article_like
B00072,3,3,DOI;PMID;TITLE_EXACT_NORM,AVAILABLE,1,3,DOI,article_like
B00073,1,1,SINGLETON,AVAILABLE,1,1,SINGLETON,article_like
B00074,1,1,SINGLETON,TITLE_ONLY,0,1,SINGLETON,article_like
B00075,1,1,SINGLETON,AVAILABLE,1,1,SINGLETON,article_like
B00076,3,3,DOI;PMID;TITLE_EXACT_NORM,AVAILABLE,1,3,DOI,article_like
B00077,2,2,DOI;TITLE_EXACT_NORM,AVAILABLE,1,2,DOI,article_like
B00078,3,3,DOI;PMID;TITLE_EXACT_NORM,AVAILABLE,1,3,DOI,article_like
B00079,3,3,DOI;PMID;TITLE_EXACT_NORM,AVAILABLE,1,3,DOI,article_like
B00080,2,2,DOI;TITLE_EXACT_NORM,AVAILABLE,1,2,DOI,article_like
B00081,3,3,DOI;PMID;TITLE_EXACT_NORM,AVAILABLE,1,3,DOI,article_like
B00082,3,3,DOI;PMID;TITLE_EXACT_NORM,AVAILABLE,1,3,DOI,article_like
B00083,1,1,SINGLETON,AVAILABLE,1,1,SINGLETON,article_like
B00084,3,3,DOI;PMID;TITLE_EXACT_NORM,AVAILABLE,1,3,DOI,article_like
B00085,2,2,DOI;TITLE_EXACT_NORM,AVAILABLE,1,2,DOI,article_like
B00086,3,3,DOI;PMID;TITLE_EXACT_NORM,AVAILABLE,1,3,DOI,article_like
B00087,1,1,SINGLETON,AVAILABLE,1,1,SINGLETON,article_like
B00088,2,2,DOI;TITLE_EXACT_NORM,AVAILABLE,1,2,DOI,article_like
B00089,3,3,DOI;PMID;TITLE_EXACT_NORM,AVAILABLE,1,3,DOI,article_like
B00090,3,3,DOI;PMID;TITLE_EXACT_NORM,AVAILABLE,1,3,DOI,article_like
B00091,2,2,DOI;TITLE_EXACT_NORM,AVAILABLE,1,2,DOI,article_like
B00092,3,3,DOI;PMID;TITLE_EXACT_NORM,AVAILABLE,1,3,DOI,article_like
B00093,3,3,DOI;PMID;TITLE_EXACT_NORM,AVAILABLE,1,3,DOI,article_like
B00094,1,1,SINGLETON,AVAILABLE,1,1,SINGLETON,article_like
B00095,3,3,DOI;PMID;TITLE_EXACT_NORM,AVAILABLE,1,3,DOI,article_like
B00096,1,1,SINGLETON,AVAILABLE,1,1,SINGLETON,article_like
B00097,3,3,DOI;PMID;TITLE_EXACT_NORM,AVAILABLE,1,3,DOI,article_like
B00098,3,3,DOI;PMID;TITLE_EXACT_NORM,AVAILABLE,1,3,DOI,article_like
B00099,3,3,DOI;PMID;TITLE_EXACT_NORM,AVAILABLE,1,3,DOI,article_like
B00100,3,3,DOI;PMID;TITLE_EXACT_NORM,AVAILABLE,1,3,DOI,article_like
B00101,2,2,DOI;TITLE_EXACT_NORM,AVAILABLE,1,2,DOI,article_like
B00102,3,3,DOI;PMID;TITLE_EXACT_NORM,AVAILABLE,1,3,DOI,article_like
B00103,3,3,DOI;PMID;TITLE_EXACT_NORM,AVAILABLE,1,3,DOI,article_like
B00104,1,1,SINGLETON,AVAILABLE,1,1,SINGLETON,article_like
B00105,3,3,DOI;PMID;TITLE_EXACT_NORM,AVAILABLE,1,3,DOI,article_like
B00106,3,3,DOI;PMID;TITLE_EXACT_NORM,AVAILABLE,1,3,DOI,article_like
B00107,3,3,DOI;PMID;TITLE_EXACT_NORM,AVAILABLE,1,3,DOI,article_like
B00108,3,3,DOI;PMID;TITLE_EXACT_NORM,AVAILABLE,1,3,DOI,article_like
B00109,3,3,DOI;PMID;TITLE_EXACT_NORM,AVAILABLE,1,3,DOI,article_like
B00110,3,3,DOI;PMID;TITLE_EXACT_NORM,AVAILABLE,1,3,DOI,article_like
B00111,3,3,DOI;PMID;TITLE_EXACT_NORM,AVAILABLE,1,3,DOI,article_like
B00112,3,3,DOI;PMID;TITLE_EXACT_NORM,AVAILABLE,1,3,DOI,article_like
B00113,3,3,DOI;PMID;TITLE_EXACT_NORM,AVAILABLE,1,3,DOI,article_like
B00114,3,3,DOI;PMID;TITLE_EXACT_NORM,AVAILABLE,1,3,DOI,article_like
B00115,3,3,DOI;PMID;TITLE_EXACT_NORM,AVAILABLE,1,3,DOI,article_like
B00116,2,2,DOI;TITLE_EXACT_NORM,AVAILABLE,1,2,DOI,article_like
B00117,3,3,DOI;PMID;TITLE_EXACT_NORM,AVAILABLE,1,3,DOI,article_like
B00118,2,2,DOI;PMID;TITLE_EXACT_NORM,AVAILABLE,1,2,DOI,article_like
B00119,1,1,SINGLETON,AVAILABLE,1,1,SINGLETON,article_like
B00120,3,3,DOI;PMID;TITLE_EXACT_NORM,AVAILABLE,1,3,DOI,article_like
B00121,1,1,SINGLETON,AVAILABLE,1,1,SINGLETON,article_like
B00122,3,3,DOI;PMID;TITLE_EXACT_NORM,TITLE_ONLY,0,3,DOI,article_like
B00123,1,1,SINGLETON,AVAILABLE,1,1,SINGLETON,article_like
B00124,3,3,DOI;PMID;TITLE_EXACT_NORM,AVAILABLE,1,3,DOI,article_like
B00125,1,1,SINGLETON,AVAILABLE,1,1,SINGLETON,article_like
B00126,3,3,DOI;PMID;TITLE_EXACT_NORM,AVAILABLE,1,3,DOI,article_like
B00127,1,1,SINGLETON,AVAILABLE,1,1,SINGLETON,article_like
B00128,3,3,DOI;PMID;TITLE_EXACT_NORM,AVAILABLE,1,3,DOI,article_like
B00129,3,3,DOI;PMID;TITLE_EXACT_NORM,AVAILABLE,1,3,DOI,article_like
B00130,1,1,SINGLETON,AVAILABLE,1,1,SINGLETON,article_like
B00131,1,1,SINGLETON,AVAILABLE,1,1,SINGLETON,article_like
B00132,3,3,DOI;PMID;TITLE_EXACT_NORM,AVAILABLE,1,3,DOI,article_like
B00133,1,1,SINGLETON,AVAILABLE,1,1,SINGLETON,article_like
B00134,2,2,DOI;TITLE_EXACT_NORM,AVAILABLE,1,2,DOI,article_like
B00135,3,3,DOI;PMID;TITLE_EXACT_NORM,AVAILABLE,1,3,DOI,article_like
B00136,3,3,DOI;PMID;TITLE_EXACT_NORM,AVAILABLE,1,3,DOI,article_like
B00137,1,1,SINGLETON,AVAILABLE,1,1,SINGLETON,article_like
B00138,2,2,DOI;TITLE_EXACT_NORM,AVAILABLE,1,2,DOI,article_like
B00139,3,3,DOI;PMID;TITLE_EXACT_NORM,AVAILABLE,1,3,DOI,article_like
B00140,3,3,DOI;PMID;TITLE_EXACT_NORM,AVAILABLE,1,3,DOI,article_like
B00141,3,3,DOI;PMID;TITLE_EXACT_NORM,AVAILABLE,1,3,DOI,article_like
B00142,1,1,SINGLETON,AVAILABLE,1,1,SINGLETON,article_like
B00143,1,1,SINGLETON,AVAILABLE,1,1,SINGLETON,article_like
B00144,3,3,DOI;PMID;TITLE_EXACT_NORM,AVAILABLE,1,3,DOI,article_like
B00145,1,1,SINGLETON,TITLE_ONLY,0,1,SINGLETON,conference
B00146,3,3,DOI;PMID;TITLE_EXACT_NORM,AVAILABLE,1,3,DOI,article_like
B00147,3,3,DOI;PMID;TITLE_EXACT_NORM,AVAILABLE,1,3,DOI,article_like
B00148,3,3,DOI;PMID;TITLE_EXACT_NORM,AVAILABLE,1,3,DOI,article_like
B00149,1,1,SINGLETON,AVAILABLE,1,1,SINGLETON,article_like
B00150,2,2,DOI;TITLE_EXACT_NORM,AVAILABLE,1,2,DOI,article_like
B00151,3,3,DOI;TITLE_EXACT_NORM,AVAILABLE,1,3,DOI,article_like
B00152,3,3,DOI;PMID;TITLE_EXACT_NORM,AVAILABLE,1,3,DOI,article_like
B00153,3,3,DOI;PMID;TITLE_EXACT_NORM,AVAILABLE,1,3,DOI,article_like
B00154,3,3,DOI;PMID;TITLE_EXACT_NORM,AVAILABLE,1,3,DOI,article_like
B00155,1,1,SINGLETON,AVAILABLE,1,1,SINGLETON,article_like
B00156,1,1,SINGLETON,TITLE_ONLY,0,1,SINGLETON,article_like
B00157,3,3,DOI;PMID;TITLE_EXACT_NORM,AVAILABLE,1,3,DOI,article_like
B00158,3,3,DOI;PMID;TITLE_EXACT_NORM,AVAILABLE,1,3,DOI,article_like
B00159,3,3,DOI;TITLE_EXACT_NORM,AVAILABLE,1,3,DOI,article_like
B00160,1,1,SINGLETON,AVAILABLE,1,1,SINGLETON,article_like
B00161,1,1,SINGLETON,AVAILABLE,1,1,SINGLETON,article_like
B00162,3,3,DOI;PMID;TITLE_EXACT_NORM,AVAILABLE,1,3,DOI,article_like
B00163,3,3,DOI;PMID;TITLE_EXACT_NORM,AVAILABLE,1,3,DOI,article_like
B00164,1,1,SINGLETON,AVAILABLE,1,1,SINGLETON,article_like
B00165,1,1,SINGLETON,AVAILABLE,1,1,SINGLETON,article_like
B00166,3,3,DOI;PMID;TITLE_EXACT_NORM,AVAILABLE,1,3,DOI,article_like
B00167,1,1,SINGLETON,AVAILABLE,1,1,SINGLETON,article_like
B00168,2,2,DOI;PMID;TITLE_EXACT_NORM,AVAILABLE,1,2,DOI,article_like
B00169,1,1,SINGLETON,AVAILABLE,1,1,SINGLETON,article_like
B00170,1,1,SINGLETON,AVAILABLE,1,1,SINGLETON,article_like
B00171,3,3,DOI;PMID;TITLE_EXACT_NORM,AVAILABLE,1,3,DOI,article_like
B00172,3,3,DOI;PMID;TITLE_EXACT_NORM,AVAILABLE,1,3,DOI,article_like
B00173,1,1,SINGLETON,AVAILABLE,1,1,SINGLETON,article_like
B00174,1,1,SINGLETON,AVAILABLE,1,1,SINGLETON,article_like
B00175,1,1,SINGLETON,AVAILABLE,1,1,SINGLETON,article_like
B00176,3,3,DOI;PMID;TITLE_EXACT_NORM,AVAILABLE,1,3,DOI,article_like
B00177,3,3,DOI;PMID;TITLE_EXACT_NORM,AVAILABLE,1,3,DOI,article_like
B00178,3,3,DOI;PMID;TITLE_EXACT_NORM,AVAILABLE,1,3,DOI,article_like
B00179,1,1,SINGLETON,AVAILABLE,1,1,SINGLETON,article_like
B00180,3,3,DOI;PMID;TITLE_EXACT_NORM,AVAILABLE,1,3,DOI,article_like
B00181,3,3,DOI;PMID;TITLE_EXACT_NORM,AVAILABLE,1,3,DOI,article_like
B00182,2,2,DOI;TITLE_EXACT_NORM,AVAILABLE,1,2,DOI,article_like
B00183,1,1,SINGLETON,AVAILABLE,1,1,SINGLETON,article_like
B00184,3,3,DOI;PMID;TITLE_EXACT_NORM,AVAILABLE,1,3,DOI,article_like
B00185,1,1,SINGLETON,AVAILABLE,1,1,SINGLETON,article_like
B00186,2,2,DOI;PMID;TITLE_EXACT_NORM,AVAILABLE,1,2,DOI,article_like
B00187,1,1,SINGLETON,AVAILABLE,1,1,SINGLETON,article_like
B00188,2,2,DOI;PMID;TITLE_EXACT_NORM,AVAILABLE,1,2,DOI,article_like
B00189,1,1,SINGLETON,TITLE_ONLY,0,1,SINGLETON,article_like
B00190,3,3,DOI;PMID;TITLE_EXACT_NORM,AVAILABLE,1,3,DOI,article_like
B00191,3,3,DOI;PMID;TITLE_EXACT_NORM,AVAILABLE,1,3,DOI,article_like
B00192,3,3,DOI;PMID;TITLE_EXACT_NORM,AVAILABLE,1,3,DOI,article_like
B00193,3,3,DOI;PMID;TITLE_EXACT_NORM,AVAILABLE,1,3,DOI,article_like
B00194,3,3,DOI;PMID;TITLE_EXACT_NORM,AVAILABLE,1,3,DOI,article_like
B00195,3,3,DOI;PMID;TITLE_EXACT_NORM,AVAILABLE,1,3,DOI,article_like
B00196,3,3,DOI;PMID;TITLE_EXACT_NORM,AVAILABLE,1,3,DOI,article_like
B00197,3,3,DOI;PMID;TITLE_EXACT_NORM,AVAILABLE,1,3,DOI,article_like
B00198,3,3,DOI;PMID;TITLE_EXACT_NORM,AVAILABLE,1,3,DOI,article_like
B00199,3,3,DOI;TITLE_EXACT_NORM,AVAILABLE,1,3,DOI,article_like
B00200,1,1,SINGLETON,AVAILABLE,1,1,SINGLETON,article_like
B00201,1,1,SINGLETON,AVAILABLE,1,1,SINGLETON,article_like
B00202,3,3,DOI;PMID;TITLE_EXACT_NORM,AVAILABLE,1,3,DOI,article_like
B00203,3,3,DOI;PMID;TITLE_EXACT_NORM,AVAILABLE,1,3,DOI,article_like
B00204,3,3,DOI;PMID;TITLE_EXACT_NORM,AVAILABLE,1,3,DOI,article_like
B00205,3,3,DOI;PMID;TITLE_EXACT_NORM,AVAILABLE,1,3,DOI,article_like
B00206,2,2,DOI;TITLE_EXACT_NORM,AVAILABLE,1,2,DOI,article_like
B00207,3,3,DOI;PMID;TITLE_EXACT_NORM,AVAILABLE,1,3,DOI,article_like
B00208,3,3,DOI;PMID;TITLE_EXACT_NORM,AVAILABLE,1,3,DOI,article_like
B00209,1,1,SINGLETON,AVAILABLE,1,1,SINGLETON,article_like
B00210,3,3,DOI;PMID;TITLE_EXACT_NORM,AVAILABLE,1,3,DOI,article_like
B00211,3,3,DOI;PMID;TITLE_EXACT_NORM,AVAILABLE,1,3,DOI,article_like
B00212,3,3,DOI;PMID;TITLE_EXACT_NORM,AVAILABLE,1,3,DOI,article_like
B00213,3,3,DOI;PMID;TITLE_EXACT_NORM,AVAILABLE,1,3,DOI,article_like
B00214,3,3,DOI;PMID;TITLE_EXACT_NORM,AVAILABLE,1,3,DOI,article_like
B00215,3,3,DOI;PMID;TITLE_EXACT_NORM,AVAILABLE,1,3,DOI,article_like
B00216,3,3,DOI;PMID;TITLE_EXACT_NORM,AVAILABLE,1,3,DOI,article_like
B00217,1,1,SINGLETON,AVAILABLE,1,1,SINGLETON,article_like
B00218,1,1,SINGLETON,AVAILABLE,1,1,SINGLETON,article_like
B00219,3,3,DOI;PMID;TITLE_EXACT_NORM,AVAILABLE,1,3,DOI,article_like
B00220,3,3,DOI;PMID;TITLE_EXACT_NORM,AVAILABLE,1,3,DOI,article_like
B00221,2,2,DOI;TITLE_EXACT_NORM,AVAILABLE,1,2,DOI,article_like
B00222,1,1,SINGLETON,TITLE_ONLY,0,1,SINGLETON,conference
B00223,3,3,DOI;PMID;TITLE_EXACT_NORM,AVAILABLE,1,3,DOI,article_like
B00224,3,3,DOI;PMID;TITLE_EXACT_NORM,AVAILABLE,1,3,DOI,article_like
B00225,3,3,DOI;PMID;TITLE_EXACT_NORM,AVAILABLE,1,3,DOI,article_like
B00226,3,3,DOI;PMID;TITLE_EXACT_NORM,AVAILABLE,1,3,DOI,article_like
B00227,3,3,DOI;PMID;TITLE_EXACT_NORM,AVAILABLE,1,3,DOI,article_like
B00228,1,1,SINGLETON,AVAILABLE,1,1,SINGLETON,article_like
B00229,3,3,DOI;PMID;TITLE_EXACT_NORM,AVAILABLE,1,3,DOI,article_like
B00230,3,3,DOI;PMID;TITLE_EXACT_NORM,AVAILABLE,1,3,DOI,article_like
B00231,3,3,DOI;PMID;TITLE_EXACT_NORM,AVAILABLE,1,3,DOI,article_like
B00232,3,3,DOI;PMID;TITLE_EXACT_NORM,AVAILABLE,1,3,DOI,article_like
B00233,1,1,SINGLETON,AVAILABLE,1,1,SINGLETON,article_like
B00234,3,3,DOI;PMID;TITLE_EXACT_NORM,AVAILABLE,1,3,DOI,article_like
B00235,2,2,DOI;TITLE_EXACT_NORM,AVAILABLE,1,2,DOI,article_like
B00236,1,1,SINGLETON,TITLE_ONLY,0,1,SINGLETON,conference
B00237,3,3,DOI;PMID;TITLE_EXACT_NORM,AVAILABLE,1,3,DOI,article_like
B00238,1,1,SINGLETON,AVAILABLE,1,1,SINGLETON,article_like
B00239,2,2,DOI;PMID;TITLE_EXACT_NORM,AVAILABLE,1,2,DOI,article_like
B00240,3,3,DOI;PMID;TITLE_EXACT_NORM,AVAILABLE,1,3,DOI,article_like
B00241,1,1,SINGLETON,TITLE_ONLY,0,1,SINGLETON,article_like
B00242,3,3,DOI;PMID;TITLE_EXACT_NORM,AVAILABLE,1,3,DOI,article_like
B00243,3,3,DOI;PMID;TITLE_EXACT_NORM,AVAILABLE,1,3,DOI,article_like
B00244,1,1,SINGLETON,AVAILABLE,1,1,SINGLETON,article_like
B00245,3,3,DOI;PMID;TITLE_EXACT_NORM,AVAILABLE,1,3,DOI,article_like
B00246,3,3,DOI;PMID;TITLE_EXACT_NORM,AVAILABLE,1,3,DOI,article_like
B00247,1,1,SINGLETON,TITLE_ONLY,0,1,SINGLETON,conference
B00248,2,2,DOI;PMID;TITLE_EXACT_NORM,AVAILABLE,1,2,DOI,article_like
B00249,3,3,DOI;PMID;TITLE_EXACT_NORM,AVAILABLE,1,3,DOI,article_like
B00250,3,3,DOI;PMID;TITLE_EXACT_NORM,AVAILABLE,1,3,DOI,article_like
B00251,3,3,DOI;PMID;TITLE_EXACT_NORM,AVAILABLE,1,3,DOI,article_like
B00252,3,3,DOI;PMID;TITLE_EXACT_NORM,AVAILABLE,1,3,DOI,article_like
B00253,1,1,SINGLETON,AVAILABLE,1,1,SINGLETON,article_like
B00254,1,1,SINGLETON,AVAILABLE,1,1,SINGLETON,article_like
B00255,3,3,DOI;PMID;TITLE_EXACT_NORM,AVAILABLE,1,3,DOI,article_like
B00256,3,3,DOI;PMID;TITLE_EXACT_NORM,AVAILABLE,1,3,DOI,article_like
B00257,1,1,SINGLETON,AVAILABLE,1,1,SINGLETON,article_like
B00258,1,1,SINGLETON,TITLE_ONLY,0,1,SINGLETON,article_like
B00259,3,3,DOI;PMID;TITLE_EXACT_NORM,AVAILABLE,1,3,DOI,article_like
B00260,3,3,DOI;PMID;TITLE_EXACT_NORM,AVAILABLE,1,3,DOI,article_like
B00261,1,1,SINGLETON,AVAILABLE,1,1,SINGLETON,article_like
B00262,1,1,SINGLETON,AVAILABLE,1,1,SINGLETON,article_like
B00263,3,3,DOI;PMID;TITLE_EXACT_NORM,AVAILABLE,1,3,DOI,article_like
B00264,1,1,SINGLETON,AVAILABLE,1,1,SINGLETON,article_like
B00265,1,1,SINGLETON,AVAILABLE,1,1,SINGLETON,article_like
B00266,1,1,SINGLETON,AVAILABLE,1,1,SINGLETON,article_like
B00267,3,3,DOI;PMID;TITLE_EXACT_NORM,AVAILABLE,1,3,DOI,article_like
B00268,3,3,DOI;PMID;TITLE_EXACT_NORM,AVAILABLE,1,3,DOI,article_like
B00269,3,3,DOI;PMID;TITLE_EXACT_NORM,AVAILABLE,1,3,DOI,article_like
B00270,1,1,SINGLETON,AVAILABLE,1,1,SINGLETON,article_like
B00271,3,3,DOI;PMID;TITLE_EXACT_NORM,AVAILABLE,1,3,DOI,article_like
B00272,3,3,DOI;PMID;TITLE_EXACT_NORM,AVAILABLE,1,3,DOI,article_like
B00273,3,3,DOI;PMID;TITLE_EXACT_NORM,AVAILABLE,1,3,DOI,article_like
B00274,3,3,DOI;PMID;TITLE_EXACT_NORM,AVAILABLE,1,3,DOI,article_like
B00275,3,3,DOI;PMID;TITLE_EXACT_NORM,AVAILABLE,1,3,DOI,article_like
B00276,3,3,DOI;PMID;TITLE_EXACT_NORM,AVAILABLE,1,3,DOI,article_like
B00277,1,1,SINGLETON,TITLE_ONLY,0,1,SINGLETON,conference
B00278,3,3,DOI;PMID;TITLE_EXACT_NORM,AVAILABLE,1,3,DOI,article_like
B00279,3,3,DOI;PMID;TITLE_EXACT_NORM,AVAILABLE,1,3,DOI,article_like
B00280,1,1,SINGLETON,AVAILABLE,1,1,SINGLETON,article_like
B00281,3,3,DOI;PMID,AVAILABLE,1,3,DOI,correction
B00282,1,1,SINGLETON,AVAILABLE,1,1,SINGLETON,correction
B00283,1,1,SINGLETON,AVAILABLE,1,1,SINGLETON,correction
B00284,3,3,DOI,AVAILABLE,1,3,DOI,correction
B00285,2,2,DOI,AVAILABLE,1,2,DOI,correction
B00286,3,3,DOI;PMID,AVAILABLE,1,3,DOI,correction
B00287,3,3,DOI;PMID;TITLE_EXACT_NORM,AVAILABLE,1,3,DOI,correction
B00288,2,2,DOI,AVAILABLE,1,2,DOI,correction
B00289,2,2,DOI;PMID,AVAILABLE,1,2,DOI,correction
B00290,3,3,DOI,AVAILABLE,1,3,DOI,correction
B00291,3,3,DOI;PMID,AVAILABLE,1,3,DOI,correction
B00292,2,2,DOI;PMID;TITLE_EXACT_NORM,AVAILABLE,1,2,DOI,article_like
B00293,1,1,SINGLETON,AVAILABLE,1,1,SINGLETON,article_like
B00294,3,3,DOI;PMID;TITLE_EXACT_NORM,AVAILABLE,1,3,DOI,article_like
B00295,3,3,DOI;PMID;TITLE_EXACT_NORM,AVAILABLE,1,3,DOI,article_like
B00296,2,2,DOI;TITLE_EXACT_NORM,AVAILABLE,1,2,DOI,article_like
B00297,3,3,DOI;PMID;TITLE_EXACT_NORM,AVAILABLE,1,3,DOI,article_like
B00298,1,1,SINGLETON,AVAILABLE,1,1,SINGLETON,article_like
B00299,3,3,DOI;PMID;TITLE_EXACT_NORM,AVAILABLE,1,3,DOI,article_like
B00300,3,3,DOI;PMID;TITLE_EXACT_NORM,AVAILABLE,1,3,DOI,article_like
B00301,1,1,SINGLETON,AVAILABLE,1,1,SINGLETON,article_like
B00302,3,3,DOI;PMID;TITLE_EXACT_NORM,AVAILABLE,1,3,DOI,article_like
B00303,2,2,DOI;PMID;TITLE_EXACT_NORM,AVAILABLE,1,2,DOI,article_like
B00304,3,3,DOI;PMID;TITLE_EXACT_NORM,AVAILABLE,1,3,DOI,article_like
B00305,3,3,DOI;PMID;TITLE_EXACT_NORM,AVAILABLE,1,3,DOI,article_like
B00306,1,1,SINGLETON,TITLE_ONLY,0,1,SINGLETON,article_like
B00307,1,1,SINGLETON,AVAILABLE,1,1,SINGLETON,article_like
B00308,2,2,DOI;PMID;TITLE_EXACT_NORM,AVAILABLE,1,2,DOI,article_like
B00309,3,3,DOI;PMID;TITLE_EXACT_NORM,AVAILABLE,1,3,DOI,article_like
B00310,3,3,DOI;PMID;TITLE_EXACT_NORM,AVAILABLE,1,3,DOI,article_like
B00311,3,3,DOI;PMID;TITLE_EXACT_NORM,AVAILABLE,1,3,DOI,article_like
B00312,1,1,SINGLETON,AVAILABLE,1,1,SINGLETON,article_like
B00313,3,3,DOI;PMID;TITLE_EXACT_NORM,AVAILABLE,1,3,DOI,article_like
B00314,1,1,SINGLETON,AVAILABLE,1,1,SINGLETON,article_like
B00315,3,3,DOI;PMID;TITLE_EXACT_NORM,AVAILABLE,1,3,DOI,article_like
B00316,3,3,DOI;PMID;TITLE_EXACT_NORM,AVAILABLE,1,3,DOI,article_like
B00317,3,3,DOI;PMID;TITLE_EXACT_NORM,AVAILABLE,1,3,DOI,article_like
B00318,1,1,SINGLETON,AVAILABLE,1,1,SINGLETON,article_like
B00319,3,3,DOI;PMID;TITLE_EXACT_NORM,AVAILABLE,1,3,DOI,article_like
B00320,3,3,DOI;PMID;TITLE_EXACT_NORM,AVAILABLE,1,3,DOI,article_like
B00321,1,1,SINGLETON,AVAILABLE,1,1,SINGLETON,article_like
B00322,1,1,SINGLETON,TITLE_ONLY,0,1,SINGLETON,conference
B00323,3,3,DOI;PMID;TITLE_EXACT_NORM,AVAILABLE,1,3,DOI,article_like
B00324,2,2,DOI;TITLE_EXACT_NORM,AVAILABLE,1,2,DOI,article_like
B00325,1,1,SINGLETON,AVAILABLE,1,1,SINGLETON,article_like
B00326,3,3,DOI;PMID;TITLE_EXACT_NORM,AVAILABLE,1,3,DOI,article_like
B00327,2,2,DOI;PMID;TITLE_EXACT_NORM,AVAILABLE,1,2,DOI,article_like
B00328,3,3,DOI;PMID;TITLE_EXACT_NORM,AVAILABLE,1,3,DOI,article_like
B00329,1,1,SINGLETON,AVAILABLE,1,1,SINGLETON,article_like
B00330,3,3,DOI;PMID;TITLE_EXACT_NORM,AVAILABLE,1,3,DOI,article_like
B00331,1,1,SINGLETON,AVAILABLE,1,1,SINGLETON,article_like
B00332,3,3,DOI;PMID;TITLE_EXACT_NORM,AVAILABLE,1,3,DOI,article_like
B00333,3,3,DOI;PMID;TITLE_EXACT_NORM,AVAILABLE,1,3,DOI,article_like
B00334,1,1,SINGLETON,AVAILABLE,1,1,SINGLETON,article_like
B00335,1,1,SINGLETON,AVAILABLE,1,1,SINGLETON,article_like
B00336,3,3,DOI;PMID;TITLE_EXACT_NORM,AVAILABLE,1,3,DOI,article_like
B00337,1,1,SINGLETON,AVAILABLE,1,1,SINGLETON,article_like
B00338,1,1,SINGLETON,TITLE_ONLY,0,1,SINGLETON,conference
B00339,1,1,SINGLETON,TITLE_ONLY,0,1,SINGLETON,conference
B00340,1,1,SINGLETON,AVAILABLE,1,1,SINGLETON,article_like
B00341,1,1,SINGLETON,AVAILABLE,1,1,SINGLETON,article_like
B00342,3,3,DOI;PMID;TITLE_EXACT_NORM,AVAILABLE,1,3,DOI,article_like
B00343,2,2,DOI;PMID;TITLE_EXACT_NORM,AVAILABLE,1,2,DOI,article_like
B00344,1,1,SINGLETON,AVAILABLE,1,1,SINGLETON,article_like
B00345,2,2,DOI;PMID;TITLE_EXACT_NORM,AVAILABLE,1,2,DOI,article_like
B00346,3,3,DOI;PMID;TITLE_EXACT_NORM,AVAILABLE,1,3,DOI,article_like
B00347,3,3,DOI;PMID;TITLE_EXACT_NORM,AVAILABLE,1,3,DOI,article_like
B00348,3,3,DOI;PMID;TITLE_EXACT_NORM,AVAILABLE,1,3,DOI,article_like
B00349,4,3,DOI;PMID;TITLE_EXACT_NORM,AVAILABLE,1,4,DOI,article_like
B00350,3,3,DOI;PMID;TITLE_EXACT_NORM,AVAILABLE,1,3,DOI,article_like
B00351,3,3,DOI;PMID;TITLE_EXACT_NORM,AVAILABLE,1,3,DOI,article_like
B00352,3,3,DOI;PMID;TITLE_EXACT_NORM,AVAILABLE,1,3,DOI,article_like
B00353,3,3,DOI;PMID;TITLE_EXACT_NORM,AVAILABLE,1,3,DOI,article_like
B00354,1,1,SINGLETON,AVAILABLE,1,1,SINGLETON,article_like
B00355,1,1,SINGLETON,TITLE_ONLY,0,1,SINGLETON,conference
B00356,2,2,DOI;TITLE_EXACT_NORM,AVAILABLE,1,2,DOI,article_like
B00357,3,3,DOI;PMID;TITLE_EXACT_NORM,AVAILABLE,1,3,DOI,article_like
B00358,3,3,DOI;PMID;TITLE_EXACT_NORM,AVAILABLE,1,3,DOI,article_like
B00359,1,1,SINGLETON,AVAILABLE,1,1,SINGLETON,article_like
B00360,3,3,DOI;PMID;TITLE_EXACT_NORM,AVAILABLE,1,3,DOI,article_like
B00361,3,3,DOI;PMID;TITLE_EXACT_NORM,AVAILABLE,1,3,DOI,article_like
B00362,3,3,DOI;PMID;TITLE_EXACT_NORM,AVAILABLE,1,3,DOI,article_like
B00363,2,2,DOI;TITLE_EXACT_NORM,AVAILABLE,1,2,DOI,article_like
B00364,1,1,SINGLETON,AVAILABLE,1,1,SINGLETON,article_like
B00365,1,1,SINGLETON,TITLE_ONLY,0,1,SINGLETON,conference
B00366,2,2,DOI;TITLE_EXACT_NORM,AVAILABLE,1,2,DOI,article_like
B00367,3,3,DOI;PMID;TITLE_EXACT_NORM,AVAILABLE,1,3,DOI,article_like
B00368,1,1,SINGLETON,AVAILABLE,1,1,SINGLETON,article_like
B00369,3,3,DOI;PMID;TITLE_EXACT_NORM,AVAILABLE,1,3,DOI,article_like
B00370,2,2,DOI;PMID;TITLE_EXACT_NORM,AVAILABLE,1,2,DOI,article_like
B00371,1,1,SINGLETON,TITLE_ONLY,0,1,SINGLETON,article_like
B00372,1,1,SINGLETON,TITLE_ONLY,0,1,SINGLETON,article_like
B00373,1,1,SINGLETON,TITLE_ONLY,0,1,SINGLETON,article_like
B00374,1,1,SINGLETON,TITLE_ONLY,0,1,SINGLETON,article_like
B00375,3,3,DOI;PMID;TITLE_EXACT_NORM,TITLE_ONLY,0,3,DOI,article_like
B00376,1,1,SINGLETON,AVAILABLE,1,1,SINGLETON,article_like
B00377,1,1,SINGLETON,AVAILABLE,1,1,SINGLETON,article_like
B00378,3,3,DOI;PMID;TITLE_EXACT_NORM,AVAILABLE,1,3,DOI,article_like
B00379,1,1,SINGLETON,AVAILABLE,1,1,SINGLETON,article_like
B00380,3,3,DOI;PMID;TITLE_EXACT_NORM,AVAILABLE,1,3,DOI,article_like
B00381,1,1,SINGLETON,AVAILABLE,1,1,SINGLETON,article_like
B00382,3,3,DOI;PMID;TITLE_EXACT_NORM,AVAILABLE,1,3,DOI,article_like
B00383,2,2,DOI;TITLE_EXACT_NORM,AVAILABLE,1,2,DOI,article_like
B00384,1,1,SINGLETON,AVAILABLE,1,1,SINGLETON,article_like
B00385,2,2,DOI;TITLE_EXACT_NORM,AVAILABLE,1,2,DOI,article_like
B00386,3,3,DOI;PMID;TITLE_EXACT_NORM,AVAILABLE,1,3,DOI,article_like
B00387,1,1,SINGLETON,AVAILABLE,1,1,SINGLETON,article_like
B00388,1,1,SINGLETON,AVAILABLE,1,1,SINGLETON,article_like
B00389,1,1,SINGLETON,AVAILABLE,1,1,SINGLETON,article_like
B00390,2,2,DOI;TITLE_EXACT_NORM,AVAILABLE,1,2,DOI,article_like
B00391,2,2,DOI;PMID;TITLE_EXACT_NORM,AVAILABLE,1,2,DOI,article_like
B00392,3,3,DOI;PMID;TITLE_EXACT_NORM,AVAILABLE,1,3,DOI,article_like
B00393,1,1,SINGLETON,AVAILABLE,1,1,SINGLETON,article_like
B00394,1,1,SINGLETON,AVAILABLE,1,1,SINGLETON,article_like
B00395,1,1,SINGLETON,AVAILABLE,1,1,SINGLETON,article_like
B00396,2,2,DOI;PMID;TITLE_EXACT_NORM,AVAILABLE,1,2,DOI,article_like
B00397,1,1,SINGLETON,AVAILABLE,1,1,SINGLETON,article_like
B00398,1,1,SINGLETON,TITLE_ONLY,0,1,SINGLETON,conference
B00399,3,3,DOI;PMID;TITLE_EXACT_NORM,AVAILABLE,1,3,DOI,article_like
B00400,1,1,SINGLETON,AVAILABLE,1,1,SINGLETON,article_like
B00401,3,3,DOI;PMID;TITLE_EXACT_NORM,AVAILABLE,1,3,DOI,article_like
B00402,1,1,SINGLETON,AVAILABLE,1,1,SINGLETON,article_like
B00403,1,1,SINGLETON,AVAILABLE,1,1,SINGLETON,article_like
B00404,3,3,DOI;PMID;TITLE_EXACT_NORM,AVAILABLE,1,3,DOI,article_like
B00405,3,3,DOI;PMID;TITLE_EXACT_NORM,AVAILABLE,1,3,DOI,article_like
B00406,3,3,DOI;PMID;TITLE_EXACT_NORM,AVAILABLE,1,3,DOI,article_like
B00407,1,1,SINGLETON,AVAILABLE,1,1,SINGLETON,article_like
B00408,3,3,DOI;PMID;TITLE_EXACT_NORM,AVAILABLE,1,3,DOI,article_like
B00409,1,1,SINGLETON,AVAILABLE,1,1,SINGLETON,article_like
B00410,3,3,DOI;PMID;TITLE_EXACT_NORM,AVAILABLE,1,3,DOI,article_like
B00411,3,3,DOI;PMID;TITLE_EXACT_NORM,AVAILABLE,1,3,DOI,article_like
B00412,1,1,SINGLETON,AVAILABLE,1,1,SINGLETON,article_like
B00413,2,2,DOI;PMID;TITLE_EXACT_NORM,AVAILABLE,1,2,DOI,article_like
B00414,1,1,SINGLETON,TITLE_ONLY,0,1,SINGLETON,conference
B00415,2,2,DOI;TITLE_EXACT_NORM,AVAILABLE,1,2,DOI,article_like
B00416,3,3,DOI;PMID;TITLE_EXACT_NORM,AVAILABLE,1,3,DOI,article_like
B00417,3,3,DOI;PMID;TITLE_EXACT_NORM,AVAILABLE,1,3,DOI,article_like
B00418,3,3,DOI;PMID;TITLE_EXACT_NORM,AVAILABLE,1,3,DOI,article_like
B00419,1,1,SINGLETON,AVAILABLE,1,1,SINGLETON,article_like
B00420,1,1,SINGLETON,AVAILABLE,1,1,SINGLETON,article_like
B00421,2,2,DOI,AVAILABLE,1,2,DOI,article_like
B00422,3,3,DOI;PMID;TITLE_EXACT_NORM,AVAILABLE,1,3,DOI,article_like
B00423,2,2,DOI;PMID;TITLE_EXACT_NORM,AVAILABLE,1,2,DOI,article_like
B00424,3,3,DOI;PMID;TITLE_EXACT_NORM,AVAILABLE,1,3,DOI,article_like
B00425,1,1,SINGLETON,AVAILABLE,1,1,SINGLETON,article_like
B00426,2,2,DOI;PMID;TITLE_EXACT_NORM,AVAILABLE,1,2,DOI,article_like
B00427,1,1,SINGLETON,AVAILABLE,1,1,SINGLETON,article_like
B00428,1,1,SINGLETON,AVAILABLE,1,1,SINGLETON,article_like
B00429,1,1,SINGLETON,AVAILABLE,1,1,SINGLETON,article_like
B00430,3,3,DOI;PMID;TITLE_EXACT_NORM,AVAILABLE,1,3,DOI,article_like
B00431,1,1,SINGLETON,AVAILABLE,1,1,SINGLETON,article_like
B00432,3,3,DOI;PMID;TITLE_EXACT_NORM,AVAILABLE,1,3,DOI,article_like
B00433,1,1,SINGLETON,AVAILABLE,1,1,SINGLETON,article_like
B00434,3,3,DOI;PMID;TITLE_EXACT_NORM,AVAILABLE,1,3,DOI,article_like
B00435,1,1,SINGLETON,AVAILABLE,1,1,SINGLETON,article_like
B00436,3,3,DOI;PMID;TITLE_EXACT_NORM,AVAILABLE,1,3,DOI,article_like
B00437,3,3,DOI;PMID;TITLE_EXACT_NORM,AVAILABLE,1,3,DOI,article_like
B00438,1,1,SINGLETON,AVAILABLE,1,1,SINGLETON,article_like
B00439,3,3,DOI;PMID;TITLE_EXACT_NORM,AVAILABLE,1,3,DOI,article_like
B00440,3,3,DOI;PMID;TITLE_EXACT_NORM,AVAILABLE,1,3,DOI,article_like
B00441,3,3,DOI;PMID;TITLE_EXACT_NORM,AVAILABLE,1,3,DOI,article_like
B00442,3,3,DOI;PMID;TITLE_EXACT_NORM,AVAILABLE,1,3,DOI,article_like
B00443,1,1,SINGLETON,AVAILABLE,1,1,SINGLETON,article_like
B00444,3,3,DOI;PMID;TITLE_EXACT_NORM,AVAILABLE,1,3,DOI,article_like
B00445,3,3,DOI;PMID;TITLE_EXACT_NORM,AVAILABLE,1,3,DOI,article_like
B00446,3,3,DOI;PMID;TITLE_EXACT_NORM,AVAILABLE,1,3,DOI,article_like
B00447,1,1,SINGLETON,AVAILABLE,1,1,SINGLETON,article_like
B00448,3,3,DOI;PMID;TITLE_EXACT_NORM,AVAILABLE,1,3,DOI,article_like
B00449,3,3,DOI;PMID;TITLE_EXACT_NORM,AVAILABLE,1,3,DOI,article_like
B00450,1,1,SINGLETON,TITLE_ONLY,0,1,SINGLETON,article_like
B00451,3,3,DOI;PMID;TITLE_EXACT_NORM,AVAILABLE,1,3,DOI,article_like
B00452,3,3,DOI;PMID;TITLE_EXACT_NORM,AVAILABLE,1,3,DOI,article_like
B00453,1,1,SINGLETON,AVAILABLE,1,1,SINGLETON,article_like
B00454,3,3,DOI;PMID;TITLE_EXACT_NORM,AVAILABLE,1,3,DOI,article_like
B00455,3,3,DOI;PMID;TITLE_EXACT_NORM,AVAILABLE,1,3,DOI,article_like
B00456,3,3,DOI;PMID;TITLE_EXACT_NORM,AVAILABLE,1,3,DOI,article_like
B00457,1,1,SINGLETON,AVAILABLE,1,1,SINGLETON,article_like
B00458,3,3,DOI;PMID;TITLE_EXACT_NORM,AVAILABLE,1,3,DOI,article_like
B00459,3,3,DOI;PMID;TITLE_EXACT_NORM,AVAILABLE,1,3,DOI,article_like
B00460,1,1,SINGLETON,AVAILABLE,1,1,SINGLETON,article_like
B00461,3,3,DOI;PMID;TITLE_EXACT_NORM,AVAILABLE,1,3,DOI,article_like
B00462,2,2,DOI;PMID;TITLE_EXACT_NORM,AVAILABLE,1,2,DOI,article_like
B00463,3,3,DOI;PMID;TITLE_EXACT_NORM,AVAILABLE,1,3,DOI,article_like
B00464,3,3,DOI;PMID;TITLE_EXACT_NORM,AVAILABLE,1,3,DOI,article_like
B00465,3,3,DOI;PMID;TITLE_EXACT_NORM,AVAILABLE,1,3,DOI,article_like
B00466,3,3,DOI;PMID;TITLE_EXACT_NORM,AVAILABLE,1,3,DOI,article_like
B00467,3,3,DOI;PMID;TITLE_EXACT_NORM,AVAILABLE,1,3,DOI,article_like
B00468,3,3,DOI;PMID;TITLE_EXACT_NORM,AVAILABLE,1,3,DOI,article_like
B00469,1,1,SINGLETON,TITLE_ONLY,0,1,SINGLETON,conference
B00470,3,3,DOI;PMID;TITLE_EXACT_NORM,AVAILABLE,1,3,DOI,article_like
B00471,1,1,SINGLETON,AVAILABLE,1,1,SINGLETON,article_like
B00472,3,3,DOI;PMID;TITLE_EXACT_NORM,TITLE_ONLY,0,3,DOI,article_like
B00473,3,3,DOI;PMID;TITLE_EXACT_NORM,AVAILABLE,1,3,DOI,article_like
B00474,2,2,DOI;PMID;TITLE_EXACT_NORM,AVAILABLE,1,2,DOI,article_like
B00475,1,1,SINGLETON,AVAILABLE,1,1,SINGLETON,article_like
B00476,3,3,DOI;PMID;TITLE_EXACT_NORM,AVAILABLE,1,3,DOI,article_like
B00477,3,3,DOI;PMID;TITLE_EXACT_NORM,AVAILABLE,1,3,DOI,article_like
B00478,2,2,DOI;TITLE_EXACT_NORM,AVAILABLE,1,2,DOI,article_like
B00479,3,3,DOI;PMID;TITLE_EXACT_NORM,AVAILABLE,1,3,DOI,article_like
B00480,3,3,DOI;PMID;TITLE_EXACT_NORM,AVAILABLE,1,3,DOI,article_like
B00481,3,3,DOI;PMID;TITLE_EXACT_NORM,AVAILABLE,1,3,DOI,article_like
B00482,1,1,SINGLETON,AVAILABLE,1,1,SINGLETON,article_like
B00483,3,3,DOI;PMID;TITLE_EXACT_NORM,AVAILABLE,1,3,DOI,article_like
B00484,3,3,DOI;PMID;TITLE_EXACT_NORM,AVAILABLE,1,3,DOI,article_like
B00485,3,3,DOI;PMID;TITLE_EXACT_NORM,AVAILABLE,1,3,DOI,article_like
B00486,3,3,DOI;PMID;TITLE_EXACT_NORM,AVAILABLE,1,3,DOI,article_like
B00487,3,3,DOI;PMID;TITLE_EXACT_NORM,AVAILABLE,1,3,DOI,article_like
B00488,3,3,DOI;PMID;TITLE_EXACT_NORM,AVAILABLE,1,3,DOI,article_like
B00489,1,1,SINGLETON,AVAILABLE,1,1,SINGLETON,article_like
B00490,3,3,DOI;PMID;TITLE_EXACT_NORM,AVAILABLE,1,3,DOI,article_like
B00491,3,3,DOI;PMID;TITLE_EXACT_NORM,AVAILABLE,1,3,DOI,article_like
B00492,3,3,DOI;PMID;TITLE_EXACT_NORM,AVAILABLE,1,3,DOI,article_like
B00493,2,2,DOI;TITLE_EXACT_NORM,AVAILABLE,1,2,DOI,article_like
B00494,3,3,DOI;PMID;TITLE_EXACT_NORM,AVAILABLE,1,3,DOI,article_like
B00495,1,1,SINGLETON,AVAILABLE,1,1,SINGLETON,article_like
B00496,3,3,DOI;PMID;TITLE_EXACT_NORM,AVAILABLE,1,3,DOI,article_like
B00497,3,3,DOI;PMID;TITLE_EXACT_NORM,AVAILABLE,1,3,DOI,article_like
B00498,1,1,SINGLETON,AVAILABLE,1,1,SINGLETON,article_like
B00499,3,3,DOI;PMID;TITLE_EXACT_NORM,AVAILABLE,1,3,DOI,article_like
B00500,1,1,SINGLETON,AVAILABLE,1,1,SINGLETON,article_like
B00501,3,3,DOI;PMID;TITLE_EXACT_NORM,AVAILABLE,1,3,DOI,article_like
B00502,1,1,SINGLETON,AVAILABLE,1,1,SINGLETON,article_like
B00503,1,1,SINGLETON,AVAILABLE,1,1,SINGLETON,article_like
B00504,3,3,DOI;PMID;TITLE_EXACT_NORM,AVAILABLE,1,3,DOI,article_like
B00505,3,3,DOI;PMID;TITLE_EXACT_NORM,AVAILABLE,1,3,DOI,article_like
B00506,1,1,SINGLETON,AVAILABLE,1,1,SINGLETON,article_like
B00507,3,3,DOI;PMID;TITLE_EXACT_NORM,AVAILABLE,1,3,DOI,article_like
B00508,3,3,DOI;PMID;TITLE_EXACT_NORM,AVAILABLE,1,3,DOI,article_like
B00509,2,2,DOI;PMID;TITLE_EXACT_NORM,AVAILABLE,1,2,DOI,article_like
B00510,3,3,DOI;PMID;TITLE_EXACT_NORM,AVAILABLE,1,3,DOI,article_like
B00511,3,3,DOI;PMID;TITLE_EXACT_NORM,AVAILABLE,1,3,DOI,article_like
B00512,3,3,DOI;PMID;TITLE_EXACT_NORM,AVAILABLE,1,3,DOI,article_like
B00513,1,1,SINGLETON,AVAILABLE,1,1,SINGLETON,article_like
B00514,1,1,SINGLETON,TITLE_ONLY,0,1,SINGLETON,conference
B00515,3,3,DOI;PMID;TITLE_EXACT_NORM,AVAILABLE,1,3,DOI,article_like
B00516,3,3,DOI;PMID;TITLE_EXACT_NORM,AVAILABLE,1,3,DOI,article_like
B00517,1,1,SINGLETON,AVAILABLE,1,1,SINGLETON,article_like
B00518,2,2,DOI;PMID;TITLE_EXACT_NORM,AVAILABLE,1,2,DOI,article_like
B00519,1,1,SINGLETON,TITLE_ONLY,0,1,SINGLETON,conference
B00520,1,1,SINGLETON,AVAILABLE,1,1,SINGLETON,article_like
B00521,1,1,SINGLETON,AVAILABLE,1,1,SINGLETON,article_like
B00522,3,3,DOI;PMID;TITLE_EXACT_NORM,AVAILABLE,1,3,DOI,article_like
B00523,2,2,DOI;PMID;TITLE_EXACT_NORM,AVAILABLE,1,2,DOI,article_like
B00524,1,1,SINGLETON,AVAILABLE,1,1,SINGLETON,article_like
B00525,3,3,DOI;PMID;TITLE_EXACT_NORM,AVAILABLE,1,3,DOI,article_like
B00526,3,3,DOI;PMID;TITLE_EXACT_NORM,AVAILABLE,1,3,DOI,article_like
B00527,3,3,DOI;PMID;TITLE_EXACT_NORM,AVAILABLE,1,3,DOI,article_like
B00528,3,3,DOI;PMID;TITLE_EXACT_NORM,AVAILABLE,1,3,DOI,article_like
B00529,2,2,DOI;PMID;TITLE_EXACT_NORM,AVAILABLE,1,2,DOI,article_like
B00530,1,1,SINGLETON,AVAILABLE,1,1,SINGLETON,article_like
B00531,3,3,DOI;PMID;TITLE_EXACT_NORM,AVAILABLE,1,3,DOI,article_like
B00532,1,1,SINGLETON,TITLE_ONLY,0,1,SINGLETON,conference
B00533,1,1,SINGLETON,AVAILABLE,1,1,SINGLETON,article_like
B00534,2,2,DOI;TITLE_EXACT_NORM,AVAILABLE,1,2,DOI,article_like
B00535,3,3,DOI;PMID;TITLE_EXACT_NORM,AVAILABLE,1,3,DOI,article_like
B00536,3,3,DOI;PMID;TITLE_EXACT_NORM,AVAILABLE,1,3,DOI,article_like
B00537,1,1,SINGLETON,TITLE_ONLY,0,1,SINGLETON,conference
B00538,3,3,DOI;PMID;TITLE_EXACT_NORM,AVAILABLE,1,3,DOI,article_like
B00539,3,3,DOI;PMID;TITLE_EXACT_NORM,AVAILABLE,1,3,DOI,article_like
B00540,1,1,SINGLETON,AVAILABLE,1,1,SINGLETON,article_like
B00541,3,3,DOI;PMID;TITLE_EXACT_NORM,AVAILABLE,1,3,DOI,article_like
B00542,3,3,DOI;PMID;TITLE_EXACT_NORM,AVAILABLE,1,3,DOI,article_like
B00543,3,3,DOI;PMID;TITLE_EXACT_NORM,AVAILABLE,1,3,DOI,article_like
B00544,3,3,DOI;PMID;TITLE_EXACT_NORM,AVAILABLE,1,3,DOI,article_like
B00545,3,3,DOI;PMID;TITLE_EXACT_NORM,AVAILABLE,1,3,DOI,article_like
B00546,1,1,SINGLETON,AVAILABLE,1,1,SINGLETON,article_like
B00547,2,2,DOI;PMID;TITLE_EXACT_NORM,AVAILABLE,1,2,DOI,article_like
B00548,3,3,DOI;PMID;TITLE_EXACT_NORM,AVAILABLE,1,3,DOI,article_like
B00549,1,1,SINGLETON,AVAILABLE,1,1,SINGLETON,article_like
B00550,3,3,DOI;PMID;TITLE_EXACT_NORM,AVAILABLE,1,3,DOI,article_like
B00551,3,3,DOI;PMID;TITLE_EXACT_NORM,AVAILABLE,1,3,DOI,article_like
B00552,3,3,DOI;PMID;TITLE_EXACT_NORM,AVAILABLE,1,3,DOI,article_like
B00553,3,3,DOI;PMID;TITLE_EXACT_NORM,AVAILABLE,1,3,DOI,article_like
B00554,1,1,SINGLETON,AVAILABLE,1,1,SINGLETON,article_like
B00555,3,3,DOI;PMID;TITLE_EXACT_NORM,AVAILABLE,1,3,DOI,article_like
B00556,3,3,DOI;PMID;TITLE_EXACT_NORM,AVAILABLE,1,3,DOI,article_like
B00557,2,2,DOI;TITLE_EXACT_NORM,AVAILABLE,1,2,DOI,article_like
B00558,1,1,SINGLETON,AVAILABLE,1,1,SINGLETON,article_like
B00559,3,3,DOI;PMID;TITLE_EXACT_NORM,AVAILABLE,1,3,DOI,article_like
B00560,1,1,SINGLETON,AVAILABLE,1,1,SINGLETON,article_like
B00561,1,1,SINGLETON,AVAILABLE,1,1,SINGLETON,article_like
B00562,3,3,DOI;PMID;TITLE_EXACT_NORM,AVAILABLE,1,3,DOI,article_like
B00563,1,1,SINGLETON,AVAILABLE,1,1,SINGLETON,article_like
B00564,1,1,SINGLETON,AVAILABLE,1,1,SINGLETON,article_like
B00565,1,1,SINGLETON,TITLE_ONLY,0,1,SINGLETON,conference
B00566,1,1,SINGLETON,AVAILABLE,1,1,SINGLETON,article_like
B00567,3,3,DOI;PMID;TITLE_EXACT_NORM,AVAILABLE,1,3,DOI,article_like
B00568,3,3,DOI;PMID;TITLE_EXACT_NORM,AVAILABLE,1,3,DOI,article_like
B00569,3,3,DOI;PMID;TITLE_EXACT_NORM,AVAILABLE,1,3,DOI,article_like
B00570,3,3,DOI;PMID;TITLE_EXACT_NORM,TITLE_ONLY,0,3,DOI,article_like
B00571,1,1,SINGLETON,AVAILABLE,1,1,SINGLETON,article_like
B00572,3,3,DOI;PMID;TITLE_EXACT_NORM,AVAILABLE,1,3,DOI,article_like
B00573,3,3,DOI;PMID;TITLE_EXACT_NORM,AVAILABLE,1,3,DOI,article_like
B00574,2,2,DOI;PMID;TITLE_EXACT_NORM,AVAILABLE,1,2,DOI,article_like
B00575,1,1,SINGLETON,TITLE_ONLY,0,1,SINGLETON,conference
B00576,2,2,DOI;PMID;TITLE_EXACT_NORM,AVAILABLE,1,2,DOI,article_like
B00577,3,3,DOI;PMID;TITLE_EXACT_NORM,AVAILABLE,1,3,DOI,article_like
B00578,2,2,DOI;TITLE_EXACT_NORM,AVAILABLE,1,2,DOI,article_like
B00579,2,2,DOI;PMID;TITLE_EXACT_NORM,AVAILABLE,1,2,DOI,article_like
B00580,3,3,DOI;PMID;TITLE_EXACT_NORM,AVAILABLE,1,3,DOI,article_like
B00581,2,2,DOI;PMID;TITLE_EXACT_NORM,AVAILABLE,1,2,DOI,article_like
B00582,1,1,SINGLETON,AVAILABLE,1,1,SINGLETON,article_like
B00583,3,3,DOI;PMID;TITLE_EXACT_NORM,AVAILABLE,1,3,DOI,article_like
B00584,1,1,SINGLETON,AVAILABLE,1,1,SINGLETON,article_like
B00585,3,3,DOI;PMID;TITLE_EXACT_NORM,AVAILABLE,1,3,DOI,article_like
B00586,2,2,DOI;PMID;TITLE_EXACT_NORM,AVAILABLE,1,2,DOI,article_like
B00587,1,1,SINGLETON,AVAILABLE,1,1,SINGLETON,article_like
B00588,3,3,DOI;PMID;TITLE_EXACT_NORM,AVAILABLE,1,3,DOI,article_like
B00589,3,3,DOI;PMID;TITLE_EXACT_NORM,AVAILABLE,1,3,DOI,article_like
B00590,1,1,SINGLETON,AVAILABLE,1,1,SINGLETON,article_like
B00591,2,2,DOI;TITLE_EXACT_NORM,AVAILABLE,1,2,DOI,article_like
B00592,3,3,DOI;PMID;TITLE_EXACT_NORM,AVAILABLE,1,3,DOI,article_like
B00593,1,1,SINGLETON,TITLE_ONLY,0,1,SINGLETON,conference
B00594,2,2,DOI;TITLE_EXACT_NORM,AVAILABLE,1,2,DOI,article_like
B00595,1,1,SINGLETON,AVAILABLE,1,1,SINGLETON,article_like
B00596,3,3,DOI;PMID;TITLE_EXACT_NORM,AVAILABLE,1,3,DOI,article_like
B00597,1,1,SINGLETON,TITLE_ONLY,0,1,SINGLETON,article_like
B00598,1,1,SINGLETON,AVAILABLE,1,1,SINGLETON,article_like
B00599,1,1,SINGLETON,AVAILABLE,1,1,SINGLETON,article_like
B00600,3,3,DOI;PMID;TITLE_EXACT_NORM,AVAILABLE,1,3,DOI,article_like
B00601,2,2,DOI;TITLE_EXACT_NORM,AVAILABLE,1,2,DOI,article_like
B00602,3,3,DOI;PMID;TITLE_EXACT_NORM,AVAILABLE,1,3,DOI,article_like
B00603,2,2,DOI;PMID;TITLE_EXACT_NORM,AVAILABLE,1,2,DOI,article_like
B00604,1,1,SINGLETON,AVAILABLE,1,1,SINGLETON,article_like
B00605,3,3,DOI;PMID;TITLE_EXACT_NORM,AVAILABLE,1,3,DOI,article_like
B00606,3,3,DOI;PMID;TITLE_EXACT_NORM,AVAILABLE,1,3,DOI,article_like
B00607,3,3,DOI;PMID;TITLE_EXACT_NORM,AVAILABLE,1,3,DOI,article_like
B00608,1,1,SINGLETON,AVAILABLE,1,1,SINGLETON,article_like
B00609,1,1,SINGLETON,AVAILABLE,1,1,SINGLETON,article_like
B00610,1,1,SINGLETON,AVAILABLE,1,1,SINGLETON,article_like
B00611,3,3,DOI;PMID;TITLE_EXACT_NORM,AVAILABLE,1,3,DOI,article_like
B00612,3,3,DOI;PMID;TITLE_EXACT_NORM,AVAILABLE,1,3,DOI,article_like
B00613,1,1,SINGLETON,AVAILABLE,1,1,SINGLETON,article_like
B00614,2,2,DOI;TITLE_EXACT_NORM,AVAILABLE,1,2,DOI,article_like
B00615,3,3,DOI;PMID;TITLE_EXACT_NORM,AVAILABLE,1,3,DOI,article_like
B00616,3,3,DOI;PMID;TITLE_EXACT_NORM,AVAILABLE,1,3,DOI,article_like
B00617,2,2,DOI;TITLE_EXACT_NORM,AVAILABLE,1,2,DOI,article_like
B00618,1,1,SINGLETON,AVAILABLE,1,1,SINGLETON,article_like
B00619,3,3,DOI;PMID;TITLE_EXACT_NORM,AVAILABLE,1,3,DOI,article_like
B00620,1,1,SINGLETON,AVAILABLE,1,1,SINGLETON,article_like
B00621,3,3,DOI;PMID;TITLE_EXACT_NORM,AVAILABLE,1,3,DOI,article_like
B00622,3,3,DOI;PMID;TITLE_EXACT_NORM,AVAILABLE,1,3,DOI,article_like
B00623,3,3,DOI;PMID;TITLE_EXACT_NORM,AVAILABLE,1,3,DOI,article_like
B00624,3,3,DOI;PMID;TITLE_EXACT_NORM,AVAILABLE,1,3,DOI,article_like
B00625,3,3,DOI;PMID;TITLE_EXACT_NORM,AVAILABLE,1,3,DOI,article_like
B00626,3,3,DOI;PMID;TITLE_EXACT_NORM,AVAILABLE,1,3,DOI,article_like
B00627,1,1,SINGLETON,AVAILABLE,1,1,SINGLETON,article_like
B00628,3,3,DOI;PMID;TITLE_EXACT_NORM,AVAILABLE,1,3,DOI,article_like
B00629,2,2,DOI;TITLE_EXACT_NORM,AVAILABLE,1,2,DOI,article_like
B00630,3,3,DOI;PMID;TITLE_EXACT_NORM,AVAILABLE,1,3,DOI,article_like
B00631,3,3,DOI;PMID;TITLE_EXACT_NORM,AVAILABLE,1,3,DOI,article_like
B00632,3,3,DOI;PMID;TITLE_EXACT_NORM,AVAILABLE,1,3,DOI,article_like
B00633,1,1,SINGLETON,AVAILABLE,1,1,SINGLETON,article_like
B00634,2,2,DOI;TITLE_EXACT_NORM,AVAILABLE,1,2,DOI,article_like
B00635,1,1,SINGLETON,TITLE_ONLY,0,1,SINGLETON,conference
B00636,3,3,DOI;PMID;TITLE_EXACT_NORM,AVAILABLE,1,3,DOI,article_like
B00637,3,3,DOI;PMID;TITLE_EXACT_NORM,AVAILABLE,1,3,DOI,article_like
B00638,3,3,DOI;PMID;TITLE_EXACT_NORM,AVAILABLE,1,3,DOI,article_like
B00639,1,1,SINGLETON,TITLE_ONLY,0,1,SINGLETON,article_like
B00640,1,1,SINGLETON,AVAILABLE,1,1,SINGLETON,article_like
B00641,1,1,SINGLETON,AVAILABLE,1,1,SINGLETON,article_like
B00642,3,3,DOI;PMID;TITLE_EXACT_NORM,AVAILABLE,1,3,DOI,article_like
B00643,1,1,SINGLETON,AVAILABLE,1,1,SINGLETON,article_like
B00644,3,3,DOI;PMID;TITLE_EXACT_NORM,AVAILABLE,1,3,DOI,article_like
B00645,3,3,DOI;PMID;TITLE_EXACT_NORM,AVAILABLE,1,3,DOI,article_like
B00646,2,2,DOI;PMID;TITLE_EXACT_NORM,AVAILABLE,1,2,DOI,article_like
B00647,3,3,DOI;PMID;TITLE_EXACT_NORM,AVAILABLE,1,3,DOI,article_like
B00648,3,3,DOI;PMID;TITLE_EXACT_NORM,AVAILABLE,1,3,DOI,article_like
B00649,1,1,SINGLETON,AVAILABLE,1,1,SINGLETON,article_like
B00650,1,1,SINGLETON,AVAILABLE,1,1,SINGLETON,article_like
B00651,2,2,DOI;PMID;TITLE_EXACT_NORM,AVAILABLE,1,2,DOI,article_like
B00652,3,3,DOI;PMID;TITLE_EXACT_NORM,AVAILABLE,1,3,DOI,article_like
B00653,1,1,SINGLETON,AVAILABLE,1,1,SINGLETON,article_like
B00654,3,3,DOI;PMID;TITLE_EXACT_NORM,AVAILABLE,1,3,DOI,article_like
B00655,1,1,SINGLETON,TITLE_ONLY,0,1,SINGLETON,article_like
B00656,1,1,SINGLETON,TITLE_ONLY,0,1,SINGLETON,conference
B00657,1,1,SINGLETON,AVAILABLE,1,1,SINGLETON,article_like
B00658,3,3,DOI;PMID;TITLE_EXACT_NORM,AVAILABLE,1,3,DOI,article_like
B00659,3,3,DOI;PMID;TITLE_EXACT_NORM,AVAILABLE,1,3,DOI,article_like
B00660,3,3,DOI;PMID;TITLE_EXACT_NORM,AVAILABLE,1,3,DOI,article_like
B00661,3,3,DOI;PMID;TITLE_EXACT_NORM,AVAILABLE,1,3,DOI,article_like
B00662,3,3,DOI;PMID;TITLE_EXACT_NORM,AVAILABLE,1,3,DOI,article_like
B00663,1,1,SINGLETON,AVAILABLE,1,1,SINGLETON,article_like
B00664,3,3,DOI;PMID;TITLE_EXACT_NORM,AVAILABLE,1,3,DOI,article_like
B00665,3,3,DOI;PMID;TITLE_EXACT_NORM,AVAILABLE,1,3,DOI,article_like
B00666,1,1,SINGLETON,TITLE_ONLY,0,1,SINGLETON,conference
B00667,3,3,DOI;PMID;TITLE_EXACT_NORM,AVAILABLE,1,3,DOI,article_like
B00668,1,1,SINGLETON,AVAILABLE,1,1,SINGLETON,article_like
B00669,3,3,DOI;PMID;TITLE_EXACT_NORM,AVAILABLE,1,3,DOI,article_like
B00670,1,1,SINGLETON,AVAILABLE,1,1,SINGLETON,article_like
B00671,1,1,SINGLETON,AVAILABLE,1,1,SINGLETON,article_like
B00672,3,3,DOI;PMID;TITLE_EXACT_NORM,AVAILABLE,1,3,DOI,article_like
B00673,3,3,DOI;PMID;TITLE_EXACT_NORM,AVAILABLE,1,3,DOI,article_like
B00674,3,3,DOI;PMID;TITLE_EXACT_NORM,AVAILABLE,1,3,DOI,article_like
B00675,3,3,DOI;PMID;TITLE_EXACT_NORM,AVAILABLE,1,3,DOI,article_like
B00676,2,2,DOI;PMID;TITLE_EXACT_NORM,AVAILABLE,1,2,DOI,article_like
B00677,1,1,SINGLETON,AVAILABLE,1,1,SINGLETON,article_like
B00678,1,1,SINGLETON,AVAILABLE,1,1,SINGLETON,article_like
B00679,1,1,SINGLETON,AVAILABLE,1,1,SINGLETON,article_like
B00680,3,3,DOI;PMID;TITLE_EXACT_NORM,AVAILABLE,1,3,DOI,article_like
B00681,1,1,SINGLETON,AVAILABLE,1,1,SINGLETON,article_like
B00682,2,2,DOI;PMID;TITLE_EXACT_NORM,AVAILABLE,1,2,DOI,article_like
B00683,3,3,DOI;PMID;TITLE_EXACT_NORM,AVAILABLE,1,3,DOI,article_like
B00684,3,3,DOI;PMID;TITLE_EXACT_NORM,AVAILABLE,1,3,DOI,article_like
B00685,1,1,SINGLETON,AVAILABLE,1,1,SINGLETON,article_like
B00686,1,1,SINGLETON,AVAILABLE,1,1,SINGLETON,article_like
B00687,1,1,SINGLETON,AVAILABLE,1,1,SINGLETON,article_like
B00688,1,1,SINGLETON,AVAILABLE,1,1,SINGLETON,article_like
B00689,3,3,DOI;PMID;TITLE_EXACT_NORM,AVAILABLE,1,3,DOI,article_like
B00690,2,2,DOI;PMID;TITLE_EXACT_NORM,AVAILABLE,1,2,DOI,article_like
B00691,3,3,DOI;PMID;TITLE_EXACT_NORM,AVAILABLE,1,3,DOI,article_like
B00692,1,1,SINGLETON,AVAILABLE,1,1,SINGLETON,article_like
B00693,1,1,SINGLETON,AVAILABLE,1,1,SINGLETON,article_like
B00694,1,1,SINGLETON,AVAILABLE,1,1,SINGLETON,article_like
B00695,1,1,SINGLETON,AVAILABLE,1,1,SINGLETON,article_like
B00696,3,3,DOI;PMID;TITLE_EXACT_NORM,AVAILABLE,1,3,DOI,article_like
B00697,1,1,SINGLETON,AVAILABLE,1,1,SINGLETON,article_like
B00698,3,3,DOI;PMID;TITLE_EXACT_NORM,AVAILABLE,1,3,DOI,article_like
B00699,3,3,DOI;PMID;TITLE_EXACT_NORM,AVAILABLE,1,3,DOI,article_like
B00700,1,1,SINGLETON,AVAILABLE,1,1,SINGLETON,article_like
B00701,3,3,DOI;PMID;TITLE_EXACT_NORM,AVAILABLE,1,3,DOI,article_like
B00702,3,3,DOI;PMID;TITLE_EXACT_NORM,AVAILABLE,1,3,DOI,article_like
B00703,3,3,DOI;PMID;TITLE_EXACT_NORM,AVAILABLE,1,3,DOI,article_like
B00704,3,3,DOI;PMID;TITLE_EXACT_NORM,AVAILABLE,1,3,DOI,article_like
B00705,3,3,DOI;PMID;TITLE_EXACT_NORM,AVAILABLE,1,3,DOI,article_like
B00706,1,1,SINGLETON,AVAILABLE,1,1,SINGLETON,article_like
B00707,1,1,SINGLETON,AVAILABLE,1,1,SINGLETON,article_like
B00708,1,1,SINGLETON,AVAILABLE,1,1,SINGLETON,article_like
B00709,2,2,DOI;TITLE_EXACT_NORM,AVAILABLE,1,2,DOI,article_like
B00710,2,2,DOI;TITLE_EXACT_NORM,AVAILABLE,1,2,DOI,article_like
B00711,3,3,DOI;PMID;TITLE_EXACT_NORM,AVAILABLE,1,3,DOI,article_like
B00712,2,2,DOI;PMID;TITLE_EXACT_NORM,AVAILABLE,1,2,DOI,article_like
B00713,1,1,SINGLETON,AVAILABLE,1,1,SINGLETON,article_like
B00714,1,1,SINGLETON,AVAILABLE,1,1,SINGLETON,article_like
B00715,3,3,DOI;PMID;TITLE_EXACT_NORM,AVAILABLE,1,3,DOI,article_like
B00716,1,1,SINGLETON,AVAILABLE,1,1,SINGLETON,article_like
B00717,3,3,DOI;PMID;TITLE_EXACT_NORM,AVAILABLE,1,3,DOI,article_like
B00718,2,2,DOI;TITLE_EXACT_NORM,AVAILABLE,1,2,DOI,article_like
B00719,1,1,SINGLETON,AVAILABLE,1,1,SINGLETON,article_like
B00720,3,3,DOI;PMID;TITLE_EXACT_NORM,AVAILABLE,1,3,DOI,article_like
B00721,1,1,SINGLETON,AVAILABLE,1,1,SINGLETON,article_like
B00722,3,3,DOI;PMID;TITLE_EXACT_NORM,AVAILABLE,1,3,DOI,article_like
B00723,3,3,DOI;PMID;TITLE_EXACT_NORM,AVAILABLE,1,3,DOI,article_like
B00724,2,2,DOI;PMID;TITLE_EXACT_NORM,AVAILABLE,1,2,DOI,article_like
B00725,3,3,DOI;PMID;TITLE_EXACT_NORM,AVAILABLE,1,3,DOI,article_like
B00726,3,3,DOI;PMID;TITLE_EXACT_NORM,AVAILABLE,1,3,DOI,article_like
B00727,1,1,SINGLETON,AVAILABLE,1,1,SINGLETON,article_like
B00728,1,1,SINGLETON,AVAILABLE,1,1,SINGLETON,article_like
B00729,3,3,DOI;PMID;TITLE_EXACT_NORM,AVAILABLE,1,3,DOI,article_like
B00730,1,1,SINGLETON,AVAILABLE,1,1,SINGLETON,article_like
B00731,3,3,DOI;PMID;TITLE_EXACT_NORM,AVAILABLE,1,3,DOI,article_like
B00732,3,3,DOI;PMID;TITLE_EXACT_NORM,AVAILABLE,1,3,DOI,article_like
B00733,1,1,SINGLETON,AVAILABLE,1,1,SINGLETON,article_like
B00734,2,2,DOI;TITLE_EXACT_NORM,AVAILABLE,1,2,DOI,article_like
B00735,3,3,DOI;PMID;TITLE_EXACT_NORM,AVAILABLE,1,3,DOI,article_like
B00736,1,1,SINGLETON,AVAILABLE,1,1,SINGLETON,article_like
B00737,3,3,DOI;PMID;TITLE_EXACT_NORM,AVAILABLE,1,3,DOI,article_like
B00738,3,3,DOI;PMID;TITLE_EXACT_NORM,AVAILABLE,1,3,DOI,article_like
B00739,3,3,DOI;PMID;TITLE_EXACT_NORM,AVAILABLE,1,3,DOI,article_like
B00740,3,3,DOI;PMID;TITLE_EXACT_NORM,AVAILABLE,1,3,DOI,article_like
B00741,1,1,SINGLETON,AVAILABLE,1,1,SINGLETON,article_like
B00742,3,3,DOI;PMID;TITLE_EXACT_NORM,AVAILABLE,1,3,DOI,article_like
B00743,3,3,DOI;PMID;TITLE_EXACT_NORM,AVAILABLE,1,3,DOI,article_like
B00744,3,3,DOI;PMID;TITLE_EXACT_NORM,AVAILABLE,1,3,DOI,article_like
B00745,3,3,DOI;PMID;TITLE_EXACT_NORM,AVAILABLE,1,3,DOI,article_like
B00746,1,1,SINGLETON,AVAILABLE,1,1,SINGLETON,article_like
B00747,3,3,DOI;TITLE_EXACT_NORM,AVAILABLE,1,3,DOI,article_like
B00748,2,2,DOI;TITLE_EXACT_NORM,AVAILABLE,1,2,DOI,article_like
B00749,2,2,DOI;TITLE_EXACT_NORM,AVAILABLE,1,2,DOI,article_like
B00750,3,3,DOI;PMID;TITLE_EXACT_NORM,AVAILABLE,1,3,DOI,article_like
B00751,1,1,SINGLETON,AVAILABLE,1,1,SINGLETON,article_like
B00752,3,3,DOI;PMID;TITLE_EXACT_NORM,AVAILABLE,1,3,DOI,article_like
B00753,1,1,SINGLETON,AVAILABLE,1,1,SINGLETON,article_like
B00754,3,3,DOI;PMID;TITLE_EXACT_NORM,AVAILABLE,1,3,DOI,article_like
B00755,3,3,DOI;PMID;TITLE_EXACT_NORM,AVAILABLE,1,3,DOI,article_like
B00756,2,2,DOI;PMID;TITLE_EXACT_NORM,AVAILABLE,1,2,DOI,article_like
B00757,1,1,SINGLETON,AVAILABLE,1,1,SINGLETON,article_like
B00758,1,1,SINGLETON,AVAILABLE,1,1,SINGLETON,article_like
B00759,1,1,SINGLETON,AVAILABLE,1,1,SINGLETON,article_like
B00760,3,3,DOI;PMID;TITLE_EXACT_NORM,AVAILABLE,1,3,DOI,article_like
B00761,3,3,DOI;PMID;TITLE_EXACT_NORM,AVAILABLE,1,3,DOI,article_like
B00762,2,2,DOI;TITLE_EXACT_NORM,AVAILABLE,1,2,DOI,article_like
B00763,1,1,SINGLETON,AVAILABLE,1,1,SINGLETON,article_like
B00764,2,2,DOI;TITLE_EXACT_NORM,AVAILABLE,1,2,DOI,article_like
B00765,2,2,DOI;TITLE_EXACT_NORM,AVAILABLE,1,2,DOI,article_like
B00766,3,3,DOI;PMID;TITLE_EXACT_NORM,AVAILABLE,1,3,DOI,article_like
B00767,1,1,SINGLETON,AVAILABLE,1,1,SINGLETON,article_like
B00768,3,3,DOI;PMID;TITLE_EXACT_NORM,AVAILABLE,1,3,DOI,article_like
B00769,1,1,SINGLETON,AVAILABLE,1,1,SINGLETON,article_like
B00770,3,3,DOI;PMID;TITLE_EXACT_NORM,AVAILABLE,1,3,DOI,article_like
B00771,2,2,DOI;PMID,AVAILABLE,1,2,DOI,article_like
B00772,3,3,DOI;PMID;TITLE_EXACT_NORM,AVAILABLE,1,3,DOI,article_like
B00773,1,1,SINGLETON,AVAILABLE,1,1,SINGLETON,article_like
B00774,1,1,SINGLETON,AVAILABLE,1,1,SINGLETON,article_like
B00775,3,3,DOI;PMID;TITLE_EXACT_NORM,AVAILABLE,1,3,DOI,article_like
B00776,3,3,DOI;PMID;TITLE_EXACT_NORM,AVAILABLE,1,3,DOI,article_like
B00777,3,3,DOI;PMID;TITLE_EXACT_NORM,AVAILABLE,1,3,DOI,article_like
B00778,1,1,SINGLETON,AVAILABLE,1,1,SINGLETON,article_like
B00779,1,1,SINGLETON,AVAILABLE,1,1,SINGLETON,article_like
B00780,3,3,DOI;PMID;TITLE_EXACT_NORM,AVAILABLE,1,3,DOI,article_like
B00781,3,3,DOI;PMID;TITLE_EXACT_NORM,AVAILABLE,1,3,DOI,article_like
B00782,3,3,DOI;PMID;TITLE_EXACT_NORM,AVAILABLE,1,3,DOI,article_like
B00783,3,3,DOI;PMID;TITLE_EXACT_NORM,AVAILABLE,1,3,DOI,article_like
B00784,3,3,DOI;PMID;TITLE_EXACT_NORM,AVAILABLE,1,3,DOI,article_like
B00785,1,1,SINGLETON,AVAILABLE,1,1,SINGLETON,article_like
B00786,3,3,DOI;PMID;TITLE_EXACT_NORM,AVAILABLE,1,3,DOI,article_like
B00787,3,3,DOI;PMID;TITLE_EXACT_NORM,AVAILABLE,1,3,DOI,article_like
B00788,3,3,DOI;PMID;TITLE_EXACT_NORM,AVAILABLE,1,3,DOI,article_like
B00789,3,3,DOI;PMID;TITLE_EXACT_NORM,AVAILABLE,1,3,DOI,article_like
B00790,3,3,DOI;PMID;TITLE_EXACT_NORM,AVAILABLE,1,3,DOI,article_like
B00791,3,3,DOI;PMID;TITLE_EXACT_NORM,AVAILABLE,1,3,DOI,article_like
B00792,3,3,DOI;PMID;TITLE_EXACT_NORM,AVAILABLE,1,3,DOI,article_like
B00793,3,3,DOI;PMID;TITLE_EXACT_NORM,AVAILABLE,1,3,DOI,article_like
B00794,3,3,DOI;PMID;TITLE_EXACT_NORM,AVAILABLE,1,3,DOI,article_like
B00795,3,3,DOI;PMID;TITLE_EXACT_NORM,AVAILABLE,1,3,DOI,article_like
B00796,3,3,DOI;PMID;TITLE_EXACT_NORM,AVAILABLE,1,3,DOI,article_like
B00797,3,3,DOI;PMID;TITLE_EXACT_NORM,AVAILABLE,1,3,DOI,article_like
B00798,3,3,DOI;PMID;TITLE_EXACT_NORM,AVAILABLE,1,3,DOI,article_like
B00799,1,1,SINGLETON,AVAILABLE,1,1,SINGLETON,article_like
B00800,3,3,DOI;PMID;TITLE_EXACT_NORM,AVAILABLE,1,3,DOI,article_like
B00801,3,3,DOI;PMID;TITLE_EXACT_NORM,AVAILABLE,1,3,DOI,article_like
B00802,3,3,DOI;PMID;TITLE_EXACT_NORM,AVAILABLE,1,3,DOI,article_like
B00803,3,3,DOI;PMID;TITLE_EXACT_NORM,AVAILABLE,1,3,DOI,article_like
B00804,3,3,DOI;PMID;TITLE_EXACT_NORM,AVAILABLE,1,3,DOI,article_like
B00805,3,3,DOI;PMID;TITLE_EXACT_NORM,AVAILABLE,1,3,DOI,article_like
B00806,1,1,SINGLETON,AVAILABLE,1,1,SINGLETON,article_like
B00807,3,3,DOI;PMID;TITLE_EXACT_NORM,AVAILABLE,1,3,DOI,article_like
B00808,3,3,DOI;PMID;TITLE_EXACT_NORM,AVAILABLE,1,3,DOI,article_like
B00809,1,1,SINGLETON,AVAILABLE,1,1,SINGLETON,article_like
B00810,3,3,DOI;PMID;TITLE_EXACT_NORM,AVAILABLE,1,3,DOI,article_like
B00811,1,1,SINGLETON,AVAILABLE,1,1,SINGLETON,article_like
B00812,3,3,DOI;PMID;TITLE_EXACT_NORM,AVAILABLE,1,3,DOI,article_like
B00813,3,3,DOI;PMID;TITLE_EXACT_NORM,AVAILABLE,1,3,DOI,article_like
B00814,3,3,DOI;PMID;TITLE_EXACT_NORM,AVAILABLE,1,3,DOI,article_like
B00815,3,3,DOI;PMID;TITLE_EXACT_NORM,AVAILABLE,1,3,DOI,article_like
B00816,3,3,DOI;PMID;TITLE_EXACT_NORM,AVAILABLE,1,3,DOI,article_like
B00817,2,2,DOI;TITLE_EXACT_NORM,AVAILABLE,1,2,DOI,article_like
B00818,2,2,DOI;PMID;TITLE_EXACT_NORM,AVAILABLE,1,2,DOI,article_like
B00819,3,3,DOI;PMID;TITLE_EXACT_NORM,AVAILABLE,1,3,DOI,article_like
B00820,2,2,DOI;TITLE_EXACT_NORM,AVAILABLE,1,2,DOI,article_like
B00821,3,3,DOI;TITLE_EXACT_NORM,AVAILABLE,1,3,DOI,article_like
B00822,1,1,SINGLETON,AVAILABLE,1,1,SINGLETON,article_like
B00823,3,3,DOI;PMID;TITLE_EXACT_NORM,AVAILABLE,1,3,DOI,article_like
B00824,1,1,SINGLETON,AVAILABLE,1,1,SINGLETON,article_like
B00825,3,3,DOI;PMID;TITLE_EXACT_NORM,AVAILABLE,1,3,DOI,article_like
B00826,3,3,DOI;PMID;TITLE_EXACT_NORM,AVAILABLE,1,3,DOI,article_like
B00827,1,1,SINGLETON,AVAILABLE,1,1,SINGLETON,article_like
B00828,3,3,DOI;PMID;TITLE_EXACT_NORM,AVAILABLE,1,3,DOI,article_like
B00829,1,1,SINGLETON,AVAILABLE,1,1,SINGLETON,article_like
B00830,1,1,SINGLETON,AVAILABLE,1,1,SINGLETON,article_like
B00831,3,3,DOI;PMID;TITLE_EXACT_NORM,AVAILABLE,1,3,DOI,article_like
B00832,3,3,DOI;PMID;TITLE_EXACT_NORM,AVAILABLE,1,3,DOI,article_like
B00833,3,3,DOI;PMID;TITLE_EXACT_NORM,AVAILABLE,1,3,DOI,article_like
B00834,1,1,SINGLETON,AVAILABLE,1,1,SINGLETON,article_like
B00835,1,1,SINGLETON,AVAILABLE,1,1,SINGLETON,article_like
B00836,3,3,DOI;PMID;TITLE_EXACT_NORM,AVAILABLE,1,3,DOI,article_like
B00837,3,3,DOI;PMID;TITLE_EXACT_NORM,AVAILABLE,1,3,DOI,article_like
B00838,1,1,SINGLETON,AVAILABLE,1,1,SINGLETON,article_like
B00839,3,3,DOI;PMID;TITLE_EXACT_NORM,AVAILABLE,1,3,DOI,article_like
B00840,1,1,SINGLETON,AVAILABLE,1,1,SINGLETON,article_like
B00841,1,1,SINGLETON,AVAILABLE,1,1,SINGLETON,article_like
B00842,2,2,DOI;PMID;TITLE_EXACT_NORM,AVAILABLE,1,2,DOI,article_like
B00843,1,1,SINGLETON,AVAILABLE,1,1,SINGLETON,article_like
B00844,3,3,DOI;PMID;TITLE_EXACT_NORM,AVAILABLE,1,3,DOI,article_like
B00845,1,1,SINGLETON,AVAILABLE,1,1,SINGLETON,article_like
B00846,1,1,SINGLETON,AVAILABLE,1,1,SINGLETON,article_like
B00847,1,1,SINGLETON,AVAILABLE,1,1,SINGLETON,article_like
B00848,1,1,SINGLETON,AVAILABLE,1,1,SINGLETON,article_like
B00849,1,1,SINGLETON,AVAILABLE,1,1,SINGLETON,article_like
B00850,3,3,DOI;PMID;TITLE_EXACT_NORM,AVAILABLE,1,3,DOI,article_like
B00851,3,3,DOI;PMID;TITLE_EXACT_NORM,AVAILABLE,1,3,DOI,article_like
B00852,3,3,DOI;TITLE_EXACT_NORM,AVAILABLE,1,3,DOI,article_like
B00853,1,1,SINGLETON,AVAILABLE,1,1,SINGLETON,article_like
B00854,2,2,DOI;TITLE_EXACT_NORM,AVAILABLE,1,2,DOI,article_like
B00855,1,1,SINGLETON,AVAILABLE,1,1,SINGLETON,article_like
B00856,1,1,SINGLETON,AVAILABLE,1,1,SINGLETON,article_like
B00857,3,3,DOI;PMID;TITLE_EXACT_NORM,AVAILABLE,1,3,DOI,article_like
B00858,1,1,SINGLETON,AVAILABLE,1,1,SINGLETON,article_like
B00859,1,1,SINGLETON,TITLE_ONLY,0,1,SINGLETON,article_like
B00860,1,1,SINGLETON,AVAILABLE,1,1,SINGLETON,article_like
B00861,2,2,DOI;TITLE_EXACT_NORM,AVAILABLE,1,2,DOI,article_like
B00862,1,1,SINGLETON,AVAILABLE,1,1,SINGLETON,article_like
B00863,1,1,SINGLETON,AVAILABLE,1,1,SINGLETON,article_like
B00864,3,3,DOI;PMID;TITLE_EXACT_NORM,AVAILABLE,1,3,DOI,article_like
B00865,1,1,SINGLETON,AVAILABLE,1,1,SINGLETON,article_like
B00866,1,1,SINGLETON,AVAILABLE,1,1,SINGLETON,article_like
B00867,3,3,DOI;PMID;TITLE_EXACT_NORM,AVAILABLE,1,3,DOI,article_like
B00868,3,3,DOI;PMID;TITLE_EXACT_NORM,AVAILABLE,1,3,DOI,article_like
B00869,3,3,DOI;PMID;TITLE_EXACT_NORM,AVAILABLE,1,3,DOI,article_like
B00870,3,3,DOI;PMID;TITLE_EXACT_NORM,AVAILABLE,1,3,DOI,article_like
B00871,1,1,SINGLETON,AVAILABLE,1,1,SINGLETON,article_like
B00872,3,3,DOI;PMID;TITLE_EXACT_NORM,AVAILABLE,1,3,DOI,article_like
B00873,1,1,SINGLETON,AVAILABLE,1,1,SINGLETON,article_like
B00874,3,3,DOI;PMID;TITLE_EXACT_NORM,AVAILABLE,1,3,DOI,article_like
B00875,3,3,DOI;PMID;TITLE_EXACT_NORM,AVAILABLE,1,3,DOI,article_like
B00876,3,3,DOI;PMID;TITLE_EXACT_NORM,AVAILABLE,1,3,DOI,article_like
B00877,2,2,DOI;PMID;TITLE_EXACT_NORM,AVAILABLE,1,2,DOI,article_like
B00878,1,1,SINGLETON,AVAILABLE,1,1,SINGLETON,article_like
B00879,2,2,DOI;PMID;TITLE_EXACT_NORM,AVAILABLE,1,2,DOI,article_like
B00880,3,3,DOI;PMID;TITLE_EXACT_NORM,AVAILABLE,1,3,DOI,article_like
B00881,1,1,SINGLETON,AVAILABLE,1,1,SINGLETON,article_like
B00882,3,3,DOI;PMID;TITLE_EXACT_NORM,AVAILABLE,1,3,DOI,article_like
B00883,1,1,SINGLETON,AVAILABLE,1,1,SINGLETON,article_like
B00884,3,3,PMID;TITLE_EXACT_NORM,AVAILABLE,1,3,PMID,article_like
B00885,2,2,DOI;PMID;TITLE_EXACT_NORM,AVAILABLE,1,2,DOI,article_like
B00886,3,3,DOI;PMID;TITLE_EXACT_NORM,AVAILABLE,1,3,DOI,article_like
B00887,2,2,DOI;PMID;TITLE_EXACT_NORM,AVAILABLE,1,2,DOI,article_like
B00888,3,3,DOI;PMID;TITLE_EXACT_NORM,AVAILABLE,1,3,DOI,article_like
B00889,3,3,DOI;PMID;TITLE_EXACT_NORM,AVAILABLE,1,3,DOI,article_like
B00890,3,3,DOI;PMID;TITLE_EXACT_NORM,AVAILABLE,1,3,DOI,article_like
B00891,3,3,DOI;PMID;TITLE_EXACT_NORM,AVAILABLE,1,3,DOI,article_like
B00892,1,1,SINGLETON,AVAILABLE,1,1,SINGLETON,article_like
B00893,3,3,DOI;PMID;TITLE_EXACT_NORM,AVAILABLE,1,3,DOI,article_like
B00894,3,3,DOI;PMID;TITLE_EXACT_NORM,AVAILABLE,1,3,DOI,article_like
B00895,1,1,SINGLETON,TITLE_ONLY,0,1,SINGLETON,conference
B00896,2,2,DOI;TITLE_EXACT_NORM,AVAILABLE,1,2,DOI,article_like
B00897,3,3,DOI;PMID;TITLE_EXACT_NORM,AVAILABLE,1,3,DOI,article_like
B00898,3,3,DOI;PMID;TITLE_EXACT_NORM,AVAILABLE,1,3,DOI,article_like
B00899,3,3,DOI;PMID;TITLE_EXACT_NORM,AVAILABLE,1,3,DOI,article_like
B00900,2,2,DOI;TITLE_EXACT_NORM,AVAILABLE,1,2,DOI,article_like
B00901,2,2,DOI;TITLE_EXACT_NORM,AVAILABLE,1,2,DOI,article_like
B00902,1,1,SINGLETON,TITLE_ONLY,0,1,SINGLETON,article_like
B00903,3,3,DOI;PMID;TITLE_EXACT_NORM,AVAILABLE,1,3,DOI,article_like
B00904,1,1,SINGLETON,AVAILABLE,1,1,SINGLETON,article_like
B00905,3,3,DOI;PMID;TITLE_EXACT_NORM,AVAILABLE,1,3,DOI,article_like
B00906,3,3,DOI;PMID;TITLE_EXACT_NORM,AVAILABLE,1,3,DOI,article_like
B00907,3,3,DOI;PMID;TITLE_EXACT_NORM,AVAILABLE,1,3,DOI,article_like
B00908,2,2,DOI;PMID;TITLE_EXACT_NORM,AVAILABLE,1,2,DOI,article_like
B00909,3,3,DOI;PMID;TITLE_EXACT_NORM,AVAILABLE,1,3,DOI,article_like
B00910,3,3,DOI;PMID;TITLE_EXACT_NORM,AVAILABLE,1,3,DOI,article_like
B00911,2,2,DOI;TITLE_EXACT_NORM,AVAILABLE,1,2,DOI,article_like
B00912,3,3,DOI;PMID;TITLE_EXACT_NORM,AVAILABLE,1,3,DOI,article_like
B00913,1,1,SINGLETON,TITLE_ONLY,0,1,SINGLETON,conference
B00914,3,3,DOI;PMID;TITLE_EXACT_NORM,AVAILABLE,1,3,DOI,article_like
B00915,2,2,DOI;TITLE_EXACT_NORM,AVAILABLE,1,2,DOI,article_like
B00916,1,1,SINGLETON,AVAILABLE,1,1,SINGLETON,article_like
B00917,3,3,DOI;PMID;TITLE_EXACT_NORM,AVAILABLE,1,3,DOI,article_like
B00918,1,1,SINGLETON,AVAILABLE,1,1,SINGLETON,article_like
B00919,1,1,SINGLETON,AVAILABLE,1,1,SINGLETON,article_like
B00920,3,3,DOI;PMID;TITLE_EXACT_NORM,AVAILABLE,1,3,DOI,article_like
B00921,3,3,DOI;PMID;TITLE_EXACT_NORM,AVAILABLE,1,3,DOI,article_like
B00922,3,3,DOI;PMID;TITLE_EXACT_NORM,AVAILABLE,1,3,DOI,article_like
B00923,3,3,DOI;PMID;TITLE_EXACT_NORM,AVAILABLE,1,3,DOI,article_like
B00924,2,2,DOI;PMID;TITLE_EXACT_NORM,AVAILABLE,1,2,DOI,article_like
B00925,3,3,DOI;PMID;TITLE_EXACT_NORM,AVAILABLE,1,3,DOI,article_like
B00926,3,3,DOI;PMID;TITLE_EXACT_NORM,AVAILABLE,1,3,DOI,article_like
B00927,3,3,DOI;PMID;TITLE_EXACT_NORM,AVAILABLE,1,3,DOI,article_like
B00928,3,3,DOI;PMID;TITLE_EXACT_NORM,AVAILABLE,1,3,DOI,article_like
B00929,1,1,SINGLETON,AVAILABLE,1,1,SINGLETON,article_like
B00930,3,3,DOI;PMID;TITLE_EXACT_NORM,AVAILABLE,1,3,DOI,article_like
B00931,2,2,DOI;TITLE_EXACT_NORM,AVAILABLE,1,2,DOI,article_like
B00932,1,1,SINGLETON,AVAILABLE,1,1,SINGLETON,article_like
B00933,1,1,SINGLETON,TITLE_ONLY,0,1,SINGLETON,article_like
B00934,1,1,SINGLETON,AVAILABLE,1,1,SINGLETON,article_like
B00935,3,3,DOI;PMID;TITLE_EXACT_NORM,AVAILABLE,1,3,DOI,article_like
B00936,3,3,DOI;PMID;TITLE_EXACT_NORM,AVAILABLE,1,3,DOI,article_like
B00937,1,1,SINGLETON,TITLE_ONLY,0,1,SINGLETON,conference
B00938,3,3,DOI;PMID;TITLE_EXACT_NORM,AVAILABLE,1,3,DOI,article_like
B00939,3,3,DOI;PMID;TITLE_EXACT_NORM,AVAILABLE,1,3,DOI,article_like
B00940,2,2,DOI;PMID;TITLE_EXACT_NORM,AVAILABLE,1,2,DOI,article_like
B00941,3,3,DOI;PMID;TITLE_EXACT_NORM,AVAILABLE,1,3,DOI,article_like
B00942,1,1,SINGLETON,AVAILABLE,1,1,SINGLETON,article_like
B00943,1,1,SINGLETON,AVAILABLE,1,1,SINGLETON,article_like
B00944,3,3,DOI;PMID;TITLE_EXACT_NORM,AVAILABLE,1,3,DOI,article_like
B00945,1,1,SINGLETON,AVAILABLE,1,1,SINGLETON,article_like
B00946,3,3,DOI;PMID;TITLE_EXACT_NORM,AVAILABLE,1,3,DOI,article_like
B00947,2,2,DOI;PMID;TITLE_EXACT_NORM,AVAILABLE,1,2,DOI,article_like
B00948,3,3,DOI;PMID;TITLE_EXACT_NORM,AVAILABLE,1,3,DOI,article_like
B00949,1,1,SINGLETON,AVAILABLE,1,1,SINGLETON,article_like
B00950,3,3,DOI;PMID;TITLE_EXACT_NORM,AVAILABLE,1,3,DOI,article_like
B00951,3,3,DOI;PMID;TITLE_EXACT_NORM,AVAILABLE,1,3,DOI,article_like
B00952,1,1,SINGLETON,AVAILABLE,1,1,SINGLETON,article_like
B00953,3,3,DOI;PMID;TITLE_EXACT_NORM,AVAILABLE,1,3,DOI,article_like
B00954,3,3,DOI;PMID;TITLE_EXACT_NORM,AVAILABLE,1,3,DOI,article_like
B00955,3,3,DOI;PMID;TITLE_EXACT_NORM,AVAILABLE,1,3,DOI,article_like
B00956,3,3,DOI;PMID;TITLE_EXACT_NORM,AVAILABLE,1,3,DOI,article_like
B00957,1,1,SINGLETON,AVAILABLE,1,1,SINGLETON,conference
B00958,3,3,DOI;PMID;TITLE_EXACT_NORM,AVAILABLE,1,3,DOI,article_like
B00959,3,3,DOI;PMID;TITLE_EXACT_NORM,AVAILABLE,1,3,DOI,article_like
B00960,3,3,DOI;PMID;TITLE_EXACT_NORM,AVAILABLE,1,3,DOI,article_like
B00961,3,3,DOI;PMID;TITLE_EXACT_NORM,AVAILABLE,1,3,DOI,article_like
B00962,1,1,SINGLETON,AVAILABLE,1,1,SINGLETON,article_like
B00963,3,3,DOI;PMID;TITLE_EXACT_NORM,AVAILABLE,1,3,DOI,article_like
B00964,1,1,SINGLETON,AVAILABLE,1,1,SINGLETON,article_like
B00965,3,3,DOI;PMID;TITLE_EXACT_NORM,AVAILABLE,1,3,DOI,article_like
B00966,3,3,DOI;PMID;TITLE_EXACT_NORM,AVAILABLE,1,3,DOI,article_like
B00967,1,1,SINGLETON,AVAILABLE,1,1,SINGLETON,article_like
B00968,3,3,DOI;PMID;TITLE_EXACT_NORM,AVAILABLE,1,3,DOI,article_like
B00969,2,2,DOI;PMID;TITLE_EXACT_NORM,AVAILABLE,1,2,DOI,article_like
B00970,1,1,SINGLETON,AVAILABLE,1,1,SINGLETON,article_like
B00971,1,1,SINGLETON,AVAILABLE,1,1,SINGLETON,article_like
B00972,2,2,DOI;PMID;TITLE_EXACT_NORM,AVAILABLE,1,2,DOI,article_like
B00973,1,1,SINGLETON,AVAILABLE,1,1,SINGLETON,article_like
B00974,3,3,DOI;PMID;TITLE_EXACT_NORM,AVAILABLE,1,3,DOI,article_like
B00975,1,1,SINGLETON,AVAILABLE,1,1,SINGLETON,article_like
B00976,1,1,SINGLETON,AVAILABLE,1,1,SINGLETON,article_like
B00977,1,1,SINGLETON,AVAILABLE,1,1,SINGLETON,article_like
B00978,1,1,SINGLETON,AVAILABLE,1,1,SINGLETON,article_like
B00979,3,3,DOI;PMID;TITLE_EXACT_NORM,AVAILABLE,1,3,DOI,article_like
B00980,3,3,DOI;PMID;TITLE_EXACT_NORM,AVAILABLE,1,3,DOI,article_like
B00981,3,3,DOI;PMID;TITLE_EXACT_NORM,AVAILABLE,1,3,DOI,article_like
B00982,3,3,DOI;PMID;TITLE_EXACT_NORM,AVAILABLE,1,3,DOI,article_like
B00983,3,3,DOI;PMID;TITLE_EXACT_NORM,AVAILABLE,1,3,DOI,article_like
B00984,1,1,SINGLETON,AVAILABLE,1,1,SINGLETON,article_like
B00985,3,3,DOI;PMID;TITLE_EXACT_NORM,AVAILABLE,1,3,DOI,article_like
B00986,1,1,SINGLETON,AVAILABLE,1,1,SINGLETON,article_like
B00987,3,3,DOI;PMID;TITLE_EXACT_NORM,AVAILABLE,1,3,DOI,article_like
B00988,1,1,SINGLETON,AVAILABLE,1,1,SINGLETON,article_like
B00989,3,3,DOI;PMID;TITLE_EXACT_NORM,AVAILABLE,1,3,DOI,article_like
B00990,1,1,SINGLETON,AVAILABLE,1,1,SINGLETON,article_like
B00991,3,3,DOI;PMID;TITLE_EXACT_NORM,AVAILABLE,1,3,DOI,article_like
B00992,3,3,DOI;PMID;TITLE_EXACT_NORM,AVAILABLE,1,3,DOI,article_like
B00993,3,3,DOI;PMID;TITLE_EXACT_NORM,AVAILABLE,1,3,DOI,article_like
B00994,1,1,SINGLETON,AVAILABLE,1,1,SINGLETON,article_like
B00995,3,3,DOI;PMID;TITLE_EXACT_NORM,AVAILABLE,1,3,DOI,article_like
B00996,1,1,SINGLETON,AVAILABLE,1,1,SINGLETON,article_like
B00997,3,3,DOI;PMID;TITLE_EXACT_NORM,AVAILABLE,1,3,DOI,article_like
B00998,3,3,DOI;PMID;TITLE_EXACT_NORM,AVAILABLE,1,3,DOI,article_like
B00999,3,3,DOI;PMID;TITLE_EXACT_NORM,AVAILABLE,1,3,DOI,article_like
B01000,1,1,SINGLETON,AVAILABLE,1,1,SINGLETON,article_like
B01001,1,1,SINGLETON,TITLE_ONLY,0,1,SINGLETON,conference
B01002,2,2,DOI;TITLE_EXACT_NORM,AVAILABLE,1,2,DOI,article_like
B01003,2,2,DOI;TITLE_EXACT_NORM,AVAILABLE,1,2,DOI,article_like
B01004,3,3,DOI;PMID;TITLE_EXACT_NORM,AVAILABLE,1,3,DOI,article_like
B01005,1,1,SINGLETON,AVAILABLE,1,1,SINGLETON,article_like
B01006,1,1,SINGLETON,AVAILABLE,1,1,SINGLETON,article_like
B01007,3,3,DOI;PMID;TITLE_EXACT_NORM,AVAILABLE,1,3,DOI,article_like
B01008,3,3,DOI;PMID;TITLE_EXACT_NORM,AVAILABLE,1,3,DOI,article_like
B01009,1,1,SINGLETON,AVAILABLE,1,1,SINGLETON,article_like
B01010,1,1,SINGLETON,AVAILABLE,1,1,SINGLETON,article_like
B01011,2,2,DOI;TITLE_EXACT_NORM,AVAILABLE,1,2,DOI,article_like
B01012,1,1,SINGLETON,AVAILABLE,1,1,SINGLETON,article_like
B01013,1,1,SINGLETON,TITLE_ONLY,0,1,SINGLETON,conference
B01014,3,3,DOI;PMID;TITLE_EXACT_NORM,AVAILABLE,1,3,DOI,article_like
B01015,3,3,DOI;PMID;TITLE_EXACT_NORM,AVAILABLE,1,3,DOI,article_like
B01016,1,1,SINGLETON,AVAILABLE,1,1,SINGLETON,article_like
B01017,3,3,DOI;PMID;TITLE_EXACT_NORM,AVAILABLE,1,3,DOI,article_like
B01018,1,1,SINGLETON,AVAILABLE,1,1,SINGLETON,article_like
B01019,3,3,DOI;PMID;TITLE_EXACT_NORM,AVAILABLE,1,3,DOI,article_like
B01020,3,3,DOI;PMID;TITLE_EXACT_NORM,AVAILABLE,1,3,DOI,article_like
B01021,3,3,DOI;PMID;TITLE_EXACT_NORM,AVAILABLE,1,3,DOI,article_like
B01022,1,1,SINGLETON,TITLE_ONLY,0,1,SINGLETON,article_like
B01023,1,1,SINGLETON,AVAILABLE,1,1,SINGLETON,article_like
B01024,1,1,SINGLETON,AVAILABLE,1,1,SINGLETON,article_like
B01025,2,2,DOI;TITLE_EXACT_NORM,AVAILABLE,1,2,DOI,article_like
B01026,3,3,DOI;PMID;TITLE_EXACT_NORM,AVAILABLE,1,3,DOI,article_like
B01027,3,3,DOI;PMID;TITLE_EXACT_NORM,AVAILABLE,1,3,DOI,article_like
B01028,3,3,DOI;PMID;TITLE_EXACT_NORM,AVAILABLE,1,3,DOI,article_like
B01029,1,1,SINGLETON,AVAILABLE,1,1,SINGLETON,article_like
B01030,3,3,DOI;PMID;TITLE_EXACT_NORM,AVAILABLE,1,3,DOI,article_like
B01031,3,3,DOI;PMID;TITLE_EXACT_NORM,AVAILABLE,1,3,DOI,article_like
B01032,1,1,SINGLETON,AVAILABLE,1,1,SINGLETON,article_like
B01033,3,3,DOI;PMID;TITLE_EXACT_NORM,AVAILABLE,1,3,DOI,article_like
B01034,3,3,DOI;PMID;TITLE_EXACT_NORM,AVAILABLE,1,3,DOI,article_like
B01035,1,1,SINGLETON,AVAILABLE,1,1,SINGLETON,article_like
B01036,3,3,DOI;PMID;TITLE_EXACT_NORM,AVAILABLE,1,3,DOI,article_like
B01037,1,1,SINGLETON,AVAILABLE,1,1,SINGLETON,article_like
B01038,1,1,SINGLETON,AVAILABLE,1,1,SINGLETON,article_like
B01039,3,3,DOI;PMID;TITLE_EXACT_NORM,AVAILABLE,1,3,DOI,article_like
B01040,3,3,DOI;PMID;TITLE_EXACT_NORM,AVAILABLE,1,3,DOI,article_like
B01041,1,1,SINGLETON,AVAILABLE,1,1,SINGLETON,article_like
B01042,3,3,DOI;PMID;TITLE_EXACT_NORM,AVAILABLE,1,3,DOI,article_like
B01043,1,1,SINGLETON,AVAILABLE,1,1,SINGLETON,article_like
B01044,1,1,SINGLETON,AVAILABLE,1,1,SINGLETON,article_like
B01045,3,3,DOI;PMID;TITLE_EXACT_NORM,AVAILABLE,1,3,DOI,article_like
B01046,1,1,SINGLETON,TITLE_ONLY,0,1,SINGLETON,article_like
B01047,3,3,DOI;PMID;TITLE_EXACT_NORM,AVAILABLE,1,3,DOI,article_like
B01048,3,3,DOI;PMID;TITLE_EXACT_NORM,AVAILABLE,1,3,DOI,article_like
B01049,1,1,SINGLETON,AVAILABLE,1,1,SINGLETON,article_like
B01050,2,2,DOI;TITLE_EXACT_NORM,AVAILABLE,1,2,DOI,article_like
B01051,2,2,DOI;TITLE_EXACT_NORM,AVAILABLE,1,2,DOI,article_like
B01052,3,3,DOI;PMID;TITLE_EXACT_NORM,AVAILABLE,1,3,DOI,article_like
B01053,1,1,SINGLETON,AVAILABLE,1,1,SINGLETON,article_like
B01054,1,1,SINGLETON,AVAILABLE,1,1,SINGLETON,article_like
B01055,1,1,SINGLETON,TITLE_ONLY,0,1,SINGLETON,conference
B01056,3,3,DOI;PMID;TITLE_EXACT_NORM,AVAILABLE,1,3,DOI,article_like
B01057,3,3,DOI;PMID;TITLE_EXACT_NORM,AVAILABLE,1,3,DOI,article_like
B01058,1,1,SINGLETON,AVAILABLE,1,1,SINGLETON,article_like
B01059,1,1,SINGLETON,AVAILABLE,1,1,SINGLETON,article_like
B01060,3,3,DOI;PMID;TITLE_EXACT_NORM,AVAILABLE,1,3,DOI,article_like
B01061,3,3,DOI;PMID;TITLE_EXACT_NORM,AVAILABLE,1,3,DOI,article_like
B01062,1,1,SINGLETON,AVAILABLE,1,1,SINGLETON,article_like
B01063,3,3,DOI;PMID;TITLE_EXACT_NORM,AVAILABLE,1,3,DOI,article_like
B01064,3,3,DOI;PMID;TITLE_EXACT_NORM,AVAILABLE,1,3,DOI,article_like
B01065,3,3,DOI;PMID;TITLE_EXACT_NORM,AVAILABLE,1,3,DOI,article_like
B01066,3,3,DOI;PMID;TITLE_EXACT_NORM,AVAILABLE,1,3,DOI,article_like
B01067,1,1,SINGLETON,AVAILABLE,1,1,SINGLETON,article_like
B01068,1,1,SINGLETON,AVAILABLE,1,1,SINGLETON,article_like
B01069,3,3,DOI;PMID;TITLE_EXACT_NORM,AVAILABLE,1,3,DOI,article_like
B01070,1,1,SINGLETON,AVAILABLE,1,1,SINGLETON,article_like
B01071,1,1,SINGLETON,AVAILABLE,1,1,SINGLETON,article_like
B01072,1,1,SINGLETON,AVAILABLE,1,1,SINGLETON,article_like
B01073,2,2,DOI;PMID;TITLE_EXACT_NORM,AVAILABLE,1,2,DOI,article_like
B01074,2,2,DOI;PMID;TITLE_EXACT_NORM,AVAILABLE,1,2,DOI,article_like
B01075,3,3,DOI;PMID;TITLE_EXACT_NORM,AVAILABLE,1,3,DOI,article_like
B01076,3,3,DOI;PMID;TITLE_EXACT_NORM,AVAILABLE,1,3,DOI,article_like
B01077,3,3,DOI;PMID;TITLE_EXACT_NORM,AVAILABLE,1,3,DOI,article_like
B01078,3,3,DOI;PMID;TITLE_EXACT_NORM,AVAILABLE,1,3,DOI,article_like
B01079,3,3,DOI;PMID;TITLE_EXACT_NORM,AVAILABLE,1,3,DOI,article_like
B01080,1,1,SINGLETON,AVAILABLE,1,1,SINGLETON,article_like
B01081,3,3,DOI;PMID;TITLE_EXACT_NORM,AVAILABLE,1,3,DOI,article_like
B01082,3,3,DOI;PMID;TITLE_EXACT_NORM,AVAILABLE,1,3,DOI,article_like
B01083,2,2,DOI;PMID;TITLE_EXACT_NORM,AVAILABLE,1,2,DOI,article_like
B01084,2,2,DOI;PMID;TITLE_EXACT_NORM,AVAILABLE,1,2,DOI,article_like
B01085,1,1,SINGLETON,AVAILABLE,1,1,SINGLETON,article_like
B01086,3,3,DOI;PMID;TITLE_EXACT_NORM,AVAILABLE,1,3,DOI,article_like
B01087,3,3,DOI;PMID;TITLE_EXACT_NORM,AVAILABLE,1,3,DOI,article_like
B01088,2,2,DOI;TITLE_EXACT_NORM,AVAILABLE,1,2,DOI,article_like
B01089,3,3,DOI;PMID;TITLE_EXACT_NORM,AVAILABLE,1,3,DOI,article_like
B01090,3,3,DOI;PMID;TITLE_EXACT_NORM,AVAILABLE,1,3,DOI,article_like
B01091,3,3,DOI;PMID;TITLE_EXACT_NORM,TITLE_ONLY,0,3,DOI,article_like
B01092,3,3,DOI;PMID;TITLE_EXACT_NORM,AVAILABLE,1,3,DOI,article_like
B01093,2,2,DOI;PMID;TITLE_EXACT_NORM,AVAILABLE,1,2,DOI,article_like
B01094,3,3,DOI;PMID;TITLE_EXACT_NORM,AVAILABLE,1,3,DOI,article_like
B01095,3,3,DOI;PMID;TITLE_EXACT_NORM,AVAILABLE,1,3,DOI,article_like
B01096,2,2,DOI;TITLE_EXACT_NORM,AVAILABLE,1,2,DOI,article_like
B01097,3,3,DOI;PMID;TITLE_EXACT_NORM,AVAILABLE,1,3,DOI,article_like
B01098,2,2,DOI;TITLE_EXACT_NORM,AVAILABLE,1,2,DOI,article_like
B01099,1,1,SINGLETON,AVAILABLE,1,1,SINGLETON,article_like
B01100,1,1,SINGLETON,AVAILABLE,1,1,SINGLETON,article_like
B01101,1,1,SINGLETON,TITLE_ONLY,0,1,SINGLETON,article_like
B01102,3,3,DOI;PMID;TITLE_EXACT_NORM,AVAILABLE,1,3,DOI,article_like
B01103,3,3,DOI;PMID;TITLE_EXACT_NORM,AVAILABLE,1,3,DOI,article_like
B01104,1,1,SINGLETON,AVAILABLE,1,1,SINGLETON,article_like
B01105,3,3,DOI;PMID;TITLE_EXACT_NORM,AVAILABLE,1,3,DOI,article_like
B01106,3,3,DOI;PMID;TITLE_EXACT_NORM,AVAILABLE,1,3,DOI,article_like
B01107,3,3,DOI;PMID;TITLE_EXACT_NORM,AVAILABLE,1,3,DOI,article_like
B01108,1,1,SINGLETON,AVAILABLE,1,1,SINGLETON,article_like
B01109,2,2,DOI;PMID;TITLE_EXACT_NORM,AVAILABLE,1,2,DOI,article_like
B01110,1,1,SINGLETON,AVAILABLE,1,1,SINGLETON,article_like
B01111,1,1,SINGLETON,TITLE_ONLY,0,1,SINGLETON,conference
B01112,1,1,SINGLETON,AVAILABLE,1,1,SINGLETON,article_like
B01113,3,3,DOI;PMID;TITLE_EXACT_NORM,AVAILABLE,1,3,DOI,article_like
B01114,1,1,SINGLETON,TITLE_ONLY,0,1,SINGLETON,article_like
B01115,3,3,DOI;PMID;TITLE_EXACT_NORM,TITLE_ONLY,0,3,DOI,article_like
B01116,3,3,DOI;PMID;TITLE_EXACT_NORM,AVAILABLE,1,3,DOI,article_like
B01117,1,1,SINGLETON,AVAILABLE,1,1,SINGLETON,article_like
B01118,1,1,SINGLETON,AVAILABLE,1,1,SINGLETON,article_like
B01119,3,3,DOI;PMID;TITLE_EXACT_NORM,AVAILABLE,1,3,DOI,article_like
B01120,2,2,DOI;PMID;TITLE_EXACT_NORM,AVAILABLE,1,2,DOI,article_like
B01121,1,1,SINGLETON,AVAILABLE,1,1,SINGLETON,article_like
B01122,3,3,DOI;PMID;TITLE_EXACT_NORM,AVAILABLE,1,3,DOI,article_like
B01123,1,1,SINGLETON,AVAILABLE,1,1,SINGLETON,article_like
B01124,1,1,SINGLETON,TITLE_ONLY,0,1,SINGLETON,correction
B01125,4,3,DOI;PMID,AVAILABLE,1,4,DOI,correction
B01126,3,3,DOI;PMID,AVAILABLE,1,3,DOI,correction
B01127,1,1,SINGLETON,AVAILABLE,1,1,SINGLETON,conference
B01128,1,1,SINGLETON,AVAILABLE,1,1,SINGLETON,article_like
B01129,2,2,DOI;TITLE_EXACT_NORM,AVAILABLE,1,2,DOI,article_like
B01130,3,3,DOI;PMID;TITLE_EXACT_NORM,AVAILABLE,1,3,DOI,article_like
B01131,3,3,DOI;PMID;TITLE_EXACT_NORM,AVAILABLE,1,3,DOI,article_like
B01132,1,1,SINGLETON,AVAILABLE,1,1,SINGLETON,article_like
B01133,3,3,DOI;PMID;TITLE_EXACT_NORM,AVAILABLE,1,3,DOI,article_like
B01134,1,1,SINGLETON,AVAILABLE,1,1,SINGLETON,article_like
B01135,1,1,SINGLETON,TITLE_ONLY,0,1,SINGLETON,conference
B01136,1,1,SINGLETON,AVAILABLE,1,1,SINGLETON,article_like
B01137,3,3,DOI;PMID;TITLE_EXACT_NORM,AVAILABLE,1,3,DOI,article_like
B01138,3,3,DOI;PMID;TITLE_EXACT_NORM,AVAILABLE,1,3,DOI,article_like
B01139,3,3,DOI;PMID;TITLE_EXACT_NORM,AVAILABLE,1,3,DOI,article_like
B01140,1,1,SINGLETON,AVAILABLE,1,1,SINGLETON,article_like
B01141,3,3,DOI;PMID;TITLE_EXACT_NORM,AVAILABLE,1,3,DOI,article_like
B01142,3,3,DOI;PMID;TITLE_EXACT_NORM,AVAILABLE,1,3,DOI,article_like
B01143,3,3,DOI;PMID;TITLE_EXACT_NORM,AVAILABLE,1,3,DOI,article_like
B01144,3,3,DOI;PMID;TITLE_EXACT_NORM,AVAILABLE,1,3,DOI,article_like
B01145,1,1,SINGLETON,AVAILABLE,1,1,SINGLETON,article_like
B01146,3,3,DOI;PMID;TITLE_EXACT_NORM,AVAILABLE,1,3,DOI,article_like
B01147,3,3,DOI;PMID;TITLE_EXACT_NORM,AVAILABLE,1,3,DOI,article_like
B01148,3,3,DOI;PMID;TITLE_EXACT_NORM,AVAILABLE,1,3,DOI,article_like
B01149,3,3,DOI;PMID;TITLE_EXACT_NORM,AVAILABLE,1,3,DOI,article_like
B01150,1,1,SINGLETON,AVAILABLE,1,1,SINGLETON,article_like
B01151,3,3,DOI;PMID;TITLE_EXACT_NORM,AVAILABLE,1,3,DOI,article_like
B01152,3,3,DOI;PMID;TITLE_EXACT_NORM,AVAILABLE,1,3,DOI,article_like
B01153,1,1,SINGLETON,AVAILABLE,1,1,SINGLETON,article_like
B01154,2,2,DOI;PMID;TITLE_EXACT_NORM,AVAILABLE,1,2,DOI,article_like
B01155,1,1,SINGLETON,TITLE_ONLY,0,1,SINGLETON,conference
B01156,2,2,DOI;TITLE_EXACT_NORM,AVAILABLE,1,2,DOI,article_like
B01157,3,3,DOI;PMID;TITLE_EXACT_NORM,AVAILABLE,1,3,DOI,article_like
B01158,3,3,DOI;PMID;TITLE_EXACT_NORM,AVAILABLE,1,3,DOI,article_like
B01159,3,3,DOI;PMID;TITLE_EXACT_NORM,AVAILABLE,1,3,DOI,article_like
B01160,1,1,SINGLETON,TITLE_ONLY,0,1,SINGLETON,conference
B01161,3,3,DOI;PMID;TITLE_EXACT_NORM,AVAILABLE,1,3,DOI,article_like
B01162,1,1,SINGLETON,AVAILABLE,1,1,SINGLETON,article_like
B01163,1,1,SINGLETON,AVAILABLE,1,1,SINGLETON,article_like
B01164,3,3,DOI;PMID;TITLE_EXACT_NORM,AVAILABLE,1,3,DOI,article_like
B01165,1,1,SINGLETON,AVAILABLE,1,1,SINGLETON,article_like
B01166,1,1,SINGLETON,TITLE_ONLY,0,1,SINGLETON,article_like
B01167,1,1,SINGLETON,AVAILABLE,1,1,SINGLETON,article_like
B01168,3,3,DOI;PMID;TITLE_EXACT_NORM,AVAILABLE,1,3,DOI,article_like
B01169,1,1,SINGLETON,AVAILABLE,1,1,SINGLETON,article_like
B01170,1,1,SINGLETON,AVAILABLE,1,1,SINGLETON,article_like
B01171,3,3,DOI;PMID;TITLE_EXACT_NORM,AVAILABLE,1,3,DOI,article_like
B01172,3,3,DOI;PMID;TITLE_EXACT_NORM,AVAILABLE,1,3,DOI,article_like
B01173,3,3,DOI;PMID;TITLE_EXACT_NORM,AVAILABLE,1,3,DOI,article_like
B01174,3,3,DOI;PMID;TITLE_EXACT_NORM,AVAILABLE,1,3,DOI,article_like
B01175,1,1,SINGLETON,AVAILABLE,1,1,SINGLETON,article_like
B01176,3,3,DOI;PMID;TITLE_EXACT_NORM,AVAILABLE,1,3,DOI,article_like
B01177,1,1,SINGLETON,AVAILABLE,1,1,SINGLETON,article_like
B01178,2,2,DOI;PMID;TITLE_EXACT_NORM,AVAILABLE,1,2,DOI,article_like
B01179,3,3,DOI;PMID;TITLE_EXACT_NORM,AVAILABLE,1,3,DOI,article_like
B01180,3,3,DOI;PMID;TITLE_EXACT_NORM,TITLE_ONLY,0,3,DOI,article_like
B01181,3,3,DOI;PMID;TITLE_EXACT_NORM,AVAILABLE,1,3,DOI,article_like
B01182,3,3,DOI;PMID;TITLE_EXACT_NORM,AVAILABLE,1,3,DOI,article_like
B01183,3,3,DOI;PMID;TITLE_EXACT_NORM,AVAILABLE,1,3,DOI,article_like
B01184,1,1,SINGLETON,TITLE_ONLY,0,1,SINGLETON,conference
B01185,3,3,DOI;PMID;TITLE_EXACT_NORM,AVAILABLE,1,3,DOI,article_like
B01186,3,3,DOI;PMID;TITLE_EXACT_NORM,AVAILABLE,1,3,DOI,article_like
B01187,3,3,DOI;PMID;TITLE_EXACT_NORM,AVAILABLE,1,3,DOI,article_like
B01188,1,1,SINGLETON,TITLE_ONLY,0,1,SINGLETON,article_like
B01189,3,3,DOI;PMID;TITLE_EXACT_NORM,AVAILABLE,1,3,DOI,article_like
B01190,1,1,SINGLETON,TITLE_ONLY,0,1,SINGLETON,article_like
B01191,3,3,DOI;PMID;TITLE_EXACT_NORM,AVAILABLE,1,3,DOI,article_like
B01192,2,2,DOI;TITLE_EXACT_NORM,AVAILABLE,1,2,DOI,article_like
B01193,3,3,DOI;PMID;TITLE_EXACT_NORM,AVAILABLE,1,3,DOI,article_like
B01194,3,3,DOI;PMID;TITLE_EXACT_NORM,AVAILABLE,1,3,DOI,article_like
B01195,3,3,DOI;PMID;TITLE_EXACT_NORM,AVAILABLE,1,3,DOI,article_like
B01196,1,1,SINGLETON,AVAILABLE,1,1,SINGLETON,article_like
B01197,3,3,DOI;PMID;TITLE_EXACT_NORM,AVAILABLE,1,3,DOI,article_like
B01198,1,1,SINGLETON,AVAILABLE,1,1,SINGLETON,article_like
B01199,2,2,DOI;PMID;TITLE_EXACT_NORM,AVAILABLE,1,2,DOI,article_like
B01200,3,3,DOI;PMID;TITLE_EXACT_NORM,AVAILABLE,1,3,DOI,article_like
B01201,1,1,SINGLETON,AVAILABLE,1,1,SINGLETON,article_like
B01202,3,3,DOI;PMID;TITLE_EXACT_NORM,AVAILABLE,1,3,DOI,article_like
B01203,1,1,SINGLETON,TITLE_ONLY,0,1,SINGLETON,conference
B01204,3,3,DOI;PMID;TITLE_EXACT_NORM,AVAILABLE,1,3,DOI,article_like
B01205,3,3,DOI;PMID;TITLE_EXACT_NORM,AVAILABLE,1,3,DOI,article_like
B01206,1,1,SINGLETON,AVAILABLE,1,1,SINGLETON,article_like
B01207,3,3,DOI;PMID;TITLE_EXACT_NORM,AVAILABLE,1,3,DOI,article_like
B01208,3,3,DOI;PMID;TITLE_EXACT_NORM,AVAILABLE,1,3,DOI,article_like
B01209,1,1,SINGLETON,AVAILABLE,1,1,SINGLETON,article_like
B01210,1,1,SINGLETON,AVAILABLE,1,1,SINGLETON,article_like
B01211,3,3,DOI;PMID;TITLE_EXACT_NORM,AVAILABLE,1,3,DOI,article_like
B01212,1,1,SINGLETON,AVAILABLE,1,1,SINGLETON,article_like
B01213,3,3,DOI;PMID;TITLE_EXACT_NORM,AVAILABLE,1,3,DOI,article_like
B01214,3,3,DOI;PMID;TITLE_EXACT_NORM,AVAILABLE,1,3,DOI,article_like
B01215,3,3,DOI;PMID;TITLE_EXACT_NORM,AVAILABLE,1,3,DOI,article_like
B01216,3,3,DOI;PMID;TITLE_EXACT_NORM,AVAILABLE,1,3,DOI,article_like
B01217,2,2,DOI;PMID;TITLE_EXACT_NORM,AVAILABLE,1,2,DOI,article_like
B01218,3,3,DOI;PMID;TITLE_EXACT_NORM,AVAILABLE,1,3,DOI,article_like
B01219,2,2,DOI;PMID;TITLE_EXACT_NORM,AVAILABLE,1,2,DOI,article_like
B01220,3,3,DOI;PMID;TITLE_EXACT_NORM,AVAILABLE,1,3,DOI,article_like
B01221,3,3,DOI;PMID;TITLE_EXACT_NORM,AVAILABLE,1,3,DOI,article_like
B01222,3,3,DOI;PMID;TITLE_EXACT_NORM,AVAILABLE,1,3,DOI,article_like
B01223,3,3,DOI;PMID;TITLE_EXACT_NORM,AVAILABLE,1,3,DOI,article_like
B01224,1,1,SINGLETON,TITLE_ONLY,0,1,SINGLETON,conference
B01225,3,3,DOI;PMID;TITLE_EXACT_NORM,AVAILABLE,1,3,DOI,article_like
B01226,2,2,DOI,AVAILABLE,1,2,DOI,article_like
B01227,3,3,DOI;PMID;TITLE_EXACT_NORM,AVAILABLE,1,3,DOI,article_like
B01228,3,3,DOI;PMID;TITLE_EXACT_NORM,AVAILABLE,1,3,DOI,article_like
B01229,3,3,DOI;PMID;TITLE_EXACT_NORM,AVAILABLE,1,3,DOI,article_like
B01230,3,3,DOI;PMID;TITLE_EXACT_NORM,AVAILABLE,1,3,DOI,article_like
B01231,3,3,DOI;PMID;TITLE_EXACT_NORM,AVAILABLE,1,3,DOI,article_like
B01232,3,3,DOI;PMID;TITLE_EXACT_NORM,AVAILABLE,1,3,DOI,article_like
B01233,1,1,SINGLETON,AVAILABLE,1,1,SINGLETON,article_like
B01234,3,3,DOI;PMID;TITLE_EXACT_NORM,AVAILABLE,1,3,DOI,article_like
B01235,3,3,DOI;PMID;TITLE_EXACT_NORM,AVAILABLE,1,3,DOI,article_like
B01236,1,1,SINGLETON,AVAILABLE,1,1,SINGLETON,article_like
B01237,2,2,DOI;PMID;TITLE_EXACT_NORM,AVAILABLE,1,2,DOI,article_like
B01238,3,3,DOI;PMID;TITLE_EXACT_NORM,AVAILABLE,1,3,DOI,article_like
B01239,1,1,SINGLETON,AVAILABLE,1,1,SINGLETON,article_like
B01240,1,1,SINGLETON,AVAILABLE,1,1,SINGLETON,article_like
B01241,2,2,DOI;PMID;TITLE_EXACT_NORM,AVAILABLE,1,2,DOI,article_like
B01242,1,1,SINGLETON,AVAILABLE,1,1,SINGLETON,article_like
B01243,3,3,DOI;PMID;TITLE_EXACT_NORM,AVAILABLE,1,3,DOI,article_like
B01244,3,3,DOI;PMID;TITLE_EXACT_NORM,AVAILABLE,1,3,DOI,article_like
B01245,2,2,DOI;PMID;TITLE_EXACT_NORM,AVAILABLE,1,2,DOI,article_like
B01246,3,3,DOI;PMID;TITLE_EXACT_NORM,AVAILABLE,1,3,DOI,article_like
B01247,3,3,DOI;PMID;TITLE_EXACT_NORM,AVAILABLE,1,3,DOI,article_like
B01248,1,1,SINGLETON,AVAILABLE,1,1,SINGLETON,article_like
B01249,3,3,DOI;PMID;TITLE_EXACT_NORM,AVAILABLE,1,3,DOI,article_like
B01250,3,3,DOI;PMID;TITLE_EXACT_NORM,AVAILABLE,1,3,DOI,article_like
B01251,3,3,DOI;PMID;TITLE_EXACT_NORM,AVAILABLE,1,3,DOI,article_like
B01252,3,3,DOI;PMID;TITLE_EXACT_NORM,AVAILABLE,1,3,DOI,article_like
B01253,1,1,SINGLETON,AVAILABLE,1,1,SINGLETON,article_like
B01254,3,3,DOI;PMID;TITLE_EXACT_NORM,AVAILABLE,1,3,DOI,article_like
B01255,3,3,DOI;PMID;TITLE_EXACT_NORM,AVAILABLE,1,3,DOI,article_like
B01256,1,1,SINGLETON,AVAILABLE,1,1,SINGLETON,article_like
B01257,1,1,SINGLETON,AVAILABLE,1,1,SINGLETON,article_like
B01258,1,1,SINGLETON,AVAILABLE,1,1,SINGLETON,article_like
B01259,3,3,DOI;PMID;TITLE_EXACT_NORM,AVAILABLE,1,3,DOI,article_like
B01260,2,2,DOI;PMID;TITLE_EXACT_NORM,AVAILABLE,1,2,DOI,article_like
B01261,3,3,DOI;PMID;TITLE_EXACT_NORM,AVAILABLE,1,3,DOI,article_like
B01262,2,2,DOI;PMID;TITLE_EXACT_NORM,AVAILABLE,1,2,DOI,article_like
B01263,3,3,DOI;PMID;TITLE_EXACT_NORM,AVAILABLE,1,3,DOI,article_like
B01264,3,3,DOI;PMID;TITLE_EXACT_NORM,AVAILABLE,1,3,DOI,article_like
B01265,3,3,DOI;PMID;TITLE_EXACT_NORM,AVAILABLE,1,3,DOI,article_like
B01266,3,3,DOI;PMID;TITLE_EXACT_NORM,AVAILABLE,1,3,DOI,article_like
B01267,1,1,SINGLETON,AVAILABLE,1,1,SINGLETON,article_like
B01268,3,3,DOI;PMID;TITLE_EXACT_NORM,AVAILABLE,1,3,DOI,article_like
B01269,1,1,SINGLETON,AVAILABLE,1,1,SINGLETON,article_like
B01270,3,3,DOI;PMID;TITLE_EXACT_NORM,AVAILABLE,1,3,DOI,article_like
B01271,3,3,DOI;PMID;TITLE_EXACT_NORM,AVAILABLE,1,3,DOI,article_like
B01272,1,1,SINGLETON,AVAILABLE,1,1,SINGLETON,article_like
B01273,3,3,DOI;PMID;TITLE_EXACT_NORM,AVAILABLE,1,3,DOI,article_like
B01274,1,1,SINGLETON,AVAILABLE,1,1,SINGLETON,article_like
B01275,3,3,DOI;PMID;TITLE_EXACT_NORM,AVAILABLE,1,3,DOI,article_like
B01276,3,3,DOI;PMID;TITLE_EXACT_NORM,AVAILABLE,1,3,DOI,article_like
B01277,3,3,DOI;PMID;TITLE_EXACT_NORM,AVAILABLE,1,3,DOI,article_like
B01278,3,3,DOI;PMID;TITLE_EXACT_NORM,AVAILABLE,1,3,DOI,article_like
B01279,1,1,SINGLETON,AVAILABLE,1,1,SINGLETON,article_like
B01280,1,1,SINGLETON,AVAILABLE,1,1,SINGLETON,article_like
B01281,3,3,DOI;PMID;TITLE_EXACT_NORM,AVAILABLE,1,3,DOI,article_like
B01282,2,2,DOI;TITLE_EXACT_NORM,AVAILABLE,1,2,DOI,article_like
B01283,1,1,SINGLETON,AVAILABLE,1,1,SINGLETON,article_like
B01284,3,3,DOI;PMID;TITLE_EXACT_NORM,AVAILABLE,1,3,DOI,article_like
B01285,3,3,DOI;PMID;TITLE_EXACT_NORM,AVAILABLE,1,3,DOI,article_like
B01286,1,1,SINGLETON,AVAILABLE,1,1,SINGLETON,article_like
B01287,1,1,SINGLETON,AVAILABLE,1,1,SINGLETON,article_like
B01288,1,1,SINGLETON,AVAILABLE,1,1,SINGLETON,article_like
B01289,1,1,SINGLETON,AVAILABLE,1,1,SINGLETON,article_like
B01290,1,1,SINGLETON,AVAILABLE,1,1,SINGLETON,article_like
B01291,3,3,DOI;PMID;TITLE_EXACT_NORM,AVAILABLE,1,3,DOI,article_like
B01292,1,1,SINGLETON,AVAILABLE,1,1,SINGLETON,article_like
B01293,3,3,DOI;PMID;TITLE_EXACT_NORM,AVAILABLE,1,3,DOI,article_like
B01294,3,3,DOI;PMID;TITLE_EXACT_NORM,AVAILABLE,1,3,DOI,article_like
B01295,1,1,SINGLETON,AVAILABLE,1,1,SINGLETON,article_like
B01296,3,3,DOI;PMID;TITLE_EXACT_NORM,AVAILABLE,1,3,DOI,article_like
B01297,1,1,SINGLETON,AVAILABLE,1,1,SINGLETON,article_like
B01298,3,3,DOI;PMID;TITLE_EXACT_NORM,AVAILABLE,1,3,DOI,article_like
B01299,3,3,DOI;PMID;TITLE_EXACT_NORM,AVAILABLE,1,3,DOI,article_like
B01300,3,3,DOI;PMID;TITLE_EXACT_NORM,AVAILABLE,1,3,DOI,article_like
B01301,2,2,DOI;PMID;TITLE_EXACT_NORM,AVAILABLE,1,2,DOI,article_like
B01302,3,3,DOI;PMID;TITLE_EXACT_NORM,AVAILABLE,1,3,DOI,article_like
B01303,3,3,DOI;PMID;TITLE_EXACT_NORM,AVAILABLE,1,3,DOI,article_like
B01304,1,1,SINGLETON,AVAILABLE,1,1,SINGLETON,article_like
B01305,3,3,DOI;PMID;TITLE_EXACT_NORM,AVAILABLE,1,3,DOI,article_like
B01306,1,1,SINGLETON,TITLE_ONLY,0,1,SINGLETON,article_like
B01307,2,2,DOI;PMID;TITLE_EXACT_NORM,TITLE_ONLY,0,2,DOI,article_like
B01308,2,2,DOI;TITLE_EXACT_NORM,AVAILABLE,1,2,DOI,article_like
B01309,2,2,DOI;TITLE_EXACT_NORM,AVAILABLE,1,2,DOI,article_like
B01310,2,2,DOI;TITLE_EXACT_NORM,AVAILABLE,1,2,DOI,article_like
B01311,2,2,DOI;PMID;TITLE_EXACT_NORM,AVAILABLE,1,2,DOI,article_like
B01312,1,1,SINGLETON,AVAILABLE,1,1,SINGLETON,article_like
B01313,1,1,SINGLETON,AVAILABLE,1,1,SINGLETON,article_like
B01314,1,1,SINGLETON,TITLE_ONLY,0,1,SINGLETON,article_like
B01315,2,2,DOI;TITLE_EXACT_NORM,AVAILABLE,1,2,DOI,article_like
B01316,2,2,DOI;TITLE_EXACT_NORM,AVAILABLE,1,2,DOI,article_like
B01317,3,3,DOI;PMID;TITLE_EXACT_NORM,AVAILABLE,1,3,DOI,article_like
B01318,2,2,DOI;PMID;TITLE_EXACT_NORM,AVAILABLE,1,2,DOI,article_like
B01319,3,3,DOI;PMID;TITLE_EXACT_NORM,AVAILABLE,1,3,DOI,article_like
B01320,2,2,DOI;PMID;TITLE_EXACT_NORM,AVAILABLE,1,2,DOI,article_like
B01321,2,2,DOI;PMID;TITLE_EXACT_NORM,AVAILABLE,1,2,DOI,article_like
B01322,1,1,SINGLETON,AVAILABLE,1,1,SINGLETON,article_like
B01323,1,1,SINGLETON,AVAILABLE,1,1,SINGLETON,article_like
B01324,1,1,SINGLETON,AVAILABLE,1,1,SINGLETON,article_like
B01325,3,3,DOI;PMID;TITLE_EXACT_NORM,AVAILABLE,1,3,DOI,article_like
B01326,1,1,SINGLETON,AVAILABLE,1,1,SINGLETON,article_like
B01327,3,3,DOI;PMID;TITLE_EXACT_NORM,AVAILABLE,1,3,DOI,article_like
B01328,3,3,DOI;PMID;TITLE_EXACT_NORM,AVAILABLE,1,3,DOI,article_like
B01329,1,1,SINGLETON,TITLE_ONLY,0,1,SINGLETON,conference
B01330,1,1,SINGLETON,TITLE_ONLY,0,1,SINGLETON,conference
B01331,3,3,DOI;PMID;TITLE_EXACT_NORM,AVAILABLE,1,3,DOI,article_like
B01332,3,3,DOI;PMID;TITLE_EXACT_NORM,AVAILABLE,1,3,DOI,article_like
B01333,3,3,DOI;PMID;TITLE_EXACT_NORM,AVAILABLE,1,3,DOI,article_like
B01334,3,3,DOI;PMID;TITLE_EXACT_NORM,AVAILABLE,1,3,DOI,article_like
B01335,1,1,SINGLETON,TITLE_ONLY,0,1,SINGLETON,conference
B01336,3,3,DOI;PMID;TITLE_EXACT_NORM,AVAILABLE,1,3,DOI,article_like
B01337,1,1,SINGLETON,AVAILABLE,1,1,SINGLETON,article_like
B01338,1,1,SINGLETON,TITLE_ONLY,0,1,SINGLETON,conference
B01339,2,2,DOI;PMID;TITLE_EXACT_NORM,AVAILABLE,1,2,DOI,article_like
B01340,3,3,DOI;PMID;TITLE_EXACT_NORM,AVAILABLE,1,3,DOI,article_like
B01341,2,2,DOI;PMID;TITLE_EXACT_NORM,AVAILABLE,1,2,DOI,article_like
B01342,3,3,DOI;PMID;TITLE_EXACT_NORM,AVAILABLE,1,3,DOI,article_like
B01343,3,3,DOI;PMID;TITLE_EXACT_NORM,AVAILABLE,1,3,DOI,article_like
B01344,1,1,SINGLETON,AVAILABLE,1,1,SINGLETON,article_like
B01345,3,3,DOI;PMID;TITLE_EXACT_NORM,AVAILABLE,1,3,DOI,article_like
B01346,2,2,DOI;TITLE_EXACT_NORM,AVAILABLE,1,2,DOI,article_like
B01347,1,1,SINGLETON,AVAILABLE,1,1,SINGLETON,article_like
B01348,1,1,SINGLETON,TITLE_ONLY,0,1,SINGLETON,article_like
B01349,1,1,SINGLETON,AVAILABLE,1,1,SINGLETON,article_like
B01350,1,1,SINGLETON,AVAILABLE,1,1,SINGLETON,article_like
B01351,3,3,DOI;PMID;TITLE_EXACT_NORM,AVAILABLE,1,3,DOI,article_like
B01352,1,1,SINGLETON,AVAILABLE,1,1,SINGLETON,article_like
B01353,1,1,SINGLETON,AVAILABLE,1,1,SINGLETON,article_like
B01354,3,3,DOI;PMID;TITLE_EXACT_NORM,AVAILABLE,1,3,DOI,article_like
B01355,3,3,DOI;PMID;TITLE_EXACT_NORM,TITLE_ONLY,0,3,DOI,article_like
B01356,1,1,SINGLETON,TITLE_ONLY,0,1,SINGLETON,conference
B01357,3,3,DOI;PMID;TITLE_EXACT_NORM,AVAILABLE,1,3,DOI,article_like
B01358,3,3,DOI;PMID;TITLE_EXACT_NORM,AVAILABLE,1,3,DOI,article_like
B01359,3,3,DOI;PMID;TITLE_EXACT_NORM,AVAILABLE,1,3,DOI,article_like
B01360,3,3,DOI;PMID;TITLE_EXACT_NORM,AVAILABLE,1,3,DOI,article_like
B01361,1,1,SINGLETON,AVAILABLE,1,1,SINGLETON,article_like
B01362,2,2,DOI;PMID;TITLE_EXACT_NORM,AVAILABLE,1,2,DOI,article_like
B01363,2,2,DOI;TITLE_EXACT_NORM,AVAILABLE,1,2,DOI,article_like
B01364,2,2,DOI;TITLE_EXACT_NORM,AVAILABLE,1,2,DOI,article_like
B01365,3,3,DOI;PMID;TITLE_EXACT_NORM,AVAILABLE,1,3,DOI,article_like
B01366,1,1,SINGLETON,AVAILABLE,1,1,SINGLETON,article_like
B01367,3,3,DOI;PMID;TITLE_EXACT_NORM,AVAILABLE,1,3,DOI,article_like
B01368,1,1,SINGLETON,TITLE_ONLY,0,1,SINGLETON,article_like
B01369,1,1,SINGLETON,TITLE_ONLY,0,1,SINGLETON,conference
B01370,2,2,DOI;PMID;TITLE_EXACT_NORM,AVAILABLE,1,2,DOI,article_like
B01371,2,2,DOI;TITLE_EXACT_NORM,AVAILABLE,1,2,DOI,article_like
B01372,3,3,DOI;PMID;TITLE_EXACT_NORM,AVAILABLE,1,3,DOI,article_like
B01373,1,1,SINGLETON,AVAILABLE,1,1,SINGLETON,article_like
B01374,1,1,SINGLETON,AVAILABLE,1,1,SINGLETON,article_like
B01375,1,1,SINGLETON,TITLE_ONLY,0,1,SINGLETON,article_like
B01376,1,1,SINGLETON,AVAILABLE,1,1,SINGLETON,article_like
B01377,1,1,SINGLETON,AVAILABLE,1,1,SINGLETON,article_like
B01378,1,1,SINGLETON,AVAILABLE,1,1,SINGLETON,article_like
B01379,1,1,SINGLETON,AVAILABLE,1,1,SINGLETON,article_like
B01380,2,2,DOI;PMID;TITLE_EXACT_NORM,AVAILABLE,1,2,DOI,article_like
B01381,3,3,DOI;PMID;TITLE_EXACT_NORM,AVAILABLE,1,3,DOI,article_like
B01382,3,3,DOI;PMID;TITLE_EXACT_NORM,AVAILABLE,1,3,DOI,article_like
B01383,1,1,SINGLETON,AVAILABLE,1,1,SINGLETON,article_like
B01384,1,1,SINGLETON,AVAILABLE,1,1,SINGLETON,article_like
B01385,3,3,DOI;PMID;TITLE_EXACT_NORM,AVAILABLE,1,3,DOI,article_like
B01386,1,1,SINGLETON,AVAILABLE,1,1,SINGLETON,article_like
B01387,3,3,DOI;PMID;TITLE_EXACT_NORM,AVAILABLE,1,3,DOI,article_like
B01388,3,3,DOI;PMID;TITLE_EXACT_NORM,AVAILABLE,1,3,DOI,article_like
B01389,2,2,DOI;TITLE_EXACT_NORM,AVAILABLE,1,2,DOI,article_like
B01390,1,1,SINGLETON,AVAILABLE,1,1,SINGLETON,article_like
B01391,3,3,DOI;PMID;TITLE_EXACT_NORM,AVAILABLE,1,3,DOI,article_like
B01392,2,2,DOI;PMID;TITLE_EXACT_NORM,AVAILABLE,1,2,DOI,article_like
B01393,1,1,SINGLETON,AVAILABLE,1,1,SINGLETON,article_like
B01394,1,1,SINGLETON,AVAILABLE,1,1,SINGLETON,article_like
B01395,3,3,DOI;PMID;TITLE_EXACT_NORM,AVAILABLE,1,3,DOI,article_like
B01396,1,1,SINGLETON,AVAILABLE,1,1,SINGLETON,article_like
B01397,3,3,DOI;PMID;TITLE_EXACT_NORM,AVAILABLE,1,3,DOI,article_like
B01398,1,1,SINGLETON,AVAILABLE,1,1,SINGLETON,article_like
B01399,3,3,DOI;PMID;TITLE_EXACT_NORM,AVAILABLE,1,3,DOI,article_like
B01400,3,3,DOI;PMID;TITLE_EXACT_NORM,AVAILABLE,1,3,DOI,article_like
B01401,3,3,DOI;PMID;TITLE_EXACT_NORM,AVAILABLE,1,3,DOI,article_like
B01402,1,1,SINGLETON,TITLE_ONLY,0,1,SINGLETON,article_like
B01403,3,3,DOI;PMID;TITLE_EXACT_NORM,AVAILABLE,1,3,DOI,article_like
B01404,3,3,DOI;PMID;TITLE_EXACT_NORM,AVAILABLE,1,3,DOI,article_like
B01405,1,1,SINGLETON,TITLE_ONLY,0,1,SINGLETON,conference
B01406,1,1,SINGLETON,AVAILABLE,1,1,SINGLETON,article_like
B01407,1,1,SINGLETON,AVAILABLE,1,1,SINGLETON,article_like
B01408,1,1,SINGLETON,AVAILABLE,1,1,SINGLETON,article_like
B01409,1,1,SINGLETON,AVAILABLE,1,1,SINGLETON,article_like
B01410,3,3,DOI;PMID;TITLE_EXACT_NORM,AVAILABLE,1,3,DOI,article_like
B01411,3,3,DOI;PMID;TITLE_EXACT_NORM,AVAILABLE,1,3,DOI,article_like
B01412,1,1,SINGLETON,AVAILABLE,1,1,SINGLETON,article_like
B01413,3,3,DOI;PMID;TITLE_EXACT_NORM,AVAILABLE,1,3,DOI,article_like
B01414,2,2,DOI;PMID;TITLE_EXACT_NORM,AVAILABLE,1,2,DOI,article_like
B01415,3,3,DOI;PMID;TITLE_EXACT_NORM,AVAILABLE,1,3,DOI,article_like
B01416,1,1,SINGLETON,AVAILABLE,1,1,SINGLETON,article_like
B01417,3,3,DOI;PMID;TITLE_EXACT_NORM,TITLE_ONLY,0,3,DOI,article_like
B01418,3,3,DOI;PMID;TITLE_EXACT_NORM,AVAILABLE,1,3,DOI,article_like
B01419,1,1,SINGLETON,TITLE_ONLY,0,1,SINGLETON,conference
B01420,3,3,DOI;PMID;TITLE_EXACT_NORM,AVAILABLE,1,3,DOI,article_like
B01421,1,1,SINGLETON,TITLE_ONLY,0,1,SINGLETON,conference
B01422,2,2,DOI;PMID;TITLE_EXACT_NORM,AVAILABLE,1,2,DOI,article_like
B01423,1,1,SINGLETON,AVAILABLE,1,1,SINGLETON,article_like
B01424,3,3,DOI;PMID;TITLE_EXACT_NORM,AVAILABLE,1,3,DOI,article_like
B01425,1,1,SINGLETON,AVAILABLE,1,1,SINGLETON,article_like
B01426,1,1,SINGLETON,AVAILABLE,1,1,SINGLETON,article_like
B01427,1,1,SINGLETON,AVAILABLE,1,1,SINGLETON,article_like
B01428,3,3,DOI;PMID;TITLE_EXACT_NORM,AVAILABLE,1,3,DOI,article_like
B01429,1,1,SINGLETON,AVAILABLE,1,1,SINGLETON,article_like
B01430,3,3,DOI;PMID;TITLE_EXACT_NORM,AVAILABLE,1,3,DOI,article_like
B01431,3,3,DOI;PMID;TITLE_EXACT_NORM,AVAILABLE,1,3,DOI,article_like
B01432,1,1,SINGLETON,AVAILABLE,1,1,SINGLETON,article_like
B01433,3,3,DOI;PMID;TITLE_EXACT_NORM,AVAILABLE,1,3,DOI,article_like
B01434,3,3,DOI;PMID;TITLE_EXACT_NORM,AVAILABLE,1,3,DOI,article_like
B01435,3,3,DOI;PMID;TITLE_EXACT_NORM,AVAILABLE,1,3,DOI,article_like
B01436,3,3,DOI;PMID;TITLE_EXACT_NORM,AVAILABLE,1,3,DOI,article_like
B01437,3,3,DOI;PMID;TITLE_EXACT_NORM,AVAILABLE,1,3,DOI,article_like
B01438,1,1,SINGLETON,AVAILABLE,1,1,SINGLETON,article_like
B01439,1,1,SINGLETON,AVAILABLE,1,1,SINGLETON,article_like
B01440,1,1,SINGLETON,AVAILABLE,1,1,SINGLETON,article_like
B01441,3,3,DOI;PMID;TITLE_EXACT_NORM,AVAILABLE,1,3,DOI,article_like
B01442,3,3,DOI;PMID;TITLE_EXACT_NORM,AVAILABLE,1,3,DOI,article_like
B01443,3,3,DOI;PMID;TITLE_EXACT_NORM,AVAILABLE,1,3,DOI,article_like
B01444,1,1,SINGLETON,AVAILABLE,1,1,SINGLETON,article_like
B01445,3,3,DOI;PMID;TITLE_EXACT_NORM,AVAILABLE,1,3,DOI,article_like
B01446,1,1,SINGLETON,AVAILABLE,1,1,SINGLETON,article_like
B01447,3,3,DOI;PMID;TITLE_EXACT_NORM,AVAILABLE,1,3,DOI,article_like
B01448,1,1,SINGLETON,AVAILABLE,1,1,SINGLETON,article_like
B01449,3,3,DOI;PMID;TITLE_EXACT_NORM,AVAILABLE,1,3,DOI,article_like
B01450,3,3,DOI;PMID;TITLE_EXACT_NORM,AVAILABLE,1,3,DOI,article_like
B01451,3,3,DOI;PMID;TITLE_EXACT_NORM,AVAILABLE,1,3,DOI,article_like
B01452,1,1,SINGLETON,AVAILABLE,1,1,SINGLETON,article_like
B01453,2,2,DOI;TITLE_EXACT_NORM,AVAILABLE,1,2,DOI,article_like
B01454,1,1,SINGLETON,AVAILABLE,1,1,SINGLETON,article_like
B01455,1,1,SINGLETON,AVAILABLE,1,1,SINGLETON,article_like
B01456,2,2,DOI;PMID;TITLE_EXACT_NORM,AVAILABLE,1,2,DOI,article_like
B01457,1,1,SINGLETON,AVAILABLE,1,1,SINGLETON,article_like
B01458,3,3,DOI;PMID;TITLE_EXACT_NORM,AVAILABLE,1,3,DOI,article_like
B01459,1,1,SINGLETON,AVAILABLE,1,1,SINGLETON,article_like
B01460,1,1,SINGLETON,AVAILABLE,1,1,SINGLETON,article_like
B01461,3,3,DOI;PMID;TITLE_EXACT_NORM,AVAILABLE,1,3,DOI,article_like
B01462,3,3,DOI;PMID;TITLE_EXACT_NORM,AVAILABLE,1,3,DOI,article_like
B01463,1,1,SINGLETON,AVAILABLE,1,1,SINGLETON,article_like
B01464,3,3,DOI;PMID;TITLE_EXACT_NORM,AVAILABLE,1,3,DOI,article_like
B01465,1,1,SINGLETON,AVAILABLE,1,1,SINGLETON,article_like
B01466,3,3,DOI;PMID;TITLE_EXACT_NORM,AVAILABLE,1,3,DOI,article_like
B01467,1,1,SINGLETON,AVAILABLE,1,1,SINGLETON,article_like
B01468,1,1,SINGLETON,AVAILABLE,1,1,SINGLETON,article_like
B01469,3,3,DOI;PMID;TITLE_EXACT_NORM,AVAILABLE,1,3,DOI,article_like
B01470,3,3,DOI;PMID;TITLE_EXACT_NORM,AVAILABLE,1,3,DOI,article_like
B01471,1,1,SINGLETON,AVAILABLE,1,1,SINGLETON,article_like
B01472,3,3,DOI;PMID;TITLE_EXACT_NORM,AVAILABLE,1,3,DOI,article_like
B01473,1,1,SINGLETON,AVAILABLE,1,1,SINGLETON,article_like
B01474,1,1,SINGLETON,AVAILABLE,1,1,SINGLETON,article_like
B01475,3,3,DOI;PMID;TITLE_EXACT_NORM,AVAILABLE,1,3,DOI,article_like
B01476,1,1,SINGLETON,AVAILABLE,1,1,SINGLETON,article_like
B01477,2,2,DOI;PMID;TITLE_EXACT_NORM,AVAILABLE,1,2,DOI,article_like
B01478,1,1,SINGLETON,AVAILABLE,1,1,SINGLETON,article_like
B01479,1,1,SINGLETON,AVAILABLE,1,1,SINGLETON,article_like
B01480,3,3,DOI;PMID;TITLE_EXACT_NORM,AVAILABLE,1,3,DOI,article_like
B01481,3,3,DOI;PMID;TITLE_EXACT_NORM,AVAILABLE,1,3,DOI,article_like
B01482,3,3,DOI;PMID;TITLE_EXACT_NORM,AVAILABLE,1,3,DOI,article_like
B01483,3,3,DOI;PMID;TITLE_EXACT_NORM,AVAILABLE,1,3,DOI,article_like
B01484,1,1,SINGLETON,AVAILABLE,1,1,SINGLETON,article_like
B01485,3,3,DOI;PMID;TITLE_EXACT_NORM,AVAILABLE,1,3,DOI,article_like
B01486,3,3,DOI;PMID;TITLE_EXACT_NORM,AVAILABLE,1,3,DOI,article_like
B01487,3,3,DOI;PMID;TITLE_EXACT_NORM,AVAILABLE,1,3,DOI,article_like
B01488,3,3,DOI;PMID;TITLE_EXACT_NORM,AVAILABLE,1,3,DOI,article_like
B01489,3,3,DOI;PMID;TITLE_EXACT_NORM,AVAILABLE,1,3,DOI,article_like
B01490,1,1,SINGLETON,AVAILABLE,1,1,SINGLETON,article_like
B01491,3,3,DOI;PMID;TITLE_EXACT_NORM,AVAILABLE,1,3,DOI,article_like
B01492,3,3,DOI;PMID;TITLE_EXACT_NORM,AVAILABLE,1,3,DOI,article_like
B01493,3,3,DOI;PMID;TITLE_EXACT_NORM,AVAILABLE,1,3,DOI,article_like
B01494,3,3,DOI;PMID;TITLE_EXACT_NORM,AVAILABLE,1,3,DOI,article_like
B01495,3,3,DOI;PMID;TITLE_EXACT_NORM,AVAILABLE,1,3,DOI,article_like
B01496,3,3,DOI;PMID;TITLE_EXACT_NORM,AVAILABLE,1,3,DOI,article_like
B01497,1,1,SINGLETON,TITLE_ONLY,0,1,SINGLETON,article_like
B01498,1,1,SINGLETON,TITLE_ONLY,0,1,SINGLETON,article_like
B01499,2,2,DOI;PMID;TITLE_EXACT_NORM,TITLE_ONLY,0,2,DOI,article_like
B01500,3,3,DOI;PMID;TITLE_EXACT_NORM,AVAILABLE,1,3,DOI,article_like
B01501,3,3,DOI;PMID;TITLE_EXACT_NORM,AVAILABLE,1,3,DOI,article_like
B01502,3,3,DOI;PMID;TITLE_EXACT_NORM,AVAILABLE,1,3,DOI,article_like
B01503,3,3,DOI;PMID;TITLE_EXACT_NORM,AVAILABLE,1,3,DOI,article_like
B01504,3,3,DOI;PMID;TITLE_EXACT_NORM,AVAILABLE,1,3,DOI,article_like
B01505,1,1,SINGLETON,AVAILABLE,1,1,SINGLETON,article_like
B01506,1,1,SINGLETON,AVAILABLE,1,1,SINGLETON,article_like
B01507,3,3,DOI;PMID;TITLE_EXACT_NORM,AVAILABLE,1,3,DOI,article_like
B01508,1,1,SINGLETON,AVAILABLE,1,1,SINGLETON,article_like
B01509,1,1,SINGLETON,AVAILABLE,1,1,SINGLETON,article_like
B01510,1,1,SINGLETON,AVAILABLE,1,1,SINGLETON,article_like
B01511,2,2,DOI;PMID;TITLE_EXACT_NORM,AVAILABLE,1,2,DOI,article_like
B01512,3,3,DOI;PMID;TITLE_EXACT_NORM,AVAILABLE,1,3,DOI,article_like
B01513,3,3,DOI;PMID;TITLE_EXACT_NORM,AVAILABLE,1,3,DOI,article_like
B01514,1,1,SINGLETON,AVAILABLE,1,1,SINGLETON,article_like
B01515,3,3,DOI;PMID;TITLE_EXACT_NORM,AVAILABLE,1,3,DOI,article_like
B01516,3,3,DOI;PMID;TITLE_EXACT_NORM,AVAILABLE,1,3,DOI,article_like
B01517,1,1,SINGLETON,AVAILABLE,1,1,SINGLETON,article_like
B01518,1,1,SINGLETON,AVAILABLE,1,1,SINGLETON,article_like
B01519,2,2,DOI;TITLE_EXACT_NORM,AVAILABLE,1,2,DOI,article_like
B01520,3,3,DOI;PMID;TITLE_EXACT_NORM,AVAILABLE,1,3,DOI,article_like
B01521,2,2,DOI;PMID;TITLE_EXACT_NORM,AVAILABLE,1,2,DOI,article_like
B01522,3,3,DOI;PMID;TITLE_EXACT_NORM,AVAILABLE,1,3,DOI,article_like
B01523,1,1,SINGLETON,AVAILABLE,1,1,SINGLETON,article_like
B01524,1,1,SINGLETON,AVAILABLE,1,1,SINGLETON,article_like
B01525,1,1,SINGLETON,AVAILABLE,1,1,SINGLETON,article_like
B01526,3,3,DOI;PMID;TITLE_EXACT_NORM,AVAILABLE,1,3,DOI,article_like
B01527,3,3,DOI;PMID;TITLE_EXACT_NORM,AVAILABLE,1,3,DOI,article_like
B01528,1,1,SINGLETON,AVAILABLE,1,1,SINGLETON,article_like
B01529,3,3,DOI;PMID;TITLE_EXACT_NORM,AVAILABLE,1,3,DOI,article_like
B01530,1,1,SINGLETON,AVAILABLE,1,1,SINGLETON,article_like
B01531,3,3,DOI;PMID;TITLE_EXACT_NORM,AVAILABLE,1,3,DOI,article_like
B01532,1,1,SINGLETON,AVAILABLE,1,1,SINGLETON,article_like
B01533,1,1,SINGLETON,TITLE_ONLY,0,1,SINGLETON,conference
B01534,3,3,DOI;PMID;TITLE_EXACT_NORM,TITLE_ONLY,0,3,DOI,article_like
B01535,3,3,DOI;PMID;TITLE_EXACT_NORM,AVAILABLE,1,3,DOI,article_like
B01536,3,3,DOI;PMID;TITLE_EXACT_NORM,AVAILABLE,1,3,DOI,article_like
B01537,1,1,SINGLETON,AVAILABLE,1,1,SINGLETON,article_like
B01538,1,1,SINGLETON,AVAILABLE,1,1,SINGLETON,article_like
B01539,3,3,DOI;PMID;TITLE_EXACT_NORM,AVAILABLE,1,3,DOI,article_like
B01540,1,1,SINGLETON,AVAILABLE,1,1,SINGLETON,article_like
B01541,3,3,DOI;PMID;TITLE_EXACT_NORM,AVAILABLE,1,3,DOI,article_like
B01542,3,3,DOI;PMID;TITLE_EXACT_NORM,AVAILABLE,1,3,DOI,article_like
B01543,3,3,DOI;PMID;TITLE_EXACT_NORM,AVAILABLE,1,3,DOI,article_like
B01544,1,1,SINGLETON,AVAILABLE,1,1,SINGLETON,article_like
B01545,3,3,DOI;PMID;TITLE_EXACT_NORM,AVAILABLE,1,3,DOI,article_like
B01546,3,3,DOI;PMID;TITLE_EXACT_NORM,AVAILABLE,1,3,DOI,article_like
B01547,1,1,SINGLETON,AVAILABLE,1,1,SINGLETON,article_like
B01548,3,3,DOI;PMID;TITLE_EXACT_NORM,AVAILABLE,1,3,DOI,article_like
B01549,1,1,SINGLETON,TITLE_ONLY,0,1,SINGLETON,article_like
B01550,1,1,SINGLETON,AVAILABLE,1,1,SINGLETON,article_like
B01551,1,1,SINGLETON,AVAILABLE,1,1,SINGLETON,article_like
B01552,1,1,SINGLETON,TITLE_ONLY,0,1,SINGLETON,article_like
B01553,3,3,DOI;PMID;TITLE_EXACT_NORM,AVAILABLE,1,3,DOI,article_like
B01554,1,1,SINGLETON,AVAILABLE,1,1,SINGLETON,article_like
B01555,1,1,SINGLETON,AVAILABLE,1,1,SINGLETON,article_like
B01556,3,3,DOI;PMID;TITLE_EXACT_NORM,AVAILABLE,1,3,DOI,article_like
B01557,3,3,DOI;PMID;TITLE_EXACT_NORM,AVAILABLE,1,3,DOI,article_like
B01558,2,2,DOI;TITLE_EXACT_NORM,AVAILABLE,1,2,DOI,article_like
B01559,3,3,DOI;PMID;TITLE_EXACT_NORM,AVAILABLE,1,3,DOI,article_like
B01560,1,1,SINGLETON,AVAILABLE,1,1,SINGLETON,article_like
B01561,1,1,SINGLETON,AVAILABLE,1,1,SINGLETON,article_like
B01562,1,1,SINGLETON,AVAILABLE,1,1,SINGLETON,article_like
B01563,1,1,SINGLETON,AVAILABLE,1,1,SINGLETON,article_like
B01564,3,3,DOI;PMID;TITLE_EXACT_NORM,AVAILABLE,1,3,DOI,article_like
B01565,1,1,SINGLETON,AVAILABLE,1,1,SINGLETON,article_like
B01566,3,3,DOI;PMID;TITLE_EXACT_NORM,AVAILABLE,1,3,DOI,article_like
B01567,1,1,SINGLETON,AVAILABLE,1,1,SINGLETON,article_like
B01568,1,1,SINGLETON,AVAILABLE,1,1,SINGLETON,article_like
B01569,1,1,SINGLETON,AVAILABLE,1,1,SINGLETON,article_like
B01570,3,3,DOI;PMID;TITLE_EXACT_NORM,AVAILABLE,1,3,DOI,article_like
B01571,1,1,SINGLETON,AVAILABLE,1,1,SINGLETON,article_like
B01572,1,1,SINGLETON,AVAILABLE,1,1,SINGLETON,article_like
B01573,1,1,SINGLETON,AVAILABLE,1,1,SINGLETON,article_like
B01574,1,1,SINGLETON,AVAILABLE,1,1,SINGLETON,article_like
B01575,3,3,DOI;PMID;TITLE_EXACT_NORM,AVAILABLE,1,3,DOI,article_like
B01576,1,1,SINGLETON,AVAILABLE,1,1,SINGLETON,article_like
B01577,3,3,DOI;PMID;TITLE_EXACT_NORM,AVAILABLE,1,3,DOI,article_like
B01578,1,1,SINGLETON,AVAILABLE,1,1,SINGLETON,article_like
B01579,1,1,SINGLETON,AVAILABLE,1,1,SINGLETON,article_like
B01580,3,3,DOI;PMID;TITLE_EXACT_NORM,AVAILABLE,1,3,DOI,article_like
B01581,1,1,SINGLETON,AVAILABLE,1,1,SINGLETON,article_like
B01582,3,3,DOI;PMID;TITLE_EXACT_NORM,AVAILABLE,1,3,DOI,article_like
B01583,3,3,DOI;PMID;TITLE_EXACT_NORM,AVAILABLE,1,3,DOI,article_like
B01584,3,3,DOI;PMID;TITLE_EXACT_NORM,AVAILABLE,1,3,DOI,article_like
B01585,3,3,DOI;PMID;TITLE_EXACT_NORM,AVAILABLE,1,3,DOI,article_like
B01586,1,1,SINGLETON,AVAILABLE,1,1,SINGLETON,article_like
B01587,2,2,DOI;TITLE_EXACT_NORM,AVAILABLE,1,2,DOI,article_like
B01588,3,3,DOI;PMID;TITLE_EXACT_NORM,AVAILABLE,1,3,DOI,article_like
B01589,1,1,SINGLETON,AVAILABLE,1,1,SINGLETON,article_like
B01590,2,2,DOI;TITLE_EXACT_NORM,AVAILABLE,1,2,DOI,article_like
B01591,1,1,SINGLETON,AVAILABLE,1,1,SINGLETON,article_like
B01592,3,3,DOI;PMID;TITLE_EXACT_NORM,AVAILABLE,1,3,DOI,article_like
B01593,3,3,DOI;PMID;TITLE_EXACT_NORM,AVAILABLE,1,3,DOI,article_like
B01594,1,1,SINGLETON,AVAILABLE,1,1,SINGLETON,article_like
B01595,1,1,SINGLETON,AVAILABLE,1,1,SINGLETON,article_like
B01596,3,3,DOI;PMID;TITLE_EXACT_NORM,AVAILABLE,1,3,DOI,article_like
B01597,3,3,DOI;PMID;TITLE_EXACT_NORM,AVAILABLE,1,3,DOI,article_like
B01598,1,1,SINGLETON,TITLE_ONLY,0,1,SINGLETON,conference
B01599,3,3,DOI;PMID;TITLE_EXACT_NORM,AVAILABLE,1,3,DOI,article_like
B01600,3,3,DOI;PMID;TITLE_EXACT_NORM,AVAILABLE,1,3,DOI,article_like
B01601,3,3,DOI;PMID;TITLE_EXACT_NORM,TITLE_ONLY,0,3,DOI,article_like
B01602,1,1,SINGLETON,TITLE_ONLY,0,1,SINGLETON,conference
B01603,3,3,DOI;PMID;TITLE_EXACT_NORM,AVAILABLE,1,3,DOI,article_like
B01604,3,3,DOI;PMID;TITLE_EXACT_NORM,AVAILABLE,1,3,DOI,article_like
B01605,3,3,DOI;PMID;TITLE_EXACT_NORM,AVAILABLE,1,3,DOI,article_like
B01606,1,1,SINGLETON,AVAILABLE,1,1,SINGLETON,article_like
B01607,1,1,SINGLETON,TITLE_ONLY,0,1,SINGLETON,article_like
B01608,3,3,DOI;PMID;TITLE_EXACT_NORM,AVAILABLE,1,3,DOI,article_like
B01609,3,3,DOI;PMID;TITLE_EXACT_NORM,AVAILABLE,1,3,DOI,article_like
B01610,3,3,DOI;PMID;TITLE_EXACT_NORM,AVAILABLE,1,3,DOI,article_like
B01611,3,3,DOI;PMID;TITLE_EXACT_NORM,AVAILABLE,1,3,DOI,article_like
B01612,3,3,DOI;PMID;TITLE_EXACT_NORM,AVAILABLE,1,3,DOI,article_like
B01613,1,1,SINGLETON,AVAILABLE,1,1,SINGLETON,article_like
B01614,3,3,DOI;PMID;TITLE_EXACT_NORM,AVAILABLE,1,3,DOI,article_like
B01615,3,3,DOI;PMID;TITLE_EXACT_NORM,AVAILABLE,1,3,DOI,article_like
B01616,1,1,SINGLETON,AVAILABLE,1,1,SINGLETON,article_like
B01617,3,3,DOI;PMID;TITLE_EXACT_NORM,AVAILABLE,1,3,DOI,article_like
B01618,1,1,SINGLETON,AVAILABLE,1,1,SINGLETON,article_like
B01619,3,3,DOI;PMID;TITLE_EXACT_NORM,AVAILABLE,1,3,DOI,article_like
B01620,3,3,DOI;PMID;TITLE_EXACT_NORM,AVAILABLE,1,3,DOI,article_like
B01621,3,3,DOI;PMID;TITLE_EXACT_NORM,AVAILABLE,1,3,DOI,article_like
B01622,1,1,SINGLETON,TITLE_ONLY,0,1,SINGLETON,conference
B01623,3,3,DOI;PMID;TITLE_EXACT_NORM,AVAILABLE,1,3,DOI,article_like
B01624,3,3,DOI;PMID;TITLE_EXACT_NORM,AVAILABLE,1,3,DOI,article_like
B01625,1,1,SINGLETON,AVAILABLE,1,1,SINGLETON,article_like
B01626,2,2,DOI;PMID;TITLE_EXACT_NORM,AVAILABLE,1,2,DOI,article_like
B01627,1,1,SINGLETON,AVAILABLE,1,1,SINGLETON,article_like
B01628,1,1,SINGLETON,AVAILABLE,1,1,SINGLETON,article_like
B01629,3,3,DOI;PMID;TITLE_EXACT_NORM,TITLE_ONLY,0,3,DOI,article_like
B01630,1,1,SINGLETON,TITLE_ONLY,0,1,SINGLETON,conference
B01631,2,2,DOI;PMID;TITLE_EXACT_NORM,AVAILABLE,1,2,DOI,article_like
B01632,3,3,DOI;PMID;TITLE_EXACT_NORM,AVAILABLE,1,3,DOI,article_like
B01633,3,3,DOI;PMID;TITLE_EXACT_NORM,AVAILABLE,1,3,DOI,article_like
B01634,1,1,SINGLETON,TITLE_ONLY,0,1,SINGLETON,conference
B01635,1,1,SINGLETON,AVAILABLE,1,1,SINGLETON,article_like
B01636,3,3,DOI;PMID;TITLE_EXACT_NORM,AVAILABLE,1,3,DOI,article_like
B01637,3,3,DOI;PMID;TITLE_EXACT_NORM,AVAILABLE,1,3,DOI,article_like
B01638,1,1,SINGLETON,TITLE_ONLY,0,1,SINGLETON,conference
B01639,3,3,DOI;PMID;TITLE_EXACT_NORM,AVAILABLE,1,3,DOI,article_like
B01640,3,3,DOI;PMID;TITLE_EXACT_NORM,AVAILABLE,1,3,DOI,article_like
B01641,1,1,SINGLETON,TITLE_ONLY,0,1,SINGLETON,conference
B01642,1,1,SINGLETON,AVAILABLE,1,1,SINGLETON,article_like
B01643,1,1,SINGLETON,AVAILABLE,1,1,SINGLETON,article_like
B01644,1,1,SINGLETON,AVAILABLE,1,1,SINGLETON,article_like
B01645,4,3,DOI;PMID;TITLE_EXACT_NORM,AVAILABLE,1,4,DOI,article_like
B01646,3,3,DOI;PMID;TITLE_EXACT_NORM,AVAILABLE,1,3,DOI,article_like
B01647,1,1,SINGLETON,AVAILABLE,1,1,SINGLETON,article_like
B01648,3,3,DOI;PMID;TITLE_EXACT_NORM,AVAILABLE,1,3,DOI,article_like
B01649,1,1,SINGLETON,AVAILABLE,1,1,SINGLETON,article_like
B01650,3,3,DOI;PMID;TITLE_EXACT_NORM,AVAILABLE,1,3,DOI,article_like
B01651,1,1,SINGLETON,AVAILABLE,1,1,SINGLETON,article_like
B01652,1,1,SINGLETON,AVAILABLE,1,1,SINGLETON,article_like
B01653,1,1,SINGLETON,AVAILABLE,1,1,SINGLETON,article_like
B01654,1,1,SINGLETON,AVAILABLE,1,1,SINGLETON,article_like
B01655,1,1,SINGLETON,AVAILABLE,1,1,SINGLETON,article_like
B01656,1,1,SINGLETON,AVAILABLE,1,1,SINGLETON,article_like
B01657,2,2,DOI;PMID;TITLE_EXACT_NORM,AVAILABLE,1,2,DOI,article_like
B01658,1,1,SINGLETON,AVAILABLE,1,1,SINGLETON,article_like
B01659,1,1,SINGLETON,TITLE_ONLY,0,1,SINGLETON,conference
B01660,1,1,SINGLETON,TITLE_ONLY,0,1,SINGLETON,conference
B01661,3,3,DOI;PMID;TITLE_EXACT_NORM,AVAILABLE,1,3,DOI,article_like
B01662,1,1,SINGLETON,TITLE_ONLY,0,1,SINGLETON,conference
B01663,3,3,DOI;PMID;TITLE_EXACT_NORM,AVAILABLE,1,3,DOI,article_like
B01664,3,3,DOI;PMID;TITLE_EXACT_NORM,AVAILABLE,1,3,DOI,article_like
B01665,1,1,SINGLETON,AVAILABLE,1,1,SINGLETON,article_like
B01666,1,1,SINGLETON,TITLE_ONLY,0,1,SINGLETON,conference
B01667,3,3,DOI;PMID;TITLE_EXACT_NORM,AVAILABLE,1,3,DOI,article_like
B01668,3,3,DOI;PMID;TITLE_EXACT_NORM,AVAILABLE,1,3,DOI,article_like
B01669,3,3,DOI;PMID;TITLE_EXACT_NORM,AVAILABLE,1,3,DOI,article_like
B01670,3,3,DOI;PMID;TITLE_EXACT_NORM,AVAILABLE,1,3,DOI,article_like
B01671,2,2,DOI;PMID;TITLE_EXACT_NORM,AVAILABLE,1,2,DOI,article_like
B01672,2,2,DOI;PMID;TITLE_EXACT_NORM,AVAILABLE,1,2,DOI,article_like
B01673,1,1,SINGLETON,AVAILABLE,1,1,SINGLETON,article_like
B01674,1,1,SINGLETON,AVAILABLE,1,1,SINGLETON,article_like
B01675,3,3,DOI;PMID;TITLE_EXACT_NORM,AVAILABLE,1,3,DOI,article_like
B01676,3,3,DOI;PMID;TITLE_EXACT_NORM,AVAILABLE,1,3,DOI,article_like
B01677,1,1,SINGLETON,AVAILABLE,1,1,SINGLETON,article_like
B01678,1,1,SINGLETON,AVAILABLE,1,1,SINGLETON,article_like
B01679,1,1,SINGLETON,AVAILABLE,1,1,SINGLETON,article_like
B01680,1,1,SINGLETON,AVAILABLE,1,1,SINGLETON,article_like
B01681,1,1,SINGLETON,AVAILABLE,1,1,SINGLETON,article_like
B01682,3,3,DOI;PMID;TITLE_EXACT_NORM,AVAILABLE,1,3,DOI,article_like
B01683,1,1,SINGLETON,AVAILABLE,1,1,SINGLETON,article_like
B01684,3,3,DOI;PMID;TITLE_EXACT_NORM,AVAILABLE,1,3,DOI,article_like
B01685,1,1,SINGLETON,AVAILABLE,1,1,SINGLETON,article_like
B01686,2,2,DOI;PMID;TITLE_EXACT_NORM,AVAILABLE,1,2,DOI,article_like
B01687,1,1,SINGLETON,AVAILABLE,1,1,SINGLETON,article_like
B01688,1,1,SINGLETON,AVAILABLE,1,1,SINGLETON,article_like
B01689,1,1,SINGLETON,AVAILABLE,1,1,SINGLETON,article_like
B01690,3,3,DOI;PMID;TITLE_EXACT_NORM,AVAILABLE,1,3,DOI,article_like
B01691,1,1,SINGLETON,AVAILABLE,1,1,SINGLETON,article_like
B01692,3,3,DOI;PMID;TITLE_EXACT_NORM,AVAILABLE,1,3,DOI,article_like
B01693,3,3,DOI;PMID;TITLE_EXACT_NORM,AVAILABLE,1,3,DOI,article_like
B01694,3,3,DOI;PMID;TITLE_EXACT_NORM,AVAILABLE,1,3,DOI,article_like
B01695,3,3,DOI;PMID;TITLE_EXACT_NORM,AVAILABLE,1,3,DOI,article_like
B01696,2,2,DOI;TITLE_EXACT_NORM,AVAILABLE,1,2,DOI,article_like
B01697,1,1,SINGLETON,TITLE_ONLY,0,1,SINGLETON,article_like
B01698,3,3,DOI;PMID;TITLE_EXACT_NORM,AVAILABLE,1,3,DOI,article_like
B01699,1,1,SINGLETON,AVAILABLE,1,1,SINGLETON,article_like
B01700,1,1,SINGLETON,AVAILABLE,1,1,SINGLETON,article_like
B01701,3,3,DOI;PMID;TITLE_EXACT_NORM,AVAILABLE,1,3,DOI,article_like
B01702,2,2,DOI;PMID;TITLE_EXACT_NORM,AVAILABLE,1,2,DOI,article_like
B01703,3,3,DOI;PMID;TITLE_EXACT_NORM,AVAILABLE,1,3,DOI,article_like
B01704,3,3,DOI;PMID;TITLE_EXACT_NORM,AVAILABLE,1,3,DOI,article_like
B01705,3,3,DOI;PMID;TITLE_EXACT_NORM,AVAILABLE,1,3,DOI,article_like
B01706,3,3,DOI;PMID;TITLE_EXACT_NORM,AVAILABLE,1,3,DOI,article_like
B01707,1,1,SINGLETON,TITLE_ONLY,0,1,SINGLETON,conference
B01708,3,3,DOI;PMID;TITLE_EXACT_NORM,AVAILABLE,1,3,DOI,article_like
B01709,3,3,DOI;PMID;TITLE_EXACT_NORM,AVAILABLE,1,3,DOI,article_like
B01710,1,1,SINGLETON,AVAILABLE,1,1,SINGLETON,article_like
B01711,3,3,DOI;PMID;TITLE_EXACT_NORM,AVAILABLE,1,3,DOI,article_like
B01712,1,1,SINGLETON,AVAILABLE,1,1,SINGLETON,article_like
B01713,1,1,SINGLETON,AVAILABLE,1,1,SINGLETON,article_like
B01714,1,1,SINGLETON,AVAILABLE,1,1,SINGLETON,article_like
B01715,3,3,DOI;PMID;TITLE_EXACT_NORM,AVAILABLE,1,3,DOI,article_like
B01716,3,3,DOI;PMID;TITLE_EXACT_NORM,AVAILABLE,1,3,DOI,article_like
B01717,1,1,SINGLETON,AVAILABLE,1,1,SINGLETON,article_like
B01718,1,1,SINGLETON,AVAILABLE,1,1,SINGLETON,article_like
B01719,1,1,SINGLETON,AVAILABLE,1,1,SINGLETON,article_like
B01720,1,1,SINGLETON,AVAILABLE,1,1,SINGLETON,article_like
B01721,1,1,SINGLETON,TITLE_ONLY,0,1,SINGLETON,conference
B01722,3,3,DOI;PMID,AVAILABLE,1,3,DOI,correction
B01723,1,1,SINGLETON,AVAILABLE,1,1,SINGLETON,correction
B01724,1,1,SINGLETON,AVAILABLE,1,1,SINGLETON,correction
B01725,3,3,DOI;PMID,AVAILABLE,1,3,DOI,correction
B01726,1,1,SINGLETON,AVAILABLE,1,1,SINGLETON,correction
B01727,2,2,DOI;PMID;TITLE_EXACT_NORM,AVAILABLE,1,2,DOI,article_like
B01728,3,3,DOI;PMID,AVAILABLE,1,3,DOI,correction
B01729,3,3,DOI;PMID,AVAILABLE,1,3,DOI,correction
B01730,3,3,DOI;PMID,AVAILABLE,1,3,DOI,correction
B01731,1,1,SINGLETON,AVAILABLE,1,1,SINGLETON,article_like
B01732,1,1,SINGLETON,AVAILABLE,1,1,SINGLETON,article_like
B01733,2,2,DOI;PMID;TITLE_EXACT_NORM,AVAILABLE,1,2,DOI,article_like
B01734,3,3,DOI;PMID;TITLE_EXACT_NORM,AVAILABLE,1,3,DOI,article_like
B01735,1,1,SINGLETON,AVAILABLE,1,1,SINGLETON,article_like
B01736,1,1,SINGLETON,AVAILABLE,1,1,SINGLETON,article_like
B01737,3,3,DOI;PMID;TITLE_EXACT_NORM,AVAILABLE,1,3,DOI,article_like
B01738,3,3,DOI;PMID;TITLE_EXACT_NORM,AVAILABLE,1,3,DOI,article_like
B01739,3,3,DOI;PMID;TITLE_EXACT_NORM,AVAILABLE,1,3,DOI,article_like
B01740,1,1,SINGLETON,AVAILABLE,1,1,SINGLETON,article_like
B01741,3,3,DOI;PMID;TITLE_EXACT_NORM,AVAILABLE,1,3,DOI,article_like
B01742,1,1,SINGLETON,AVAILABLE,1,1,SINGLETON,article_like
B01743,1,1,SINGLETON,AVAILABLE,1,1,SINGLETON,article_like
B01744,1,1,SINGLETON,TITLE_ONLY,0,1,SINGLETON,conference
B01745,3,3,DOI;PMID;TITLE_EXACT_NORM,AVAILABLE,1,3,DOI,article_like
B01746,1,1,SINGLETON,AVAILABLE,1,1,SINGLETON,article_like
B01747,1,1,SINGLETON,AVAILABLE,1,1,SINGLETON,article_like
B01748,1,1,SINGLETON,AVAILABLE,1,1,SINGLETON,article_like
B01749,1,1,SINGLETON,AVAILABLE,1,1,SINGLETON,article_like
B01750,1,1,SINGLETON,AVAILABLE,1,1,SINGLETON,article_like
B01751,3,3,DOI;PMID;TITLE_EXACT_NORM,AVAILABLE,1,3,DOI,article_like
B01752,3,3,DOI;PMID;TITLE_EXACT_NORM,AVAILABLE,1,3,DOI,article_like
B01753,3,3,DOI;PMID;TITLE_EXACT_NORM,AVAILABLE,1,3,DOI,article_like
B01754,3,3,DOI;PMID;TITLE_EXACT_NORM,AVAILABLE,1,3,DOI,article_like
B01755,3,3,DOI;PMID;TITLE_EXACT_NORM,AVAILABLE,1,3,DOI,article_like
B01756,3,3,DOI;PMID;TITLE_EXACT_NORM,AVAILABLE,1,3,DOI,article_like
B01757,1,1,SINGLETON,AVAILABLE,1,1,SINGLETON,article_like
B01758,3,3,DOI;PMID;TITLE_EXACT_NORM,AVAILABLE,1,3,DOI,article_like
B01759,1,1,SINGLETON,AVAILABLE,1,1,SINGLETON,article_like
B01760,1,1,SINGLETON,AVAILABLE,1,1,SINGLETON,article_like
B01761,1,1,SINGLETON,AVAILABLE,1,1,SINGLETON,article_like
B01762,3,3,DOI;PMID;TITLE_EXACT_NORM,AVAILABLE,1,3,DOI,article_like
B01763,3,3,DOI;PMID;TITLE_EXACT_NORM,AVAILABLE,1,3,DOI,article_like
B01764,1,1,SINGLETON,AVAILABLE,1,1,SINGLETON,article_like
B01765,1,1,SINGLETON,AVAILABLE,1,1,SINGLETON,article_like
B01766,3,3,DOI;PMID;TITLE_EXACT_NORM,AVAILABLE,1,3,DOI,article_like
B01767,3,3,DOI;PMID;TITLE_EXACT_NORM,AVAILABLE,1,3,DOI,article_like
B01768,1,1,SINGLETON,AVAILABLE,1,1,SINGLETON,article_like
B01769,3,3,DOI;PMID;TITLE_EXACT_NORM,AVAILABLE,1,3,DOI,article_like
B01770,1,1,SINGLETON,AVAILABLE,1,1,SINGLETON,article_like
B01771,1,1,SINGLETON,AVAILABLE,1,1,SINGLETON,article_like
B01772,3,3,DOI;PMID;TITLE_EXACT_NORM,AVAILABLE,1,3,DOI,article_like
B01773,3,3,DOI;PMID;TITLE_EXACT_NORM,AVAILABLE,1,3,DOI,article_like
B01774,2,2,DOI;TITLE_EXACT_NORM,AVAILABLE,1,2,DOI,article_like
B01775,1,1,SINGLETON,AVAILABLE,1,1,SINGLETON,article_like
B01776,3,3,DOI;PMID;TITLE_EXACT_NORM,AVAILABLE,1,3,DOI,article_like
B01777,3,3,DOI;PMID;TITLE_EXACT_NORM,AVAILABLE,1,3,DOI,article_like
B01778,3,3,DOI;PMID;TITLE_EXACT_NORM,AVAILABLE,1,3,DOI,article_like
B01779,3,3,DOI;PMID;TITLE_EXACT_NORM,AVAILABLE,1,3,DOI,article_like
B01780,2,2,DOI;TITLE_EXACT_NORM,AVAILABLE,1,2,DOI,article_like
B01781,1,1,SINGLETON,AVAILABLE,1,1,SINGLETON,article_like
B01782,1,1,SINGLETON,AVAILABLE,1,1,SINGLETON,article_like
B01783,3,3,DOI;PMID;TITLE_EXACT_NORM,AVAILABLE,1,3,DOI,article_like
B01784,3,3,DOI;PMID;TITLE_EXACT_NORM,AVAILABLE,1,3,DOI,article_like
B01785,3,3,DOI;PMID;TITLE_EXACT_NORM,AVAILABLE,1,3,DOI,article_like
B01786,1,1,SINGLETON,AVAILABLE,1,1,SINGLETON,article_like
B01787,2,2,DOI;TITLE_EXACT_NORM,TITLE_ONLY,0,2,DOI,article_like
B01788,3,3,DOI;PMID;TITLE_EXACT_NORM,AVAILABLE,1,3,DOI,article_like
B01789,1,1,SINGLETON,AVAILABLE,1,1,SINGLETON,article_like
B01790,1,1,SINGLETON,AVAILABLE,1,1,SINGLETON,article_like
B01791,1,1,SINGLETON,TITLE_ONLY,0,1,SINGLETON,conference
B01792,3,3,DOI;PMID;TITLE_EXACT_NORM,AVAILABLE,1,3,DOI,article_like
B01793,1,1,SINGLETON,AVAILABLE,1,1,SINGLETON,article_like
B01794,3,3,DOI;PMID;TITLE_EXACT_NORM,AVAILABLE,1,3,DOI,article_like
B01795,1,1,SINGLETON,AVAILABLE,1,1,SINGLETON,article_like
B01796,3,3,DOI;PMID;TITLE_EXACT_NORM,AVAILABLE,1,3,DOI,article_like
B01797,1,1,SINGLETON,AVAILABLE,1,1,SINGLETON,article_like
B01798,3,3,DOI;PMID;TITLE_EXACT_NORM,AVAILABLE,1,3,DOI,article_like
B01799,3,3,DOI;PMID;TITLE_EXACT_NORM,AVAILABLE,1,3,DOI,article_like
B01800,1,1,SINGLETON,TITLE_ONLY,0,1,SINGLETON,conference
B01801,3,3,DOI;PMID;TITLE_EXACT_NORM,AVAILABLE,1,3,DOI,article_like
B01802,3,3,DOI;PMID;TITLE_EXACT_NORM,AVAILABLE,1,3,DOI,article_like
B01803,1,1,SINGLETON,AVAILABLE,1,1,SINGLETON,article_like
B01804,1,1,SINGLETON,AVAILABLE,1,1,SINGLETON,article_like
B01805,1,1,SINGLETON,AVAILABLE,1,1,SINGLETON,article_like
B01806,3,3,DOI;PMID;TITLE_EXACT_NORM,AVAILABLE,1,3,DOI,article_like
B01807,3,3,DOI;PMID;TITLE_EXACT_NORM,AVAILABLE,1,3,DOI,article_like
B01808,2,2,DOI;PMID;TITLE_EXACT_NORM,AVAILABLE,1,2,DOI,article_like
B01809,3,3,DOI;PMID;TITLE_EXACT_NORM,AVAILABLE,1,3,DOI,article_like
B01810,1,1,SINGLETON,AVAILABLE,1,1,SINGLETON,article_like
B01811,3,3,DOI;PMID;TITLE_EXACT_NORM,AVAILABLE,1,3,DOI,article_like
B01812,1,1,SINGLETON,TITLE_ONLY,0,1,SINGLETON,article_like
B01813,3,3,DOI;PMID;TITLE_EXACT_NORM,AVAILABLE,1,3,DOI,article_like
B01814,3,3,DOI;PMID;TITLE_EXACT_NORM,AVAILABLE,1,3,DOI,article_like
B01815,1,1,SINGLETON,AVAILABLE,1,1,SINGLETON,article_like
B01816,2,2,DOI;TITLE_EXACT_NORM,AVAILABLE,1,2,DOI,conference
B01817,1,1,SINGLETON,AVAILABLE,1,1,SINGLETON,article_like
B01818,1,1,SINGLETON,TITLE_ONLY,0,1,SINGLETON,article_like
B01819,1,1,SINGLETON,TITLE_ONLY,0,1,SINGLETON,article_like
B01820,1,1,SINGLETON,TITLE_ONLY,0,1,SINGLETON,article_like
B01821,1,1,SINGLETON,TITLE_ONLY,0,1,SINGLETON,article_like
B01822,1,1,SINGLETON,TITLE_ONLY,0,1,SINGLETON,article_like
B01823,2,2,DOI;TITLE_EXACT_NORM,AVAILABLE,1,2,DOI,article_like
B01824,1,1,SINGLETON,TITLE_ONLY,0,1,SINGLETON,article_like
B01825,1,1,SINGLETON,TITLE_ONLY,0,1,SINGLETON,article_like
B01826,1,1,SINGLETON,TITLE_ONLY,0,1,SINGLETON,article_like
B01827,1,1,SINGLETON,TITLE_ONLY,0,1,SINGLETON,article_like
B01828,1,1,SINGLETON,TITLE_ONLY,0,1,SINGLETON,article_like
B01829,3,3,DOI;PMID;TITLE_EXACT_NORM,AVAILABLE,1,3,DOI,article_like
B01830,2,2,DOI;PMID;TITLE_EXACT_NORM,AVAILABLE,1,2,DOI,article_like
B01831,3,3,DOI;PMID;TITLE_EXACT_NORM,AVAILABLE,1,3,DOI,article_like
B01832,1,1,SINGLETON,AVAILABLE,1,1,SINGLETON,article_like
B01833,3,3,DOI;PMID;TITLE_EXACT_NORM,AVAILABLE,1,3,DOI,article_like
B01834,3,3,DOI;PMID;TITLE_EXACT_NORM,AVAILABLE,1,3,DOI,article_like
B01835,1,1,SINGLETON,AVAILABLE,1,1,SINGLETON,article_like
B01836,1,1,SINGLETON,AVAILABLE,1,1,SINGLETON,article_like
B01837,3,3,DOI;PMID;TITLE_EXACT_NORM,AVAILABLE,1,3,DOI,article_like
B01838,1,1,SINGLETON,AVAILABLE,1,1,SINGLETON,article_like
B01839,1,1,SINGLETON,AVAILABLE,1,1,SINGLETON,article_like
B01840,1,1,SINGLETON,AVAILABLE,1,1,SINGLETON,article_like
B01841,3,3,DOI;PMID;TITLE_EXACT_NORM,AVAILABLE,1,3,DOI,article_like
B01842,3,3,DOI;PMID;TITLE_EXACT_NORM,AVAILABLE,1,3,DOI,article_like
B01843,3,3,DOI;PMID;TITLE_EXACT_NORM,AVAILABLE,1,3,DOI,article_like
B01844,3,3,DOI;PMID;TITLE_EXACT_NORM,AVAILABLE,1,3,DOI,article_like
B01845,3,3,DOI;PMID;TITLE_EXACT_NORM,AVAILABLE,1,3,DOI,article_like
B01846,3,3,DOI;PMID;TITLE_EXACT_NORM,AVAILABLE,1,3,DOI,article_like
B01847,1,1,SINGLETON,AVAILABLE,1,1,SINGLETON,article_like
B01848,3,3,DOI;PMID;TITLE_EXACT_NORM,AVAILABLE,1,3,DOI,article_like
B01849,3,3,DOI;PMID;TITLE_EXACT_NORM,AVAILABLE,1,3,DOI,article_like
B01850,1,1,SINGLETON,AVAILABLE,1,1,SINGLETON,article_like
B01851,1,1,SINGLETON,AVAILABLE,1,1,SINGLETON,article_like
B01852,1,1,SINGLETON,TITLE_ONLY,0,1,SINGLETON,conference
B01853,1,1,SINGLETON,TITLE_ONLY,0,1,SINGLETON,conference
B01854,3,3,DOI;PMID;TITLE_EXACT_NORM,AVAILABLE,1,3,DOI,article_like
B01855,3,3,DOI;PMID;TITLE_EXACT_NORM,AVAILABLE,1,3,DOI,article_like
B01856,3,3,DOI;PMID;TITLE_EXACT_NORM,AVAILABLE,1,3,DOI,article_like
B01857,1,1,SINGLETON,AVAILABLE,1,1,SINGLETON,article_like
B01858,1,1,SINGLETON,AVAILABLE,1,1,SINGLETON,article_like
B01859,1,1,SINGLETON,AVAILABLE,1,1,SINGLETON,article_like
B01860,1,1,SINGLETON,AVAILABLE,1,1,SINGLETON,article_like
B01861,3,3,DOI;PMID;TITLE_EXACT_NORM,AVAILABLE,1,3,DOI,article_like
B01862,3,3,DOI;PMID;TITLE_EXACT_NORM,AVAILABLE,1,3,DOI,article_like
B01863,2,2,DOI;PMID;TITLE_EXACT_NORM,AVAILABLE,1,2,DOI,article_like
B01864,3,3,DOI;PMID;TITLE_EXACT_NORM,AVAILABLE,1,3,DOI,article_like
B01865,3,3,DOI;PMID;TITLE_EXACT_NORM,AVAILABLE,1,3,DOI,article_like
B01866,3,3,DOI;PMID;TITLE_EXACT_NORM,AVAILABLE,1,3,DOI,article_like
B01867,3,3,DOI;PMID;TITLE_EXACT_NORM,AVAILABLE,1,3,DOI,article_like
B01868,3,3,DOI;PMID;TITLE_EXACT_NORM,AVAILABLE,1,3,DOI,article_like
B01869,3,3,DOI;PMID;TITLE_EXACT_NORM,AVAILABLE,1,3,DOI,article_like
B01870,1,1,SINGLETON,AVAILABLE,1,1,SINGLETON,article_like
B01871,1,1,SINGLETON,AVAILABLE,1,1,SINGLETON,article_like
B01872,1,1,SINGLETON,TITLE_ONLY,0,1,SINGLETON,conference
B01873,3,3,DOI;PMID;TITLE_EXACT_NORM,AVAILABLE,1,3,DOI,article_like
B01874,3,3,DOI;PMID;TITLE_EXACT_NORM,AVAILABLE,1,3,DOI,article_like
B01875,1,1,SINGLETON,AVAILABLE,1,1,SINGLETON,article_like
B01876,1,1,SINGLETON,AVAILABLE,1,1,SINGLETON,article_like
B01877,1,1,SINGLETON,AVAILABLE,1,1,SINGLETON,article_like
B01878,1,1,SINGLETON,AVAILABLE,1,1,SINGLETON,article_like
B01879,1,1,SINGLETON,AVAILABLE,1,1,SINGLETON,article_like
B01880,1,1,SINGLETON,AVAILABLE,1,1,SINGLETON,article_like
B01881,3,3,DOI;PMID;TITLE_EXACT_NORM,AVAILABLE,1,3,DOI,article_like
B01882,3,3,DOI;PMID;TITLE_EXACT_NORM,AVAILABLE,1,3,DOI,article_like
B01883,1,1,SINGLETON,AVAILABLE,1,1,SINGLETON,article_like
B01884,3,3,DOI;PMID;TITLE_EXACT_NORM,AVAILABLE,1,3,DOI,article_like
B01885,1,1,SINGLETON,AVAILABLE,1,1,SINGLETON,article_like
B01886,3,3,DOI;PMID;TITLE_EXACT_NORM,AVAILABLE,1,3,DOI,article_like
B01887,1,1,SINGLETON,AVAILABLE,1,1,SINGLETON,article_like
B01888,2,2,DOI;TITLE_EXACT_NORM,AVAILABLE,1,2,DOI,article_like
B01889,1,1,SINGLETON,AVAILABLE,1,1,SINGLETON,article_like
B01890,1,1,SINGLETON,AVAILABLE,1,1,SINGLETON,article_like
B01891,3,3,DOI;PMID;TITLE_EXACT_NORM,AVAILABLE,1,3,DOI,article_like
B01892,1,1,SINGLETON,AVAILABLE,1,1,SINGLETON,article_like
B01893,3,3,DOI;PMID;TITLE_EXACT_NORM,AVAILABLE,1,3,DOI,article_like
B01894,1,1,SINGLETON,AVAILABLE,1,1,SINGLETON,article_like
B01895,3,3,DOI;PMID;TITLE_EXACT_NORM,AVAILABLE,1,3,DOI,article_like
B01896,1,1,SINGLETON,AVAILABLE,1,1,SINGLETON,article_like
B01897,3,3,DOI;PMID;TITLE_EXACT_NORM,AVAILABLE,1,3,DOI,article_like
B01898,1,1,SINGLETON,AVAILABLE,1,1,SINGLETON,article_like
B01899,3,3,DOI;PMID;TITLE_EXACT_NORM,AVAILABLE,1,3,DOI,article_like
B01900,3,3,DOI;PMID;TITLE_EXACT_NORM,AVAILABLE,1,3,DOI,article_like
B01901,1,1,SINGLETON,TITLE_ONLY,0,1,SINGLETON,conference
B01902,1,1,SINGLETON,AVAILABLE,1,1,SINGLETON,article_like
B01903,2,2,DOI;PMID;TITLE_EXACT_NORM,AVAILABLE,1,2,DOI,article_like
B01904,1,1,SINGLETON,AVAILABLE,1,1,SINGLETON,article_like
B01905,3,3,DOI;PMID;TITLE_EXACT_NORM,AVAILABLE,1,3,DOI,article_like
B01906,3,3,DOI;PMID;TITLE_EXACT_NORM,AVAILABLE,1,3,DOI,article_like
B01907,3,3,DOI;PMID;TITLE_EXACT_NORM,AVAILABLE,1,3,DOI,article_like
B01908,1,1,SINGLETON,AVAILABLE,1,1,SINGLETON,article_like
B01909,1,1,SINGLETON,AVAILABLE,1,1,SINGLETON,article_like
B01910,1,1,SINGLETON,AVAILABLE,1,1,SINGLETON,article_like
B01911,1,1,SINGLETON,AVAILABLE,1,1,SINGLETON,article_like
B01912,1,1,SINGLETON,AVAILABLE,1,1,SINGLETON,article_like
B01913,3,3,DOI;PMID;TITLE_EXACT_NORM,AVAILABLE,1,3,DOI,article_like
B01914,1,1,SINGLETON,AVAILABLE,1,1,SINGLETON,article_like
B01915,1,1,SINGLETON,AVAILABLE,1,1,SINGLETON,article_like
B01916,3,3,DOI;PMID;TITLE_EXACT_NORM,AVAILABLE,1,3,DOI,article_like
B01917,1,1,SINGLETON,AVAILABLE,1,1,SINGLETON,correction
B01918,3,3,DOI;PMID,AVAILABLE,1,3,DOI,correction
B01919,3,3,DOI;PMID;TITLE_EXACT_NORM,AVAILABLE,1,3,DOI,article_like
B01920,3,3,DOI;PMID;TITLE_EXACT_NORM,AVAILABLE,1,3,DOI,article_like
B01921,1,1,SINGLETON,AVAILABLE,1,1,SINGLETON,article_like
B01922,3,3,DOI;PMID;TITLE_EXACT_NORM,AVAILABLE,1,3,DOI,article_like
B01923,1,1,SINGLETON,AVAILABLE,1,1,SINGLETON,article_like
B01924,1,1,SINGLETON,TITLE_ONLY,0,1,SINGLETON,article_like
B01925,3,3,DOI;PMID;TITLE_EXACT_NORM,AVAILABLE,1,3,DOI,article_like
B01926,1,1,SINGLETON,AVAILABLE,1,1,SINGLETON,article_like
B01927,1,1,SINGLETON,AVAILABLE,1,1,SINGLETON,article_like
B01928,1,1,SINGLETON,AVAILABLE,1,1,SINGLETON,article_like
B01929,2,2,DOI;TITLE_EXACT_NORM,AVAILABLE,1,2,DOI,article_like
B01930,1,1,SINGLETON,AVAILABLE,1,1,SINGLETON,article_like
B01931,1,1,SINGLETON,TITLE_ONLY,0,1,SINGLETON,conference
B01932,2,2,DOI;TITLE_EXACT_NORM,AVAILABLE,1,2,DOI,article_like
B01933,2,2,DOI;TITLE_EXACT_NORM,AVAILABLE,1,2,DOI,article_like
B01934,3,3,DOI;PMID;TITLE_EXACT_NORM,AVAILABLE,1,3,DOI,article_like
B01935,3,3,DOI;PMID;TITLE_EXACT_NORM,AVAILABLE,1,3,DOI,article_like
B01936,1,1,SINGLETON,AVAILABLE,1,1,SINGLETON,article_like
B01937,1,1,SINGLETON,AVAILABLE,1,1,SINGLETON,article_like
B01938,1,1,SINGLETON,AVAILABLE,1,1,SINGLETON,article_like
B01939,3,3,DOI;PMID;TITLE_EXACT_NORM,AVAILABLE,1,3,DOI,article_like
B01940,2,2,DOI;TITLE_EXACT_NORM,AVAILABLE,1,2,DOI,article_like
B01941,3,3,DOI;PMID;TITLE_EXACT_NORM,AVAILABLE,1,3,DOI,article_like
B01942,3,3,DOI;PMID;TITLE_EXACT_NORM,AVAILABLE,1,3,DOI,article_like
B01943,3,3,DOI;PMID;TITLE_EXACT_NORM,AVAILABLE,1,3,DOI,article_like
B01944,3,3,DOI;PMID;TITLE_EXACT_NORM,AVAILABLE,1,3,DOI,article_like
B01945,1,1,SINGLETON,AVAILABLE,1,1,SINGLETON,article_like
B01946,3,3,DOI;PMID;TITLE_EXACT_NORM,AVAILABLE,1,3,DOI,article_like
B01947,1,1,SINGLETON,AVAILABLE,1,1,SINGLETON,article_like
B01948,3,3,DOI;PMID;TITLE_EXACT_NORM,AVAILABLE,1,3,DOI,article_like
B01949,3,3,DOI;PMID;TITLE_EXACT_NORM,AVAILABLE,1,3,DOI,article_like
B01950,3,3,DOI;PMID;TITLE_EXACT_NORM,AVAILABLE,1,3,DOI,article_like
B01951,1,1,SINGLETON,AVAILABLE,1,1,SINGLETON,article_like
B01952,2,2,DOI;TITLE_EXACT_NORM,AVAILABLE,1,2,DOI,article_like
B01953,3,3,DOI;PMID;TITLE_EXACT_NORM,AVAILABLE,1,3,DOI,article_like
B01954,1,1,SINGLETON,TITLE_ONLY,0,1,SINGLETON,conference
B01955,1,1,SINGLETON,AVAILABLE,1,1,SINGLETON,article_like
B01956,3,3,DOI;PMID;TITLE_EXACT_NORM,AVAILABLE,1,3,DOI,article_like
B01957,1,1,SINGLETON,AVAILABLE,1,1,SINGLETON,article_like
B01958,1,1,SINGLETON,AVAILABLE,1,1,SINGLETON,article_like
B01959,3,3,DOI;PMID;TITLE_EXACT_NORM,AVAILABLE,1,3,DOI,article_like
B01960,1,1,SINGLETON,AVAILABLE,1,1,SINGLETON,article_like
B01961,3,3,DOI;PMID;TITLE_EXACT_NORM,AVAILABLE,1,3,DOI,article_like
B01962,3,3,DOI;PMID;TITLE_EXACT_NORM,AVAILABLE,1,3,DOI,article_like
B01963,3,3,DOI;PMID;TITLE_EXACT_NORM,AVAILABLE,1,3,DOI,article_like
B01964,1,1,SINGLETON,AVAILABLE,1,1,SINGLETON,article_like
B01965,3,3,DOI;PMID;TITLE_EXACT_NORM,AVAILABLE,1,3,DOI,article_like
B01966,3,3,DOI;PMID;TITLE_EXACT_NORM,AVAILABLE,1,3,DOI,article_like
B01967,1,1,SINGLETON,AVAILABLE,1,1,SINGLETON,article_like
B01968,1,1,SINGLETON,AVAILABLE,1,1,SINGLETON,article_like
B01969,3,3,DOI;PMID;TITLE_EXACT_NORM,AVAILABLE,1,3,DOI,article_like
B01970,1,1,SINGLETON,AVAILABLE,1,1,SINGLETON,article_like
B01971,1,1,SINGLETON,AVAILABLE,1,1,SINGLETON,article_like
B01972,3,3,DOI;PMID;TITLE_EXACT_NORM,AVAILABLE,1,3,DOI,article_like
B01973,3,3,DOI;PMID;TITLE_EXACT_NORM,AVAILABLE,1,3,DOI,article_like
B01974,2,2,DOI;PMID;TITLE_EXACT_NORM,AVAILABLE,1,2,DOI,article_like
B01975,3,3,DOI;PMID;TITLE_EXACT_NORM,AVAILABLE,1,3,DOI,article_like
B01976,3,3,DOI;PMID;TITLE_EXACT_NORM,AVAILABLE,1,3,DOI,article_like
B01977,3,3,DOI;PMID;TITLE_EXACT_NORM,AVAILABLE,1,3,DOI,article_like
B01978,3,3,DOI;PMID;TITLE_EXACT_NORM,AVAILABLE,1,3,DOI,article_like
B01979,1,1,SINGLETON,AVAILABLE,1,1,SINGLETON,article_like
B01980,3,3,DOI;PMID;TITLE_EXACT_NORM,AVAILABLE,1,3,DOI,article_like
B01981,1,1,SINGLETON,AVAILABLE,1,1,SINGLETON,article_like
B01982,3,3,DOI;PMID;TITLE_EXACT_NORM,AVAILABLE,1,3,DOI,article_like
B01983,3,3,DOI;PMID;TITLE_EXACT_NORM,AVAILABLE,1,3,DOI,article_like
B01984,1,1,SINGLETON,AVAILABLE,1,1,SINGLETON,article_like
B01985,3,3,DOI;PMID;TITLE_EXACT_NORM,AVAILABLE,1,3,DOI,article_like
B01986,1,1,SINGLETON,AVAILABLE,1,1,SINGLETON,article_like
B01987,2,2,DOI;PMID;TITLE_EXACT_NORM,AVAILABLE,1,2,DOI,article_like
B01988,3,3,DOI;PMID;TITLE_EXACT_NORM,AVAILABLE,1,3,DOI,article_like
B01989,3,3,DOI;PMID;TITLE_EXACT_NORM,AVAILABLE,1,3,DOI,article_like
B01990,3,3,DOI;PMID;TITLE_EXACT_NORM,AVAILABLE,1,3,DOI,article_like
B01991,3,3,DOI;PMID;TITLE_EXACT_NORM,AVAILABLE,1,3,DOI,article_like
B01992,1,1,SINGLETON,AVAILABLE,1,1,SINGLETON,article_like
B01993,3,3,DOI;PMID;TITLE_EXACT_NORM,AVAILABLE,1,3,DOI,article_like
B01994,3,3,DOI;PMID;TITLE_EXACT_NORM,AVAILABLE,1,3,DOI,article_like
B01995,1,1,SINGLETON,AVAILABLE,1,1,SINGLETON,article_like
B01996,1,1,SINGLETON,AVAILABLE,1,1,SINGLETON,article_like
B01997,3,3,DOI;PMID;TITLE_EXACT_NORM,AVAILABLE,1,3,DOI,article_like
B01998,1,1,SINGLETON,AVAILABLE,1,1,SINGLETON,article_like
B01999,1,1,SINGLETON,AVAILABLE,1,1,SINGLETON,article_like
B02000,2,2,DOI;TITLE_EXACT_NORM,AVAILABLE,1,2,DOI,article_like
B02001,3,3,DOI;PMID;TITLE_EXACT_NORM,AVAILABLE,1,3,DOI,article_like
B02002,3,3,DOI;PMID;TITLE_EXACT_NORM,AVAILABLE,1,3,DOI,article_like
B02003,3,3,DOI;PMID;TITLE_EXACT_NORM,AVAILABLE,1,3,DOI,article_like
B02004,1,1,SINGLETON,AVAILABLE,1,1,SINGLETON,article_like
B02005,3,3,DOI;PMID;TITLE_EXACT_NORM,AVAILABLE,1,3,DOI,article_like
B02006,3,3,DOI;PMID;TITLE_EXACT_NORM,AVAILABLE,1,3,DOI,article_like
B02007,3,3,DOI;PMID;TITLE_EXACT_NORM,AVAILABLE,1,3,DOI,article_like
B02008,3,3,DOI;PMID;TITLE_EXACT_NORM,AVAILABLE,1,3,DOI,article_like
B02009,3,3,DOI;PMID;TITLE_EXACT_NORM,AVAILABLE,1,3,DOI,article_like
B02010,3,3,DOI;PMID;TITLE_EXACT_NORM,AVAILABLE,1,3,DOI,article_like
B02011,3,3,DOI;PMID;TITLE_EXACT_NORM,AVAILABLE,1,3,DOI,article_like
B02012,3,3,DOI;PMID;TITLE_EXACT_NORM,AVAILABLE,1,3,DOI,article_like
B02013,3,3,DOI;PMID;TITLE_EXACT_NORM,AVAILABLE,1,3,DOI,article_like
B02014,3,3,DOI;PMID;TITLE_EXACT_NORM,AVAILABLE,1,3,DOI,article_like
B02015,3,3,DOI;PMID;TITLE_EXACT_NORM,AVAILABLE,1,3,DOI,article_like
B02016,1,1,SINGLETON,AVAILABLE,1,1,SINGLETON,article_like
B02017,1,1,SINGLETON,AVAILABLE,1,1,SINGLETON,article_like
B02018,1,1,SINGLETON,AVAILABLE,1,1,SINGLETON,article_like
B02019,3,3,DOI;PMID;TITLE_EXACT_NORM,AVAILABLE,1,3,DOI,article_like
B02020,3,3,DOI;PMID;TITLE_EXACT_NORM,AVAILABLE,1,3,DOI,article_like
B02021,1,1,SINGLETON,TITLE_ONLY,0,1,SINGLETON,conference
B02022,3,3,DOI;PMID;TITLE_EXACT_NORM,AVAILABLE,1,3,DOI,article_like
B02023,3,3,DOI;PMID;TITLE_EXACT_NORM,AVAILABLE,1,3,DOI,article_like
B02024,3,3,DOI;PMID;TITLE_EXACT_NORM,AVAILABLE,1,3,DOI,article_like
B02025,2,2,DOI;PMID;TITLE_EXACT_NORM,AVAILABLE,1,2,DOI,article_like
B02026,1,1,SINGLETON,AVAILABLE,1,1,SINGLETON,article_like
B02027,3,3,DOI;PMID;TITLE_EXACT_NORM,AVAILABLE,1,3,DOI,article_like
B02028,3,3,DOI;PMID;TITLE_EXACT_NORM,AVAILABLE,1,3,DOI,article_like
B02029,3,3,DOI;PMID;TITLE_EXACT_NORM,AVAILABLE,1,3,DOI,article_like
B02030,1,1,SINGLETON,TITLE_ONLY,0,1,SINGLETON,conference
B02031,3,3,DOI;PMID;TITLE_EXACT_NORM,AVAILABLE,1,3,DOI,article_like
B02032,1,1,SINGLETON,AVAILABLE,1,1,SINGLETON,article_like
B02033,3,3,DOI;PMID;TITLE_EXACT_NORM,AVAILABLE,1,3,DOI,article_like
B02034,1,1,SINGLETON,AVAILABLE,1,1,SINGLETON,article_like
B02035,1,1,SINGLETON,TITLE_ONLY,0,1,SINGLETON,article_like
B02036,1,1,SINGLETON,AVAILABLE,1,1,SINGLETON,article_like
B02037,1,1,SINGLETON,AVAILABLE,1,1,SINGLETON,article_like
B02038,2,2,DOI;PMID;TITLE_EXACT_NORM,AVAILABLE,1,2,DOI,article_like
B02039,3,3,DOI;PMID;TITLE_EXACT_NORM,AVAILABLE,1,3,DOI,article_like
B02040,1,1,SINGLETON,AVAILABLE,1,1,SINGLETON,article_like
B02041,2,2,DOI;PMID;TITLE_EXACT_NORM,AVAILABLE,1,2,DOI,article_like
B02042,3,3,DOI;PMID;TITLE_EXACT_NORM,AVAILABLE,1,3,DOI,article_like
B02043,3,3,DOI;PMID;TITLE_EXACT_NORM,AVAILABLE,1,3,DOI,article_like
B02044,3,3,DOI;PMID;TITLE_EXACT_NORM,AVAILABLE,1,3,DOI,article_like
B02045,3,3,DOI;PMID;TITLE_EXACT_NORM,AVAILABLE,1,3,DOI,article_like
B02046,1,1,SINGLETON,TITLE_ONLY,0,1,SINGLETON,conference
B02047,3,3,DOI;PMID;TITLE_EXACT_NORM,AVAILABLE,1,3,DOI,article_like
B02048,3,3,DOI;PMID;TITLE_EXACT_NORM,AVAILABLE,1,3,DOI,article_like
B02049,1,1,SINGLETON,AVAILABLE,1,1,SINGLETON,article_like
B02050,1,1,SINGLETON,AVAILABLE,1,1,SINGLETON,article_like
B02051,1,1,SINGLETON,AVAILABLE,1,1,SINGLETON,article_like
B02052,1,1,SINGLETON,AVAILABLE,1,1,SINGLETON,article_like
B02053,1,1,SINGLETON,AVAILABLE,1,1,SINGLETON,article_like
B02054,3,3,DOI;PMID;TITLE_EXACT_NORM,AVAILABLE,1,3,DOI,article_like
B02055,1,1,SINGLETON,AVAILABLE,1,1,SINGLETON,article_like
B02056,3,3,DOI;PMID;TITLE_EXACT_NORM,AVAILABLE,1,3,DOI,article_like
B02057,3,3,DOI;PMID;TITLE_EXACT_NORM,AVAILABLE,1,3,DOI,article_like
B02058,1,1,SINGLETON,AVAILABLE,1,1,SINGLETON,article_like
B02059,3,3,DOI;PMID;TITLE_EXACT_NORM,AVAILABLE,1,3,DOI,article_like
B02060,3,3,DOI;PMID;TITLE_EXACT_NORM,AVAILABLE,1,3,DOI,article_like
B02061,3,3,DOI;PMID;TITLE_EXACT_NORM,TITLE_ONLY,0,3,DOI,article_like
B02062,1,1,SINGLETON,AVAILABLE,1,1,SINGLETON,article_like
B02063,1,1,SINGLETON,AVAILABLE,1,1,SINGLETON,article_like
B02064,1,1,SINGLETON,AVAILABLE,1,1,SINGLETON,article_like
B02065,3,3,DOI;PMID;TITLE_EXACT_NORM,AVAILABLE,1,3,DOI,article_like
B02066,3,3,DOI;PMID;TITLE_EXACT_NORM,AVAILABLE,1,3,DOI,article_like
B02067,1,1,SINGLETON,TITLE_ONLY,0,1,SINGLETON,conference
B02068,3,3,DOI;PMID;TITLE_EXACT_NORM,AVAILABLE,1,3,DOI,article_like
B02069,1,1,SINGLETON,AVAILABLE,1,1,SINGLETON,article_like
B02070,1,1,SINGLETON,AVAILABLE,1,1,SINGLETON,article_like
B02071,1,1,SINGLETON,AVAILABLE,1,1,SINGLETON,article_like
B02072,3,3,DOI;PMID;TITLE_EXACT_NORM,AVAILABLE,1,3,DOI,article_like
B02073,1,1,SINGLETON,AVAILABLE,1,1,SINGLETON,article_like
B02074,1,1,SINGLETON,TITLE_ONLY,0,1,SINGLETON,conference
B02075,3,3,DOI;PMID;TITLE_EXACT_NORM,AVAILABLE,1,3,DOI,article_like
B02076,3,3,DOI;PMID;TITLE_EXACT_NORM,AVAILABLE,1,3,DOI,article_like
B02077,3,3,DOI;PMID;TITLE_EXACT_NORM,AVAILABLE,1,3,DOI,article_like
B02078,1,1,SINGLETON,AVAILABLE,1,1,SINGLETON,article_like
B02079,3,3,DOI;PMID;TITLE_EXACT_NORM,AVAILABLE,1,3,DOI,article_like
B02080,1,1,SINGLETON,AVAILABLE,1,1,SINGLETON,article_like
B02081,1,1,SINGLETON,AVAILABLE,1,1,SINGLETON,article_like
B02082,3,3,DOI;PMID;TITLE_EXACT_NORM,AVAILABLE,1,3,DOI,article_like
B02083,1,1,SINGLETON,TITLE_ONLY,0,1,SINGLETON,conference
B02084,1,1,SINGLETON,AVAILABLE,1,1,SINGLETON,article_like
B02085,3,3,DOI;PMID;TITLE_EXACT_NORM,AVAILABLE,1,3,DOI,article_like
B02086,1,1,SINGLETON,TITLE_ONLY,0,1,SINGLETON,conference
B02087,3,3,DOI;PMID;TITLE_EXACT_NORM,AVAILABLE,1,3,DOI,article_like
B02088,1,1,SINGLETON,TITLE_ONLY,0,1,SINGLETON,conference
B02089,3,3,DOI;PMID;TITLE_EXACT_NORM,AVAILABLE,1,3,DOI,article_like
B02090,1,1,SINGLETON,AVAILABLE,1,1,SINGLETON,article_like
B02091,3,3,DOI;PMID;TITLE_EXACT_NORM,AVAILABLE,1,3,DOI,article_like
B02092,3,3,DOI;PMID;TITLE_EXACT_NORM,AVAILABLE,1,3,DOI,article_like
B02093,3,3,DOI;PMID;TITLE_EXACT_NORM,AVAILABLE,1,3,DOI,article_like
B02094,3,3,DOI;PMID;TITLE_EXACT_NORM,AVAILABLE,1,3,DOI,article_like
B02095,2,2,DOI;PMID;TITLE_EXACT_NORM,AVAILABLE,1,2,DOI,article_like
B02096,3,3,DOI;PMID;TITLE_EXACT_NORM,AVAILABLE,1,3,DOI,article_like
B02097,3,3,DOI;PMID;TITLE_EXACT_NORM,AVAILABLE,1,3,DOI,article_like
B02098,1,1,SINGLETON,AVAILABLE,1,1,SINGLETON,article_like
B02099,1,1,SINGLETON,AVAILABLE,1,1,SINGLETON,article_like
B02100,3,3,DOI;PMID;TITLE_EXACT_NORM,AVAILABLE,1,3,DOI,article_like
B02101,2,2,DOI;PMID;TITLE_EXACT_NORM,AVAILABLE,1,2,DOI,article_like
B02102,3,3,DOI;PMID;TITLE_EXACT_NORM,AVAILABLE,1,3,DOI,article_like
B02103,3,3,DOI;PMID;TITLE_EXACT_NORM,AVAILABLE,1,3,DOI,article_like
B02104,3,3,DOI;PMID;TITLE_EXACT_NORM,AVAILABLE,1,3,DOI,article_like
B02105,1,1,SINGLETON,TITLE_ONLY,0,1,SINGLETON,conference
B02106,3,3,DOI;PMID;TITLE_EXACT_NORM,AVAILABLE,1,3,DOI,article_like
B02107,1,1,SINGLETON,AVAILABLE,1,1,SINGLETON,article_like
B02108,1,1,SINGLETON,AVAILABLE,1,1,SINGLETON,article_like
B02109,2,2,DOI;TITLE_EXACT_NORM,AVAILABLE,1,2,DOI,article_like
B02110,2,2,DOI;TITLE_EXACT_NORM,AVAILABLE,1,2,DOI,article_like
B02111,1,1,SINGLETON,AVAILABLE,1,1,SINGLETON,article_like
B02112,3,3,DOI;PMID;TITLE_EXACT_NORM,AVAILABLE,1,3,DOI,article_like
B02113,1,1,SINGLETON,TITLE_ONLY,0,1,SINGLETON,conference
B02114,3,3,DOI;PMID;TITLE_EXACT_NORM,AVAILABLE,1,3,DOI,article_like
B02115,3,3,DOI;PMID;TITLE_EXACT_NORM,AVAILABLE,1,3,DOI,article_like
B02116,1,1,SINGLETON,AVAILABLE,1,1,SINGLETON,article_like
B02117,1,1,SINGLETON,AVAILABLE,1,1,SINGLETON,article_like
B02118,3,3,DOI;PMID;TITLE_EXACT_NORM,AVAILABLE,1,3,DOI,article_like
B02119,3,3,DOI;PMID;TITLE_EXACT_NORM,AVAILABLE,1,3,DOI,article_like
B02120,1,1,SINGLETON,AVAILABLE,1,1,SINGLETON,article_like
B02121,3,3,DOI;PMID;TITLE_EXACT_NORM,AVAILABLE,1,3,DOI,article_like
B02122,3,3,DOI;PMID;TITLE_EXACT_NORM,TITLE_ONLY,0,3,DOI,article_like
B02123,3,3,DOI;PMID;TITLE_EXACT_NORM,AVAILABLE,1,3,DOI,article_like
B02124,1,1,SINGLETON,AVAILABLE,1,1,SINGLETON,article_like
B02125,1,1,SINGLETON,AVAILABLE,1,1,SINGLETON,article_like
B02126,3,3,DOI;PMID;TITLE_EXACT_NORM,AVAILABLE,1,3,DOI,article_like
B02127,1,1,SINGLETON,AVAILABLE,1,1,SINGLETON,article_like
B02128,3,3,DOI;PMID;TITLE_EXACT_NORM,AVAILABLE,1,3,DOI,article_like
B02129,3,3,DOI;PMID;TITLE_EXACT_NORM,AVAILABLE,1,3,DOI,article_like
B02130,1,1,SINGLETON,TITLE_ONLY,0,1,SINGLETON,conference
B02131,1,1,SINGLETON,TITLE_ONLY,0,1,SINGLETON,conference
B02132,1,1,SINGLETON,TITLE_ONLY,0,1,SINGLETON,conference
B02133,3,3,DOI;PMID;TITLE_EXACT_NORM,AVAILABLE,1,3,DOI,article_like
B02134,3,3,DOI;PMID;TITLE_EXACT_NORM,AVAILABLE,1,3,DOI,article_like
B02135,1,1,SINGLETON,AVAILABLE,1,1,SINGLETON,article_like
B02136,1,1,SINGLETON,TITLE_ONLY,0,1,SINGLETON,article_like
B02137,1,1,SINGLETON,AVAILABLE,1,1,SINGLETON,article_like
B02138,1,1,SINGLETON,AVAILABLE,1,1,SINGLETON,article_like
B02139,3,3,DOI;PMID;TITLE_EXACT_NORM,AVAILABLE,1,3,DOI,article_like
B02140,1,1,SINGLETON,AVAILABLE,1,1,SINGLETON,article_like
B02141,3,3,DOI;PMID;TITLE_EXACT_NORM,AVAILABLE,1,3,DOI,article_like
B02142,2,2,DOI;TITLE_EXACT_NORM,AVAILABLE,1,2,DOI,article_like
B02143,3,3,DOI;PMID;TITLE_EXACT_NORM,AVAILABLE,1,3,DOI,article_like
B02144,1,1,SINGLETON,TITLE_ONLY,0,1,SINGLETON,conference
B02145,3,3,DOI;PMID;TITLE_EXACT_NORM,AVAILABLE,1,3,DOI,article_like
B02146,2,2,DOI;TITLE_EXACT_NORM,AVAILABLE,1,2,DOI,article_like
B02147,3,3,DOI;PMID;TITLE_EXACT_NORM,AVAILABLE,1,3,DOI,article_like
B02148,3,3,DOI;PMID;TITLE_EXACT_NORM,AVAILABLE,1,3,DOI,article_like
B02149,1,1,SINGLETON,AVAILABLE,1,1,SINGLETON,article_like
B02150,3,3,DOI;PMID;TITLE_EXACT_NORM,AVAILABLE,1,3,DOI,article_like
B02151,1,1,SINGLETON,AVAILABLE,1,1,SINGLETON,article_like
B02152,1,1,SINGLETON,AVAILABLE,1,1,SINGLETON,article_like
B02153,3,3,DOI;PMID;TITLE_EXACT_NORM,AVAILABLE,1,3,DOI,article_like
B02154,3,3,DOI;PMID;TITLE_EXACT_NORM,AVAILABLE,1,3,DOI,article_like
B02155,1,1,SINGLETON,AVAILABLE,1,1,SINGLETON,article_like
B02156,3,3,DOI;PMID;TITLE_EXACT_NORM,AVAILABLE,1,3,DOI,article_like
B02157,3,3,DOI;PMID;TITLE_EXACT_NORM,AVAILABLE,1,3,DOI,article_like
B02158,3,3,DOI;PMID;TITLE_EXACT_NORM,AVAILABLE,1,3,DOI,article_like
B02159,2,2,DOI;PMID;TITLE_EXACT_NORM,AVAILABLE,1,2,DOI,article_like
B02160,1,1,SINGLETON,AVAILABLE,1,1,SINGLETON,article_like
B02161,1,1,SINGLETON,AVAILABLE,1,1,SINGLETON,article_like
B02162,2,2,DOI;PMID;TITLE_EXACT_NORM,AVAILABLE,1,2,DOI,article_like
B02163,3,3,DOI;PMID;TITLE_EXACT_NORM,AVAILABLE,1,3,DOI,article_like
B02164,3,3,DOI;PMID;TITLE_EXACT_NORM,AVAILABLE,1,3,DOI,article_like
B02165,3,3,DOI;PMID;TITLE_EXACT_NORM,AVAILABLE,1,3,DOI,article_like
B02166,1,1,SINGLETON,TITLE_ONLY,0,1,SINGLETON,conference
B02167,1,1,SINGLETON,AVAILABLE,1,1,SINGLETON,article_like
B02168,3,3,DOI;PMID;TITLE_EXACT_NORM,AVAILABLE,1,3,DOI,article_like
B02169,1,1,SINGLETON,AVAILABLE,1,1,SINGLETON,article_like
B02170,3,3,DOI;PMID;TITLE_EXACT_NORM,AVAILABLE,1,3,DOI,article_like
B02171,1,1,SINGLETON,AVAILABLE,1,1,SINGLETON,article_like
B02172,2,2,DOI;TITLE_EXACT_NORM,AVAILABLE,1,2,DOI,article_like
B02173,1,1,SINGLETON,AVAILABLE,1,1,SINGLETON,article_like
B02174,1,1,SINGLETON,AVAILABLE,1,1,SINGLETON,article_like
B02175,1,1,SINGLETON,AVAILABLE,1,1,SINGLETON,article_like
B02176,3,3,DOI;PMID;TITLE_EXACT_NORM,AVAILABLE,1,3,DOI,article_like
B02177,1,1,SINGLETON,AVAILABLE,1,1,SINGLETON,article_like
B02178,3,3,DOI;PMID;TITLE_EXACT_NORM,AVAILABLE,1,3,DOI,article_like
B02179,3,3,DOI;PMID;TITLE_EXACT_NORM,AVAILABLE,1,3,DOI,article_like
B02180,3,3,DOI;PMID;TITLE_EXACT_NORM,AVAILABLE,1,3,DOI,article_like
B02181,1,1,SINGLETON,AVAILABLE,1,1,SINGLETON,article_like
B02182,1,1,SINGLETON,AVAILABLE,1,1,SINGLETON,article_like
B02183,3,3,DOI;PMID;TITLE_EXACT_NORM,AVAILABLE,1,3,DOI,article_like
B02184,2,2,DOI;PMID;TITLE_EXACT_NORM,AVAILABLE,1,2,DOI,article_like
B02185,3,3,DOI;PMID;TITLE_EXACT_NORM,AVAILABLE,1,3,DOI,article_like
B02186,1,1,SINGLETON,AVAILABLE,1,1,SINGLETON,article_like
B02187,1,1,SINGLETON,AVAILABLE,1,1,SINGLETON,article_like
B02188,1,1,SINGLETON,AVAILABLE,1,1,SINGLETON,article_like
B02189,3,3,DOI;PMID;TITLE_EXACT_NORM,AVAILABLE,1,3,DOI,article_like
B02190,1,1,SINGLETON,AVAILABLE,1,1,SINGLETON,article_like
B02191,2,2,DOI;PMID;TITLE_EXACT_NORM,AVAILABLE,1,2,DOI,article_like
B02192,1,1,SINGLETON,AVAILABLE,1,1,SINGLETON,article_like
B02193,1,1,SINGLETON,AVAILABLE,1,1,SINGLETON,article_like
B02194,1,1,SINGLETON,TITLE_ONLY,0,1,SINGLETON,article_like
B02195,1,1,SINGLETON,TITLE_ONLY,0,1,SINGLETON,article_like
B02196,1,1,SINGLETON,TITLE_ONLY,0,1,SINGLETON,article_like
B02197,1,1,SINGLETON,TITLE_ONLY,0,1,SINGLETON,article_like
B02198,1,1,SINGLETON,TITLE_ONLY,0,1,SINGLETON,article_like
B02199,3,3,DOI;PMID;TITLE_EXACT_NORM,AVAILABLE,1,3,DOI,article_like
B02200,1,1,SINGLETON,TITLE_ONLY,0,1,SINGLETON,article_like
B02201,3,3,DOI;PMID;TITLE_EXACT_NORM,AVAILABLE,1,3,DOI,article_like
B02202,1,1,SINGLETON,AVAILABLE,1,1,SINGLETON,article_like
B02203,2,2,DOI;TITLE_EXACT_NORM,AVAILABLE,1,2,DOI,article_like
B02204,3,3,DOI;PMID;TITLE_EXACT_NORM,AVAILABLE,1,3,DOI,article_like
B02205,1,1,SINGLETON,AVAILABLE,1,1,SINGLETON,article_like
B02206,1,1,SINGLETON,TITLE_ONLY,0,1,SINGLETON,article_like
B02207,3,3,DOI;PMID;TITLE_EXACT_NORM,AVAILABLE,1,3,DOI,article_like
B02208,3,3,DOI;PMID;TITLE_EXACT_NORM,AVAILABLE,1,3,DOI,article_like
B02209,1,1,SINGLETON,AVAILABLE,1,1,SINGLETON,article_like
B02210,3,3,DOI;PMID;TITLE_EXACT_NORM,AVAILABLE,1,3,DOI,article_like
B02211,1,1,SINGLETON,AVAILABLE,1,1,SINGLETON,article_like
B02212,1,1,SINGLETON,AVAILABLE,1,1,SINGLETON,article_like
B02213,3,3,DOI;PMID;TITLE_EXACT_NORM,AVAILABLE,1,3,DOI,article_like
B02214,1,1,SINGLETON,AVAILABLE,1,1,SINGLETON,article_like
B02215,1,1,SINGLETON,AVAILABLE,1,1,SINGLETON,article_like
B02216,1,1,SINGLETON,AVAILABLE,1,1,SINGLETON,article_like
B02217,3,3,DOI;PMID;TITLE_EXACT_NORM,AVAILABLE,1,3,DOI,article_like
B02218,1,1,SINGLETON,AVAILABLE,1,1,SINGLETON,article_like
B02219,2,2,DOI;TITLE_EXACT_NORM,AVAILABLE,1,2,DOI,article_like
B02220,1,1,SINGLETON,AVAILABLE,1,1,SINGLETON,article_like
B02221,3,3,DOI;PMID;TITLE_EXACT_NORM,AVAILABLE,1,3,DOI,article_like
B02222,3,3,DOI;PMID;TITLE_EXACT_NORM,AVAILABLE,1,3,DOI,article_like
B02223,3,3,DOI;PMID;TITLE_EXACT_NORM,AVAILABLE,1,3,DOI,article_like
B02224,3,3,DOI;PMID;TITLE_EXACT_NORM,AVAILABLE,1,3,DOI,article_like
B02225,2,2,DOI;PMID;TITLE_EXACT_NORM,AVAILABLE,1,2,DOI,article_like
B02226,1,1,SINGLETON,AVAILABLE,1,1,SINGLETON,article_like
B02227,2,2,DOI;PMID;TITLE_EXACT_NORM,AVAILABLE,1,2,DOI,article_like
B02228,2,2,DOI;TITLE_EXACT_NORM,AVAILABLE,1,2,DOI,article_like
B02229,2,2,DOI;TITLE_EXACT_NORM,AVAILABLE,1,2,DOI,article_like
B02230,3,3,DOI;PMID;TITLE_EXACT_NORM,AVAILABLE,1,3,DOI,article_like
B02231,1,1,SINGLETON,AVAILABLE,1,1,SINGLETON,article_like
B02232,3,3,DOI;PMID;TITLE_EXACT_NORM,AVAILABLE,1,3,DOI,article_like
B02233,3,3,DOI;PMID;TITLE_EXACT_NORM,AVAILABLE,1,3,DOI,article_like
B02234,1,1,SINGLETON,AVAILABLE,1,1,SINGLETON,article_like
B02235,3,3,DOI;PMID;TITLE_EXACT_NORM,AVAILABLE,1,3,DOI,article_like
B02236,1,1,SINGLETON,AVAILABLE,1,1,SINGLETON,article_like
B02237,1,1,SINGLETON,TITLE_ONLY,0,1,SINGLETON,conference
B02238,3,3,DOI;PMID;TITLE_EXACT_NORM,AVAILABLE,1,3,DOI,article_like
B02239,3,3,DOI;PMID;TITLE_EXACT_NORM,AVAILABLE,1,3,DOI,article_like
B02240,3,3,DOI;PMID;TITLE_EXACT_NORM,AVAILABLE,1,3,DOI,article_like
B02241,1,1,SINGLETON,AVAILABLE,1,1,SINGLETON,article_like
B02242,1,1,SINGLETON,AVAILABLE,1,1,SINGLETON,article_like
B02243,2,2,DOI;PMID;TITLE_EXACT_NORM,AVAILABLE,1,2,DOI,article_like
B02244,1,1,SINGLETON,TITLE_ONLY,0,1,SINGLETON,conference
B02245,3,3,DOI;PMID;TITLE_EXACT_NORM,AVAILABLE,1,3,DOI,article_like
B02246,3,3,DOI;PMID;TITLE_EXACT_NORM,AVAILABLE,1,3,DOI,article_like
B02247,3,3,DOI;PMID;TITLE_EXACT_NORM,AVAILABLE,1,3,DOI,article_like
B02248,2,2,DOI;PMID;TITLE_EXACT_NORM,AVAILABLE,1,2,DOI,article_like
B02249,3,3,DOI;PMID;TITLE_EXACT_NORM,AVAILABLE,1,3,DOI,article_like
B02250,2,2,DOI;TITLE_EXACT_NORM,AVAILABLE,1,2,DOI,article_like
B02251,1,1,SINGLETON,AVAILABLE,1,1,SINGLETON,article_like
B02252,3,3,DOI;PMID;TITLE_EXACT_NORM,AVAILABLE,1,3,DOI,article_like
B02253,3,3,DOI;PMID;TITLE_EXACT_NORM,AVAILABLE,1,3,DOI,article_like
B02254,3,3,DOI;PMID;TITLE_EXACT_NORM,AVAILABLE,1,3,DOI,article_like
B02255,2,2,DOI;PMID;TITLE_EXACT_NORM,AVAILABLE,1,2,DOI,article_like
B02256,3,3,DOI;PMID;TITLE_EXACT_NORM,AVAILABLE,1,3,DOI,article_like
B02257,3,3,DOI;PMID;TITLE_EXACT_NORM,AVAILABLE,1,3,DOI,article_like
B02258,3,3,DOI;PMID;TITLE_EXACT_NORM,AVAILABLE,1,3,DOI,article_like
B02259,3,3,DOI;PMID;TITLE_EXACT_NORM,AVAILABLE,1,3,DOI,article_like
B02260,3,3,DOI;PMID;TITLE_EXACT_NORM,AVAILABLE,1,3,DOI,article_like
B02261,3,3,DOI;PMID;TITLE_EXACT_NORM,AVAILABLE,1,3,DOI,article_like
B02262,3,3,DOI;PMID;TITLE_EXACT_NORM,AVAILABLE,1,3,DOI,article_like
B02263,3,3,DOI;PMID;TITLE_EXACT_NORM,AVAILABLE,1,3,DOI,article_like
B02264,1,1,SINGLETON,AVAILABLE,1,1,SINGLETON,article_like
B02265,3,3,DOI;PMID;TITLE_EXACT_NORM,AVAILABLE,1,3,DOI,article_like
B02266,3,3,DOI;PMID;TITLE_EXACT_NORM,AVAILABLE,1,3,DOI,article_like
B02267,3,3,DOI;PMID;TITLE_EXACT_NORM,AVAILABLE,1,3,DOI,article_like
B02268,3,3,DOI;PMID;TITLE_EXACT_NORM,AVAILABLE,1,3,DOI,article_like
B02269,3,3,DOI;PMID;TITLE_EXACT_NORM,AVAILABLE,1,3,DOI,article_like
B02270,3,3,DOI;PMID;TITLE_EXACT_NORM,AVAILABLE,1,3,DOI,article_like
B02271,3,3,DOI;PMID;TITLE_EXACT_NORM,AVAILABLE,1,3,DOI,article_like
B02272,1,1,SINGLETON,AVAILABLE,1,1,SINGLETON,article_like
B02273,1,1,SINGLETON,AVAILABLE,1,1,SINGLETON,article_like
B02274,1,1,SINGLETON,TITLE_ONLY,0,1,SINGLETON,conference
B02275,3,3,DOI;PMID;TITLE_EXACT_NORM,AVAILABLE,1,3,DOI,article_like
B02276,1,1,SINGLETON,AVAILABLE,1,1,SINGLETON,article_like
B02277,1,1,SINGLETON,AVAILABLE,1,1,SINGLETON,article_like
B02278,3,3,DOI;PMID;TITLE_EXACT_NORM,AVAILABLE,1,3,DOI,article_like
B02279,3,3,DOI;PMID;TITLE_EXACT_NORM,AVAILABLE,1,3,DOI,article_like
B02280,1,1,SINGLETON,AVAILABLE,1,1,SINGLETON,article_like
B02281,3,3,DOI;PMID;TITLE_EXACT_NORM,AVAILABLE,1,3,DOI,article_like
B02282,3,3,DOI;PMID;TITLE_EXACT_NORM,AVAILABLE,1,3,DOI,article_like
B02283,1,1,SINGLETON,AVAILABLE,1,1,SINGLETON,article_like
B02284,1,1,SINGLETON,AVAILABLE,1,1,SINGLETON,article_like
B02285,3,3,DOI;PMID;TITLE_EXACT_NORM,AVAILABLE,1,3,DOI,article_like
B02286,2,2,DOI;PMID;TITLE_EXACT_NORM,AVAILABLE,1,2,DOI,article_like
B02287,1,1,SINGLETON,AVAILABLE,1,1,SINGLETON,article_like
B02288,1,1,SINGLETON,TITLE_ONLY,0,1,SINGLETON,conference
B02289,3,3,DOI;PMID;TITLE_EXACT_NORM,AVAILABLE,1,3,DOI,article_like
B02290,1,1,SINGLETON,AVAILABLE,1,1,SINGLETON,article_like
B02291,1,1,SINGLETON,AVAILABLE,1,1,SINGLETON,article_like
B02292,2,2,DOI;PMID;TITLE_EXACT_NORM,AVAILABLE,1,2,DOI,article_like
B02293,3,3,DOI;PMID;TITLE_EXACT_NORM,AVAILABLE,1,3,DOI,article_like
B02294,1,1,SINGLETON,AVAILABLE,1,1,SINGLETON,article_like
B02295,1,1,SINGLETON,AVAILABLE,1,1,SINGLETON,article_like
B02296,3,3,DOI;PMID;TITLE_EXACT_NORM,AVAILABLE,1,3,DOI,article_like
B02297,1,1,SINGLETON,AVAILABLE,1,1,SINGLETON,article_like
B02298,1,1,SINGLETON,AVAILABLE,1,1,SINGLETON,article_like
B02299,2,2,DOI;TITLE_EXACT_NORM,AVAILABLE,1,2,DOI,article_like
B02300,3,3,DOI;PMID;TITLE_EXACT_NORM,AVAILABLE,1,3,DOI,article_like
B02301,1,1,SINGLETON,AVAILABLE,1,1,SINGLETON,article_like
B02302,1,1,SINGLETON,AVAILABLE,1,1,SINGLETON,article_like
B02303,1,1,SINGLETON,AVAILABLE,1,1,SINGLETON,article_like
B02304,1,1,SINGLETON,AVAILABLE,1,1,SINGLETON,article_like
B02305,3,3,DOI;PMID;TITLE_EXACT_NORM,AVAILABLE,1,3,DOI,article_like
B02306,3,3,DOI;PMID;TITLE_EXACT_NORM,AVAILABLE,1,3,DOI,article_like
B02307,1,1,SINGLETON,AVAILABLE,1,1,SINGLETON,article_like
B02308,3,3,DOI;PMID;TITLE_EXACT_NORM,AVAILABLE,1,3,DOI,article_like
B02309,1,1,SINGLETON,AVAILABLE,1,1,SINGLETON,article_like
B02310,3,3,DOI;PMID;TITLE_EXACT_NORM,AVAILABLE,1,3,DOI,article_like
B02311,1,1,SINGLETON,AVAILABLE,1,1,SINGLETON,article_like
B02312,3,3,DOI;PMID;TITLE_EXACT_NORM,AVAILABLE,1,3,DOI,article_like
B02313,3,3,DOI;PMID;TITLE_EXACT_NORM,AVAILABLE,1,3,DOI,article_like
B02314,1,1,SINGLETON,AVAILABLE,1,1,SINGLETON,article_like
B02315,3,3,DOI;PMID;TITLE_EXACT_NORM,AVAILABLE,1,3,DOI,article_like
B02316,3,3,DOI;PMID;TITLE_EXACT_NORM,AVAILABLE,1,3,DOI,article_like
B02317,3,3,DOI;PMID;TITLE_EXACT_NORM,AVAILABLE,1,3,DOI,article_like
B02318,3,3,DOI;PMID;TITLE_EXACT_NORM,AVAILABLE,1,3,DOI,article_like
B02319,3,3,DOI;PMID;TITLE_EXACT_NORM,AVAILABLE,1,3,DOI,article_like
B02320,2,2,DOI;PMID;TITLE_EXACT_NORM,AVAILABLE,1,2,DOI,article_like
B02321,1,1,SINGLETON,AVAILABLE,1,1,SINGLETON,article_like
B02322,3,3,DOI;PMID;TITLE_EXACT_NORM,AVAILABLE,1,3,DOI,article_like
B02323,3,3,DOI;PMID;TITLE_EXACT_NORM,AVAILABLE,1,3,DOI,article_like
B02324,1,1,SINGLETON,AVAILABLE,1,1,SINGLETON,article_like
B02325,3,3,DOI;PMID;TITLE_EXACT_NORM,AVAILABLE,1,3,DOI,article_like
B02326,2,2,DOI;PMID;TITLE_EXACT_NORM,AVAILABLE,1,2,DOI,article_like
B02327,1,1,SINGLETON,AVAILABLE,1,1,SINGLETON,article_like
B02328,3,3,DOI;PMID;TITLE_EXACT_NORM,AVAILABLE,1,3,DOI,article_like
B02329,2,2,DOI;PMID;TITLE_EXACT_NORM,AVAILABLE,1,2,DOI,article_like
B02330,2,2,DOI;PMID;TITLE_EXACT_NORM,AVAILABLE,1,2,DOI,article_like
B02331,1,1,SINGLETON,AVAILABLE,1,1,SINGLETON,article_like
B02332,1,1,SINGLETON,AVAILABLE,1,1,SINGLETON,conference
B02333,1,1,SINGLETON,TITLE_ONLY,0,1,SINGLETON,conference
B02334,3,3,DOI;PMID;TITLE_EXACT_NORM,AVAILABLE,1,3,DOI,article_like
B02335,1,1,SINGLETON,AVAILABLE,1,1,SINGLETON,article_like
B02336,3,3,DOI;PMID;TITLE_EXACT_NORM,AVAILABLE,1,3,DOI,article_like
B02337,3,3,DOI;PMID;TITLE_EXACT_NORM,AVAILABLE,1,3,DOI,article_like
B02338,3,3,DOI;PMID;TITLE_EXACT_NORM,AVAILABLE,1,3,DOI,article_like
B02339,1,1,SINGLETON,AVAILABLE,1,1,SINGLETON,article_like
B02340,1,1,SINGLETON,AVAILABLE,1,1,SINGLETON,article_like
B02341,1,1,SINGLETON,AVAILABLE,1,1,SINGLETON,article_like
B02342,3,3,DOI;PMID;TITLE_EXACT_NORM,AVAILABLE,1,3,DOI,article_like
B02343,1,1,SINGLETON,AVAILABLE,1,1,SINGLETON,article_like
B02344,1,1,SINGLETON,AVAILABLE,1,1,SINGLETON,article_like
B02345,2,2,DOI;TITLE_EXACT_NORM,AVAILABLE,1,2,DOI,article_like
B02346,3,3,DOI;PMID;TITLE_EXACT_NORM,AVAILABLE,1,3,DOI,article_like
B02347,3,3,DOI;PMID;TITLE_EXACT_NORM,AVAILABLE,1,3,DOI,article_like
B02348,3,3,DOI;PMID;TITLE_EXACT_NORM,AVAILABLE,1,3,DOI,article_like
B02349,3,3,DOI;PMID;TITLE_EXACT_NORM,AVAILABLE,1,3,DOI,article_like
B02350,3,3,DOI;PMID;TITLE_EXACT_NORM,AVAILABLE,1,3,DOI,article_like
B02351,1,1,SINGLETON,AVAILABLE,1,1,SINGLETON,article_like
B02352,1,1,SINGLETON,AVAILABLE,1,1,SINGLETON,article_like
B02353,3,3,DOI;PMID;TITLE_EXACT_NORM,AVAILABLE,1,3,DOI,article_like
B02354,1,1,SINGLETON,AVAILABLE,1,1,SINGLETON,article_like
B02355,1,1,SINGLETON,TITLE_ONLY,0,1,SINGLETON,conference
B02356,1,1,SINGLETON,AVAILABLE,1,1,SINGLETON,article_like
B02357,1,1,SINGLETON,TITLE_ONLY,0,1,SINGLETON,conference
B02358,1,1,SINGLETON,AVAILABLE,1,1,SINGLETON,article_like
B02359,1,1,SINGLETON,TITLE_ONLY,0,1,SINGLETON,conference
B02360,2,2,DOI;TITLE_EXACT_NORM,AVAILABLE,1,2,DOI,article_like
B02361,3,3,DOI;PMID;TITLE_EXACT_NORM,AVAILABLE,1,3,DOI,article_like
B02362,3,3,DOI;PMID;TITLE_EXACT_NORM,AVAILABLE,1,3,DOI,article_like
B02363,1,1,SINGLETON,AVAILABLE,1,1,SINGLETON,article_like
B02364,2,2,DOI;TITLE_EXACT_NORM,AVAILABLE,1,2,DOI,article_like
B02365,3,3,DOI;PMID;TITLE_EXACT_NORM,AVAILABLE,1,3,DOI,article_like
B02366,3,3,DOI;PMID;TITLE_EXACT_NORM,AVAILABLE,1,3,DOI,article_like
B02367,1,1,SINGLETON,AVAILABLE,1,1,SINGLETON,article_like
B02368,1,1,SINGLETON,AVAILABLE,1,1,SINGLETON,article_like
B02369,3,3,DOI;PMID;TITLE_EXACT_NORM,AVAILABLE,1,3,DOI,article_like
B02370,3,3,DOI;PMID;TITLE_EXACT_NORM,AVAILABLE,1,3,DOI,article_like
B02371,2,2,DOI;PMID;TITLE_EXACT_NORM,AVAILABLE,1,2,DOI,article_like
B02372,1,1,SINGLETON,AVAILABLE,1,1,SINGLETON,article_like
B02373,1,1,SINGLETON,AVAILABLE,1,1,SINGLETON,article_like
B02374,3,3,DOI;PMID;TITLE_EXACT_NORM,AVAILABLE,1,3,DOI,article_like
B02375,3,3,DOI;PMID;TITLE_EXACT_NORM,AVAILABLE,1,3,DOI,article_like
B02376,3,3,DOI;PMID;TITLE_EXACT_NORM,AVAILABLE,1,3,DOI,article_like
B02377,1,1,SINGLETON,AVAILABLE,1,1,SINGLETON,article_like
B02378,1,1,SINGLETON,AVAILABLE,1,1,SINGLETON,article_like
B02379,1,1,SINGLETON,TITLE_ONLY,0,1,SINGLETON,article_like
B02380,1,1,SINGLETON,TITLE_ONLY,0,1,SINGLETON,conference
B02381,1,1,SINGLETON,TITLE_ONLY,0,1,SINGLETON,conference
B02382,1,1,SINGLETON,TITLE_ONLY,0,1,SINGLETON,conference
B02383,1,1,SINGLETON,TITLE_ONLY,0,1,SINGLETON,conference
B02384,1,1,SINGLETON,AVAILABLE,1,1,SINGLETON,article_like
B02385,3,3,DOI;PMID;TITLE_EXACT_NORM,TITLE_ONLY,0,3,DOI,article_like
B02386,1,1,SINGLETON,AVAILABLE,1,1,SINGLETON,article_like
B02387,3,3,DOI;PMID;TITLE_EXACT_NORM,TITLE_ONLY,0,3,DOI,article_like
B02388,3,3,DOI;PMID;TITLE_EXACT_NORM,AVAILABLE,1,3,DOI,article_like
B02389,1,1,SINGLETON,AVAILABLE,1,1,SINGLETON,article_like
B02390,3,3,DOI;PMID;TITLE_EXACT_NORM,AVAILABLE,1,3,DOI,article_like
B02391,3,3,DOI;PMID;TITLE_EXACT_NORM,AVAILABLE,1,3,DOI,article_like
B02392,3,3,DOI;PMID;TITLE_EXACT_NORM,AVAILABLE,1,3,DOI,article_like
B02393,1,1,SINGLETON,AVAILABLE,1,1,SINGLETON,article_like
B02394,3,3,DOI;PMID;TITLE_EXACT_NORM,AVAILABLE,1,3,DOI,article_like
B02395,1,1,SINGLETON,AVAILABLE,1,1,SINGLETON,article_like
B02396,1,1,SINGLETON,AVAILABLE,1,1,SINGLETON,article_like
B02397,2,2,DOI;TITLE_EXACT_NORM,AVAILABLE,1,2,DOI,article_like
B02398,1,1,SINGLETON,AVAILABLE,1,1,SINGLETON,article_like
B02399,3,3,DOI;PMID;TITLE_EXACT_NORM,AVAILABLE,1,3,DOI,article_like
B02400,3,3,DOI;PMID;TITLE_EXACT_NORM,AVAILABLE,1,3,DOI,article_like
B02401,1,1,SINGLETON,AVAILABLE,1,1,SINGLETON,article_like
B02402,1,1,SINGLETON,AVAILABLE,1,1,SINGLETON,article_like
B02403,2,2,DOI;PMID;TITLE_EXACT_NORM,AVAILABLE,1,2,DOI,article_like
B02404,1,1,SINGLETON,AVAILABLE,1,1,SINGLETON,article_like
B02405,3,3,DOI;PMID;TITLE_EXACT_NORM,AVAILABLE,1,3,DOI,article_like
B02406,1,1,SINGLETON,AVAILABLE,1,1,SINGLETON,article_like
B02407,3,3,DOI;PMID;TITLE_EXACT_NORM,AVAILABLE,1,3,DOI,article_like
B02408,1,1,SINGLETON,AVAILABLE,1,1,SINGLETON,article_like
B02409,1,1,SINGLETON,AVAILABLE,1,1,SINGLETON,article_like
B02410,2,2,DOI;PMID;TITLE_EXACT_NORM,AVAILABLE,1,2,DOI,article_like
B02411,3,3,DOI;PMID;TITLE_EXACT_NORM,AVAILABLE,1,3,DOI,article_like
B02412,3,3,DOI;PMID;TITLE_EXACT_NORM,AVAILABLE,1,3,DOI,article_like
B02413,3,3,DOI;PMID;TITLE_EXACT_NORM,AVAILABLE,1,3,DOI,article_like
B02414,3,3,DOI;PMID;TITLE_EXACT_NORM,AVAILABLE,1,3,DOI,article_like
B02415,3,3,DOI;PMID;TITLE_EXACT_NORM,AVAILABLE,1,3,DOI,article_like
B02416,3,3,DOI;PMID;TITLE_EXACT_NORM,AVAILABLE,1,3,DOI,article_like
B02417,3,3,DOI;PMID;TITLE_EXACT_NORM,AVAILABLE,1,3,DOI,article_like
B02418,3,3,DOI;PMID;TITLE_EXACT_NORM,AVAILABLE,1,3,DOI,article_like
B02419,3,3,DOI;PMID;TITLE_EXACT_NORM,AVAILABLE,1,3,DOI,article_like
B02420,3,3,DOI;PMID;TITLE_EXACT_NORM,AVAILABLE,1,3,DOI,article_like
B02421,3,3,DOI;PMID;TITLE_EXACT_NORM,AVAILABLE,1,3,DOI,article_like
B02422,3,3,DOI;PMID;TITLE_EXACT_NORM,AVAILABLE,1,3,DOI,article_like
B02423,3,3,DOI;PMID;TITLE_EXACT_NORM,AVAILABLE,1,3,DOI,article_like
B02424,3,3,DOI;PMID;TITLE_EXACT_NORM,AVAILABLE,1,3,DOI,article_like
B02425,2,2,DOI;TITLE_EXACT_NORM,AVAILABLE,1,2,DOI,article_like
B02426,3,3,DOI;PMID;TITLE_EXACT_NORM,AVAILABLE,1,3,DOI,article_like
B02427,1,1,SINGLETON,AVAILABLE,1,1,SINGLETON,article_like
B02428,3,3,DOI;PMID;TITLE_EXACT_NORM,AVAILABLE,1,3,DOI,article_like
B02429,3,3,DOI;PMID;TITLE_EXACT_NORM,AVAILABLE,1,3,DOI,article_like
B02430,1,1,SINGLETON,AVAILABLE,1,1,SINGLETON,article_like
B02431,3,3,DOI;PMID;TITLE_EXACT_NORM,AVAILABLE,1,3,DOI,article_like
B02432,2,2,DOI;PMID;TITLE_EXACT_NORM,AVAILABLE,1,2,DOI,article_like
B02433,1,1,SINGLETON,AVAILABLE,1,1,SINGLETON,article_like
B02434,3,3,DOI;PMID;TITLE_EXACT_NORM,AVAILABLE,1,3,DOI,article_like
B02435,3,3,DOI;PMID;TITLE_EXACT_NORM,AVAILABLE,1,3,DOI,article_like
B02436,3,3,DOI;PMID;TITLE_EXACT_NORM,AVAILABLE,1,3,DOI,article_like
B02437,1,1,SINGLETON,AVAILABLE,1,1,SINGLETON,article_like
B02438,3,3,DOI;PMID;TITLE_EXACT_NORM,AVAILABLE,1,3,DOI,article_like
B02439,1,1,SINGLETON,AVAILABLE,1,1,SINGLETON,article_like
B02440,1,1,SINGLETON,AVAILABLE,1,1,SINGLETON,article_like
B02441,2,2,DOI;TITLE_EXACT_NORM,AVAILABLE,1,2,DOI,article_like
B02442,3,3,DOI;PMID;TITLE_EXACT_NORM,AVAILABLE,1,3,DOI,article_like
B02443,3,3,DOI;PMID;TITLE_EXACT_NORM,AVAILABLE,1,3,DOI,article_like
B02444,1,1,SINGLETON,TITLE_ONLY,0,1,SINGLETON,conference
B02445,3,3,DOI;PMID;TITLE_EXACT_NORM,AVAILABLE,1,3,DOI,article_like
B02446,3,3,DOI;PMID;TITLE_EXACT_NORM,AVAILABLE,1,3,DOI,article_like
B02447,3,3,DOI;PMID;TITLE_EXACT_NORM,AVAILABLE,1,3,DOI,article_like
B02448,1,1,SINGLETON,AVAILABLE,1,1,SINGLETON,article_like
B02449,3,3,DOI;PMID;TITLE_EXACT_NORM,AVAILABLE,1,3,DOI,article_like
B02450,1,1,SINGLETON,AVAILABLE,1,1,SINGLETON,article_like
B02451,1,1,SINGLETON,AVAILABLE,1,1,SINGLETON,article_like
B02452,3,3,DOI;PMID;TITLE_EXACT_NORM,AVAILABLE,1,3,DOI,article_like
B02453,3,3,DOI;PMID;TITLE_EXACT_NORM,AVAILABLE,1,3,DOI,article_like
B02454,2,2,DOI;TITLE_EXACT_NORM,AVAILABLE,1,2,DOI,article_like
B02455,3,3,DOI;PMID;TITLE_EXACT_NORM,AVAILABLE,1,3,DOI,article_like
B02456,3,3,DOI;PMID;TITLE_EXACT_NORM,AVAILABLE,1,3,DOI,article_like
B02457,3,3,DOI;PMID;TITLE_EXACT_NORM,AVAILABLE,1,3,DOI,article_like
B02458,3,3,DOI;PMID;TITLE_EXACT_NORM,AVAILABLE,1,3,DOI,article_like
B02459,3,3,DOI;PMID;TITLE_EXACT_NORM,AVAILABLE,1,3,DOI,article_like
B02460,1,1,SINGLETON,AVAILABLE,1,1,SINGLETON,article_like
B02461,1,1,SINGLETON,AVAILABLE,1,1,SINGLETON,article_like
B02462,3,3,DOI;PMID;TITLE_EXACT_NORM,AVAILABLE,1,3,DOI,article_like
B02463,3,3,DOI;PMID;TITLE_EXACT_NORM,AVAILABLE,1,3,DOI,article_like
B02464,3,3,DOI;PMID;TITLE_EXACT_NORM,AVAILABLE,1,3,DOI,article_like
B02465,1,1,SINGLETON,AVAILABLE,1,1,SINGLETON,article_like
B02466,3,3,DOI;PMID;TITLE_EXACT_NORM,AVAILABLE,1,3,DOI,article_like
B02467,1,1,SINGLETON,AVAILABLE,1,1,SINGLETON,article_like
B02468,3,3,DOI;PMID;TITLE_EXACT_NORM,AVAILABLE,1,3,DOI,article_like
B02469,1,1,SINGLETON,AVAILABLE,1,1,SINGLETON,article_like
B02470,2,2,DOI;PMID;TITLE_EXACT_NORM,AVAILABLE,1,2,DOI,article_like
B02471,1,1,SINGLETON,TITLE_ONLY,0,1,SINGLETON,conference
B02472,3,3,DOI;PMID;TITLE_EXACT_NORM,AVAILABLE,1,3,DOI,article_like
B02473,3,3,DOI;PMID;TITLE_EXACT_NORM,AVAILABLE,1,3,DOI,article_like
B02474,1,1,SINGLETON,AVAILABLE,1,1,SINGLETON,article_like
B02475,3,3,DOI;PMID;TITLE_EXACT_NORM,AVAILABLE,1,3,DOI,article_like
B02476,1,1,SINGLETON,AVAILABLE,1,1,SINGLETON,article_like
B02477,2,2,DOI;PMID;TITLE_EXACT_NORM,AVAILABLE,1,2,DOI,article_like
B02478,1,1,SINGLETON,AVAILABLE,1,1,SINGLETON,article_like
B02479,2,2,DOI;PMID;TITLE_EXACT_NORM,AVAILABLE,1,2,DOI,article_like
B02480,3,3,DOI;PMID;TITLE_EXACT_NORM,AVAILABLE,1,3,DOI,article_like
B02481,3,3,DOI;PMID;TITLE_EXACT_NORM,AVAILABLE,1,3,DOI,article_like
B02482,3,3,DOI;PMID;TITLE_EXACT_NORM,AVAILABLE,1,3,DOI,article_like
B02483,3,3,DOI;PMID;TITLE_EXACT_NORM,AVAILABLE,1,3,DOI,article_like
B02484,3,3,DOI;PMID;TITLE_EXACT_NORM,AVAILABLE,1,3,DOI,article_like
B02485,3,3,DOI;PMID;TITLE_EXACT_NORM,AVAILABLE,1,3,DOI,article_like
B02486,3,3,DOI;PMID;TITLE_EXACT_NORM,AVAILABLE,1,3,DOI,article_like
B02487,1,1,SINGLETON,AVAILABLE,1,1,SINGLETON,article_like
B02488,3,3,DOI;PMID;TITLE_EXACT_NORM,AVAILABLE,1,3,DOI,article_like
B02489,3,3,DOI;PMID;TITLE_EXACT_NORM,AVAILABLE,1,3,DOI,article_like
B02490,2,2,DOI;PMID;TITLE_EXACT_NORM,AVAILABLE,1,2,DOI,article_like
B02491,3,3,DOI;PMID;TITLE_EXACT_NORM,AVAILABLE,1,3,DOI,article_like
B02492,1,1,SINGLETON,AVAILABLE,1,1,SINGLETON,article_like
B02493,3,3,DOI;PMID;TITLE_EXACT_NORM,AVAILABLE,1,3,DOI,article_like
B02494,3,3,DOI;PMID;TITLE_EXACT_NORM,AVAILABLE,1,3,DOI,article_like
B02495,1,1,SINGLETON,AVAILABLE,1,1,SINGLETON,article_like
B02496,3,3,DOI;PMID;TITLE_EXACT_NORM,AVAILABLE,1,3,DOI,article_like
B02497,1,1,SINGLETON,TITLE_ONLY,0,1,SINGLETON,conference
B02498,3,3,DOI;PMID;TITLE_EXACT_NORM,AVAILABLE,1,3,DOI,article_like
B02499,1,1,SINGLETON,AVAILABLE,1,1,SINGLETON,article_like
B02500,3,3,DOI;PMID;TITLE_EXACT_NORM,AVAILABLE,1,3,DOI,article_like
B02501,3,3,DOI;PMID;TITLE_EXACT_NORM,AVAILABLE,1,3,DOI,article_like
B02502,3,3,DOI;PMID;TITLE_EXACT_NORM,AVAILABLE,1,3,DOI,article_like
B02503,1,1,SINGLETON,TITLE_ONLY,0,1,SINGLETON,conference
B02504,3,3,DOI;PMID;TITLE_EXACT_NORM,AVAILABLE,1,3,DOI,article_like
B02505,3,3,DOI;PMID;TITLE_EXACT_NORM,AVAILABLE,1,3,DOI,article_like
B02506,1,1,SINGLETON,AVAILABLE,1,1,SINGLETON,article_like
B02507,1,1,SINGLETON,AVAILABLE,1,1,SINGLETON,article_like
B02508,1,1,SINGLETON,AVAILABLE,1,1,SINGLETON,article_like
B02509,3,3,DOI;PMID;TITLE_EXACT_NORM,AVAILABLE,1,3,DOI,article_like
B02510,1,1,SINGLETON,AVAILABLE,1,1,SINGLETON,article_like
B02511,1,1,SINGLETON,AVAILABLE,1,1,SINGLETON,article_like
B02512,3,3,DOI;PMID;TITLE_EXACT_NORM,AVAILABLE,1,3,DOI,article_like
B02513,1,1,SINGLETON,TITLE_ONLY,0,1,SINGLETON,conference
B02514,3,3,DOI;PMID;TITLE_EXACT_NORM,AVAILABLE,1,3,DOI,article_like
B02515,1,1,SINGLETON,AVAILABLE,1,1,SINGLETON,article_like
B02516,1,1,SINGLETON,AVAILABLE,1,1,SINGLETON,article_like
B02517,3,3,DOI;PMID;TITLE_EXACT_NORM,AVAILABLE,1,3,DOI,article_like
B02518,1,1,SINGLETON,AVAILABLE,1,1,SINGLETON,article_like
B02519,3,3,DOI;PMID;TITLE_EXACT_NORM,AVAILABLE,1,3,DOI,article_like
B02520,3,3,DOI;PMID;TITLE_EXACT_NORM,AVAILABLE,1,3,DOI,article_like
B02521,3,3,DOI;PMID;TITLE_EXACT_NORM,AVAILABLE,1,3,DOI,article_like
B02522,2,2,DOI;PMID;TITLE_EXACT_NORM,AVAILABLE,1,2,DOI,article_like
B02523,1,1,SINGLETON,TITLE_ONLY,0,1,SINGLETON,conference
B02524,1,1,SINGLETON,AVAILABLE,1,1,SINGLETON,article_like
B02525,3,3,DOI;PMID;TITLE_EXACT_NORM,AVAILABLE,1,3,DOI,article_like
B02526,3,3,DOI;PMID;TITLE_EXACT_NORM,AVAILABLE,1,3,DOI,article_like
B02527,2,2,DOI;TITLE_EXACT_NORM,AVAILABLE,1,2,DOI,article_like
B02528,3,3,DOI;PMID;TITLE_EXACT_NORM,AVAILABLE,1,3,DOI,article_like
B02529,1,1,SINGLETON,TITLE_ONLY,0,1,SINGLETON,article_like
B02530,1,1,SINGLETON,AVAILABLE,1,1,SINGLETON,article_like
B02531,1,1,SINGLETON,AVAILABLE,1,1,SINGLETON,article_like
B02532,1,1,SINGLETON,TITLE_ONLY,0,1,SINGLETON,article_like
B02533,1,1,SINGLETON,AVAILABLE,1,1,SINGLETON,article_like
B02534,3,3,DOI;PMID;TITLE_EXACT_NORM,AVAILABLE,1,3,DOI,article_like
B02535,1,1,SINGLETON,AVAILABLE,1,1,SINGLETON,article_like
B02536,1,1,SINGLETON,AVAILABLE,1,1,SINGLETON,article_like
B02537,1,1,SINGLETON,AVAILABLE,1,1,SINGLETON,article_like
B02538,3,3,DOI;PMID;TITLE_EXACT_NORM,AVAILABLE,1,3,DOI,article_like
B02539,3,3,DOI;PMID;TITLE_EXACT_NORM,AVAILABLE,1,3,DOI,article_like
B02540,3,3,DOI;PMID;TITLE_EXACT_NORM,AVAILABLE,1,3,DOI,article_like
B02541,1,1,SINGLETON,TITLE_ONLY,0,1,SINGLETON,article_like
B02542,2,2,DOI;PMID;TITLE_EXACT_NORM,AVAILABLE,1,2,DOI,article_like
B02543,3,3,DOI;PMID;TITLE_EXACT_NORM,AVAILABLE,1,3,DOI,article_like
B02544,3,3,DOI;PMID;TITLE_EXACT_NORM,AVAILABLE,1,3,DOI,article_like
B02545,3,3,DOI;PMID;TITLE_EXACT_NORM,AVAILABLE,1,3,DOI,article_like
B02546,1,1,SINGLETON,AVAILABLE,1,1,SINGLETON,article_like
B02547,2,2,DOI;PMID;TITLE_EXACT_NORM,AVAILABLE,1,2,DOI,article_like
B02548,3,3,DOI;PMID;TITLE_EXACT_NORM,AVAILABLE,1,3,DOI,article_like
B02549,3,3,DOI;PMID;TITLE_EXACT_NORM,AVAILABLE,1,3,DOI,article_like
B02550,3,3,DOI;PMID;TITLE_EXACT_NORM,AVAILABLE,1,3,DOI,article_like
B02551,3,3,DOI;PMID;TITLE_EXACT_NORM,AVAILABLE,1,3,DOI,article_like
B02552,3,3,DOI;PMID;TITLE_EXACT_NORM,AVAILABLE,1,3,DOI,article_like
B02553,3,3,DOI;PMID;TITLE_EXACT_NORM,AVAILABLE,1,3,DOI,article_like
B02554,1,1,SINGLETON,AVAILABLE,1,1,SINGLETON,article_like
B02555,3,3,DOI;PMID;TITLE_EXACT_NORM,AVAILABLE,1,3,DOI,article_like
B02556,3,3,DOI;PMID;TITLE_EXACT_NORM,AVAILABLE,1,3,DOI,article_like
B02557,3,3,DOI;PMID;TITLE_EXACT_NORM,AVAILABLE,1,3,DOI,article_like
B02558,3,3,DOI;PMID;TITLE_EXACT_NORM,AVAILABLE,1,3,DOI,article_like
B02559,3,3,DOI;PMID;TITLE_EXACT_NORM,AVAILABLE,1,3,DOI,article_like
B02560,3,3,DOI;PMID;TITLE_EXACT_NORM,AVAILABLE,1,3,DOI,article_like
B02561,1,1,SINGLETON,AVAILABLE,1,1,SINGLETON,article_like
B02562,2,2,DOI;PMID;TITLE_EXACT_NORM,AVAILABLE,1,2,DOI,article_like
B02563,3,3,DOI;PMID;TITLE_EXACT_NORM,AVAILABLE,1,3,DOI,article_like
B02564,1,1,SINGLETON,AVAILABLE,1,1,SINGLETON,article_like
B02565,3,3,DOI;PMID;TITLE_EXACT_NORM,AVAILABLE,1,3,DOI,article_like
B02566,2,2,DOI;PMID;TITLE_EXACT_NORM,AVAILABLE,1,2,DOI,article_like
B02567,1,1,SINGLETON,AVAILABLE,1,1,SINGLETON,article_like
B02568,3,3,DOI;PMID;TITLE_EXACT_NORM,AVAILABLE,1,3,DOI,article_like
B02569,3,3,DOI;PMID;TITLE_EXACT_NORM,AVAILABLE,1,3,DOI,article_like
B02570,2,2,DOI;TITLE_EXACT_NORM,AVAILABLE,1,2,DOI,article_like
B02571,1,1,SINGLETON,AVAILABLE,1,1,SINGLETON,article_like
B02572,3,3,DOI;PMID;TITLE_EXACT_NORM,AVAILABLE,1,3,DOI,article_like
B02573,1,1,SINGLETON,AVAILABLE,1,1,SINGLETON,article_like
B02574,1,1,SINGLETON,AVAILABLE,1,1,SINGLETON,article_like
B02575,3,3,DOI;PMID;TITLE_EXACT_NORM,AVAILABLE,1,3,DOI,article_like
B02576,1,1,SINGLETON,AVAILABLE,1,1,SINGLETON,article_like
B02577,1,1,SINGLETON,AVAILABLE,1,1,SINGLETON,article_like
B02578,3,3,DOI;PMID;TITLE_EXACT_NORM,AVAILABLE,1,3,DOI,article_like
B02579,2,2,DOI;TITLE_EXACT_NORM,AVAILABLE,1,2,DOI,article_like
B02580,3,3,DOI;PMID;TITLE_EXACT_NORM,AVAILABLE,1,3,DOI,article_like
B02581,1,1,SINGLETON,AVAILABLE,1,1,SINGLETON,article_like
B02582,3,3,DOI;PMID;TITLE_EXACT_NORM,AVAILABLE,1,3,DOI,article_like
B02583,3,3,DOI;PMID;TITLE_EXACT_NORM,AVAILABLE,1,3,DOI,article_like
B02584,1,1,SINGLETON,AVAILABLE,1,1,SINGLETON,article_like
B02585,3,3,DOI;PMID;TITLE_EXACT_NORM,AVAILABLE,1,3,DOI,article_like
B02586,3,3,DOI;PMID;TITLE_EXACT_NORM,AVAILABLE,1,3,DOI,article_like
B02587,3,3,DOI;PMID;TITLE_EXACT_NORM,AVAILABLE,1,3,DOI,article_like
B02588,2,2,DOI;TITLE_EXACT_NORM,AVAILABLE,1,2,DOI,article_like
B02589,3,3,DOI;PMID;TITLE_EXACT_NORM,AVAILABLE,1,3,DOI,article_like
B02590,3,3,DOI;PMID;TITLE_EXACT_NORM,AVAILABLE,1,3,DOI,article_like
B02591,3,3,DOI;PMID;TITLE_EXACT_NORM,AVAILABLE,1,3,DOI,article_like
B02592,3,3,DOI;PMID;TITLE_EXACT_NORM,AVAILABLE,1,3,DOI,article_like
B02593,3,3,DOI;PMID;TITLE_EXACT_NORM,AVAILABLE,1,3,DOI,article_like
B02594,1,1,SINGLETON,AVAILABLE,1,1,SINGLETON,article_like
B02595,1,1,SINGLETON,AVAILABLE,1,1,SINGLETON,article_like
B02596,3,3,DOI;PMID;TITLE_EXACT_NORM,AVAILABLE,1,3,DOI,article_like
B02597,1,1,SINGLETON,TITLE_ONLY,0,1,SINGLETON,conference
B02598,1,1,SINGLETON,AVAILABLE,1,1,SINGLETON,article_like
B02599,1,1,SINGLETON,TITLE_ONLY,0,1,SINGLETON,conference
B02600,3,3,DOI;PMID;TITLE_EXACT_NORM,AVAILABLE,1,3,DOI,article_like
B02601,3,3,DOI;PMID;TITLE_EXACT_NORM,AVAILABLE,1,3,DOI,article_like
B02602,1,1,SINGLETON,AVAILABLE,1,1,SINGLETON,article_like
B02603,1,1,SINGLETON,AVAILABLE,1,1,SINGLETON,article_like
B02604,3,3,DOI;PMID;TITLE_EXACT_NORM,AVAILABLE,1,3,DOI,article_like
B02605,3,3,DOI;PMID;TITLE_EXACT_NORM,AVAILABLE,1,3,DOI,article_like
B02606,3,3,DOI;PMID;TITLE_EXACT_NORM,AVAILABLE,1,3,DOI,article_like
B02607,3,3,DOI;PMID;TITLE_EXACT_NORM,AVAILABLE,1,3,DOI,article_like
B02608,1,1,SINGLETON,AVAILABLE,1,1,SINGLETON,article_like
B02609,3,3,DOI;PMID;TITLE_EXACT_NORM,AVAILABLE,1,3,DOI,article_like
B02610,1,1,SINGLETON,AVAILABLE,1,1,SINGLETON,article_like
B02611,3,3,DOI;PMID;TITLE_EXACT_NORM,AVAILABLE,1,3,DOI,article_like
B02612,3,3,DOI;PMID;TITLE_EXACT_NORM,AVAILABLE,1,3,DOI,article_like
B02613,3,3,DOI;PMID;TITLE_EXACT_NORM,AVAILABLE,1,3,DOI,article_like
B02614,1,1,SINGLETON,AVAILABLE,1,1,SINGLETON,article_like
B02615,1,1,SINGLETON,AVAILABLE,1,1,SINGLETON,article_like
B02616,1,1,SINGLETON,TITLE_ONLY,0,1,SINGLETON,article_like
B02617,3,3,DOI;PMID;TITLE_EXACT_NORM,AVAILABLE,1,3,DOI,article_like
B02618,3,3,DOI;PMID;TITLE_EXACT_NORM,AVAILABLE,1,3,DOI,article_like
B02619,1,1,SINGLETON,AVAILABLE,1,1,SINGLETON,article_like
B02620,3,3,DOI;PMID;TITLE_EXACT_NORM,AVAILABLE,1,3,DOI,article_like
B02621,1,1,SINGLETON,AVAILABLE,1,1,SINGLETON,article_like
B02622,3,3,DOI;PMID;TITLE_EXACT_NORM,AVAILABLE,1,3,DOI,article_like
B02623,3,3,DOI;PMID;TITLE_EXACT_NORM,AVAILABLE,1,3,DOI,article_like
B02624,3,3,DOI;PMID;TITLE_EXACT_NORM,AVAILABLE,1,3,DOI,article_like
B02625,3,3,DOI;PMID;TITLE_EXACT_NORM,AVAILABLE,1,3,DOI,article_like
B02626,3,3,DOI;PMID;TITLE_EXACT_NORM,AVAILABLE,1,3,DOI,article_like
B02627,1,1,SINGLETON,TITLE_ONLY,0,1,SINGLETON,conference
B02628,1,1,SINGLETON,AVAILABLE,1,1,SINGLETON,article_like
B02629,3,3,DOI;PMID;TITLE_EXACT_NORM,AVAILABLE,1,3,DOI,article_like
B02630,3,3,DOI;PMID;TITLE_EXACT_NORM,AVAILABLE,1,3,DOI,article_like
B02631,2,2,DOI;TITLE_EXACT_NORM,AVAILABLE,1,2,DOI,article_like
B02632,2,2,DOI;PMID;TITLE_EXACT_NORM,AVAILABLE,1,2,DOI,article_like
B02633,1,1,SINGLETON,AVAILABLE,1,1,SINGLETON,article_like
B02634,3,3,DOI;PMID;TITLE_EXACT_NORM,AVAILABLE,1,3,DOI,article_like
B02635,3,3,DOI;PMID;TITLE_EXACT_NORM,TITLE_ONLY,0,3,DOI,article_like;correction
B02636,1,1,SINGLETON,AVAILABLE,1,1,SINGLETON,article_like
B02637,1,1,SINGLETON,TITLE_ONLY,0,1,SINGLETON,article_like
B02638,3,3,DOI;PMID;TITLE_EXACT_NORM,AVAILABLE,1,3,DOI,article_like
B02639,3,3,DOI;PMID;TITLE_EXACT_NORM,AVAILABLE,1,3,DOI,article_like
B02640,1,1,SINGLETON,AVAILABLE,1,1,SINGLETON,article_like
B02641,1,1,SINGLETON,AVAILABLE,1,1,SINGLETON,article_like
B02642,2,2,DOI;PMID;TITLE_EXACT_NORM,AVAILABLE,1,2,DOI,article_like
B02643,3,3,DOI;PMID;TITLE_EXACT_NORM,AVAILABLE,1,3,DOI,article_like
B02644,3,3,DOI;PMID;TITLE_EXACT_NORM,AVAILABLE,1,3,DOI,article_like
B02645,3,3,DOI;PMID;TITLE_EXACT_NORM,AVAILABLE,1,3,DOI,article_like
B02646,2,2,DOI;TITLE_EXACT_NORM,AVAILABLE,1,2,DOI,article_like
B02647,3,3,DOI;PMID;TITLE_EXACT_NORM,AVAILABLE,1,3,DOI,article_like
B02648,3,3,DOI;PMID;TITLE_EXACT_NORM,AVAILABLE,1,3,DOI,article_like
B02649,1,1,SINGLETON,AVAILABLE,1,1,SINGLETON,conference
B02650,1,1,SINGLETON,AVAILABLE,1,1,SINGLETON,article_like
B02651,1,1,SINGLETON,AVAILABLE,1,1,SINGLETON,article_like
B02652,1,1,SINGLETON,AVAILABLE,1,1,SINGLETON,article_like
B02653,1,1,SINGLETON,AVAILABLE,1,1,SINGLETON,article_like
B02654,3,3,DOI;PMID;TITLE_EXACT_NORM,AVAILABLE,1,3,DOI,article_like
B02655,3,3,DOI;PMID;TITLE_EXACT_NORM,AVAILABLE,1,3,DOI,article_like
B02656,1,1,SINGLETON,AVAILABLE,1,1,SINGLETON,article_like
B02657,3,3,DOI;PMID;TITLE_EXACT_NORM,AVAILABLE,1,3,DOI,article_like
B02658,3,3,DOI;PMID;TITLE_EXACT_NORM,AVAILABLE,1,3,DOI,article_like
B02659,2,2,DOI;TITLE_EXACT_NORM,AVAILABLE,1,2,DOI,article_like
B02660,3,3,DOI;PMID;TITLE_EXACT_NORM,AVAILABLE,1,3,DOI,article_like
B02661,1,1,SINGLETON,AVAILABLE,1,1,SINGLETON,article_like
B02662,3,3,DOI;PMID;TITLE_EXACT_NORM,AVAILABLE,1,3,DOI,article_like
B02663,1,1,SINGLETON,AVAILABLE,1,1,SINGLETON,article_like
B02664,1,1,SINGLETON,AVAILABLE,1,1,SINGLETON,article_like
B02665,1,1,SINGLETON,AVAILABLE,1,1,SINGLETON,article_like
B02666,1,1,SINGLETON,AVAILABLE,1,1,SINGLETON,article_like
B02667,3,3,DOI;PMID;TITLE_EXACT_NORM,AVAILABLE,1,3,DOI,article_like
B02668,1,1,SINGLETON,AVAILABLE,1,1,SINGLETON,article_like
B02669,3,3,DOI;PMID;TITLE_EXACT_NORM,AVAILABLE,1,3,DOI,article_like
B02670,3,3,DOI;PMID;TITLE_EXACT_NORM,AVAILABLE,1,3,DOI,article_like
B02671,1,1,SINGLETON,TITLE_ONLY,0,1,SINGLETON,article_like
B02672,1,1,SINGLETON,TITLE_ONLY,0,1,SINGLETON,conference
B02673,3,3,DOI;PMID;TITLE_EXACT_NORM,AVAILABLE,1,3,DOI,article_like
B02674,1,1,SINGLETON,AVAILABLE,1,1,SINGLETON,article_like
B02675,3,3,DOI;PMID;TITLE_EXACT_NORM,AVAILABLE,1,3,DOI,article_like
B02676,3,3,DOI;PMID;TITLE_EXACT_NORM,AVAILABLE,1,3,DOI,article_like
B02677,3,3,DOI;PMID;TITLE_EXACT_NORM,AVAILABLE,1,3,DOI,article_like
B02678,3,3,DOI;PMID;TITLE_EXACT_NORM,AVAILABLE,1,3,DOI,article_like
B02679,1,1,SINGLETON,AVAILABLE,1,1,SINGLETON,article_like
B02680,3,3,DOI;PMID;TITLE_EXACT_NORM,AVAILABLE,1,3,DOI,article_like
B02681,1,1,SINGLETON,AVAILABLE,1,1,SINGLETON,article_like
B02682,3,3,DOI;PMID;TITLE_EXACT_NORM,AVAILABLE,1,3,DOI,article_like
B02683,3,3,DOI;PMID;TITLE_EXACT_NORM,AVAILABLE,1,3,DOI,article_like
B02684,3,3,DOI;PMID;TITLE_EXACT_NORM,AVAILABLE,1,3,DOI,article_like
B02685,1,1,SINGLETON,TITLE_ONLY,0,1,SINGLETON,conference
B02686,3,3,DOI;PMID;TITLE_EXACT_NORM,AVAILABLE,1,3,DOI,article_like
B02687,1,1,SINGLETON,AVAILABLE,1,1,SINGLETON,article_like
B02688,3,3,DOI;PMID;TITLE_EXACT_NORM,AVAILABLE,1,3,DOI,article_like
B02689,1,1,SINGLETON,AVAILABLE,1,1,SINGLETON,article_like
B02690,3,3,DOI;PMID;TITLE_EXACT_NORM,AVAILABLE,1,3,DOI,article_like
B02691,1,1,SINGLETON,AVAILABLE,1,1,SINGLETON,article_like
B02692,1,1,SINGLETON,AVAILABLE,1,1,SINGLETON,article_like
B02693,1,1,SINGLETON,AVAILABLE,1,1,SINGLETON,article_like
B02694,1,1,SINGLETON,AVAILABLE,1,1,SINGLETON,article_like
B02695,1,1,SINGLETON,AVAILABLE,1,1,SINGLETON,article_like
B02696,3,3,DOI;PMID;TITLE_EXACT_NORM,AVAILABLE,1,3,DOI,article_like
B02697,1,1,SINGLETON,AVAILABLE,1,1,SINGLETON,article_like
B02698,1,1,SINGLETON,AVAILABLE,1,1,SINGLETON,article_like
B02699,3,3,DOI;PMID;TITLE_EXACT_NORM,AVAILABLE,1,3,DOI,article_like
B02700,3,3,DOI;PMID;TITLE_EXACT_NORM,AVAILABLE,1,3,DOI,article_like
B02701,3,3,DOI;PMID;TITLE_EXACT_NORM,AVAILABLE,1,3,DOI,article_like
B02702,3,3,DOI;PMID;TITLE_EXACT_NORM,AVAILABLE,1,3,DOI,article_like
B02703,1,1,SINGLETON,AVAILABLE,1,1,SINGLETON,article_like
B02704,1,1,SINGLETON,AVAILABLE,1,1,SINGLETON,article_like
B02705,1,1,SINGLETON,AVAILABLE,1,1,SINGLETON,article_like
B02706,2,2,DOI;PMID;TITLE_EXACT_NORM,AVAILABLE,1,2,DOI,article_like
B02707,1,1,SINGLETON,AVAILABLE,1,1,SINGLETON,article_like
B02708,1,1,SINGLETON,AVAILABLE,1,1,SINGLETON,article_like
B02709,1,1,SINGLETON,TITLE_ONLY,0,1,SINGLETON,article_like
B02710,3,3,DOI;PMID;TITLE_EXACT_NORM,AVAILABLE,1,3,DOI,article_like
B02711,1,1,SINGLETON,AVAILABLE,1,1,SINGLETON,article_like
B02712,1,1,SINGLETON,AVAILABLE,1,1,SINGLETON,article_like
B02713,1,1,SINGLETON,AVAILABLE,1,1,SINGLETON,article_like
B02714,3,3,DOI;PMID;TITLE_EXACT_NORM,AVAILABLE,1,3,DOI,article_like
B02715,3,3,DOI;PMID;TITLE_EXACT_NORM,AVAILABLE,1,3,DOI,article_like
B02716,3,3,DOI;PMID;TITLE_EXACT_NORM,AVAILABLE,1,3,DOI,article_like
B02717,3,3,DOI;PMID;TITLE_EXACT_NORM,AVAILABLE,1,3,DOI,article_like
B02718,1,1,SINGLETON,TITLE_ONLY,0,1,SINGLETON,conference
B02719,3,3,DOI;PMID;TITLE_EXACT_NORM,AVAILABLE,1,3,DOI,article_like
B02720,1,1,SINGLETON,AVAILABLE,1,1,SINGLETON,article_like
B02721,1,1,SINGLETON,AVAILABLE,1,1,SINGLETON,article_like
B02722,3,3,DOI;PMID;TITLE_EXACT_NORM,AVAILABLE,1,3,DOI,article_like
B02723,3,3,DOI;PMID;TITLE_EXACT_NORM,AVAILABLE,1,3,DOI,article_like
B02724,1,1,SINGLETON,AVAILABLE,1,1,SINGLETON,article_like
B02725,3,3,DOI;PMID;TITLE_EXACT_NORM,AVAILABLE,1,3,DOI,article_like
B02726,3,3,DOI;PMID;TITLE_EXACT_NORM,AVAILABLE,1,3,DOI,article_like
B02727,1,1,SINGLETON,AVAILABLE,1,1,SINGLETON,article_like
B02728,1,1,SINGLETON,AVAILABLE,1,1,SINGLETON,article_like
B02729,3,3,DOI;PMID;TITLE_EXACT_NORM,AVAILABLE,1,3,DOI,article_like
B02730,3,3,DOI;PMID;TITLE_EXACT_NORM,AVAILABLE,1,3,DOI,article_like
B02731,3,3,DOI;PMID;TITLE_EXACT_NORM,AVAILABLE,1,3,DOI,article_like
B02732,1,1,SINGLETON,AVAILABLE,1,1,SINGLETON,article_like
B02733,3,3,DOI;PMID;TITLE_EXACT_NORM,AVAILABLE,1,3,DOI,article_like
B02734,1,1,SINGLETON,AVAILABLE,1,1,SINGLETON,article_like
B02735,1,1,SINGLETON,AVAILABLE,1,1,SINGLETON,article_like
B02736,3,3,DOI;PMID;TITLE_EXACT_NORM,AVAILABLE,1,3,DOI,article_like
B02737,3,3,DOI;PMID;TITLE_EXACT_NORM,AVAILABLE,1,3,DOI,article_like
B02738,1,1,SINGLETON,AVAILABLE,1,1,SINGLETON,article_like
B02739,1,1,SINGLETON,AVAILABLE,1,1,SINGLETON,article_like
B02740,1,1,SINGLETON,AVAILABLE,1,1,SINGLETON,article_like
B02741,3,3,DOI;PMID;TITLE_EXACT_NORM,AVAILABLE,1,3,DOI,article_like
B02742,3,3,DOI;PMID;TITLE_EXACT_NORM,AVAILABLE,1,3,DOI,article_like
B02743,3,3,DOI;PMID;TITLE_EXACT_NORM,AVAILABLE,1,3,DOI,article_like
B02744,2,2,DOI,AVAILABLE,1,2,DOI,article_like
B02745,1,1,SINGLETON,AVAILABLE,1,1,SINGLETON,article_like
B02746,1,1,SINGLETON,AVAILABLE,1,1,SINGLETON,article_like
B02747,3,3,DOI;PMID;TITLE_EXACT_NORM,AVAILABLE,1,3,DOI,article_like
B02748,3,3,DOI;PMID;TITLE_EXACT_NORM,AVAILABLE,1,3,DOI,article_like
B02749,3,3,DOI;PMID;TITLE_EXACT_NORM,AVAILABLE,1,3,DOI,article_like
B02750,1,1,SINGLETON,AVAILABLE,1,1,SINGLETON,article_like
B02751,1,1,SINGLETON,TITLE_ONLY,0,1,SINGLETON,article_like
B02752,2,2,DOI;PMID;TITLE_EXACT_NORM,AVAILABLE,1,2,DOI,article_like
B02753,3,3,DOI;PMID;TITLE_EXACT_NORM,AVAILABLE,1,3,DOI,article_like
B02754,1,1,SINGLETON,AVAILABLE,1,1,SINGLETON,article_like
B02755,1,1,SINGLETON,TITLE_ONLY,0,1,SINGLETON,conference
B02756,2,1,TITLE_EXACT_NORM,TITLE_ONLY,0,2,TITLE_EXACT_NORM,conference
B02757,3,3,DOI;PMID;TITLE_EXACT_NORM,AVAILABLE,1,3,DOI,article_like
B02758,1,1,SINGLETON,AVAILABLE,1,1,SINGLETON,article_like
B02759,1,1,SINGLETON,AVAILABLE,1,1,SINGLETON,article_like
B02760,1,1,SINGLETON,AVAILABLE,1,1,SINGLETON,article_like
B02761,1,1,SINGLETON,AVAILABLE,1,1,SINGLETON,article_like
B02762,1,1,SINGLETON,TITLE_ONLY,0,1,SINGLETON,article_like
B02763,1,1,SINGLETON,TITLE_ONLY,0,1,SINGLETON,article_like
B02764,1,1,SINGLETON,AVAILABLE,1,1,SINGLETON,article_like
B02765,3,3,DOI;PMID;TITLE_EXACT_NORM,AVAILABLE,1,3,DOI,article_like
B02766,1,1,SINGLETON,AVAILABLE,1,1,SINGLETON,article_like
B02767,3,3,DOI;PMID;TITLE_EXACT_NORM,AVAILABLE,1,3,DOI,article_like
B02768,1,1,SINGLETON,AVAILABLE,1,1,SINGLETON,article_like
B02769,3,3,DOI;PMID;TITLE_EXACT_NORM,AVAILABLE,1,3,DOI,article_like
B02770,3,3,DOI;PMID;TITLE_EXACT_NORM,AVAILABLE,1,3,DOI,article_like
B02771,2,2,DOI;PMID;TITLE_EXACT_NORM,AVAILABLE,1,2,DOI,article_like
B02772,3,3,DOI;PMID;TITLE_EXACT_NORM,AVAILABLE,1,3,DOI,article_like
B02773,1,1,SINGLETON,TITLE_ONLY,0,1,SINGLETON,conference
B02774,1,1,SINGLETON,AVAILABLE,1,1,SINGLETON,article_like
B02775,1,1,SINGLETON,AVAILABLE,1,1,SINGLETON,article_like
B02776,1,1,SINGLETON,AVAILABLE,1,1,SINGLETON,article_like
B02777,3,3,DOI;PMID;TITLE_EXACT_NORM,AVAILABLE,1,3,DOI,article_like
B02778,3,3,DOI;PMID;TITLE_EXACT_NORM,AVAILABLE,1,3,DOI,article_like
B02779,1,1,SINGLETON,TITLE_ONLY,0,1,SINGLETON,conference
B02780,2,2,DOI;PMID;TITLE_EXACT_NORM,AVAILABLE,1,2,DOI,article_like
B02781,3,3,DOI;PMID;TITLE_EXACT_NORM,AVAILABLE,1,3,DOI,article_like
B02782,3,3,DOI;PMID;TITLE_EXACT_NORM,AVAILABLE,1,3,DOI,article_like
B02783,3,3,DOI;PMID;TITLE_EXACT_NORM,AVAILABLE,1,3,DOI,article_like
B02784,3,3,DOI;PMID;TITLE_EXACT_NORM,AVAILABLE,1,3,DOI,article_like
B02785,1,1,SINGLETON,AVAILABLE,1,1,SINGLETON,article_like
B02786,1,1,SINGLETON,TITLE_ONLY,0,1,SINGLETON,conference
B02787,1,1,SINGLETON,TITLE_ONLY,0,1,SINGLETON,conference
B02788,3,3,DOI;PMID;TITLE_EXACT_NORM,AVAILABLE,1,3,DOI,article_like
B02789,3,3,DOI;PMID;TITLE_EXACT_NORM,AVAILABLE,1,3,DOI,article_like
B02790,3,3,DOI;PMID;TITLE_EXACT_NORM,AVAILABLE,1,3,DOI,article_like
B02791,1,1,SINGLETON,AVAILABLE,1,1,SINGLETON,article_like
B02792,3,3,DOI;PMID;TITLE_EXACT_NORM,AVAILABLE,1,3,DOI,article_like
B02793,3,3,DOI;PMID;TITLE_EXACT_NORM,AVAILABLE,1,3,DOI,article_like
B02794,3,3,DOI;PMID;TITLE_EXACT_NORM,AVAILABLE,1,3,DOI,article_like
B02795,2,2,DOI;PMID;TITLE_EXACT_NORM,AVAILABLE,1,2,DOI,article_like
B02796,1,1,SINGLETON,AVAILABLE,1,1,SINGLETON,article_like
B02797,3,3,DOI;PMID;TITLE_EXACT_NORM,AVAILABLE,1,3,DOI,article_like
B02798,3,3,DOI;PMID;TITLE_EXACT_NORM,AVAILABLE,1,3,DOI,article_like
B02799,1,1,SINGLETON,AVAILABLE,1,1,SINGLETON,article_like
B02800,1,1,SINGLETON,AVAILABLE,1,1,SINGLETON,article_like
B02801,1,1,SINGLETON,AVAILABLE,1,1,SINGLETON,article_like
B02802,3,3,DOI;PMID;TITLE_EXACT_NORM,AVAILABLE,1,3,DOI,article_like
B02803,3,3,DOI;PMID;TITLE_EXACT_NORM,AVAILABLE,1,3,DOI,article_like
B02804,3,3,DOI;PMID;TITLE_EXACT_NORM,AVAILABLE,1,3,DOI,article_like
B02805,3,3,DOI;PMID;TITLE_EXACT_NORM,AVAILABLE,1,3,DOI,article_like
B02806,1,1,SINGLETON,AVAILABLE,1,1,SINGLETON,article_like
B02807,3,3,DOI;PMID;TITLE_EXACT_NORM,AVAILABLE,1,3,DOI,article_like
B02808,3,3,DOI;PMID;TITLE_EXACT_NORM,AVAILABLE,1,3,DOI,article_like
B02809,1,1,SINGLETON,AVAILABLE,1,1,SINGLETON,article_like
B02810,1,1,SINGLETON,AVAILABLE,1,1,SINGLETON,article_like
B02811,1,1,SINGLETON,AVAILABLE,1,1,SINGLETON,article_like
B02812,1,1,SINGLETON,AVAILABLE,1,1,SINGLETON,article_like
B02813,3,3,DOI;PMID;TITLE_EXACT_NORM,AVAILABLE,1,3,DOI,article_like
B02814,1,1,SINGLETON,AVAILABLE,1,1,SINGLETON,article_like
B02815,2,2,DOI;TITLE_EXACT_NORM,AVAILABLE,1,2,DOI,article_like
B02816,3,3,DOI;PMID;TITLE_EXACT_NORM,AVAILABLE,1,3,DOI,article_like
B02817,1,1,SINGLETON,AVAILABLE,1,1,SINGLETON,article_like
B02818,3,3,DOI;PMID;TITLE_EXACT_NORM,AVAILABLE,1,3,DOI,article_like
B02819,1,1,SINGLETON,AVAILABLE,1,1,SINGLETON,article_like
B02820,3,3,DOI;PMID;TITLE_EXACT_NORM,AVAILABLE,1,3,DOI,article_like
B02821,2,2,DOI;PMID;TITLE_EXACT_NORM,AVAILABLE,1,2,DOI,article_like
B02822,2,2,DOI;PMID;TITLE_EXACT_NORM,AVAILABLE,1,2,DOI,article_like
B02823,1,1,SINGLETON,AVAILABLE,1,1,SINGLETON,article_like
B02824,3,3,DOI;PMID;TITLE_EXACT_NORM,AVAILABLE,1,3,DOI,article_like
B02825,2,2,DOI;TITLE_EXACT_NORM,AVAILABLE,1,2,DOI,article_like
B02826,2,2,DOI;TITLE_EXACT_NORM,AVAILABLE,1,2,DOI,article_like
B02827,3,3,DOI;PMID;TITLE_EXACT_NORM,AVAILABLE,1,3,DOI,article_like
B02828,1,1,SINGLETON,AVAILABLE,1,1,SINGLETON,article_like
B02829,1,1,SINGLETON,AVAILABLE,1,1,SINGLETON,article_like
B02830,1,1,SINGLETON,AVAILABLE,1,1,SINGLETON,article_like
B02831,1,1,SINGLETON,AVAILABLE,1,1,SINGLETON,article_like
B02832,1,1,SINGLETON,TITLE_ONLY,0,1,SINGLETON,article_like
B02833,1,1,SINGLETON,AVAILABLE,1,1,SINGLETON,article_like
B02834,2,2,DOI;PMID,AVAILABLE,1,2,DOI,article_like
B02835,3,3,DOI;PMID;TITLE_EXACT_NORM,AVAILABLE,1,3,DOI,article_like
B02836,1,1,SINGLETON,AVAILABLE,1,1,SINGLETON,article_like
B02837,1,1,SINGLETON,AVAILABLE,1,1,SINGLETON,article_like
B02838,1,1,SINGLETON,AVAILABLE,1,1,SINGLETON,article_like
B02839,3,3,DOI;PMID;TITLE_EXACT_NORM,AVAILABLE,1,3,DOI,article_like
B02840,2,2,DOI;PMID;TITLE_EXACT_NORM,AVAILABLE,1,2,DOI,article_like
B02841,1,1,SINGLETON,TITLE_ONLY,0,1,SINGLETON,article_like
B02842,1,1,SINGLETON,AVAILABLE,1,1,SINGLETON,article_like
B02843,3,3,DOI;PMID;TITLE_EXACT_NORM,AVAILABLE,1,3,DOI,article_like
B02844,3,3,DOI;PMID,AVAILABLE,1,3,DOI,correction
B02845,1,1,SINGLETON,AVAILABLE,1,1,SINGLETON,correction
B02846,1,1,SINGLETON,AVAILABLE,1,1,SINGLETON,correction
B02847,1,1,SINGLETON,AVAILABLE,1,1,SINGLETON,correction
B02848,2,2,DOI;PMID,AVAILABLE,1,2,DOI,correction
B02849,3,2,DOI;PMID,AVAILABLE,1,3,DOI,correction
B02850,1,1,SINGLETON,TITLE_ONLY,0,1,SINGLETON,conference
B02851,3,3,DOI;PMID;TITLE_EXACT_NORM,AVAILABLE,1,3,DOI,article_like
B02852,1,1,SINGLETON,AVAILABLE,1,1,SINGLETON,article_like
B02853,3,3,DOI;PMID;TITLE_EXACT_NORM,AVAILABLE,1,3,DOI,article_like
B02854,2,2,DOI;PMID;TITLE_EXACT_NORM,AVAILABLE,1,2,DOI,article_like
B02855,2,2,DOI;PMID;TITLE_EXACT_NORM,AVAILABLE,1,2,DOI,article_like
B02856,2,2,DOI;PMID;TITLE_EXACT_NORM,AVAILABLE,1,2,DOI,article_like
B02857,1,1,SINGLETON,AVAILABLE,1,1,SINGLETON,article_like
B02858,1,1,SINGLETON,AVAILABLE,1,1,SINGLETON,article_like
B02859,1,1,SINGLETON,AVAILABLE,1,1,SINGLETON,article_like
B02860,2,2,DOI;PMID;TITLE_EXACT_NORM,AVAILABLE,1,2,DOI,article_like
B02861,1,1,SINGLETON,AVAILABLE,1,1,SINGLETON,article_like
B02862,3,3,DOI;PMID;TITLE_EXACT_NORM,AVAILABLE,1,3,DOI,article_like
B02863,1,1,SINGLETON,AVAILABLE,1,1,SINGLETON,article_like
B02864,3,3,DOI;PMID;TITLE_EXACT_NORM,AVAILABLE,1,3,DOI,article_like
B02865,1,1,SINGLETON,AVAILABLE,1,1,SINGLETON,article_like
B02866,3,3,DOI;PMID;TITLE_EXACT_NORM,AVAILABLE,1,3,DOI,article_like
B02867,1,1,SINGLETON,AVAILABLE,1,1,SINGLETON,article_like
B02868,1,1,SINGLETON,AVAILABLE,1,1,SINGLETON,article_like
B02869,1,1,SINGLETON,AVAILABLE,1,1,SINGLETON,article_like
B02870,3,3,DOI;PMID;TITLE_EXACT_NORM,TITLE_ONLY,0,3,DOI,article_like
B02871,1,1,SINGLETON,AVAILABLE,1,1,SINGLETON,article_like
B02872,1,1,SINGLETON,AVAILABLE,1,1,SINGLETON,article_like
B02873,1,1,SINGLETON,AVAILABLE,1,1,SINGLETON,article_like
B02874,1,1,SINGLETON,AVAILABLE,1,1,SINGLETON,article_like
B02875,3,3,DOI;PMID;TITLE_EXACT_NORM,AVAILABLE,1,3,DOI,article_like
B02876,3,3,DOI;PMID;TITLE_EXACT_NORM,AVAILABLE,1,3,DOI,article_like
B02877,3,3,DOI;PMID;TITLE_EXACT_NORM,AVAILABLE,1,3,DOI,article_like
B02878,1,1,SINGLETON,TITLE_ONLY,0,1,SINGLETON,conference
B02879,3,3,DOI;PMID;TITLE_EXACT_NORM,AVAILABLE,1,3,DOI,article_like
B02880,3,3,DOI;PMID;TITLE_EXACT_NORM,AVAILABLE,1,3,DOI,article_like
B02881,2,2,DOI;PMID;TITLE_EXACT_NORM,AVAILABLE,1,2,DOI,article_like
B02882,1,1,SINGLETON,AVAILABLE,1,1,SINGLETON,article_like
B02883,1,1,SINGLETON,AVAILABLE,1,1,SINGLETON,article_like
B02884,2,2,DOI;PMID;TITLE_EXACT_NORM,AVAILABLE,1,2,DOI,conference
B02885,3,3,DOI;PMID;TITLE_EXACT_NORM,AVAILABLE,1,3,DOI,article_like
B02886,3,3,DOI;PMID;TITLE_EXACT_NORM,AVAILABLE,1,3,DOI,article_like
B02887,1,1,SINGLETON,AVAILABLE,1,1,SINGLETON,article_like
B02888,3,3,DOI;PMID;TITLE_EXACT_NORM,AVAILABLE,1,3,DOI,article_like
B02889,3,3,DOI;PMID;TITLE_EXACT_NORM,AVAILABLE,1,3,DOI,article_like
B02890,1,1,SINGLETON,TITLE_ONLY,0,1,SINGLETON,conference
B02891,3,3,DOI;PMID;TITLE_EXACT_NORM,AVAILABLE,1,3,DOI,article_like
B02892,3,3,DOI;PMID;TITLE_EXACT_NORM,AVAILABLE,1,3,DOI,article_like
B02893,1,1,SINGLETON,AVAILABLE,1,1,SINGLETON,article_like
B02894,1,1,SINGLETON,AVAILABLE,1,1,SINGLETON,article_like
B02895,1,1,SINGLETON,AVAILABLE,1,1,SINGLETON,article_like
B02896,3,3,DOI;PMID;TITLE_EXACT_NORM,AVAILABLE,1,3,DOI,article_like
B02897,1,1,SINGLETON,AVAILABLE,1,1,SINGLETON,article_like
B02898,3,3,DOI;PMID;TITLE_EXACT_NORM,AVAILABLE,1,3,DOI,article_like
B02899,3,3,DOI;PMID;TITLE_EXACT_NORM,AVAILABLE,1,3,DOI,article_like
B02900,3,3,DOI;PMID;TITLE_EXACT_NORM,AVAILABLE,1,3,DOI,article_like
B02901,3,3,DOI;PMID;TITLE_EXACT_NORM,AVAILABLE,1,3,DOI,article_like
B02902,3,3,DOI;PMID;TITLE_EXACT_NORM,AVAILABLE,1,3,DOI,article_like
B02903,3,3,DOI;PMID;TITLE_EXACT_NORM,AVAILABLE,1,3,DOI,article_like
B02904,3,3,DOI;PMID;TITLE_EXACT_NORM,AVAILABLE,1,3,DOI,article_like
B02905,3,3,DOI;PMID;TITLE_EXACT_NORM,AVAILABLE,1,3,DOI,article_like
B02906,1,1,SINGLETON,AVAILABLE,1,1,SINGLETON,article_like
B02907,3,3,DOI;PMID;TITLE_EXACT_NORM,AVAILABLE,1,3,DOI,article_like
B02908,1,1,SINGLETON,AVAILABLE,1,1,SINGLETON,article_like
B02909,3,3,DOI;PMID;TITLE_EXACT_NORM,AVAILABLE,1,3,DOI,article_like
B02910,3,3,DOI;PMID;TITLE_EXACT_NORM,AVAILABLE,1,3,DOI,article_like
B02911,1,1,SINGLETON,AVAILABLE,1,1,SINGLETON,article_like
B02912,1,1,SINGLETON,AVAILABLE,1,1,SINGLETON,article_like
B02913,1,1,SINGLETON,AVAILABLE,1,1,SINGLETON,article_like
B02914,3,3,DOI;PMID;TITLE_EXACT_NORM,AVAILABLE,1,3,DOI,article_like
B02915,1,1,SINGLETON,AVAILABLE,1,1,SINGLETON,article_like
B02916,3,3,DOI;PMID;TITLE_EXACT_NORM,AVAILABLE,1,3,DOI,article_like
B02917,1,1,SINGLETON,AVAILABLE,1,1,SINGLETON,article_like
B02918,1,1,SINGLETON,AVAILABLE,1,1,SINGLETON,article_like
B02919,2,2,DOI;TITLE_EXACT_NORM,AVAILABLE,1,2,DOI,article_like
B02920,2,2,DOI;PMID;TITLE_EXACT_NORM,AVAILABLE,1,2,DOI,article_like
B02921,3,3,DOI;PMID;TITLE_EXACT_NORM,AVAILABLE,1,3,DOI,article_like
B02922,3,3,DOI;PMID;TITLE_EXACT_NORM,AVAILABLE,1,3,DOI,article_like
B02923,2,2,DOI;TITLE_EXACT_NORM,AVAILABLE,1,2,DOI,article_like
B02924,1,1,SINGLETON,AVAILABLE,1,1,SINGLETON,article_like
B02925,3,3,DOI;PMID;TITLE_EXACT_NORM,AVAILABLE,1,3,DOI,article_like
B02926,3,3,DOI;PMID;TITLE_EXACT_NORM,AVAILABLE,1,3,DOI,article_like
B02927,1,1,SINGLETON,AVAILABLE,1,1,SINGLETON,conference
B02928,3,3,DOI;PMID;TITLE_EXACT_NORM,AVAILABLE,1,3,DOI,article_like
B02929,2,2,DOI;PMID;TITLE_EXACT_NORM,AVAILABLE,1,2,DOI,article_like
B02930,3,3,DOI;PMID;TITLE_EXACT_NORM,AVAILABLE,1,3,DOI,article_like
B02931,1,1,SINGLETON,AVAILABLE,1,1,SINGLETON,article_like
B02932,1,1,SINGLETON,AVAILABLE,1,1,SINGLETON,article_like
B02933,3,3,DOI;PMID;TITLE_EXACT_NORM,AVAILABLE,1,3,DOI,article_like
B02934,1,1,SINGLETON,AVAILABLE,1,1,SINGLETON,article_like
B02935,1,1,SINGLETON,TITLE_ONLY,0,1,SINGLETON,conference
B02936,3,3,DOI;PMID;TITLE_EXACT_NORM,AVAILABLE,1,3,DOI,article_like
B02937,1,1,SINGLETON,TITLE_ONLY,0,1,SINGLETON,conference
B02938,1,1,SINGLETON,AVAILABLE,1,1,SINGLETON,article_like
B02939,3,3,DOI;PMID;TITLE_EXACT_NORM,AVAILABLE,1,3,DOI,article_like
B02940,1,1,SINGLETON,AVAILABLE,1,1,SINGLETON,article_like
B02941,1,1,SINGLETON,AVAILABLE,1,1,SINGLETON,article_like
B02942,3,3,DOI;PMID;TITLE_EXACT_NORM,TITLE_ONLY,0,3,DOI,article_like
B02943,3,3,DOI;PMID;TITLE_EXACT_NORM,AVAILABLE,1,3,DOI,article_like
B02944,3,3,DOI;PMID;TITLE_EXACT_NORM,AVAILABLE,1,3,DOI,article_like
B02945,3,3,DOI;PMID;TITLE_EXACT_NORM,AVAILABLE,1,3,DOI,article_like
B02946,3,3,DOI;PMID;TITLE_EXACT_NORM,AVAILABLE,1,3,DOI,article_like
B02947,3,3,DOI;PMID;TITLE_EXACT_NORM,AVAILABLE,1,3,DOI,article_like
B02948,3,3,DOI;PMID;TITLE_EXACT_NORM,AVAILABLE,1,3,DOI,article_like
B02949,3,3,DOI;PMID;TITLE_EXACT_NORM,AVAILABLE,1,3,DOI,article_like
B02950,1,1,SINGLETON,AVAILABLE,1,1,SINGLETON,article_like
B02951,1,1,SINGLETON,AVAILABLE,1,1,SINGLETON,article_like
B02952,1,1,SINGLETON,AVAILABLE,1,1,SINGLETON,article_like
B02953,1,1,SINGLETON,AVAILABLE,1,1,SINGLETON,article_like
B02954,3,3,DOI;PMID;TITLE_EXACT_NORM,AVAILABLE,1,3,DOI,article_like
B02955,1,1,SINGLETON,AVAILABLE,1,1,SINGLETON,article_like
B02956,1,1,SINGLETON,AVAILABLE,1,1,SINGLETON,article_like
B02957,3,3,DOI;PMID;TITLE_EXACT_NORM,AVAILABLE,1,3,DOI,article_like
B02958,1,1,SINGLETON,TITLE_ONLY,0,1,SINGLETON,article_like
B02959,1,1,SINGLETON,TITLE_ONLY,0,1,SINGLETON,article_like
B02960,1,1,SINGLETON,TITLE_ONLY,0,1,SINGLETON,conference
B02961,1,1,SINGLETON,AVAILABLE,1,1,SINGLETON,article_like
B02962,3,3,DOI;PMID;TITLE_EXACT_NORM,AVAILABLE,1,3,DOI,article_like
B02963,1,1,SINGLETON,AVAILABLE,1,1,SINGLETON,article_like
B02964,1,1,SINGLETON,AVAILABLE,1,1,SINGLETON,article_like
B02965,3,3,DOI;PMID;TITLE_EXACT_NORM,AVAILABLE,1,3,DOI,article_like
B02966,3,3,DOI;PMID;TITLE_EXACT_NORM,AVAILABLE,1,3,DOI,article_like
B02967,3,3,DOI;PMID;TITLE_EXACT_NORM,AVAILABLE,1,3,DOI,article_like
B02968,3,3,DOI;PMID;TITLE_EXACT_NORM,AVAILABLE,1,3,DOI,article_like
B02969,1,1,SINGLETON,AVAILABLE,1,1,SINGLETON,article_like
B02970,1,1,SINGLETON,AVAILABLE,1,1,SINGLETON,article_like
B02971,3,3,DOI;PMID;TITLE_EXACT_NORM,AVAILABLE,1,3,DOI,article_like
B02972,1,1,SINGLETON,AVAILABLE,1,1,SINGLETON,article_like
B02973,1,1,SINGLETON,AVAILABLE,1,1,SINGLETON,article_like
B02974,3,3,DOI;PMID;TITLE_EXACT_NORM,AVAILABLE,1,3,DOI,article_like
B02975,2,2,DOI;TITLE_EXACT_NORM,AVAILABLE,1,2,DOI,article_like
B02976,3,3,DOI;PMID;TITLE_EXACT_NORM,AVAILABLE,1,3,DOI,article_like
B02977,1,1,SINGLETON,AVAILABLE,1,1,SINGLETON,article_like
B02978,1,1,SINGLETON,AVAILABLE,1,1,SINGLETON,article_like
B02979,3,3,DOI;PMID;TITLE_EXACT_NORM,AVAILABLE,1,3,DOI,article_like
B02980,3,3,DOI;PMID;TITLE_EXACT_NORM,AVAILABLE,1,3,DOI,article_like
B02981,3,3,DOI;PMID;TITLE_EXACT_NORM,AVAILABLE,1,3,DOI,article_like
B02982,3,3,DOI;PMID;TITLE_EXACT_NORM,AVAILABLE,1,3,DOI,article_like
B02983,3,3,DOI;PMID;TITLE_EXACT_NORM,AVAILABLE,1,3,DOI,article_like
B02984,3,3,DOI;PMID;TITLE_EXACT_NORM,AVAILABLE,1,3,DOI,article_like
B02985,1,1,SINGLETON,AVAILABLE,1,1,SINGLETON,article_like
B02986,3,3,DOI;PMID;TITLE_EXACT_NORM,AVAILABLE,1,3,DOI,article_like
B02987,3,3,DOI;PMID;TITLE_EXACT_NORM,AVAILABLE,1,3,DOI,article_like
B02988,3,3,DOI;PMID;TITLE_EXACT_NORM,AVAILABLE,1,3,DOI,article_like
B02989,1,1,SINGLETON,AVAILABLE,1,1,SINGLETON,article_like
B02990,3,3,DOI;PMID;TITLE_EXACT_NORM,AVAILABLE,1,3,DOI,article_like
B02991,1,1,SINGLETON,AVAILABLE,1,1,SINGLETON,article_like
B02992,3,3,DOI;PMID;TITLE_EXACT_NORM,AVAILABLE,1,3,DOI,article_like
B02993,3,3,DOI;PMID;TITLE_EXACT_NORM,AVAILABLE,1,3,DOI,article_like
B02994,1,1,SINGLETON,AVAILABLE,1,1,SINGLETON,article_like
B02995,3,3,DOI;PMID;TITLE_EXACT_NORM,AVAILABLE,1,3,DOI,article_like
B02996,3,3,DOI;PMID;TITLE_EXACT_NORM,AVAILABLE,1,3,DOI,article_like
B02997,1,1,SINGLETON,AVAILABLE,1,1,SINGLETON,article_like
B02998,1,1,SINGLETON,AVAILABLE,1,1,SINGLETON,article_like
B02999,3,3,DOI;PMID;TITLE_EXACT_NORM,AVAILABLE,1,3,DOI,article_like
B03000,3,3,DOI;PMID;TITLE_EXACT_NORM,AVAILABLE,1,3,DOI,article_like
B03001,2,2,DOI;TITLE_EXACT_NORM,AVAILABLE,1,2,DOI,article_like
B03002,3,3,DOI;PMID;TITLE_EXACT_NORM,AVAILABLE,1,3,DOI,article_like
B03003,2,2,DOI;PMID,AVAILABLE,1,2,DOI,article_like
B03004,2,2,DOI;PMID;TITLE_EXACT_NORM,AVAILABLE,1,2,DOI,article_like
B03005,1,1,SINGLETON,AVAILABLE,1,1,SINGLETON,article_like
B03006,3,3,DOI;PMID;TITLE_EXACT_NORM,AVAILABLE,1,3,DOI,article_like
B03007,3,3,DOI;PMID;TITLE_EXACT_NORM,AVAILABLE,1,3,DOI,article_like
B03008,3,3,DOI;PMID;TITLE_EXACT_NORM,AVAILABLE,1,3,DOI,article_like
B03009,3,3,DOI;PMID;TITLE_EXACT_NORM,AVAILABLE,1,3,DOI,article_like
B03010,3,3,DOI;PMID;TITLE_EXACT_NORM,AVAILABLE,1,3,DOI,article_like
B03011,1,1,SINGLETON,AVAILABLE,1,1,SINGLETON,article_like
B03012,3,3,DOI;PMID;TITLE_EXACT_NORM,AVAILABLE,1,3,DOI,article_like
B03013,3,3,DOI;PMID;TITLE_EXACT_NORM,AVAILABLE,1,3,DOI,article_like
B03014,1,1,SINGLETON,AVAILABLE,1,1,SINGLETON,article_like
B03015,1,1,SINGLETON,AVAILABLE,1,1,SINGLETON,article_like
B03016,3,3,DOI;PMID;TITLE_EXACT_NORM,AVAILABLE,1,3,DOI,article_like
B03017,1,1,SINGLETON,AVAILABLE,1,1,SINGLETON,article_like
B03018,3,3,DOI;PMID;TITLE_EXACT_NORM,AVAILABLE,1,3,DOI,article_like
B03019,3,3,DOI;PMID;TITLE_EXACT_NORM,AVAILABLE,1,3,DOI,article_like
B03020,3,3,DOI;PMID;TITLE_EXACT_NORM,AVAILABLE,1,3,DOI,article_like
B03021,1,1,SINGLETON,AVAILABLE,1,1,SINGLETON,article_like
B03022,1,1,SINGLETON,AVAILABLE,1,1,SINGLETON,article_like
B03023,3,3,DOI;PMID;TITLE_EXACT_NORM,AVAILABLE,1,3,DOI,article_like
B03024,1,1,SINGLETON,AVAILABLE,1,1,SINGLETON,article_like
B03025,3,3,DOI;PMID;TITLE_EXACT_NORM,AVAILABLE,1,3,DOI,article_like
B03026,1,1,SINGLETON,AVAILABLE,1,1,SINGLETON,article_like
B03027,3,3,DOI;PMID;TITLE_EXACT_NORM,AVAILABLE,1,3,DOI,article_like
B03028,1,1,SINGLETON,AVAILABLE,1,1,SINGLETON,article_like
B03029,2,2,DOI;PMID;TITLE_EXACT_NORM,AVAILABLE,1,2,DOI,article_like
B03030,1,1,SINGLETON,AVAILABLE,1,1,SINGLETON,article_like
B03031,3,3,DOI;PMID;TITLE_EXACT_NORM,AVAILABLE,1,3,DOI,article_like
B03032,3,3,DOI;PMID;TITLE_EXACT_NORM,AVAILABLE,1,3,DOI,article_like
B03033,1,1,SINGLETON,AVAILABLE,1,1,SINGLETON,article_like
B03034,3,3,DOI;PMID;TITLE_EXACT_NORM,AVAILABLE,1,3,DOI,article_like
B03035,3,3,DOI;PMID;TITLE_EXACT_NORM,AVAILABLE,1,3,DOI,article_like
B03036,1,1,SINGLETON,AVAILABLE,1,1,SINGLETON,article_like
B03037,3,3,DOI;PMID;TITLE_EXACT_NORM,AVAILABLE,1,3,DOI,article_like
B03038,1,1,SINGLETON,AVAILABLE,1,1,SINGLETON,article_like
B03039,3,3,DOI;PMID;TITLE_EXACT_NORM,AVAILABLE,1,3,DOI,article_like
B03040,1,1,SINGLETON,AVAILABLE,1,1,SINGLETON,article_like
B03041,3,3,DOI;PMID;TITLE_EXACT_NORM,AVAILABLE,1,3,DOI,article_like
B03042,3,3,DOI;PMID;TITLE_EXACT_NORM,AVAILABLE,1,3,DOI,article_like
B03043,1,1,SINGLETON,TITLE_ONLY,0,1,SINGLETON,article_like
B03044,3,3,DOI;PMID;TITLE_EXACT_NORM,AVAILABLE,1,3,DOI,article_like
B03045,3,3,DOI;PMID;TITLE_EXACT_NORM,AVAILABLE,1,3,DOI,article_like
B03046,1,1,SINGLETON,AVAILABLE,1,1,SINGLETON,article_like
B03047,1,1,SINGLETON,AVAILABLE,1,1,SINGLETON,article_like
B03048,4,3,DOI;PMID;TITLE_EXACT_NORM,TITLE_ONLY,0,4,DOI,article_like
B03049,1,1,SINGLETON,TITLE_ONLY,0,1,SINGLETON,article_like
B03050,2,2,DOI;PMID;TITLE_EXACT_NORM,AVAILABLE,1,2,DOI,article_like
B03051,1,1,SINGLETON,AVAILABLE,1,1,SINGLETON,article_like
B03052,1,1,SINGLETON,AVAILABLE,1,1,SINGLETON,article_like
B03053,1,1,SINGLETON,AVAILABLE,1,1,SINGLETON,article_like
B03054,3,3,DOI;PMID;TITLE_EXACT_NORM,AVAILABLE,1,3,DOI,article_like
B03055,1,1,SINGLETON,TITLE_ONLY,0,1,SINGLETON,article_like
B03056,3,3,DOI;PMID;TITLE_EXACT_NORM,AVAILABLE,1,3,DOI,article_like
B03057,1,1,SINGLETON,AVAILABLE,1,1,SINGLETON,article_like
B03058,3,3,DOI;PMID;TITLE_EXACT_NORM,AVAILABLE,1,3,DOI,article_like
B03059,3,3,DOI;PMID;TITLE_EXACT_NORM,AVAILABLE,1,3,DOI,article_like
B03060,3,3,DOI;PMID;TITLE_EXACT_NORM,AVAILABLE,1,3,DOI,article_like
B03061,2,2,DOI;TITLE_EXACT_NORM,AVAILABLE,1,2,DOI,article_like
B03062,3,3,DOI;PMID;TITLE_EXACT_NORM,AVAILABLE,1,3,DOI,article_like
B03063,1,1,SINGLETON,AVAILABLE,1,1,SINGLETON,article_like
B03064,1,1,SINGLETON,TITLE_ONLY,0,1,SINGLETON,conference
B03065,1,1,SINGLETON,AVAILABLE,1,1,SINGLETON,article_like
B03066,2,2,DOI;PMID;TITLE_EXACT_NORM,AVAILABLE,1,2,DOI,article_like
B03067,1,1,SINGLETON,AVAILABLE,1,1,SINGLETON,article_like
B03068,3,3,DOI;PMID;TITLE_EXACT_NORM,AVAILABLE,1,3,DOI,article_like
B03069,2,2,DOI;PMID;TITLE_EXACT_NORM,AVAILABLE,1,2,DOI,article_like
B03070,1,1,SINGLETON,AVAILABLE,1,1,SINGLETON,article_like
B03071,1,1,SINGLETON,AVAILABLE,1,1,SINGLETON,article_like
B03072,1,1,SINGLETON,AVAILABLE,1,1,SINGLETON,article_like
B03073,3,3,DOI;PMID;TITLE_EXACT_NORM,AVAILABLE,1,3,DOI,article_like
B03074,3,3,DOI;PMID;TITLE_EXACT_NORM,AVAILABLE,1,3,DOI,article_like
B03075,1,1,SINGLETON,AVAILABLE,1,1,SINGLETON,article_like
B03076,3,3,DOI;PMID;TITLE_EXACT_NORM,AVAILABLE,1,3,DOI,article_like
B03077,1,1,SINGLETON,AVAILABLE,1,1,SINGLETON,article_like
B03078,3,3,DOI;PMID;TITLE_EXACT_NORM,AVAILABLE,1,3,DOI,article_like
B03079,1,1,SINGLETON,AVAILABLE,1,1,SINGLETON,article_like
B03080,3,3,DOI;PMID;TITLE_EXACT_NORM,AVAILABLE,1,3,DOI,article_like
B03081,1,1,SINGLETON,AVAILABLE,1,1,SINGLETON,article_like
B03082,2,2,DOI;PMID;TITLE_EXACT_NORM,AVAILABLE,1,2,DOI,article_like
B03083,1,1,SINGLETON,AVAILABLE,1,1,SINGLETON,article_like
B03084,3,3,DOI;PMID;TITLE_EXACT_NORM,AVAILABLE,1,3,DOI,article_like
B03085,3,3,DOI;PMID;TITLE_EXACT_NORM,AVAILABLE,1,3,DOI,article_like
B03086,1,1,SINGLETON,AVAILABLE,1,1,SINGLETON,article_like
B03087,1,1,SINGLETON,AVAILABLE,1,1,SINGLETON,article_like
B03088,3,3,DOI;PMID;TITLE_EXACT_NORM,AVAILABLE,1,3,DOI,article_like
B03089,1,1,SINGLETON,TITLE_ONLY,0,1,SINGLETON,article_like
B03090,1,1,SINGLETON,AVAILABLE,1,1,SINGLETON,article_like
B03091,3,3,DOI;PMID;TITLE_EXACT_NORM,AVAILABLE,1,3,DOI,article_like
B03092,1,1,SINGLETON,AVAILABLE,1,1,SINGLETON,article_like
B03093,2,2,DOI;PMID;TITLE_EXACT_NORM,AVAILABLE,1,2,DOI,article_like
B03094,1,1,SINGLETON,AVAILABLE,1,1,SINGLETON,article_like
B03095,1,1,SINGLETON,AVAILABLE,1,1,SINGLETON,article_like
B03096,3,3,DOI;PMID;TITLE_EXACT_NORM,AVAILABLE,1,3,DOI,article_like
B03097,3,3,DOI;PMID;TITLE_EXACT_NORM,AVAILABLE,1,3,DOI,article_like
B03098,1,1,SINGLETON,AVAILABLE,1,1,SINGLETON,article_like
B03099,3,3,DOI;PMID;TITLE_EXACT_NORM,AVAILABLE,1,3,DOI,article_like
B03100,3,3,DOI;PMID;TITLE_EXACT_NORM,AVAILABLE,1,3,DOI,article_like
B03101,1,1,SINGLETON,AVAILABLE,1,1,SINGLETON,article_like
B03102,1,1,SINGLETON,AVAILABLE,1,1,SINGLETON,article_like
B03103,1,1,SINGLETON,AVAILABLE,1,1,SINGLETON,article_like
B03104,3,3,DOI;PMID;TITLE_EXACT_NORM,AVAILABLE,1,3,DOI,article_like
B03105,3,3,DOI;PMID;TITLE_EXACT_NORM,AVAILABLE,1,3,DOI,article_like
B03106,2,2,DOI;TITLE_EXACT_NORM,AVAILABLE,1,2,DOI,article_like
B03107,2,2,DOI;TITLE_EXACT_NORM,AVAILABLE,1,2,DOI,article_like
B03108,1,1,SINGLETON,TITLE_ONLY,0,1,SINGLETON,article_like
B03109,1,1,SINGLETON,AVAILABLE,1,1,SINGLETON,article_like
B03110,1,1,SINGLETON,TITLE_ONLY,0,1,SINGLETON,article_like
B03111,1,1,SINGLETON,AVAILABLE,1,1,SINGLETON,article_like
B03112,3,3,DOI;PMID;TITLE_EXACT_NORM,AVAILABLE,1,3,DOI,article_like
B03113,1,1,SINGLETON,AVAILABLE,1,1,SINGLETON,article_like
B03114,3,3,DOI;PMID;TITLE_EXACT_NORM,AVAILABLE,1,3,DOI,article_like
B03115,1,1,SINGLETON,AVAILABLE,1,1,SINGLETON,article_like
B03116,3,3,DOI;PMID;TITLE_EXACT_NORM,AVAILABLE,1,3,DOI,article_like
B03117,3,3,DOI;PMID;TITLE_EXACT_NORM,AVAILABLE,1,3,DOI,article_like
B03118,1,1,SINGLETON,TITLE_ONLY,0,1,SINGLETON,conference
B03119,2,2,DOI;PMID;TITLE_EXACT_NORM,TITLE_ONLY,0,2,DOI,article_like
B03120,1,1,SINGLETON,AVAILABLE,1,1,SINGLETON,article_like
B03121,3,3,DOI;PMID;TITLE_EXACT_NORM,AVAILABLE,1,3,DOI,article_like
B03122,3,3,DOI;PMID;TITLE_EXACT_NORM,AVAILABLE,1,3,DOI,article_like
B03123,3,3,DOI;PMID;TITLE_EXACT_NORM,AVAILABLE,1,3,DOI,article_like
B03124,3,3,DOI;PMID;TITLE_EXACT_NORM,AVAILABLE,1,3,DOI,article_like
B03125,2,2,DOI;PMID;TITLE_EXACT_NORM,AVAILABLE,1,2,DOI,article_like
B03126,3,3,DOI;PMID;TITLE_EXACT_NORM,AVAILABLE,1,3,DOI,article_like
B03127,3,3,DOI;PMID;TITLE_EXACT_NORM,AVAILABLE,1,3,DOI,article_like
B03128,3,3,DOI;PMID;TITLE_EXACT_NORM,AVAILABLE,1,3,DOI,article_like
B03129,1,1,SINGLETON,AVAILABLE,1,1,SINGLETON,article_like
B03130,2,2,DOI;TITLE_EXACT_NORM,AVAILABLE,1,2,DOI,article_like
B03131,3,3,DOI;PMID;TITLE_EXACT_NORM,AVAILABLE,1,3,DOI,article_like
B03132,3,3,DOI;PMID;TITLE_EXACT_NORM,AVAILABLE,1,3,DOI,article_like
B03133,3,3,DOI;PMID;TITLE_EXACT_NORM,AVAILABLE,1,3,DOI,article_like
B03134,1,1,SINGLETON,AVAILABLE,1,1,SINGLETON,article_like
B03135,3,3,DOI;PMID;TITLE_EXACT_NORM,AVAILABLE,1,3,DOI,article_like
B03136,3,3,DOI;PMID;TITLE_EXACT_NORM,AVAILABLE,1,3,DOI,article_like
B03137,1,1,SINGLETON,AVAILABLE,1,1,SINGLETON,article_like
B03138,3,3,DOI;PMID;TITLE_EXACT_NORM,AVAILABLE,1,3,DOI,article_like
B03139,3,3,DOI;PMID;TITLE_EXACT_NORM,AVAILABLE,1,3,DOI,article_like
B03140,3,3,DOI;PMID;TITLE_EXACT_NORM,AVAILABLE,1,3,DOI,article_like
B03141,1,1,SINGLETON,AVAILABLE,1,1,SINGLETON,article_like
B03142,3,3,DOI;PMID;TITLE_EXACT_NORM,AVAILABLE,1,3,DOI,article_like
B03143,3,3,DOI;PMID;TITLE_EXACT_NORM,AVAILABLE,1,3,DOI,article_like
B03144,1,1,SINGLETON,AVAILABLE,1,1,SINGLETON,article_like
B03145,1,1,SINGLETON,AVAILABLE,1,1,SINGLETON,article_like
B03146,3,3,DOI;PMID;TITLE_EXACT_NORM,AVAILABLE,1,3,DOI,article_like
B03147,1,1,SINGLETON,AVAILABLE,1,1,SINGLETON,article_like
B03148,1,1,SINGLETON,AVAILABLE,1,1,SINGLETON,article_like
B03149,1,1,SINGLETON,AVAILABLE,1,1,SINGLETON,article_like
B03150,1,1,SINGLETON,AVAILABLE,1,1,SINGLETON,article_like
B03151,3,3,DOI;PMID;TITLE_EXACT_NORM,AVAILABLE,1,3,DOI,article_like
B03152,3,3,DOI;PMID;TITLE_EXACT_NORM,AVAILABLE,1,3,DOI,article_like
B03153,1,1,SINGLETON,TITLE_ONLY,0,1,SINGLETON,conference
B03154,2,2,DOI;PMID;TITLE_EXACT_NORM,AVAILABLE,1,2,DOI,article_like
B03155,1,1,SINGLETON,AVAILABLE,1,1,SINGLETON,conference
B03156,2,2,DOI;TITLE_EXACT_NORM,AVAILABLE,1,2,DOI,article_like
B03157,2,2,DOI;TITLE_EXACT_NORM,AVAILABLE,1,2,DOI,article_like
B03158,3,3,DOI;PMID;TITLE_EXACT_NORM,AVAILABLE,1,3,DOI,article_like
B03159,3,3,DOI;PMID;TITLE_EXACT_NORM,AVAILABLE,1,3,DOI,article_like
B03160,1,1,SINGLETON,AVAILABLE,1,1,SINGLETON,article_like
B03161,3,3,DOI;PMID;TITLE_EXACT_NORM,AVAILABLE,1,3,DOI,article_like
B03162,3,3,DOI;PMID;TITLE_EXACT_NORM,AVAILABLE,1,3,DOI,article_like
B03163,1,1,SINGLETON,AVAILABLE,1,1,SINGLETON,article_like
B03164,3,3,DOI;PMID;TITLE_EXACT_NORM,AVAILABLE,1,3,DOI,article_like
B03165,3,3,DOI;PMID;TITLE_EXACT_NORM,AVAILABLE,1,3,DOI,article_like
B03166,3,3,DOI;PMID;TITLE_EXACT_NORM,AVAILABLE,1,3,DOI,article_like
B03167,3,3,DOI;PMID;TITLE_EXACT_NORM,AVAILABLE,1,3,DOI,article_like
B03168,1,1,SINGLETON,AVAILABLE,1,1,SINGLETON,article_like
B03169,2,2,DOI;TITLE_EXACT_NORM,AVAILABLE,1,2,DOI,article_like
B03170,3,3,DOI;PMID;TITLE_EXACT_NORM,AVAILABLE,1,3,DOI,article_like
B03171,3,3,DOI;PMID;TITLE_EXACT_NORM,AVAILABLE,1,3,DOI,article_like
B03172,1,1,SINGLETON,AVAILABLE,1,1,SINGLETON,article_like
B03173,3,3,DOI;PMID;TITLE_EXACT_NORM,AVAILABLE,1,3,DOI,article_like
B03174,1,1,SINGLETON,AVAILABLE,1,1,SINGLETON,article_like
B03175,3,3,DOI;PMID;TITLE_EXACT_NORM,AVAILABLE,1,3,DOI,article_like
B03176,3,3,DOI;PMID;TITLE_EXACT_NORM,AVAILABLE,1,3,DOI,article_like
B03177,2,2,DOI;TITLE_EXACT_NORM,AVAILABLE,1,2,DOI,article_like
B03178,2,2,DOI;PMID;TITLE_EXACT_NORM,AVAILABLE,1,2,DOI,article_like
B03179,3,3,DOI;PMID;TITLE_EXACT_NORM,AVAILABLE,1,3,DOI,article_like
B03180,3,3,DOI;PMID;TITLE_EXACT_NORM,AVAILABLE,1,3,DOI,article_like
B03181,3,3,DOI;PMID;TITLE_EXACT_NORM,AVAILABLE,1,3,DOI,article_like
B03182,1,1,SINGLETON,AVAILABLE,1,1,SINGLETON,article_like
B03183,1,1,SINGLETON,TITLE_ONLY,0,1,SINGLETON,conference
B03184,1,1,SINGLETON,AVAILABLE,1,1,SINGLETON,article_like
B03185,1,1,SINGLETON,AVAILABLE,1,1,SINGLETON,article_like
B03186,1,1,SINGLETON,AVAILABLE,1,1,SINGLETON,article_like
B03187,3,3,DOI;PMID;TITLE_EXACT_NORM,AVAILABLE,1,3,DOI,article_like
B03188,3,3,DOI;PMID;TITLE_EXACT_NORM,AVAILABLE,1,3,DOI,article_like
B03189,1,1,SINGLETON,AVAILABLE,1,1,SINGLETON,article_like
B03190,1,1,SINGLETON,AVAILABLE,1,1,SINGLETON,article_like
B03191,3,3,DOI;PMID;TITLE_EXACT_NORM,AVAILABLE,1,3,DOI,article_like
B03192,2,2,DOI;TITLE_EXACT_NORM,AVAILABLE,1,2,DOI,article_like
B03193,3,3,DOI;PMID;TITLE_EXACT_NORM,AVAILABLE,1,3,DOI,article_like
B03194,1,1,SINGLETON,AVAILABLE,1,1,SINGLETON,article_like
B03195,2,2,DOI;TITLE_EXACT_NORM,AVAILABLE,1,2,DOI,article_like
B03196,1,1,SINGLETON,AVAILABLE,1,1,SINGLETON,article_like
B03197,1,1,SINGLETON,AVAILABLE,1,1,SINGLETON,article_like
B03198,3,3,DOI;PMID;TITLE_EXACT_NORM,AVAILABLE,1,3,DOI,article_like
B03199,1,1,SINGLETON,AVAILABLE,1,1,SINGLETON,article_like
B03200,1,1,SINGLETON,AVAILABLE,1,1,SINGLETON,article_like
B03201,3,3,DOI;PMID;TITLE_EXACT_NORM,AVAILABLE,1,3,DOI,article_like
B03202,2,2,DOI;PMID;TITLE_EXACT_NORM,AVAILABLE,1,2,DOI,article_like
B03203,1,1,SINGLETON,AVAILABLE,1,1,SINGLETON,article_like
B03204,2,2,DOI;PMID;TITLE_EXACT_NORM,AVAILABLE,1,2,DOI,article_like
B03205,1,1,SINGLETON,AVAILABLE,1,1,SINGLETON,conference
B03206,3,3,DOI;PMID;TITLE_EXACT_NORM,AVAILABLE,1,3,DOI,article_like
B03207,1,1,SINGLETON,AVAILABLE,1,1,SINGLETON,article_like
B03208,3,3,DOI;PMID;TITLE_EXACT_NORM,AVAILABLE,1,3,DOI,article_like
B03209,3,3,DOI;PMID;TITLE_EXACT_NORM,AVAILABLE,1,3,DOI,article_like
B03210,3,3,DOI;PMID;TITLE_EXACT_NORM,AVAILABLE,1,3,DOI,article_like
B03211,2,2,DOI;PMID;TITLE_EXACT_NORM,AVAILABLE,1,2,DOI,article_like
B03212,2,2,DOI;PMID;TITLE_EXACT_NORM,AVAILABLE,1,2,DOI,article_like
B03213,3,3,DOI;PMID;TITLE_EXACT_NORM,AVAILABLE,1,3,DOI,article_like
B03214,1,1,SINGLETON,AVAILABLE,1,1,SINGLETON,article_like
B03215,1,1,SINGLETON,AVAILABLE,1,1,SINGLETON,article_like
B03216,3,3,DOI;PMID;TITLE_EXACT_NORM,AVAILABLE,1,3,DOI,article_like
B03217,1,1,SINGLETON,TITLE_ONLY,0,1,SINGLETON,article_like
B03218,3,3,DOI;PMID;TITLE_EXACT_NORM,AVAILABLE,1,3,DOI,article_like
B03219,3,3,DOI;PMID;TITLE_EXACT_NORM,AVAILABLE,1,3,DOI,article_like
B03220,3,3,DOI;PMID;TITLE_EXACT_NORM,AVAILABLE,1,3,DOI,article_like
B03221,3,3,DOI;PMID;TITLE_EXACT_NORM,AVAILABLE,1,3,DOI,article_like
B03222,2,2,DOI;TITLE_EXACT_NORM,AVAILABLE,1,2,DOI,article_like
B03223,1,1,SINGLETON,AVAILABLE,1,1,SINGLETON,article_like
B03224,3,3,DOI;PMID;TITLE_EXACT_NORM,AVAILABLE,1,3,DOI,article_like
B03225,1,1,SINGLETON,AVAILABLE,1,1,SINGLETON,article_like
B03226,3,3,DOI;PMID;TITLE_EXACT_NORM,AVAILABLE,1,3,DOI,article_like
B03227,3,3,DOI;PMID;TITLE_EXACT_NORM,AVAILABLE,1,3,DOI,article_like
B03228,1,1,SINGLETON,AVAILABLE,1,1,SINGLETON,article_like
B03229,1,1,SINGLETON,AVAILABLE,1,1,SINGLETON,article_like
B03230,1,1,SINGLETON,AVAILABLE,1,1,SINGLETON,article_like
B03231,1,1,SINGLETON,AVAILABLE,1,1,SINGLETON,article_like
B03232,1,1,SINGLETON,AVAILABLE,1,1,SINGLETON,article_like
B03233,1,1,SINGLETON,AVAILABLE,1,1,SINGLETON,article_like
B03234,1,1,SINGLETON,AVAILABLE,1,1,SINGLETON,article_like
B03235,1,1,SINGLETON,AVAILABLE,1,1,SINGLETON,article_like
B03236,1,1,SINGLETON,AVAILABLE,1,1,SINGLETON,article_like
B03237,1,1,SINGLETON,TITLE_ONLY,0,1,SINGLETON,conference
B03238,2,2,DOI;PMID;TITLE_EXACT_NORM,AVAILABLE,1,2,DOI,article_like
B03239,3,3,DOI;PMID;TITLE_EXACT_NORM,AVAILABLE,1,3,DOI,article_like
B03240,3,3,DOI;PMID;TITLE_EXACT_NORM,AVAILABLE,1,3,DOI,article_like
B03241,1,1,SINGLETON,AVAILABLE,1,1,SINGLETON,article_like
B03242,3,3,DOI;PMID;TITLE_EXACT_NORM,AVAILABLE,1,3,DOI,article_like
B03243,3,3,DOI;PMID;TITLE_EXACT_NORM,AVAILABLE,1,3,DOI,article_like
B03244,3,3,DOI;PMID;TITLE_EXACT_NORM,AVAILABLE,1,3,DOI,article_like
B03245,3,3,DOI;PMID;TITLE_EXACT_NORM,AVAILABLE,1,3,DOI,article_like
B03246,1,1,SINGLETON,AVAILABLE,1,1,SINGLETON,article_like
B03247,3,3,DOI;PMID;TITLE_EXACT_NORM,AVAILABLE,1,3,DOI,article_like
B03248,1,1,SINGLETON,AVAILABLE,1,1,SINGLETON,article_like
B03249,3,3,DOI;PMID;TITLE_EXACT_NORM,AVAILABLE,1,3,DOI,article_like
B03250,3,3,DOI;PMID;TITLE_EXACT_NORM,AVAILABLE,1,3,DOI,article_like
B03251,3,3,DOI;PMID;TITLE_EXACT_NORM,AVAILABLE,1,3,DOI,article_like
B03252,3,3,DOI;PMID;TITLE_EXACT_NORM,AVAILABLE,1,3,DOI,article_like
B03253,3,3,DOI;PMID;TITLE_EXACT_NORM,AVAILABLE,1,3,DOI,article_like
B03254,1,1,SINGLETON,AVAILABLE,1,1,SINGLETON,article_like
B03255,1,1,SINGLETON,AVAILABLE,1,1,SINGLETON,article_like
B03256,1,1,SINGLETON,AVAILABLE,1,1,SINGLETON,article_like
B03257,1,1,SINGLETON,AVAILABLE,1,1,SINGLETON,article_like
B03258,3,3,DOI;PMID;TITLE_EXACT_NORM,AVAILABLE,1,3,DOI,article_like
B03259,1,1,SINGLETON,AVAILABLE,1,1,SINGLETON,article_like
B03260,1,1,SINGLETON,AVAILABLE,1,1,SINGLETON,article_like
B03261,1,1,SINGLETON,AVAILABLE,1,1,SINGLETON,article_like
B03262,1,1,SINGLETON,AVAILABLE,1,1,SINGLETON,article_like
B03263,3,3,DOI;PMID;TITLE_EXACT_NORM,AVAILABLE,1,3,DOI,article_like
B03264,1,1,SINGLETON,AVAILABLE,1,1,SINGLETON,article_like
B03265,1,1,SINGLETON,AVAILABLE,1,1,SINGLETON,article_like
B03266,3,3,DOI;PMID;TITLE_EXACT_NORM,AVAILABLE,1,3,DOI,article_like
B03267,2,2,DOI;PMID;TITLE_EXACT_NORM,AVAILABLE,1,2,DOI,article_like
B03268,1,1,SINGLETON,TITLE_ONLY,0,1,SINGLETON,conference
B03269,1,1,SINGLETON,TITLE_ONLY,0,1,SINGLETON,conference
B03270,3,3,DOI;PMID;TITLE_EXACT_NORM,AVAILABLE,1,3,DOI,article_like
B03271,3,3,DOI;PMID;TITLE_EXACT_NORM,AVAILABLE,1,3,DOI,article_like
B03272,1,1,SINGLETON,AVAILABLE,1,1,SINGLETON,article_like
B03273,3,3,DOI;PMID;TITLE_EXACT_NORM,AVAILABLE,1,3,DOI,article_like
B03274,1,1,SINGLETON,AVAILABLE,1,1,SINGLETON,article_like
B03275,3,3,DOI;PMID;TITLE_EXACT_NORM,AVAILABLE,1,3,DOI,article_like
B03276,3,3,DOI;PMID;TITLE_EXACT_NORM,AVAILABLE,1,3,DOI,article_like
B03277,3,3,DOI;PMID;TITLE_EXACT_NORM,AVAILABLE,1,3,DOI,article_like
B03278,3,3,DOI;PMID;TITLE_EXACT_NORM,AVAILABLE,1,3,DOI,article_like
B03279,1,1,SINGLETON,AVAILABLE,1,1,SINGLETON,article_like
B03280,1,1,SINGLETON,AVAILABLE,1,1,SINGLETON,article_like
B03281,1,1,SINGLETON,AVAILABLE,1,1,SINGLETON,article_like
B03282,3,3,DOI;PMID;TITLE_EXACT_NORM,AVAILABLE,1,3,DOI,article_like
B03283,1,1,SINGLETON,AVAILABLE,1,1,SINGLETON,article_like
B03284,1,1,SINGLETON,AVAILABLE,1,1,SINGLETON,article_like
B03285,3,3,DOI;PMID;TITLE_EXACT_NORM,AVAILABLE,1,3,DOI,article_like
B03286,3,3,DOI;PMID;TITLE_EXACT_NORM,AVAILABLE,1,3,DOI,article_like
B03287,3,3,DOI;PMID;TITLE_EXACT_NORM,AVAILABLE,1,3,DOI,article_like
B03288,1,1,SINGLETON,AVAILABLE,1,1,SINGLETON,article_like
B03289,1,1,SINGLETON,AVAILABLE,1,1,SINGLETON,article_like
B03290,3,3,DOI;PMID;TITLE_EXACT_NORM,AVAILABLE,1,3,DOI,article_like
B03291,1,1,SINGLETON,AVAILABLE,1,1,SINGLETON,article_like
B03292,3,3,DOI;PMID;TITLE_EXACT_NORM,AVAILABLE,1,3,DOI,article_like
B03293,1,1,SINGLETON,AVAILABLE,1,1,SINGLETON,article_like
B03294,1,1,SINGLETON,AVAILABLE,1,1,SINGLETON,article_like
B03295,3,3,DOI;PMID;TITLE_EXACT_NORM,AVAILABLE,1,3,DOI,article_like
B03296,1,1,SINGLETON,AVAILABLE,1,1,SINGLETON,article_like
B03297,1,1,SINGLETON,AVAILABLE,1,1,SINGLETON,article_like
B03298,3,3,DOI;PMID;TITLE_EXACT_NORM,AVAILABLE,1,3,DOI,article_like
B03299,3,3,DOI;PMID;TITLE_EXACT_NORM,AVAILABLE,1,3,DOI,article_like
B03300,3,3,DOI;PMID;TITLE_EXACT_NORM,AVAILABLE,1,3,DOI,article_like
B03301,1,1,SINGLETON,AVAILABLE,1,1,SINGLETON,article_like
B03302,1,1,SINGLETON,AVAILABLE,1,1,SINGLETON,article_like
B03303,1,1,SINGLETON,AVAILABLE,1,1,SINGLETON,article_like
B03304,1,1,SINGLETON,AVAILABLE,1,1,SINGLETON,article_like
B03305,2,2,DOI;PMID;TITLE_EXACT_NORM,AVAILABLE,1,2,DOI,article_like
B03306,1,1,SINGLETON,AVAILABLE,1,1,SINGLETON,article_like
B03307,3,3,DOI;PMID;TITLE_EXACT_NORM,AVAILABLE,1,3,DOI,article_like
B03308,2,2,DOI;PMID;TITLE_EXACT_NORM,AVAILABLE,1,2,DOI,article_like
B03309,3,3,DOI;PMID;TITLE_EXACT_NORM,AVAILABLE,1,3,DOI,article_like
B03310,1,1,SINGLETON,AVAILABLE,1,1,SINGLETON,article_like
B03311,1,1,SINGLETON,AVAILABLE,1,1,SINGLETON,article_like
B03312,1,1,SINGLETON,AVAILABLE,1,1,SINGLETON,article_like
B03313,3,3,DOI;PMID;TITLE_EXACT_NORM,AVAILABLE,1,3,DOI,article_like
B03314,3,3,DOI;PMID;TITLE_EXACT_NORM,AVAILABLE,1,3,DOI,article_like
B03315,2,2,DOI;PMID;TITLE_EXACT_NORM,AVAILABLE,1,2,DOI,article_like
B03316,3,3,DOI;PMID;TITLE_EXACT_NORM,AVAILABLE,1,3,DOI,article_like
B03317,3,3,DOI;PMID;TITLE_EXACT_NORM,AVAILABLE,1,3,DOI,article_like
B03318,1,1,SINGLETON,TITLE_ONLY,0,1,SINGLETON,conference
B03319,2,2,DOI;TITLE_EXACT_NORM,AVAILABLE,1,2,DOI,article_like
B03320,3,3,DOI;PMID;TITLE_EXACT_NORM,AVAILABLE,1,3,DOI,article_like
B03321,1,1,SINGLETON,AVAILABLE,1,1,SINGLETON,article_like
B03322,1,1,SINGLETON,AVAILABLE,1,1,SINGLETON,article_like
B03323,3,3,DOI;PMID;TITLE_EXACT_NORM,AVAILABLE,1,3,DOI,article_like
B03324,3,3,DOI;PMID;TITLE_EXACT_NORM,AVAILABLE,1,3,DOI,article_like
B03325,1,1,SINGLETON,AVAILABLE,1,1,SINGLETON,article_like
B03326,1,1,SINGLETON,TITLE_ONLY,0,1,SINGLETON,conference
B03327,2,2,DOI;PMID;TITLE_EXACT_NORM,AVAILABLE,1,2,DOI,article_like
B03328,3,3,DOI;PMID;TITLE_EXACT_NORM,AVAILABLE,1,3,DOI,article_like
B03329,1,1,SINGLETON,AVAILABLE,1,1,SINGLETON,article_like
B03330,1,1,SINGLETON,AVAILABLE,1,1,SINGLETON,article_like
B03331,3,3,DOI;PMID;TITLE_EXACT_NORM,AVAILABLE,1,3,DOI,article_like
B03332,3,3,DOI;PMID;TITLE_EXACT_NORM,AVAILABLE,1,3,DOI,article_like
B03333,3,3,DOI;PMID;TITLE_EXACT_NORM,AVAILABLE,1,3,DOI,article_like
B03334,1,1,SINGLETON,TITLE_ONLY,0,1,SINGLETON,article_like
B03335,1,1,SINGLETON,AVAILABLE,1,1,SINGLETON,article_like
B03336,1,1,SINGLETON,AVAILABLE,1,1,SINGLETON,article_like
B03337,2,2,DOI;PMID;TITLE_EXACT_NORM,AVAILABLE,1,2,DOI,article_like
B03338,3,3,DOI;PMID;TITLE_EXACT_NORM,AVAILABLE,1,3,DOI,article_like
B03339,1,1,SINGLETON,AVAILABLE,1,1,SINGLETON,article_like
B03340,1,1,SINGLETON,AVAILABLE,1,1,SINGLETON,article_like
B03341,1,1,SINGLETON,AVAILABLE,1,1,SINGLETON,article_like
B03342,1,1,SINGLETON,AVAILABLE,1,1,SINGLETON,article_like
B03343,1,1,SINGLETON,AVAILABLE,1,1,SINGLETON,article_like
B03344,1,1,SINGLETON,AVAILABLE,1,1,SINGLETON,article_like
B03345,1,1,SINGLETON,AVAILABLE,1,1,SINGLETON,article_like
B03346,1,1,SINGLETON,AVAILABLE,1,1,SINGLETON,article_like
B03347,1,1,SINGLETON,AVAILABLE,1,1,SINGLETON,article_like
B03348,2,2,DOI;TITLE_EXACT_NORM,AVAILABLE,1,2,DOI,article_like
B03349,3,3,DOI;PMID;TITLE_EXACT_NORM,AVAILABLE,1,3,DOI,article_like
B03350,1,1,SINGLETON,AVAILABLE,1,1,SINGLETON,article_like
B03351,1,1,SINGLETON,AVAILABLE,1,1,SINGLETON,article_like
B03352,3,3,DOI;PMID;TITLE_EXACT_NORM,AVAILABLE,1,3,DOI,article_like
B03353,3,3,DOI;PMID;TITLE_EXACT_NORM,AVAILABLE,1,3,DOI,article_like
B03354,2,2,DOI,AVAILABLE,1,2,DOI,correction
B03355,3,3,DOI;PMID;TITLE_EXACT_NORM,AVAILABLE,1,3,DOI,article_like
B03356,3,3,DOI;PMID;TITLE_EXACT_NORM,AVAILABLE,1,3,DOI,article_like
B03357,3,3,DOI;PMID;TITLE_EXACT_NORM,AVAILABLE,1,3,DOI,article_like
B03358,3,3,DOI;PMID;TITLE_EXACT_NORM,AVAILABLE,1,3,DOI,article_like
B03359,1,1,SINGLETON,AVAILABLE,1,1,SINGLETON,article_like
B03360,1,1,SINGLETON,AVAILABLE,1,1,SINGLETON,article_like
B03361,3,3,DOI;PMID;TITLE_EXACT_NORM,AVAILABLE,1,3,DOI,article_like
B03362,3,3,DOI;PMID;TITLE_EXACT_NORM,AVAILABLE,1,3,DOI,article_like
B03363,2,2,DOI;PMID;TITLE_EXACT_NORM,AVAILABLE,1,2,DOI,article_like
B03364,3,3,DOI;PMID;TITLE_EXACT_NORM,AVAILABLE,1,3,DOI,article_like
B03365,3,3,DOI;PMID;TITLE_EXACT_NORM,AVAILABLE,1,3,DOI,article_like
B03366,1,1,SINGLETON,AVAILABLE,1,1,SINGLETON,article_like
B03367,1,1,SINGLETON,AVAILABLE,1,1,SINGLETON,article_like
B03368,3,3,DOI;PMID;TITLE_EXACT_NORM,AVAILABLE,1,3,DOI,article_like
B03369,3,3,DOI;PMID;TITLE_EXACT_NORM,AVAILABLE,1,3,DOI,article_like
B03370,1,1,SINGLETON,AVAILABLE,1,1,SINGLETON,article_like
B03371,3,3,DOI;PMID;TITLE_EXACT_NORM,AVAILABLE,1,3,DOI,article_like
B03372,3,3,DOI;PMID;TITLE_EXACT_NORM,AVAILABLE,1,3,DOI,article_like
B03373,3,3,DOI;PMID;TITLE_EXACT_NORM,AVAILABLE,1,3,DOI,article_like
B03374,3,3,DOI;PMID;TITLE_EXACT_NORM,AVAILABLE,1,3,DOI,article_like
B03375,1,1,SINGLETON,AVAILABLE,1,1,SINGLETON,article_like
B03376,1,1,SINGLETON,AVAILABLE,1,1,SINGLETON,article_like
B03377,3,3,DOI;PMID;TITLE_EXACT_NORM,AVAILABLE,1,3,DOI,article_like
B03378,1,1,SINGLETON,AVAILABLE,1,1,SINGLETON,article_like
B03379,3,3,DOI;PMID;TITLE_EXACT_NORM,AVAILABLE,1,3,DOI,article_like
B03380,3,3,DOI;PMID;TITLE_EXACT_NORM,AVAILABLE,1,3,DOI,article_like
B03381,3,3,DOI;PMID;TITLE_EXACT_NORM,AVAILABLE,1,3,DOI,article_like
B03382,3,3,DOI;PMID;TITLE_EXACT_NORM,AVAILABLE,1,3,DOI,article_like
B03383,3,3,DOI;PMID;TITLE_EXACT_NORM,AVAILABLE,1,3,DOI,article_like
B03384,2,2,DOI;PMID;TITLE_EXACT_NORM,AVAILABLE,1,2,DOI,article_like
B03385,3,3,DOI;PMID;TITLE_EXACT_NORM,AVAILABLE,1,3,DOI,article_like
B03386,3,3,DOI;PMID;TITLE_EXACT_NORM,AVAILABLE,1,3,DOI,article_like
B03387,3,3,DOI;PMID;TITLE_EXACT_NORM,AVAILABLE,1,3,DOI,article_like
B03388,3,3,DOI;PMID;TITLE_EXACT_NORM,AVAILABLE,1,3,DOI,article_like
B03389,1,1,SINGLETON,AVAILABLE,1,1,SINGLETON,article_like
B03390,1,1,SINGLETON,AVAILABLE,1,1,SINGLETON,article_like
B03391,3,3,DOI;PMID;TITLE_EXACT_NORM,AVAILABLE,1,3,DOI,article_like
B03392,3,3,DOI;PMID;TITLE_EXACT_NORM,AVAILABLE,1,3,DOI,article_like
B03393,1,1,SINGLETON,AVAILABLE,1,1,SINGLETON,article_like
B03394,2,2,DOI;PMID;TITLE_EXACT_NORM,AVAILABLE,1,2,DOI,article_like
B03395,3,3,DOI;PMID;TITLE_EXACT_NORM,AVAILABLE,1,3,DOI,article_like
B03396,1,1,SINGLETON,AVAILABLE,1,1,SINGLETON,article_like
B03397,1,1,SINGLETON,AVAILABLE,1,1,SINGLETON,article_like
B03398,2,2,DOI;PMID;TITLE_EXACT_NORM,AVAILABLE,1,2,DOI,article_like
B03399,1,1,SINGLETON,AVAILABLE,1,1,SINGLETON,article_like
B03400,2,2,DOI;PMID;TITLE_EXACT_NORM,AVAILABLE,1,2,DOI,article_like
B03401,1,1,SINGLETON,AVAILABLE,1,1,SINGLETON,article_like
B03402,1,1,SINGLETON,AVAILABLE,1,1,SINGLETON,article_like
B03403,1,1,SINGLETON,AVAILABLE,1,1,SINGLETON,article_like
B03404,1,1,SINGLETON,AVAILABLE,1,1,SINGLETON,article_like
B03405,3,3,DOI;PMID;TITLE_EXACT_NORM,AVAILABLE,1,3,DOI,article_like
B03406,1,1,SINGLETON,AVAILABLE,1,1,SINGLETON,article_like
B03407,1,1,SINGLETON,AVAILABLE,1,1,SINGLETON,article_like
B03408,3,3,DOI;PMID;TITLE_EXACT_NORM,AVAILABLE,1,3,DOI,article_like
B03409,1,1,SINGLETON,AVAILABLE,1,1,SINGLETON,article_like
B03410,1,1,SINGLETON,AVAILABLE,1,1,SINGLETON,article_like
B03411,1,1,SINGLETON,AVAILABLE,1,1,SINGLETON,article_like
B03412,1,1,SINGLETON,AVAILABLE,1,1,SINGLETON,article_like
B03413,1,1,SINGLETON,TITLE_ONLY,0,1,SINGLETON,conference
B03414,1,1,SINGLETON,AVAILABLE,1,1,SINGLETON,article_like
B03415,1,1,SINGLETON,AVAILABLE,1,1,SINGLETON,article_like
B03416,1,1,SINGLETON,AVAILABLE,1,1,SINGLETON,article_like
B03417,1,1,SINGLETON,AVAILABLE,1,1,SINGLETON,article_like
B03418,3,3,DOI;PMID;TITLE_EXACT_NORM,AVAILABLE,1,3,DOI,article_like
B03419,1,1,SINGLETON,TITLE_ONLY,0,1,SINGLETON,conference
B03420,3,3,DOI;PMID;TITLE_EXACT_NORM,AVAILABLE,1,3,DOI,article_like
B03421,2,2,DOI;PMID;TITLE_EXACT_NORM,AVAILABLE,1,2,DOI,article_like
B03422,3,3,DOI;PMID;TITLE_EXACT_NORM,AVAILABLE,1,3,DOI,article_like
B03423,1,1,SINGLETON,AVAILABLE,1,1,SINGLETON,article_like
B03424,3,3,DOI;PMID;TITLE_EXACT_NORM,AVAILABLE,1,3,DOI,article_like
B03425,3,3,DOI;PMID;TITLE_EXACT_NORM,AVAILABLE,1,3,DOI,article_like
B03426,1,1,SINGLETON,AVAILABLE,1,1,SINGLETON,article_like
B03427,1,1,SINGLETON,AVAILABLE,1,1,SINGLETON,article_like
B03428,3,3,DOI;PMID;TITLE_EXACT_NORM,AVAILABLE,1,3,DOI,article_like
B03429,3,3,DOI;PMID;TITLE_EXACT_NORM,AVAILABLE,1,3,DOI,article_like
B03430,1,1,SINGLETON,AVAILABLE,1,1,SINGLETON,article_like
B03431,3,3,DOI;PMID;TITLE_EXACT_NORM,AVAILABLE,1,3,DOI,article_like
B03432,3,3,DOI;PMID;TITLE_EXACT_NORM,AVAILABLE,1,3,DOI,article_like
B03433,3,3,DOI;PMID;TITLE_EXACT_NORM,AVAILABLE,1,3,DOI,article_like
B03434,1,1,SINGLETON,AVAILABLE,1,1,SINGLETON,article_like
B03435,3,3,DOI;PMID;TITLE_EXACT_NORM,AVAILABLE,1,3,DOI,article_like
B03436,3,3,DOI;PMID;TITLE_EXACT_NORM,AVAILABLE,1,3,DOI,article_like
B03437,3,3,DOI;PMID;TITLE_EXACT_NORM,AVAILABLE,1,3,DOI,article_like
B03438,1,1,SINGLETON,AVAILABLE,1,1,SINGLETON,article_like
B03439,1,1,SINGLETON,TITLE_ONLY,0,1,SINGLETON,conference
B03440,1,1,SINGLETON,AVAILABLE,1,1,SINGLETON,article_like
B03441,3,3,DOI;PMID;TITLE_EXACT_NORM,AVAILABLE,1,3,DOI,article_like
B03442,3,3,DOI;PMID;TITLE_EXACT_NORM,AVAILABLE,1,3,DOI,article_like
B03443,3,3,DOI;PMID;TITLE_EXACT_NORM,AVAILABLE,1,3,DOI,article_like
B03444,1,1,SINGLETON,TITLE_ONLY,0,1,SINGLETON,conference
B03445,2,2,DOI;PMID;TITLE_EXACT_NORM,AVAILABLE,1,2,DOI,article_like
B03446,1,1,SINGLETON,AVAILABLE,1,1,SINGLETON,article_like
B03447,1,1,SINGLETON,AVAILABLE,1,1,SINGLETON,article_like
B03448,3,3,DOI;PMID;TITLE_EXACT_NORM,AVAILABLE,1,3,DOI,article_like
B03449,3,3,DOI;PMID;TITLE_EXACT_NORM,AVAILABLE,1,3,DOI,article_like
B03450,1,1,SINGLETON,AVAILABLE,1,1,SINGLETON,article_like
B03451,1,1,SINGLETON,AVAILABLE,1,1,SINGLETON,article_like
B03452,3,3,DOI;PMID;TITLE_EXACT_NORM,AVAILABLE,1,3,DOI,article_like
B03453,1,1,SINGLETON,AVAILABLE,1,1,SINGLETON,article_like
B03454,1,1,SINGLETON,AVAILABLE,1,1,SINGLETON,article_like
B03455,1,1,SINGLETON,AVAILABLE,1,1,SINGLETON,article_like
B03456,1,1,SINGLETON,AVAILABLE,1,1,SINGLETON,article_like
B03457,3,3,DOI;PMID;TITLE_EXACT_NORM,AVAILABLE,1,3,DOI,article_like
B03458,3,3,DOI;PMID;TITLE_EXACT_NORM,AVAILABLE,1,3,DOI,article_like
B03459,1,1,SINGLETON,AVAILABLE,1,1,SINGLETON,article_like
B03460,1,1,SINGLETON,TITLE_ONLY,0,1,SINGLETON,conference
B03461,1,1,SINGLETON,TITLE_ONLY,0,1,SINGLETON,conference
B03462,3,3,DOI;PMID;TITLE_EXACT_NORM,AVAILABLE,1,3,DOI,article_like
B03463,1,1,SINGLETON,AVAILABLE,1,1,SINGLETON,article_like
B03464,1,1,SINGLETON,AVAILABLE,1,1,SINGLETON,article_like
B03465,1,1,SINGLETON,AVAILABLE,1,1,SINGLETON,article_like
B03466,1,1,SINGLETON,AVAILABLE,1,1,SINGLETON,article_like
B03467,3,3,DOI;PMID;TITLE_EXACT_NORM,AVAILABLE,1,3,DOI,article_like
B03468,3,3,DOI;PMID;TITLE_EXACT_NORM,AVAILABLE,1,3,DOI,article_like
B03469,3,3,DOI;PMID;TITLE_EXACT_NORM,AVAILABLE,1,3,DOI,article_like
B03470,3,3,DOI;PMID;TITLE_EXACT_NORM,AVAILABLE,1,3,DOI,article_like
B03471,1,1,SINGLETON,TITLE_ONLY,0,1,SINGLETON,article_like
B03472,3,3,DOI;PMID;TITLE_EXACT_NORM,AVAILABLE,1,3,DOI,article_like
B03473,3,3,DOI;PMID;TITLE_EXACT_NORM,AVAILABLE,1,3,DOI,article_like
B03474,3,3,DOI;PMID;TITLE_EXACT_NORM,AVAILABLE,1,3,DOI,article_like
B03475,3,3,DOI;PMID;TITLE_EXACT_NORM,AVAILABLE,1,3,DOI,article_like
B03476,1,1,SINGLETON,TITLE_ONLY,0,1,SINGLETON,conference
B03477,1,1,SINGLETON,TITLE_ONLY,0,1,SINGLETON,article_like
B03478,1,1,SINGLETON,AVAILABLE,1,1,SINGLETON,article_like
B03479,3,3,DOI;PMID;TITLE_EXACT_NORM,AVAILABLE,1,3,DOI,article_like
B03480,1,1,SINGLETON,AVAILABLE,1,1,SINGLETON,article_like
B03481,1,1,SINGLETON,AVAILABLE,1,1,SINGLETON,article_like
B03482,2,2,TITLE_EXACT_NORM,AVAILABLE,1,2,TITLE_EXACT_NORM,article_like
B03483,3,3,DOI;PMID;TITLE_EXACT_NORM,AVAILABLE,1,3,DOI,article_like
B03484,3,3,DOI;PMID;TITLE_EXACT_NORM,AVAILABLE,1,3,DOI,article_like
B03485,1,1,SINGLETON,AVAILABLE,1,1,SINGLETON,article_like
B03486,1,1,SINGLETON,AVAILABLE,1,1,SINGLETON,article_like
B03487,3,3,DOI;PMID;TITLE_EXACT_NORM,AVAILABLE,1,3,DOI,article_like
B03488,1,1,SINGLETON,AVAILABLE,1,1,SINGLETON,article_like
B03489,1,1,SINGLETON,TITLE_ONLY,0,1,SINGLETON,conference
B03490,1,1,SINGLETON,AVAILABLE,1,1,SINGLETON,article_like
B03491,1,1,SINGLETON,AVAILABLE,1,1,SINGLETON,article_like
B03492,1,1,SINGLETON,AVAILABLE,1,1,SINGLETON,article_like
B03493,1,1,SINGLETON,AVAILABLE,1,1,SINGLETON,article_like
B03494,3,3,DOI;PMID;TITLE_EXACT_NORM,AVAILABLE,1,3,DOI,article_like
B03495,3,3,DOI;PMID;TITLE_EXACT_NORM,AVAILABLE,1,3,DOI,correction
B03496,1,1,SINGLETON,AVAILABLE,1,1,SINGLETON,correction
B03497,1,1,SINGLETON,AVAILABLE,1,1,SINGLETON,correction
B03498,3,3,DOI;PMID,AVAILABLE,1,3,DOI,correction
B03499,3,3,DOI;PMID,AVAILABLE,1,3,DOI,correction
B03500,3,3,DOI;PMID,AVAILABLE,1,3,DOI,correction
B03501,1,1,SINGLETON,AVAILABLE,1,1,SINGLETON,correction
B03502,1,1,SINGLETON,AVAILABLE,1,1,SINGLETON,article_like
B03503,3,3,DOI;PMID,AVAILABLE,1,3,DOI,correction
B03504,1,1,SINGLETON,AVAILABLE,1,1,SINGLETON,correction
B03505,3,3,DOI;PMID,AVAILABLE,1,3,DOI,correction
B03506,3,3,DOI;PMID,AVAILABLE,1,3,DOI,correction
B03507,1,1,SINGLETON,AVAILABLE,1,1,SINGLETON,article_like
B03508,1,1,SINGLETON,AVAILABLE,1,1,SINGLETON,article_like
B03509,1,1,SINGLETON,AVAILABLE,1,1,SINGLETON,article_like
B03510,1,1,SINGLETON,AVAILABLE,1,1,SINGLETON,article_like
B03511,1,1,SINGLETON,AVAILABLE,1,1,SINGLETON,article_like
B03512,1,1,SINGLETON,AVAILABLE,1,1,SINGLETON,article_like
B03513,1,1,SINGLETON,AVAILABLE,1,1,SINGLETON,article_like
B03514,1,1,SINGLETON,AVAILABLE,1,1,SINGLETON,article_like
B03515,2,2,DOI;PMID;TITLE_EXACT_NORM,AVAILABLE,1,2,DOI,article_like
B03516,1,1,SINGLETON,AVAILABLE,1,1,SINGLETON,article_like
B03517,1,1,SINGLETON,AVAILABLE,1,1,SINGLETON,article_like
B03518,1,1,SINGLETON,AVAILABLE,1,1,SINGLETON,article_like
B03519,2,2,DOI;TITLE_EXACT_NORM,AVAILABLE,1,2,DOI,article_like
B03520,1,1,SINGLETON,AVAILABLE,1,1,SINGLETON,article_like
B03521,3,3,DOI;PMID;TITLE_EXACT_NORM,AVAILABLE,1,3,DOI,article_like
B03522,1,1,SINGLETON,AVAILABLE,1,1,SINGLETON,article_like
B03523,3,3,DOI;PMID;TITLE_EXACT_NORM,AVAILABLE,1,3,DOI,article_like
B03524,1,1,SINGLETON,AVAILABLE,1,1,SINGLETON,article_like
B03525,1,1,SINGLETON,AVAILABLE,1,1,SINGLETON,article_like
B03526,3,3,DOI;PMID;TITLE_EXACT_NORM,AVAILABLE,1,3,DOI,article_like
B03527,3,3,DOI;PMID;TITLE_EXACT_NORM,AVAILABLE,1,3,DOI,article_like
B03528,1,1,SINGLETON,AVAILABLE,1,1,SINGLETON,article_like
B03529,1,1,SINGLETON,AVAILABLE,1,1,SINGLETON,article_like
B03530,3,3,DOI;PMID;TITLE_EXACT_NORM,AVAILABLE,1,3,DOI,article_like
B03531,1,1,SINGLETON,AVAILABLE,1,1,SINGLETON,article_like
B03532,1,1,SINGLETON,AVAILABLE,1,1,SINGLETON,article_like
B03533,1,1,SINGLETON,AVAILABLE,1,1,SINGLETON,article_like
B03534,1,1,SINGLETON,AVAILABLE,1,1,SINGLETON,article_like
B03535,3,3,DOI;PMID;TITLE_EXACT_NORM,AVAILABLE,1,3,DOI,article_like
B03536,3,3,DOI;PMID;TITLE_EXACT_NORM,AVAILABLE,1,3,DOI,article_like
B03537,3,3,DOI;PMID;TITLE_EXACT_NORM,AVAILABLE,1,3,DOI,article_like
B03538,3,3,DOI;PMID;TITLE_EXACT_NORM,AVAILABLE,1,3,DOI,article_like
B03539,1,1,SINGLETON,AVAILABLE,1,1,SINGLETON,article_like
B03540,1,1,SINGLETON,AVAILABLE,1,1,SINGLETON,article_like
B03541,1,1,SINGLETON,AVAILABLE,1,1,SINGLETON,article_like
B03542,1,1,SINGLETON,AVAILABLE,1,1,SINGLETON,article_like
B03543,2,2,DOI;PMID;TITLE_EXACT_NORM,AVAILABLE,1,2,DOI,article_like
B03544,1,1,SINGLETON,AVAILABLE,1,1,SINGLETON,article_like
B03545,1,1,SINGLETON,TITLE_ONLY,0,1,SINGLETON,conference
B03546,1,1,SINGLETON,TITLE_ONLY,0,1,SINGLETON,conference
B03547,3,3,DOI;PMID;TITLE_EXACT_NORM,AVAILABLE,1,3,DOI,article_like
B03548,3,3,DOI;PMID;TITLE_EXACT_NORM,AVAILABLE,1,3,DOI,article_like
B03549,3,3,DOI;PMID;TITLE_EXACT_NORM,AVAILABLE,1,3,DOI,article_like
B03550,3,3,DOI;PMID;TITLE_EXACT_NORM,AVAILABLE,1,3,DOI,article_like
B03551,2,2,DOI;PMID;TITLE_EXACT_NORM,AVAILABLE,1,2,DOI,article_like
B03552,1,1,SINGLETON,AVAILABLE,1,1,SINGLETON,article_like
B03553,3,3,DOI;PMID;TITLE_EXACT_NORM,AVAILABLE,1,3,DOI,article_like
B03554,1,1,SINGLETON,AVAILABLE,1,1,SINGLETON,article_like
B03555,1,1,SINGLETON,AVAILABLE,1,1,SINGLETON,article_like
B03556,1,1,SINGLETON,AVAILABLE,1,1,SINGLETON,article_like
B03557,3,3,DOI;PMID;TITLE_EXACT_NORM,AVAILABLE,1,3,DOI,article_like
B03558,1,1,SINGLETON,AVAILABLE,1,1,SINGLETON,article_like
B03559,1,1,SINGLETON,AVAILABLE,1,1,SINGLETON,article_like
B03560,3,3,DOI;PMID;TITLE_EXACT_NORM,AVAILABLE,1,3,DOI,article_like
B03561,3,3,DOI;PMID;TITLE_EXACT_NORM,AVAILABLE,1,3,DOI,article_like
B03562,1,1,SINGLETON,AVAILABLE,1,1,SINGLETON,article_like
B03563,2,2,DOI;PMID;TITLE_EXACT_NORM,TITLE_ONLY,0,2,DOI,article_like
B03564,3,3,DOI;PMID;TITLE_EXACT_NORM,AVAILABLE,1,3,DOI,article_like
B03565,3,3,DOI;PMID;TITLE_EXACT_NORM,AVAILABLE,1,3,DOI,article_like
B03566,1,1,SINGLETON,TITLE_ONLY,0,1,SINGLETON,conference
B03567,3,3,DOI;PMID;TITLE_EXACT_NORM,AVAILABLE,1,3,DOI,article_like
B03568,3,3,DOI;PMID;TITLE_EXACT_NORM,AVAILABLE,1,3,DOI,article_like
B03569,1,1,SINGLETON,AVAILABLE,1,1,SINGLETON,article_like
B03570,3,3,DOI;PMID;TITLE_EXACT_NORM,AVAILABLE,1,3,DOI,article_like
B03571,3,3,DOI;PMID;TITLE_EXACT_NORM,AVAILABLE,1,3,DOI,article_like
B03572,1,1,SINGLETON,AVAILABLE,1,1,SINGLETON,article_like
B03573,3,3,DOI;PMID;TITLE_EXACT_NORM,AVAILABLE,1,3,DOI,article_like
B03574,3,3,DOI;PMID;TITLE_EXACT_NORM,AVAILABLE,1,3,DOI,article_like
B03575,3,3,DOI;PMID;TITLE_EXACT_NORM,AVAILABLE,1,3,DOI,article_like
B03576,1,1,SINGLETON,AVAILABLE,1,1,SINGLETON,article_like
B03577,3,3,DOI;PMID;TITLE_EXACT_NORM,AVAILABLE,1,3,DOI,article_like
B03578,3,3,DOI;PMID;TITLE_EXACT_NORM,AVAILABLE,1,3,DOI,article_like
B03579,3,3,DOI;PMID;TITLE_EXACT_NORM,AVAILABLE,1,3,DOI,article_like
B03580,1,1,SINGLETON,AVAILABLE,1,1,SINGLETON,article_like
B03581,3,3,DOI;PMID;TITLE_EXACT_NORM,AVAILABLE,1,3,DOI,article_like
B03582,3,3,DOI;PMID;TITLE_EXACT_NORM,AVAILABLE,1,3,DOI,article_like
B03583,1,1,SINGLETON,AVAILABLE,1,1,SINGLETON,article_like
B03584,3,3,DOI;PMID;TITLE_EXACT_NORM,AVAILABLE,1,3,DOI,article_like
B03585,3,3,DOI;PMID;TITLE_EXACT_NORM,AVAILABLE,1,3,DOI,article_like
B03586,1,1,SINGLETON,TITLE_ONLY,0,1,SINGLETON,article_like
B03587,1,1,SINGLETON,TITLE_ONLY,0,1,SINGLETON,article_like
B03588,1,1,SINGLETON,TITLE_ONLY,0,1,SINGLETON,article_like
B03589,1,1,SINGLETON,TITLE_ONLY,0,1,SINGLETON,article_like
B03590,1,1,SINGLETON,TITLE_ONLY,0,1,SINGLETON,article_like
B03591,1,1,SINGLETON,TITLE_ONLY,0,1,SINGLETON,article_like
B03592,1,1,SINGLETON,TITLE_ONLY,0,1,SINGLETON,article_like
B03593,1,1,SINGLETON,TITLE_ONLY,0,1,SINGLETON,article_like
B03594,1,1,SINGLETON,TITLE_ONLY,0,1,SINGLETON,article_like
B03595,1,1,SINGLETON,TITLE_ONLY,0,1,SINGLETON,article_like
B03596,1,1,SINGLETON,TITLE_ONLY,0,1,SINGLETON,article_like
B03597,1,1,SINGLETON,TITLE_ONLY,0,1,SINGLETON,article_like
B03598,1,1,SINGLETON,TITLE_ONLY,0,1,SINGLETON,article_like
B03599,1,1,SINGLETON,TITLE_ONLY,0,1,SINGLETON,article_like
B03600,3,3,DOI;PMID;TITLE_EXACT_NORM,TITLE_ONLY,0,3,DOI,article_like
B03601,1,1,SINGLETON,TITLE_ONLY,0,1,SINGLETON,conference
B03602,3,3,DOI;PMID;TITLE_EXACT_NORM,AVAILABLE,1,3,DOI,article_like
B03603,1,1,SINGLETON,AVAILABLE,1,1,SINGLETON,article_like
B03604,3,3,DOI;PMID;TITLE_EXACT_NORM,AVAILABLE,1,3,DOI,article_like
B03605,3,3,DOI;PMID;TITLE_EXACT_NORM,AVAILABLE,1,3,DOI,article_like
B03606,1,1,SINGLETON,AVAILABLE,1,1,SINGLETON,article_like
B03607,3,3,DOI;PMID;TITLE_EXACT_NORM,AVAILABLE,1,3,DOI,article_like
B03608,2,2,DOI;PMID;TITLE_EXACT_NORM,AVAILABLE,1,2,DOI,article_like
B03609,2,2,DOI;TITLE_EXACT_NORM,AVAILABLE,1,2,DOI,article_like
B03610,2,2,TITLE_EXACT_NORM,AVAILABLE,1,2,TITLE_EXACT_NORM,article_like
B03611,1,1,SINGLETON,AVAILABLE,1,1,SINGLETON,article_like
B03612,1,1,SINGLETON,TITLE_ONLY,0,1,SINGLETON,conference
B03613,3,3,DOI;PMID;TITLE_EXACT_NORM,AVAILABLE,1,3,DOI,article_like
B03614,3,3,DOI;PMID;TITLE_EXACT_NORM,AVAILABLE,1,3,DOI,article_like
B03615,3,3,DOI;PMID;TITLE_EXACT_NORM,AVAILABLE,1,3,DOI,article_like
B03616,3,3,DOI;PMID;TITLE_EXACT_NORM,AVAILABLE,1,3,DOI,article_like
B03617,3,3,DOI;PMID;TITLE_EXACT_NORM,AVAILABLE,1,3,DOI,article_like
B03618,2,2,DOI;TITLE_EXACT_NORM,AVAILABLE,1,2,DOI,article_like
B03619,3,3,DOI;PMID;TITLE_EXACT_NORM,AVAILABLE,1,3,DOI,article_like
B03620,1,1,SINGLETON,AVAILABLE,1,1,SINGLETON,article_like
B03621,3,3,DOI;PMID;TITLE_EXACT_NORM,AVAILABLE,1,3,DOI,article_like
B03622,1,1,SINGLETON,AVAILABLE,1,1,SINGLETON,article_like
B03623,1,1,SINGLETON,AVAILABLE,1,1,SINGLETON,article_like
B03624,3,3,DOI;PMID;TITLE_EXACT_NORM,AVAILABLE,1,3,DOI,article_like
B03625,3,3,DOI;PMID;TITLE_EXACT_NORM,AVAILABLE,1,3,DOI,article_like
B03626,3,3,DOI;PMID;TITLE_EXACT_NORM,AVAILABLE,1,3,DOI,article_like
B03627,1,1,SINGLETON,AVAILABLE,1,1,SINGLETON,article_like
B03628,1,1,SINGLETON,AVAILABLE,1,1,SINGLETON,article_like
B03629,1,1,SINGLETON,AVAILABLE,1,1,SINGLETON,article_like
B03630,3,3,DOI;PMID;TITLE_EXACT_NORM,AVAILABLE,1,3,DOI,article_like
B03631,1,1,SINGLETON,AVAILABLE,1,1,SINGLETON,article_like
B03632,1,1,SINGLETON,AVAILABLE,1,1,SINGLETON,article_like
B03633,3,3,DOI;PMID;TITLE_EXACT_NORM,AVAILABLE,1,3,DOI,article_like
B03634,3,3,DOI;PMID;TITLE_EXACT_NORM,AVAILABLE,1,3,DOI,article_like
B03635,3,3,DOI;PMID;TITLE_EXACT_NORM,AVAILABLE,1,3,DOI,article_like
B03636,3,3,DOI;PMID;TITLE_EXACT_NORM,AVAILABLE,1,3,DOI,article_like
B03637,1,1,SINGLETON,AVAILABLE,1,1,SINGLETON,article_like
B03638,1,1,SINGLETON,AVAILABLE,1,1,SINGLETON,article_like
B03639,3,3,DOI;PMID;TITLE_EXACT_NORM,AVAILABLE,1,3,DOI,article_like
B03640,3,3,DOI;PMID;TITLE_EXACT_NORM,AVAILABLE,1,3,DOI,article_like
B03641,1,1,SINGLETON,AVAILABLE,1,1,SINGLETON,article_like
B03642,3,3,DOI;PMID;TITLE_EXACT_NORM,AVAILABLE,1,3,DOI,article_like
B03643,1,1,SINGLETON,AVAILABLE,1,1,SINGLETON,article_like
B03644,1,1,SINGLETON,TITLE_ONLY,0,1,SINGLETON,conference
B03645,2,2,DOI;PMID;TITLE_EXACT_NORM,AVAILABLE,1,2,DOI,article_like
B03646,3,3,DOI;PMID;TITLE_EXACT_NORM,AVAILABLE,1,3,DOI,article_like
B03647,1,1,SINGLETON,AVAILABLE,1,1,SINGLETON,article_like
B03648,1,1,SINGLETON,TITLE_ONLY,0,1,SINGLETON,conference
B03649,1,1,SINGLETON,AVAILABLE,1,1,SINGLETON,article_like
B03650,1,1,SINGLETON,AVAILABLE,1,1,SINGLETON,article_like
B03651,1,1,SINGLETON,AVAILABLE,1,1,SINGLETON,article_like
B03652,2,2,DOI;PMID;TITLE_EXACT_NORM,AVAILABLE,1,2,DOI,article_like
B03653,1,1,SINGLETON,AVAILABLE,1,1,SINGLETON,article_like
B03654,3,3,DOI;PMID;TITLE_EXACT_NORM,AVAILABLE,1,3,DOI,article_like
B03655,3,3,DOI;PMID;TITLE_EXACT_NORM,AVAILABLE,1,3,DOI,article_like
B03656,3,3,DOI;PMID;TITLE_EXACT_NORM,AVAILABLE,1,3,DOI,article_like
B03657,1,1,SINGLETON,TITLE_ONLY,0,1,SINGLETON,conference
B03658,1,1,SINGLETON,AVAILABLE,1,1,SINGLETON,article_like
B03659,2,2,DOI;PMID;TITLE_EXACT_NORM,AVAILABLE,1,2,DOI,article_like
B03660,3,3,DOI;PMID;TITLE_EXACT_NORM,AVAILABLE,1,3,DOI,article_like
B03661,3,3,DOI;PMID;TITLE_EXACT_NORM,AVAILABLE,1,3,DOI,article_like
B03662,1,1,SINGLETON,AVAILABLE,1,1,SINGLETON,article_like
B03663,3,3,DOI;PMID;TITLE_EXACT_NORM,AVAILABLE,1,3,DOI,article_like
B03664,3,3,DOI;PMID;TITLE_EXACT_NORM,AVAILABLE,1,3,DOI,article_like
B03665,1,1,SINGLETON,AVAILABLE,1,1,SINGLETON,article_like
B03666,1,1,SINGLETON,AVAILABLE,1,1,SINGLETON,article_like
B03667,3,3,DOI;PMID;TITLE_EXACT_NORM,AVAILABLE,1,3,DOI,article_like
B03668,1,1,SINGLETON,AVAILABLE,1,1,SINGLETON,article_like
B03669,3,3,DOI;PMID;TITLE_EXACT_NORM,AVAILABLE,1,3,DOI,article_like
B03670,1,1,SINGLETON,AVAILABLE,1,1,SINGLETON,article_like
B03671,3,3,DOI;PMID;TITLE_EXACT_NORM,AVAILABLE,1,3,DOI,article_like
B03672,1,1,SINGLETON,AVAILABLE,1,1,SINGLETON,article_like
B03673,1,1,SINGLETON,AVAILABLE,1,1,SINGLETON,article_like
B03674,1,1,SINGLETON,AVAILABLE,1,1,SINGLETON,article_like
B03675,1,1,SINGLETON,AVAILABLE,1,1,SINGLETON,article_like
B03676,3,3,DOI;PMID;TITLE_EXACT_NORM,AVAILABLE,1,3,DOI,article_like
B03677,1,1,SINGLETON,TITLE_ONLY,0,1,SINGLETON,conference
B03678,2,2,DOI;TITLE_EXACT_NORM,AVAILABLE,1,2,DOI,article_like
B03679,1,1,SINGLETON,AVAILABLE,1,1,SINGLETON,article_like
B03680,2,2,DOI;PMID;TITLE_EXACT_NORM,AVAILABLE,1,2,DOI,article_like
B03681,1,1,SINGLETON,TITLE_ONLY,0,1,SINGLETON,conference
B03682,3,3,DOI;PMID;TITLE_EXACT_NORM,AVAILABLE,1,3,DOI,article_like
B03683,1,1,SINGLETON,TITLE_ONLY,0,1,SINGLETON,conference
B03684,1,1,SINGLETON,AVAILABLE,1,1,SINGLETON,article_like
B03685,1,1,SINGLETON,AVAILABLE,1,1,SINGLETON,article_like
B03686,1,1,SINGLETON,AVAILABLE,1,1,SINGLETON,article_like
B03687,3,3,DOI;PMID;TITLE_EXACT_NORM,AVAILABLE,1,3,DOI,article_like
B03688,1,1,SINGLETON,AVAILABLE,1,1,SINGLETON,article_like
B03689,3,3,DOI;PMID;TITLE_EXACT_NORM,AVAILABLE,1,3,DOI,article_like
B03690,3,3,DOI;PMID;TITLE_EXACT_NORM,AVAILABLE,1,3,DOI,article_like
B03691,1,1,SINGLETON,AVAILABLE,1,1,SINGLETON,article_like
B03692,1,1,SINGLETON,AVAILABLE,1,1,SINGLETON,article_like
B03693,3,3,DOI;PMID;TITLE_EXACT_NORM,AVAILABLE,1,3,DOI,article_like
B03694,1,1,SINGLETON,AVAILABLE,1,1,SINGLETON,article_like
B03695,1,1,SINGLETON,AVAILABLE,1,1,SINGLETON,article_like
B03696,3,3,DOI;PMID;TITLE_EXACT_NORM,AVAILABLE,1,3,DOI,article_like
B03697,3,3,DOI;PMID;TITLE_EXACT_NORM,AVAILABLE,1,3,DOI,article_like
B03698,1,1,SINGLETON,TITLE_ONLY,0,1,SINGLETON,conference
B03699,1,1,SINGLETON,AVAILABLE,1,1,SINGLETON,article_like
B03700,1,1,SINGLETON,TITLE_ONLY,0,1,SINGLETON,conference
B03701,1,1,SINGLETON,TITLE_ONLY,0,1,SINGLETON,conference
B03702,2,2,DOI;PMID;TITLE_EXACT_NORM,AVAILABLE,1,2,DOI,article_like
B03703,3,3,DOI;PMID;TITLE_EXACT_NORM,AVAILABLE,1,3,DOI,article_like
B03704,1,1,SINGLETON,AVAILABLE,1,1,SINGLETON,article_like
B03705,3,3,DOI;PMID;TITLE_EXACT_NORM,AVAILABLE,1,3,DOI,article_like
B03706,3,3,DOI;PMID;TITLE_EXACT_NORM,AVAILABLE,1,3,DOI,article_like
B03707,3,3,DOI;PMID;TITLE_EXACT_NORM,AVAILABLE,1,3,DOI,article_like
B03708,3,3,DOI;PMID;TITLE_EXACT_NORM,AVAILABLE,1,3,DOI,article_like
B03709,3,3,DOI;PMID;TITLE_EXACT_NORM,AVAILABLE,1,3,DOI,article_like
B03710,3,3,DOI;PMID;TITLE_EXACT_NORM,AVAILABLE,1,3,DOI,article_like
B03711,3,3,DOI;PMID;TITLE_EXACT_NORM,AVAILABLE,1,3,DOI,article_like
B03712,3,3,DOI;PMID;TITLE_EXACT_NORM,AVAILABLE,1,3,DOI,article_like
B03713,1,1,SINGLETON,AVAILABLE,1,1,SINGLETON,article_like
B03714,1,1,SINGLETON,TITLE_ONLY,0,1,SINGLETON,conference
B03715,1,1,SINGLETON,AVAILABLE,1,1,SINGLETON,article_like
B03716,1,1,SINGLETON,TITLE_ONLY,0,1,SINGLETON,conference
B03717,3,3,DOI;PMID;TITLE_EXACT_NORM,AVAILABLE,1,3,DOI,article_like
B03718,1,1,SINGLETON,TITLE_ONLY,0,1,SINGLETON,conference
B03719,3,3,DOI;PMID;TITLE_EXACT_NORM,AVAILABLE,1,3,DOI,article_like
B03720,2,2,DOI;TITLE_EXACT_NORM,AVAILABLE,1,2,DOI,article_like
B03721,3,3,DOI;PMID;TITLE_EXACT_NORM,AVAILABLE,1,3,DOI,article_like
B03722,3,3,DOI;PMID;TITLE_EXACT_NORM,AVAILABLE,1,3,DOI,article_like
B03723,3,3,DOI;PMID;TITLE_EXACT_NORM,AVAILABLE,1,3,DOI,article_like
B03724,1,1,SINGLETON,TITLE_ONLY,0,1,SINGLETON,conference
B03725,3,3,DOI;PMID;TITLE_EXACT_NORM,AVAILABLE,1,3,DOI,article_like
B03726,3,3,DOI;PMID;TITLE_EXACT_NORM,AVAILABLE,1,3,DOI,article_like
B03727,3,3,DOI;PMID;TITLE_EXACT_NORM,AVAILABLE,1,3,DOI,article_like
B03728,3,3,DOI;PMID;TITLE_EXACT_NORM,AVAILABLE,1,3,DOI,article_like
B03729,3,3,DOI;PMID;TITLE_EXACT_NORM,AVAILABLE,1,3,DOI,article_like
B03730,2,2,DOI;TITLE_EXACT_NORM,AVAILABLE,1,2,DOI,article_like
B03731,3,3,DOI;PMID;TITLE_EXACT_NORM,AVAILABLE,1,3,DOI,article_like
B03732,1,1,SINGLETON,AVAILABLE,1,1,SINGLETON,article_like
B03733,2,2,DOI;PMID;TITLE_EXACT_NORM,AVAILABLE,1,2,DOI,article_like
B03734,3,3,DOI;PMID;TITLE_EXACT_NORM,AVAILABLE,1,3,DOI,article_like
B03735,1,1,SINGLETON,AVAILABLE,1,1,SINGLETON,article_like
B03736,1,1,SINGLETON,AVAILABLE,1,1,SINGLETON,article_like
B03737,2,2,DOI;PMID;TITLE_EXACT_NORM,AVAILABLE,1,2,DOI,article_like
B03738,3,3,DOI;PMID;TITLE_EXACT_NORM,AVAILABLE,1,3,DOI,article_like
B03739,1,1,SINGLETON,AVAILABLE,1,1,SINGLETON,article_like
B03740,3,3,DOI;PMID;TITLE_EXACT_NORM,AVAILABLE,1,3,DOI,article_like
B03741,1,1,SINGLETON,AVAILABLE,1,1,SINGLETON,article_like
B03742,3,3,DOI;PMID;TITLE_EXACT_NORM,AVAILABLE,1,3,DOI,article_like
B03743,3,3,DOI;PMID;TITLE_EXACT_NORM,AVAILABLE,1,3,DOI,article_like
B03744,1,1,SINGLETON,AVAILABLE,1,1,SINGLETON,article_like
B03745,3,3,DOI;PMID;TITLE_EXACT_NORM,AVAILABLE,1,3,DOI,article_like
B03746,2,2,DOI;PMID;TITLE_EXACT_NORM,AVAILABLE,1,2,DOI,article_like
B03747,3,3,DOI;PMID;TITLE_EXACT_NORM,AVAILABLE,1,3,DOI,article_like
B03748,2,2,DOI;TITLE_EXACT_NORM,AVAILABLE,1,2,DOI,article_like
B03749,3,3,DOI;PMID;TITLE_EXACT_NORM,AVAILABLE,1,3,DOI,article_like
B03750,3,3,DOI;PMID;TITLE_EXACT_NORM,TITLE_ONLY,0,3,DOI,article_like
B03751,1,1,SINGLETON,AVAILABLE,1,1,SINGLETON,article_like
B03752,1,1,SINGLETON,AVAILABLE,1,1,SINGLETON,article_like
B03753,1,1,SINGLETON,AVAILABLE,1,1,SINGLETON,article_like
B03754,3,3,DOI;PMID;TITLE_EXACT_NORM,AVAILABLE,1,3,DOI,article_like
B03755,1,1,SINGLETON,AVAILABLE,1,1,SINGLETON,article_like
B03756,3,3,DOI;PMID;TITLE_EXACT_NORM,AVAILABLE,1,3,DOI,article_like
B03757,1,1,SINGLETON,AVAILABLE,1,1,SINGLETON,article_like
B03758,1,1,SINGLETON,AVAILABLE,1,1,SINGLETON,article_like
B03759,3,3,DOI;PMID;TITLE_EXACT_NORM,AVAILABLE,1,3,DOI,article_like
B03760,3,3,DOI;PMID;TITLE_EXACT_NORM,AVAILABLE,1,3,DOI,article_like
B03761,3,3,DOI;PMID;TITLE_EXACT_NORM,AVAILABLE,1,3,DOI,article_like
B03762,3,3,DOI;PMID;TITLE_EXACT_NORM,AVAILABLE,1,3,DOI,article_like
B03763,3,3,DOI;PMID;TITLE_EXACT_NORM,AVAILABLE,1,3,DOI,article_like
B03764,3,3,DOI;PMID;TITLE_EXACT_NORM,TITLE_ONLY,0,3,DOI,article_like
B03765,1,1,SINGLETON,AVAILABLE,1,1,SINGLETON,article_like
B03766,1,1,SINGLETON,AVAILABLE,1,1,SINGLETON,article_like
B03767,3,3,DOI;PMID;TITLE_EXACT_NORM,AVAILABLE,1,3,DOI,article_like
B03768,1,1,SINGLETON,AVAILABLE,1,1,SINGLETON,article_like
B03769,3,3,DOI;PMID;TITLE_EXACT_NORM,AVAILABLE,1,3,DOI,article_like
B03770,1,1,SINGLETON,AVAILABLE,1,1,SINGLETON,article_like
B03771,3,3,DOI;PMID;TITLE_EXACT_NORM,AVAILABLE,1,3,DOI,article_like
B03772,3,3,DOI;PMID;TITLE_EXACT_NORM,AVAILABLE,1,3,DOI,article_like
B03773,3,3,DOI;PMID;TITLE_EXACT_NORM,AVAILABLE,1,3,DOI,article_like
B03774,3,3,DOI;PMID;TITLE_EXACT_NORM,AVAILABLE,1,3,DOI,article_like
B03775,2,2,DOI;PMID;TITLE_EXACT_NORM,AVAILABLE,1,2,DOI,article_like
B03776,3,3,DOI;PMID;TITLE_EXACT_NORM,AVAILABLE,1,3,DOI,article_like
B03777,3,3,DOI;PMID;TITLE_EXACT_NORM,AVAILABLE,1,3,DOI,article_like
B03778,2,2,DOI;TITLE_EXACT_NORM,AVAILABLE,1,2,DOI,article_like
B03779,3,3,DOI;PMID;TITLE_EXACT_NORM,AVAILABLE,1,3,DOI,article_like
B03780,3,3,DOI;PMID;TITLE_EXACT_NORM,AVAILABLE,1,3,DOI,article_like
B03781,1,1,SINGLETON,AVAILABLE,1,1,SINGLETON,article_like
B03782,1,1,SINGLETON,TITLE_ONLY,0,1,SINGLETON,article_like
B03783,1,1,SINGLETON,AVAILABLE,1,1,SINGLETON,article_like
B03784,3,3,DOI;PMID;TITLE_EXACT_NORM,AVAILABLE,1,3,DOI,article_like
B03785,1,1,SINGLETON,TITLE_ONLY,0,1,SINGLETON,article_like
B03786,3,3,DOI;PMID;TITLE_EXACT_NORM,AVAILABLE,1,3,DOI,article_like
B03787,3,3,DOI;PMID;TITLE_EXACT_NORM,AVAILABLE,1,3,DOI,article_like
B03788,1,1,SINGLETON,AVAILABLE,1,1,SINGLETON,article_like
B03789,1,1,SINGLETON,AVAILABLE,1,1,SINGLETON,article_like
B03790,2,2,DOI;PMID;TITLE_EXACT_NORM,AVAILABLE,1,2,DOI,article_like
B03791,2,2,DOI;PMID;TITLE_EXACT_NORM,AVAILABLE,1,2,DOI,article_like
B03792,1,1,SINGLETON,AVAILABLE,1,1,SINGLETON,article_like
B03793,1,1,SINGLETON,TITLE_ONLY,0,1,SINGLETON,conference
B03794,3,3,DOI;PMID;TITLE_EXACT_NORM,AVAILABLE,1,3,DOI,article_like
B03795,3,3,DOI;PMID;TITLE_EXACT_NORM,AVAILABLE,1,3,DOI,article_like
B03796,3,3,DOI;PMID;TITLE_EXACT_NORM,AVAILABLE,1,3,DOI,article_like
B03797,3,3,DOI;PMID;TITLE_EXACT_NORM,AVAILABLE,1,3,DOI,article_like
B03798,3,3,DOI;PMID;TITLE_EXACT_NORM,AVAILABLE,1,3,DOI,article_like
B03799,3,3,DOI;PMID;TITLE_EXACT_NORM,AVAILABLE,1,3,DOI,article_like
B03800,3,3,DOI;PMID;TITLE_EXACT_NORM,AVAILABLE,1,3,DOI,article_like
B03801,1,1,SINGLETON,AVAILABLE,1,1,SINGLETON,article_like
B03802,2,2,DOI;PMID;TITLE_EXACT_NORM,AVAILABLE,1,2,DOI,article_like
B03803,3,3,DOI;PMID;TITLE_EXACT_NORM,AVAILABLE,1,3,DOI,article_like
B03804,1,1,SINGLETON,TITLE_ONLY,0,1,SINGLETON,conference
B03805,1,1,SINGLETON,AVAILABLE,1,1,SINGLETON,article_like
B03806,3,3,DOI;PMID;TITLE_EXACT_NORM,AVAILABLE,1,3,DOI,article_like
B03807,3,3,DOI;PMID;TITLE_EXACT_NORM,AVAILABLE,1,3,DOI,article_like
B03808,3,3,DOI;PMID;TITLE_EXACT_NORM,AVAILABLE,1,3,DOI,article_like
B03809,3,3,DOI;PMID;TITLE_EXACT_NORM,AVAILABLE,1,3,DOI,article_like
B03810,2,2,DOI;PMID;TITLE_EXACT_NORM,AVAILABLE,1,2,DOI,article_like
B03811,1,1,SINGLETON,AVAILABLE,1,1,SINGLETON,article_like
B03812,3,3,DOI;PMID;TITLE_EXACT_NORM,AVAILABLE,1,3,DOI,article_like
B03813,2,2,DOI;PMID;TITLE_EXACT_NORM,AVAILABLE,1,2,DOI,article_like
B03814,3,3,DOI;PMID;TITLE_EXACT_NORM,AVAILABLE,1,3,DOI,article_like
B03815,1,1,SINGLETON,AVAILABLE,1,1,SINGLETON,article_like
B03816,1,1,SINGLETON,AVAILABLE,1,1,SINGLETON,article_like
B03817,3,3,DOI;PMID;TITLE_EXACT_NORM,AVAILABLE,1,3,DOI,article_like
B03818,3,3,DOI;PMID;TITLE_EXACT_NORM,AVAILABLE,1,3,DOI,article_like
B03819,1,1,SINGLETON,AVAILABLE,1,1,SINGLETON,article_like
B03820,1,1,SINGLETON,AVAILABLE,1,1,SINGLETON,article_like
B03821,1,1,SINGLETON,AVAILABLE,1,1,SINGLETON,article_like
B03822,1,1,SINGLETON,AVAILABLE,1,1,SINGLETON,article_like
B03823,3,3,DOI;PMID;TITLE_EXACT_NORM,AVAILABLE,1,3,DOI,article_like
B03824,3,3,DOI;PMID;TITLE_EXACT_NORM,AVAILABLE,1,3,DOI,article_like
B03825,3,3,DOI;PMID;TITLE_EXACT_NORM,AVAILABLE,1,3,DOI,article_like
B03826,3,3,DOI;PMID;TITLE_EXACT_NORM,AVAILABLE,1,3,DOI,article_like
B03827,2,2,DOI;PMID,AVAILABLE,1,2,DOI,article_like
B03828,3,3,DOI;PMID;TITLE_EXACT_NORM,AVAILABLE,1,3,DOI,article_like
B03829,1,1,SINGLETON,AVAILABLE,1,1,SINGLETON,article_like
B03830,1,1,SINGLETON,AVAILABLE,1,1,SINGLETON,article_like
B03831,3,3,DOI;PMID;TITLE_EXACT_NORM,AVAILABLE,1,3,DOI,article_like
B03832,1,1,SINGLETON,AVAILABLE,1,1,SINGLETON,article_like
B03833,2,2,DOI;TITLE_EXACT_NORM,AVAILABLE,1,2,DOI,article_like
B03834,3,3,DOI;PMID;TITLE_EXACT_NORM,AVAILABLE,1,3,DOI,article_like
B03835,1,1,SINGLETON,AVAILABLE,1,1,SINGLETON,article_like
B03836,3,3,DOI;PMID;TITLE_EXACT_NORM,AVAILABLE,1,3,DOI,article_like
B03837,1,1,SINGLETON,AVAILABLE,1,1,SINGLETON,article_like
B03838,3,3,DOI;PMID;TITLE_EXACT_NORM,TITLE_ONLY,0,3,DOI,article_like
B03839,3,3,DOI;PMID;TITLE_EXACT_NORM,AVAILABLE,1,3,DOI,article_like
B03840,1,1,SINGLETON,AVAILABLE,1,1,SINGLETON,article_like
B03841,1,1,SINGLETON,AVAILABLE,1,1,SINGLETON,article_like
B03842,1,1,SINGLETON,AVAILABLE,1,1,SINGLETON,article_like
B03843,3,3,DOI;PMID;TITLE_EXACT_NORM,AVAILABLE,1,3,DOI,article_like
B03844,3,3,DOI;PMID;TITLE_EXACT_NORM,AVAILABLE,1,3,DOI,article_like
B03845,1,1,SINGLETON,AVAILABLE,1,1,SINGLETON,article_like
B03846,3,3,DOI;PMID;TITLE_EXACT_NORM,AVAILABLE,1,3,DOI,article_like
B03847,1,1,SINGLETON,AVAILABLE,1,1,SINGLETON,article_like
B03848,1,1,SINGLETON,AVAILABLE,1,1,SINGLETON,article_like
B03849,3,3,DOI;PMID;TITLE_EXACT_NORM,AVAILABLE,1,3,DOI,article_like
B03850,3,3,DOI;PMID;TITLE_EXACT_NORM,AVAILABLE,1,3,DOI,article_like
B03851,1,1,SINGLETON,TITLE_ONLY,0,1,SINGLETON,conference
B03852,1,1,SINGLETON,TITLE_ONLY,0,1,SINGLETON,conference
B03853,1,1,SINGLETON,AVAILABLE,1,1,SINGLETON,article_like
B03854,1,1,SINGLETON,AVAILABLE,1,1,SINGLETON,article_like
B03855,1,1,SINGLETON,TITLE_ONLY,0,1,SINGLETON,article_like
B03856,3,3,DOI;PMID;TITLE_EXACT_NORM,AVAILABLE,1,3,DOI,article_like
B03857,3,3,DOI;PMID;TITLE_EXACT_NORM,AVAILABLE,1,3,DOI,article_like
B03858,3,3,DOI;PMID;TITLE_EXACT_NORM,AVAILABLE,1,3,DOI,article_like
B03859,3,3,DOI;PMID;TITLE_EXACT_NORM,AVAILABLE,1,3,DOI,article_like
B03860,1,1,SINGLETON,AVAILABLE,1,1,SINGLETON,article_like
B03861,3,3,DOI;PMID;TITLE_EXACT_NORM,AVAILABLE,1,3,DOI,article_like
B03862,1,1,SINGLETON,TITLE_ONLY,0,1,SINGLETON,conference
B03863,3,3,DOI;PMID;TITLE_EXACT_NORM,AVAILABLE,1,3,DOI,article_like
B03864,3,3,DOI;PMID;TITLE_EXACT_NORM,AVAILABLE,1,3,DOI,article_like
B03865,3,3,DOI;PMID;TITLE_EXACT_NORM,AVAILABLE,1,3,DOI,article_like
B03866,1,1,SINGLETON,AVAILABLE,1,1,SINGLETON,article_like
B03867,1,1,SINGLETON,AVAILABLE,1,1,SINGLETON,article_like
B03868,1,1,SINGLETON,AVAILABLE,1,1,SINGLETON,article_like
B03869,3,3,DOI;PMID;TITLE_EXACT_NORM,AVAILABLE,1,3,DOI,article_like
B03870,3,3,DOI;PMID;TITLE_EXACT_NORM,AVAILABLE,1,3,DOI,article_like
B03871,3,3,DOI;PMID;TITLE_EXACT_NORM,AVAILABLE,1,3,DOI,article_like
B03872,3,3,DOI;PMID;TITLE_EXACT_NORM,AVAILABLE,1,3,DOI,article_like
B03873,1,1,SINGLETON,AVAILABLE,1,1,SINGLETON,article_like
B03874,3,3,DOI;PMID;TITLE_EXACT_NORM,AVAILABLE,1,3,DOI,article_like
B03875,3,3,DOI;PMID;TITLE_EXACT_NORM,AVAILABLE,1,3,DOI,article_like
B03876,1,1,SINGLETON,TITLE_ONLY,0,1,SINGLETON,conference
B03877,3,3,DOI;PMID;TITLE_EXACT_NORM,AVAILABLE,1,3,DOI,article_like
B03878,3,3,DOI;PMID;TITLE_EXACT_NORM,AVAILABLE,1,3,DOI,article_like
B03879,1,1,SINGLETON,AVAILABLE,1,1,SINGLETON,article_like
B03880,3,3,DOI;PMID;TITLE_EXACT_NORM,AVAILABLE,1,3,DOI,article_like
B03881,3,3,DOI;PMID;TITLE_EXACT_NORM,AVAILABLE,1,3,DOI,article_like
B03882,3,3,DOI;PMID;TITLE_EXACT_NORM,AVAILABLE,1,3,DOI,article_like
B03883,3,3,DOI;PMID;TITLE_EXACT_NORM,AVAILABLE,1,3,DOI,article_like
B03884,3,3,DOI;PMID;TITLE_EXACT_NORM,AVAILABLE,1,3,DOI,article_like
B03885,3,3,DOI;PMID;TITLE_EXACT_NORM,AVAILABLE,1,3,DOI,article_like
B03886,2,2,DOI;PMID;TITLE_EXACT_NORM,AVAILABLE,1,2,DOI,article_like
B03887,1,1,SINGLETON,AVAILABLE,1,1,SINGLETON,article_like
B03888,1,1,SINGLETON,AVAILABLE,1,1,SINGLETON,article_like
B03889,1,1,SINGLETON,AVAILABLE,1,1,SINGLETON,article_like
B03890,3,3,DOI;PMID;TITLE_EXACT_NORM,AVAILABLE,1,3,DOI,article_like
B03891,3,3,DOI;PMID;TITLE_EXACT_NORM,AVAILABLE,1,3,DOI,article_like
B03892,3,3,DOI;PMID;TITLE_EXACT_NORM,AVAILABLE,1,3,DOI,article_like
B03893,3,3,DOI;PMID;TITLE_EXACT_NORM,AVAILABLE,1,3,DOI,article_like
B03894,2,2,DOI;PMID;TITLE_EXACT_NORM,AVAILABLE,1,2,DOI,article_like
B03895,2,2,DOI;TITLE_EXACT_NORM,AVAILABLE,1,2,DOI,article_like
B03896,3,3,DOI;PMID;TITLE_EXACT_NORM,AVAILABLE,1,3,DOI,article_like
B03897,3,3,DOI;PMID;TITLE_EXACT_NORM,AVAILABLE,1,3,DOI,article_like
B03898,1,1,SINGLETON,AVAILABLE,1,1,SINGLETON,article_like
B03899,3,3,DOI;PMID;TITLE_EXACT_NORM,AVAILABLE,1,3,DOI,article_like
B03900,3,3,DOI;PMID;TITLE_EXACT_NORM,AVAILABLE,1,3,DOI,article_like
B03901,3,3,DOI;PMID;TITLE_EXACT_NORM,AVAILABLE,1,3,DOI,article_like
B03902,3,3,DOI;PMID;TITLE_EXACT_NORM,AVAILABLE,1,3,DOI,article_like
B03903,3,3,DOI;PMID;TITLE_EXACT_NORM,AVAILABLE,1,3,DOI,article_like
B03904,1,1,SINGLETON,AVAILABLE,1,1,SINGLETON,article_like
B03905,1,1,SINGLETON,TITLE_ONLY,0,1,SINGLETON,conference
B03906,2,2,DOI;PMID;TITLE_EXACT_NORM,AVAILABLE,1,2,DOI,article_like
B03907,1,1,SINGLETON,AVAILABLE,1,1,SINGLETON,article_like
B03908,3,3,DOI;PMID;TITLE_EXACT_NORM,AVAILABLE,1,3,DOI,article_like
B03909,3,3,DOI;PMID;TITLE_EXACT_NORM,TITLE_ONLY,0,3,DOI,article_like
B03910,1,1,SINGLETON,TITLE_ONLY,0,1,SINGLETON,conference
B03911,3,3,DOI;PMID;TITLE_EXACT_NORM,AVAILABLE,1,3,DOI,article_like
B03912,3,3,DOI;PMID;TITLE_EXACT_NORM,AVAILABLE,1,3,DOI,article_like
B03913,2,2,DOI;TITLE_EXACT_NORM,AVAILABLE,1,2,DOI,article_like
B03914,3,3,DOI;PMID;TITLE_EXACT_NORM,AVAILABLE,1,3,DOI,article_like
B03915,3,3,DOI;PMID;TITLE_EXACT_NORM,AVAILABLE,1,3,DOI,article_like
B03916,1,1,SINGLETON,AVAILABLE,1,1,SINGLETON,article_like
B03917,3,3,DOI;PMID;TITLE_EXACT_NORM,AVAILABLE,1,3,DOI,article_like
B03918,1,1,SINGLETON,TITLE_ONLY,0,1,SINGLETON,article_like
B03919,1,1,SINGLETON,AVAILABLE,1,1,SINGLETON,article_like
B03920,1,1,SINGLETON,AVAILABLE,1,1,SINGLETON,article_like
B03921,1,1,SINGLETON,AVAILABLE,1,1,SINGLETON,article_like
B03922,3,3,DOI;PMID;TITLE_EXACT_NORM,AVAILABLE,1,3,DOI,article_like
B03923,3,3,DOI;PMID;TITLE_EXACT_NORM,AVAILABLE,1,3,DOI,article_like
B03924,3,3,DOI;PMID;TITLE_EXACT_NORM,AVAILABLE,1,3,DOI,article_like
B03925,1,1,SINGLETON,TITLE_ONLY,0,1,SINGLETON,conference
B03926,2,2,DOI;PMID;TITLE_EXACT_NORM,AVAILABLE,1,2,DOI,article_like
B03927,1,1,SINGLETON,AVAILABLE,1,1,SINGLETON,article_like
B03928,1,1,SINGLETON,AVAILABLE,1,1,SINGLETON,article_like
B03929,3,3,DOI;PMID;TITLE_EXACT_NORM,AVAILABLE,1,3,DOI,article_like
B03930,1,1,SINGLETON,AVAILABLE,1,1,SINGLETON,article_like
B03931,3,3,DOI;PMID;TITLE_EXACT_NORM,AVAILABLE,1,3,DOI,article_like
B03932,1,1,SINGLETON,AVAILABLE,1,1,SINGLETON,article_like
B03933,1,1,SINGLETON,AVAILABLE,1,1,SINGLETON,article_like
B03934,3,3,DOI;PMID;TITLE_EXACT_NORM,AVAILABLE,1,3,DOI,article_like
B03935,1,1,SINGLETON,AVAILABLE,1,1,SINGLETON,article_like
B03936,3,3,DOI;PMID;TITLE_EXACT_NORM,AVAILABLE,1,3,DOI,article_like
B03937,3,3,DOI;PMID;TITLE_EXACT_NORM,AVAILABLE,1,3,DOI,article_like
B03938,1,1,SINGLETON,AVAILABLE,1,1,SINGLETON,article_like
B03939,3,3,DOI;PMID;TITLE_EXACT_NORM,AVAILABLE,1,3,DOI,article_like
B03940,3,3,DOI;PMID;TITLE_EXACT_NORM,AVAILABLE,1,3,DOI,article_like
B03941,3,3,DOI;PMID;TITLE_EXACT_NORM,AVAILABLE,1,3,DOI,article_like
B03942,3,3,DOI;PMID;TITLE_EXACT_NORM,AVAILABLE,1,3,DOI,article_like
B03943,1,1,SINGLETON,AVAILABLE,1,1,SINGLETON,article_like
B03944,1,1,SINGLETON,TITLE_ONLY,0,1,SINGLETON,conference
B03945,1,1,SINGLETON,AVAILABLE,1,1,SINGLETON,article_like
B03946,1,1,SINGLETON,AVAILABLE,1,1,SINGLETON,article_like
B03947,1,1,SINGLETON,AVAILABLE,1,1,SINGLETON,article_like
B03948,3,3,DOI;PMID;TITLE_EXACT_NORM,AVAILABLE,1,3,DOI,article_like
B03949,3,3,DOI;PMID;TITLE_EXACT_NORM,AVAILABLE,1,3,DOI,article_like
B03950,3,3,DOI;PMID;TITLE_EXACT_NORM,AVAILABLE,1,3,DOI,article_like
B03951,1,1,SINGLETON,AVAILABLE,1,1,SINGLETON,article_like
B03952,3,3,DOI;PMID;TITLE_EXACT_NORM,AVAILABLE,1,3,DOI,article_like
B03953,1,1,SINGLETON,AVAILABLE,1,1,SINGLETON,article_like
B03954,1,1,SINGLETON,AVAILABLE,1,1,SINGLETON,article_like
B03955,3,3,DOI;PMID;TITLE_EXACT_NORM,AVAILABLE,1,3,DOI,article_like
B03956,1,1,SINGLETON,AVAILABLE,1,1,SINGLETON,article_like
B03957,1,1,SINGLETON,AVAILABLE,1,1,SINGLETON,article_like
B03958,1,1,SINGLETON,AVAILABLE,1,1,SINGLETON,article_like
B03959,3,3,DOI;PMID;TITLE_EXACT_NORM,AVAILABLE,1,3,DOI,article_like
B03960,3,3,DOI;PMID;TITLE_EXACT_NORM,AVAILABLE,1,3,DOI,article_like
B03961,1,1,SINGLETON,AVAILABLE,1,1,SINGLETON,article_like
B03962,1,1,SINGLETON,AVAILABLE,1,1,SINGLETON,article_like
B03963,3,3,DOI;PMID;TITLE_EXACT_NORM,AVAILABLE,1,3,DOI,article_like
B03964,3,3,DOI;PMID;TITLE_EXACT_NORM,AVAILABLE,1,3,DOI,article_like
B03965,3,3,DOI;PMID;TITLE_EXACT_NORM,AVAILABLE,1,3,DOI,article_like
B03966,3,3,DOI;PMID;TITLE_EXACT_NORM,AVAILABLE,1,3,DOI,article_like
B03967,1,1,SINGLETON,AVAILABLE,1,1,SINGLETON,article_like
B03968,1,1,SINGLETON,AVAILABLE,1,1,SINGLETON,article_like
B03969,1,1,SINGLETON,AVAILABLE,1,1,SINGLETON,article_like
B03970,1,1,SINGLETON,AVAILABLE,1,1,SINGLETON,article_like
B03971,3,3,DOI;PMID;TITLE_EXACT_NORM,AVAILABLE,1,3,DOI,article_like
B03972,1,1,SINGLETON,AVAILABLE,1,1,SINGLETON,article_like
B03973,1,1,SINGLETON,AVAILABLE,1,1,SINGLETON,article_like
B03974,2,2,DOI;TITLE_EXACT_NORM,AVAILABLE,1,2,DOI,article_like
B03975,1,1,SINGLETON,AVAILABLE,1,1,SINGLETON,article_like
B03976,3,3,DOI;PMID;TITLE_EXACT_NORM,AVAILABLE,1,3,DOI,article_like
B03977,3,3,DOI;PMID;TITLE_EXACT_NORM,AVAILABLE,1,3,DOI,article_like
B03978,1,1,SINGLETON,AVAILABLE,1,1,SINGLETON,article_like
B03979,3,3,DOI;PMID;TITLE_EXACT_NORM,AVAILABLE,1,3,DOI,article_like
B03980,3,3,DOI;PMID;TITLE_EXACT_NORM,AVAILABLE,1,3,DOI,article_like
B03981,1,1,SINGLETON,TITLE_ONLY,0,1,SINGLETON,article_like
B03982,1,1,SINGLETON,TITLE_ONLY,0,1,SINGLETON,article_like
B03983,1,1,SINGLETON,TITLE_ONLY,0,1,SINGLETON,article_like
B03984,1,1,SINGLETON,AVAILABLE,1,1,SINGLETON,article_like
B03985,1,1,SINGLETON,AVAILABLE,1,1,SINGLETON,article_like
B03986,3,3,DOI;PMID;TITLE_EXACT_NORM,AVAILABLE,1,3,DOI,article_like
B03987,1,1,SINGLETON,AVAILABLE,1,1,SINGLETON,article_like
B03988,3,3,DOI;PMID;TITLE_EXACT_NORM,AVAILABLE,1,3,DOI,article_like
B03989,2,2,DOI;PMID;TITLE_EXACT_NORM,AVAILABLE,1,2,DOI,article_like
B03990,1,1,SINGLETON,TITLE_ONLY,0,1,SINGLETON,article_like
B03991,1,1,SINGLETON,AVAILABLE,1,1,SINGLETON,article_like
B03992,2,2,DOI;TITLE_EXACT_NORM,AVAILABLE,1,2,DOI,article_like
B03993,1,1,SINGLETON,AVAILABLE,1,1,SINGLETON,article_like
B03994,1,1,SINGLETON,AVAILABLE,1,1,SINGLETON,article_like
B03995,1,1,SINGLETON,AVAILABLE,1,1,SINGLETON,article_like
B03996,1,1,SINGLETON,AVAILABLE,1,1,SINGLETON,article_like
B03997,1,1,SINGLETON,AVAILABLE,1,1,SINGLETON,article_like
B03998,1,1,SINGLETON,AVAILABLE,1,1,SINGLETON,article_like
B03999,1,1,SINGLETON,AVAILABLE,1,1,SINGLETON,article_like
B04000,1,1,SINGLETON,TITLE_ONLY,0,1,SINGLETON,article_like
B04001,2,2,DOI;TITLE_EXACT_NORM,AVAILABLE,1,2,DOI,article_like
B04002,3,3,DOI;PMID;TITLE_EXACT_NORM,AVAILABLE,1,3,DOI,article_like
B04003,1,1,SINGLETON,AVAILABLE,1,1,SINGLETON,article_like
B04004,3,3,DOI;PMID;TITLE_EXACT_NORM,AVAILABLE,1,3,DOI,article_like
B04005,3,3,DOI;PMID;TITLE_EXACT_NORM,AVAILABLE,1,3,DOI,article_like
B04006,3,3,DOI;PMID;TITLE_EXACT_NORM,AVAILABLE,1,3,DOI,article_like
B04007,1,1,SINGLETON,AVAILABLE,1,1,SINGLETON,article_like
B04008,2,2,DOI;TITLE_EXACT_NORM,AVAILABLE,1,2,DOI,article_like
B04009,3,3,DOI;PMID;TITLE_EXACT_NORM,AVAILABLE,1,3,DOI,article_like
B04010,1,1,SINGLETON,AVAILABLE,1,1,SINGLETON,article_like
B04011,3,3,DOI;PMID;TITLE_EXACT_NORM,AVAILABLE,1,3,DOI,article_like
B04012,1,1,SINGLETON,AVAILABLE,1,1,SINGLETON,article_like
B04013,2,2,DOI;PMID;TITLE_EXACT_NORM,AVAILABLE,1,2,DOI,article_like
B04014,1,1,SINGLETON,AVAILABLE,1,1,SINGLETON,article_like
B04015,3,3,DOI;PMID;TITLE_EXACT_NORM,AVAILABLE,1,3,DOI,article_like
B04016,1,1,SINGLETON,AVAILABLE,1,1,SINGLETON,article_like
B04017,3,3,DOI;PMID;TITLE_EXACT_NORM,AVAILABLE,1,3,DOI,article_like
B04018,1,1,SINGLETON,AVAILABLE,1,1,SINGLETON,article_like
B04019,1,1,SINGLETON,AVAILABLE,1,1,SINGLETON,article_like
B04020,3,3,DOI;PMID;TITLE_EXACT_NORM,AVAILABLE,1,3,DOI,article_like
B04021,1,1,SINGLETON,TITLE_ONLY,0,1,SINGLETON,conference
B04022,1,1,SINGLETON,AVAILABLE,1,1,SINGLETON,article_like
B04023,3,3,DOI;PMID;TITLE_EXACT_NORM,AVAILABLE,1,3,DOI,article_like
B04024,1,1,SINGLETON,TITLE_ONLY,0,1,SINGLETON,conference
B04025,1,1,SINGLETON,TITLE_ONLY,0,1,SINGLETON,conference
B04026,3,3,DOI;PMID;TITLE_EXACT_NORM,AVAILABLE,1,3,DOI,article_like
B04027,3,3,DOI;PMID;TITLE_EXACT_NORM,AVAILABLE,1,3,DOI,article_like
B04028,3,3,DOI;PMID;TITLE_EXACT_NORM,AVAILABLE,1,3,DOI,article_like
B04029,3,3,DOI;PMID;TITLE_EXACT_NORM,AVAILABLE,1,3,DOI,article_like
B04030,1,1,SINGLETON,TITLE_ONLY,0,1,SINGLETON,conference
B04031,3,3,DOI;PMID;TITLE_EXACT_NORM,AVAILABLE,1,3,DOI,article_like
B04032,3,3,DOI;PMID;TITLE_EXACT_NORM,AVAILABLE,1,3,DOI,article_like
B04033,3,3,DOI;PMID;TITLE_EXACT_NORM,AVAILABLE,1,3,DOI,article_like
B04034,3,3,DOI;PMID;TITLE_EXACT_NORM,AVAILABLE,1,3,DOI,article_like
B04035,3,3,DOI;PMID;TITLE_EXACT_NORM,AVAILABLE,1,3,DOI,article_like
B04036,3,3,DOI;PMID;TITLE_EXACT_NORM,AVAILABLE,1,3,DOI,article_like
B04037,3,3,DOI;PMID;TITLE_EXACT_NORM,AVAILABLE,1,3,DOI,article_like
B04038,2,2,DOI;PMID;TITLE_EXACT_NORM,AVAILABLE,1,2,DOI,article_like
B04039,1,1,SINGLETON,AVAILABLE,1,1,SINGLETON,article_like
B04040,3,3,DOI;PMID;TITLE_EXACT_NORM,AVAILABLE,1,3,DOI,article_like
B04041,2,2,DOI;PMID;TITLE_EXACT_NORM,AVAILABLE,1,2,DOI,article_like
B04042,3,3,DOI;PMID;TITLE_EXACT_NORM,AVAILABLE,1,3,DOI,article_like
B04043,3,3,DOI;PMID;TITLE_EXACT_NORM,AVAILABLE,1,3,DOI,article_like
B04044,1,1,SINGLETON,AVAILABLE,1,1,SINGLETON,article_like
B04045,1,1,SINGLETON,AVAILABLE,1,1,SINGLETON,article_like
B04046,1,1,SINGLETON,TITLE_ONLY,0,1,SINGLETON,conference
B04047,2,2,DOI;TITLE_EXACT_NORM,AVAILABLE,1,2,DOI,conference
B04048,1,1,SINGLETON,AVAILABLE,1,1,SINGLETON,article_like
B04049,1,1,SINGLETON,TITLE_ONLY,0,1,SINGLETON,conference
B04050,3,3,DOI;PMID;TITLE_EXACT_NORM,AVAILABLE,1,3,DOI,article_like
B04051,3,3,DOI;PMID;TITLE_EXACT_NORM,AVAILABLE,1,3,DOI,article_like
B04052,3,3,DOI;PMID;TITLE_EXACT_NORM,AVAILABLE,1,3,DOI,article_like
B04053,3,3,DOI;PMID;TITLE_EXACT_NORM,AVAILABLE,1,3,DOI,article_like
B04054,1,1,SINGLETON,AVAILABLE,1,1,SINGLETON,article_like
B04055,1,1,SINGLETON,AVAILABLE,1,1,SINGLETON,article_like
B04056,1,1,SINGLETON,AVAILABLE,1,1,SINGLETON,article_like
B04057,3,3,DOI;PMID;TITLE_EXACT_NORM,AVAILABLE,1,3,DOI,article_like
B04058,3,3,DOI;PMID;TITLE_EXACT_NORM,AVAILABLE,1,3,DOI,article_like
B04059,1,1,SINGLETON,AVAILABLE,1,1,SINGLETON,article_like
B04060,1,1,SINGLETON,AVAILABLE,1,1,SINGLETON,article_like
B04061,1,1,SINGLETON,AVAILABLE,1,1,SINGLETON,article_like
B04062,1,1,SINGLETON,TITLE_ONLY,0,1,SINGLETON,conference
B04063,3,3,DOI;PMID;TITLE_EXACT_NORM,AVAILABLE,1,3,DOI,article_like
B04064,3,3,DOI;PMID;TITLE_EXACT_NORM,AVAILABLE,1,3,DOI,article_like
B04065,3,3,DOI;PMID;TITLE_EXACT_NORM,AVAILABLE,1,3,DOI,article_like
B04066,1,1,SINGLETON,AVAILABLE,1,1,SINGLETON,article_like
B04067,1,1,SINGLETON,AVAILABLE,1,1,SINGLETON,article_like
B04068,2,2,DOI;TITLE_EXACT_NORM,AVAILABLE,1,2,DOI,article_like
B04069,1,1,SINGLETON,AVAILABLE,1,1,SINGLETON,article_like
B04070,3,3,DOI;PMID;TITLE_EXACT_NORM,AVAILABLE,1,3,DOI,article_like
B04071,3,3,DOI;PMID;TITLE_EXACT_NORM,AVAILABLE,1,3,DOI,article_like
B04072,1,1,SINGLETON,AVAILABLE,1,1,SINGLETON,article_like
B04073,1,1,SINGLETON,AVAILABLE,1,1,SINGLETON,article_like
B04074,2,2,DOI;PMID;TITLE_EXACT_NORM,AVAILABLE,1,2,DOI,article_like
B04075,1,1,SINGLETON,AVAILABLE,1,1,SINGLETON,article_like
B04076,1,1,SINGLETON,AVAILABLE,1,1,SINGLETON,article_like
B04077,1,1,SINGLETON,TITLE_ONLY,0,1,SINGLETON,conference
B04078,1,1,SINGLETON,AVAILABLE,1,1,SINGLETON,article_like
B04079,1,1,SINGLETON,AVAILABLE,1,1,SINGLETON,article_like
B04080,2,2,DOI;PMID;TITLE_EXACT_NORM,AVAILABLE,1,2,DOI,article_like
B04081,3,3,DOI;PMID;TITLE_EXACT_NORM,AVAILABLE,1,3,DOI,article_like
B04082,3,3,DOI;PMID;TITLE_EXACT_NORM,AVAILABLE,1,3,DOI,article_like
B04083,1,1,SINGLETON,AVAILABLE,1,1,SINGLETON,article_like
B04084,3,3,DOI;PMID;TITLE_EXACT_NORM,AVAILABLE,1,3,DOI,article_like
B04085,3,3,DOI;PMID;TITLE_EXACT_NORM,AVAILABLE,1,3,DOI,article_like
B04086,3,3,DOI;PMID;TITLE_EXACT_NORM,AVAILABLE,1,3,DOI,article_like
B04087,1,1,SINGLETON,AVAILABLE,1,1,SINGLETON,article_like
B04088,1,1,SINGLETON,TITLE_ONLY,0,1,SINGLETON,article_like
B04089,1,1,SINGLETON,AVAILABLE,1,1,SINGLETON,article_like
B04090,3,3,DOI;PMID;TITLE_EXACT_NORM,AVAILABLE,1,3,DOI,article_like
B04091,3,3,DOI;PMID;TITLE_EXACT_NORM,AVAILABLE,1,3,DOI,article_like
B04092,3,3,DOI;PMID;TITLE_EXACT_NORM,AVAILABLE,1,3,DOI,article_like
B04093,2,2,DOI;TITLE_EXACT_NORM,AVAILABLE,1,2,DOI,article_like
B04094,3,3,DOI;PMID;TITLE_EXACT_NORM,AVAILABLE,1,3,DOI,article_like
B04095,3,3,DOI;PMID;TITLE_EXACT_NORM,AVAILABLE,1,3,DOI,article_like
B04096,1,1,SINGLETON,AVAILABLE,1,1,SINGLETON,article_like
B04097,1,1,SINGLETON,AVAILABLE,1,1,SINGLETON,article_like
B04098,3,3,DOI;PMID;TITLE_EXACT_NORM,AVAILABLE,1,3,DOI,article_like
B04099,1,1,SINGLETON,AVAILABLE,1,1,SINGLETON,article_like
B04100,1,1,SINGLETON,AVAILABLE,1,1,SINGLETON,article_like
B04101,1,1,SINGLETON,AVAILABLE,1,1,SINGLETON,article_like
B04102,3,3,DOI;PMID;TITLE_EXACT_NORM,AVAILABLE,1,3,DOI,article_like
B04103,1,1,SINGLETON,AVAILABLE,1,1,SINGLETON,article_like
B04104,1,1,SINGLETON,AVAILABLE,1,1,SINGLETON,article_like
B04105,1,1,SINGLETON,AVAILABLE,1,1,SINGLETON,article_like
B04106,1,1,SINGLETON,AVAILABLE,1,1,SINGLETON,article_like
B04107,3,3,DOI;PMID;TITLE_EXACT_NORM,AVAILABLE,1,3,DOI,article_like
B04108,3,3,DOI;PMID;TITLE_EXACT_NORM,AVAILABLE,1,3,DOI,article_like
B04109,3,3,DOI;PMID;TITLE_EXACT_NORM,AVAILABLE,1,3,DOI,article_like
B04110,1,1,SINGLETON,AVAILABLE,1,1,SINGLETON,article_like
B04111,1,1,SINGLETON,AVAILABLE,1,1,SINGLETON,article_like
B04112,1,1,SINGLETON,AVAILABLE,1,1,SINGLETON,article_like
B04113,1,1,SINGLETON,AVAILABLE,1,1,SINGLETON,article_like
B04114,1,1,SINGLETON,AVAILABLE,1,1,SINGLETON,article_like
B04115,1,1,SINGLETON,AVAILABLE,1,1,SINGLETON,article_like
B04116,1,1,SINGLETON,AVAILABLE,1,1,SINGLETON,article_like
B04117,3,3,DOI;PMID;TITLE_EXACT_NORM,AVAILABLE,1,3,DOI,article_like
B04118,3,3,DOI;PMID;TITLE_EXACT_NORM,AVAILABLE,1,3,DOI,article_like
B04119,3,3,DOI;PMID;TITLE_EXACT_NORM,AVAILABLE,1,3,DOI,article_like
B04120,3,3,DOI;PMID;TITLE_EXACT_NORM,AVAILABLE,1,3,DOI,article_like
B04121,1,1,SINGLETON,AVAILABLE,1,1,SINGLETON,article_like
B04122,1,1,SINGLETON,AVAILABLE,1,1,SINGLETON,article_like
B04123,3,3,DOI;PMID;TITLE_EXACT_NORM,AVAILABLE,1,3,DOI,article_like
B04124,3,3,DOI;PMID;TITLE_EXACT_NORM,AVAILABLE,1,3,DOI,article_like
B04125,3,3,DOI;PMID;TITLE_EXACT_NORM,AVAILABLE,1,3,DOI,article_like
B04126,3,3,DOI;PMID;TITLE_EXACT_NORM,AVAILABLE,1,3,DOI,article_like
B04127,1,1,SINGLETON,AVAILABLE,1,1,SINGLETON,article_like
B04128,1,1,SINGLETON,AVAILABLE,1,1,SINGLETON,article_like
B04129,1,1,SINGLETON,AVAILABLE,1,1,SINGLETON,article_like
B04130,3,3,DOI;PMID;TITLE_EXACT_NORM,AVAILABLE,1,3,DOI,article_like
B04131,3,3,DOI;PMID;TITLE_EXACT_NORM,AVAILABLE,1,3,DOI,article_like
B04132,1,1,SINGLETON,AVAILABLE,1,1,SINGLETON,article_like
B04133,2,2,DOI;PMID;TITLE_EXACT_NORM,AVAILABLE,1,2,DOI,article_like
B04134,1,1,SINGLETON,AVAILABLE,1,1,SINGLETON,article_like
B04135,3,3,DOI;PMID;TITLE_EXACT_NORM,AVAILABLE,1,3,DOI,article_like
B04136,3,3,DOI;PMID;TITLE_EXACT_NORM,AVAILABLE,1,3,DOI,article_like
B04137,3,3,DOI;PMID;TITLE_EXACT_NORM,AVAILABLE,1,3,DOI,article_like
B04138,1,1,SINGLETON,AVAILABLE,1,1,SINGLETON,article_like
B04139,3,3,DOI;PMID;TITLE_EXACT_NORM,AVAILABLE,1,3,DOI,article_like
B04140,1,1,SINGLETON,TITLE_ONLY,0,1,SINGLETON,article_like
B04141,3,3,DOI;PMID;TITLE_EXACT_NORM,AVAILABLE,1,3,DOI,article_like
B04142,3,3,DOI;PMID;TITLE_EXACT_NORM,AVAILABLE,1,3,DOI,article_like
B04143,3,3,DOI;PMID;TITLE_EXACT_NORM,AVAILABLE,1,3,DOI,article_like
B04144,3,3,DOI;PMID;TITLE_EXACT_NORM,AVAILABLE,1,3,DOI,article_like
B04145,3,3,DOI;PMID;TITLE_EXACT_NORM,AVAILABLE,1,3,DOI,article_like
B04146,1,1,SINGLETON,AVAILABLE,1,1,SINGLETON,article_like
B04147,1,1,SINGLETON,AVAILABLE,1,1,SINGLETON,article_like
B04148,1,1,SINGLETON,AVAILABLE,1,1,SINGLETON,article_like
B04149,2,2,TITLE_EXACT_NORM,AVAILABLE,1,2,TITLE_EXACT_NORM,article_like
B04150,1,1,SINGLETON,TITLE_ONLY,0,1,SINGLETON,conference
B04151,3,3,DOI;PMID;TITLE_EXACT_NORM,AVAILABLE,1,3,DOI,article_like
B04152,3,3,DOI;PMID;TITLE_EXACT_NORM,AVAILABLE,1,3,DOI,article_like
B04153,1,1,SINGLETON,AVAILABLE,1,1,SINGLETON,article_like
B04154,3,3,DOI;PMID;TITLE_EXACT_NORM,AVAILABLE,1,3,DOI,article_like
B04155,1,1,SINGLETON,TITLE_ONLY,0,1,SINGLETON,article_like
B04156,1,1,SINGLETON,AVAILABLE,1,1,SINGLETON,article_like
B04157,1,1,SINGLETON,TITLE_ONLY,0,1,SINGLETON,article_like
B04158,3,3,DOI;PMID;TITLE_EXACT_NORM,AVAILABLE,1,3,DOI,article_like
B04159,2,2,DOI;PMID;TITLE_EXACT_NORM,AVAILABLE,1,2,DOI,article_like
B04160,3,3,DOI;PMID;TITLE_EXACT_NORM,AVAILABLE,1,3,DOI,article_like
B04161,3,3,DOI;PMID;TITLE_EXACT_NORM,AVAILABLE,1,3,DOI,article_like
B04162,1,1,SINGLETON,TITLE_ONLY,0,1,SINGLETON,article_like
B04163,1,1,SINGLETON,AVAILABLE,1,1,SINGLETON,article_like
B04164,1,1,SINGLETON,AVAILABLE,1,1,SINGLETON,article_like
B04165,1,1,SINGLETON,AVAILABLE,1,1,SINGLETON,article_like
B04166,3,3,DOI;PMID;TITLE_EXACT_NORM,AVAILABLE,1,3,DOI,article_like
B04167,2,2,DOI;PMID;TITLE_EXACT_NORM,AVAILABLE,1,2,DOI,article_like
B04168,3,3,DOI;PMID;TITLE_EXACT_NORM,AVAILABLE,1,3,DOI,article_like
B04169,3,3,DOI;PMID;TITLE_EXACT_NORM,AVAILABLE,1,3,DOI,article_like
B04170,3,3,DOI;PMID;TITLE_EXACT_NORM,AVAILABLE,1,3,DOI,article_like
B04171,3,3,DOI;PMID;TITLE_EXACT_NORM,AVAILABLE,1,3,DOI,article_like
B04172,1,1,SINGLETON,AVAILABLE,1,1,SINGLETON,article_like
B04173,3,3,DOI;PMID;TITLE_EXACT_NORM,AVAILABLE,1,3,DOI,article_like
B04174,3,3,DOI;PMID;TITLE_EXACT_NORM,AVAILABLE,1,3,DOI,article_like
B04175,1,1,SINGLETON,AVAILABLE,1,1,SINGLETON,article_like
B04176,1,1,SINGLETON,AVAILABLE,1,1,SINGLETON,article_like
B04177,3,3,DOI;PMID;TITLE_EXACT_NORM,AVAILABLE,1,3,DOI,article_like
B04178,1,1,SINGLETON,AVAILABLE,1,1,SINGLETON,article_like
B04179,3,3,DOI;PMID;TITLE_EXACT_NORM,AVAILABLE,1,3,DOI,article_like
B04180,1,1,SINGLETON,AVAILABLE,1,1,SINGLETON,article_like
B04181,1,1,SINGLETON,AVAILABLE,1,1,SINGLETON,article_like
B04182,3,3,DOI;PMID;TITLE_EXACT_NORM,AVAILABLE,1,3,DOI,article_like
B04183,3,3,DOI;PMID;TITLE_EXACT_NORM,AVAILABLE,1,3,DOI,article_like
B04184,1,1,SINGLETON,AVAILABLE,1,1,SINGLETON,article_like
B04185,1,1,SINGLETON,AVAILABLE,1,1,SINGLETON,article_like
B04186,3,3,DOI;PMID;TITLE_EXACT_NORM,AVAILABLE,1,3,DOI,article_like
B04187,1,1,SINGLETON,AVAILABLE,1,1,SINGLETON,article_like
B04188,1,1,SINGLETON,AVAILABLE,1,1,SINGLETON,article_like
B04189,3,3,DOI;PMID;TITLE_EXACT_NORM,AVAILABLE,1,3,DOI,article_like
B04190,3,3,DOI;PMID;TITLE_EXACT_NORM,AVAILABLE,1,3,DOI,article_like
B04191,3,3,DOI;PMID;TITLE_EXACT_NORM,AVAILABLE,1,3,DOI,article_like
B04192,1,1,SINGLETON,AVAILABLE,1,1,SINGLETON,article_like
B04193,1,1,SINGLETON,AVAILABLE,1,1,SINGLETON,article_like
B04194,1,1,SINGLETON,AVAILABLE,1,1,SINGLETON,article_like
B04195,3,3,DOI;PMID;TITLE_EXACT_NORM,AVAILABLE,1,3,DOI,article_like
B04196,3,3,DOI;PMID;TITLE_EXACT_NORM,AVAILABLE,1,3,DOI,article_like
B04197,1,1,SINGLETON,TITLE_ONLY,0,1,SINGLETON,conference
B04198,3,3,DOI;PMID;TITLE_EXACT_NORM,AVAILABLE,1,3,DOI,article_like
B04199,3,3,DOI;PMID;TITLE_EXACT_NORM,AVAILABLE,1,3,DOI,article_like
B04200,3,3,DOI;PMID;TITLE_EXACT_NORM,AVAILABLE,1,3,DOI,article_like
B04201,3,3,DOI;PMID;TITLE_EXACT_NORM,AVAILABLE,1,3,DOI,article_like
B04202,3,3,DOI;PMID;TITLE_EXACT_NORM,AVAILABLE,1,3,DOI,article_like
B04203,2,2,PMID;TITLE_EXACT_NORM,AVAILABLE,1,2,PMID,article_like
B04204,1,1,SINGLETON,AVAILABLE,1,1,SINGLETON,article_like
B04205,3,3,DOI;PMID;TITLE_EXACT_NORM,AVAILABLE,1,3,DOI,article_like
B04206,3,3,DOI;PMID;TITLE_EXACT_NORM,AVAILABLE,1,3,DOI,article_like
B04207,1,1,SINGLETON,AVAILABLE,1,1,SINGLETON,article_like
B04208,3,3,DOI;PMID;TITLE_EXACT_NORM,AVAILABLE,1,3,DOI,article_like
B04209,3,3,DOI;PMID;TITLE_EXACT_NORM,AVAILABLE,1,3,DOI,article_like
B04210,2,2,DOI;TITLE_EXACT_NORM,AVAILABLE,1,2,DOI,article_like
B04211,3,3,DOI;PMID;TITLE_EXACT_NORM,AVAILABLE,1,3,DOI,article_like
B04212,3,3,DOI;PMID;TITLE_EXACT_NORM,AVAILABLE,1,3,DOI,article_like
B04213,3,3,DOI;PMID;TITLE_EXACT_NORM,AVAILABLE,1,3,DOI,article_like
B04214,3,3,DOI;PMID;TITLE_EXACT_NORM,AVAILABLE,1,3,DOI,article_like
B04215,1,1,SINGLETON,AVAILABLE,1,1,SINGLETON,article_like
B04216,1,1,SINGLETON,TITLE_ONLY,0,1,SINGLETON,conference
B04217,3,3,DOI;PMID;TITLE_EXACT_NORM,AVAILABLE,1,3,DOI,article_like
B04218,1,1,SINGLETON,AVAILABLE,1,1,SINGLETON,article_like
B04219,3,3,DOI;PMID;TITLE_EXACT_NORM,AVAILABLE,1,3,DOI,article_like
B04220,3,3,DOI;PMID;TITLE_EXACT_NORM,AVAILABLE,1,3,DOI,article_like
B04221,1,1,SINGLETON,AVAILABLE,1,1,SINGLETON,article_like
B04222,3,3,DOI;PMID;TITLE_EXACT_NORM,AVAILABLE,1,3,DOI,article_like
B04223,1,1,SINGLETON,AVAILABLE,1,1,SINGLETON,article_like
B04224,3,3,DOI;PMID;TITLE_EXACT_NORM,AVAILABLE,1,3,DOI,article_like
B04225,1,1,SINGLETON,AVAILABLE,1,1,SINGLETON,article_like
B04226,1,1,SINGLETON,AVAILABLE,1,1,SINGLETON,article_like
B04227,1,1,SINGLETON,AVAILABLE,1,1,SINGLETON,article_like
B04228,3,3,DOI;PMID;TITLE_EXACT_NORM,AVAILABLE,1,3,DOI,article_like
B04229,3,3,DOI;PMID;TITLE_EXACT_NORM,AVAILABLE,1,3,DOI,article_like
B04230,3,3,DOI;PMID;TITLE_EXACT_NORM,AVAILABLE,1,3,DOI,article_like
B04231,2,2,DOI;PMID;TITLE_EXACT_NORM,AVAILABLE,1,2,DOI,article_like
B04232,3,3,DOI;PMID;TITLE_EXACT_NORM,AVAILABLE,1,3,DOI,article_like
B04233,3,3,DOI;PMID;TITLE_EXACT_NORM,AVAILABLE,1,3,DOI,article_like
B04234,1,1,SINGLETON,AVAILABLE,1,1,SINGLETON,article_like
B04235,1,1,SINGLETON,AVAILABLE,1,1,SINGLETON,article_like
B04236,1,1,SINGLETON,AVAILABLE,1,1,SINGLETON,article_like
B04237,3,3,DOI;PMID;TITLE_EXACT_NORM,AVAILABLE,1,3,DOI,article_like
B04238,3,3,DOI;PMID;TITLE_EXACT_NORM,AVAILABLE,1,3,DOI,article_like
B04239,1,1,SINGLETON,AVAILABLE,1,1,SINGLETON,article_like
B04240,3,3,DOI;PMID;TITLE_EXACT_NORM,AVAILABLE,1,3,DOI,article_like
B04241,1,1,SINGLETON,AVAILABLE,1,1,SINGLETON,article_like
B04242,3,3,DOI;PMID;TITLE_EXACT_NORM,AVAILABLE,1,3,DOI,article_like
B04243,3,3,DOI;PMID;TITLE_EXACT_NORM,AVAILABLE,1,3,DOI,article_like
B04244,3,3,DOI;PMID;TITLE_EXACT_NORM,AVAILABLE,1,3,DOI,article_like
B04245,1,1,SINGLETON,AVAILABLE,1,1,SINGLETON,article_like
B04246,3,3,DOI;PMID;TITLE_EXACT_NORM,AVAILABLE,1,3,DOI,article_like
B04247,3,3,DOI;PMID;TITLE_EXACT_NORM,AVAILABLE,1,3,DOI,article_like
B04248,3,3,DOI;PMID;TITLE_EXACT_NORM,AVAILABLE,1,3,DOI,article_like
B04249,1,1,SINGLETON,AVAILABLE,1,1,SINGLETON,article_like
B04250,3,3,DOI;PMID;TITLE_EXACT_NORM,AVAILABLE,1,3,DOI,article_like
B04251,3,3,DOI;PMID;TITLE_EXACT_NORM,AVAILABLE,1,3,DOI,article_like
B04252,1,1,SINGLETON,AVAILABLE,1,1,SINGLETON,article_like
B04253,3,3,DOI;PMID;TITLE_EXACT_NORM,AVAILABLE,1,3,DOI,article_like
B04254,3,3,DOI;PMID;TITLE_EXACT_NORM,AVAILABLE,1,3,DOI,article_like
B04255,3,3,DOI;PMID;TITLE_EXACT_NORM,AVAILABLE,1,3,DOI,article_like
B04256,3,3,DOI;PMID;TITLE_EXACT_NORM,AVAILABLE,1,3,DOI,article_like
B04257,1,1,SINGLETON,AVAILABLE,1,1,SINGLETON,article_like
B04258,3,3,DOI;PMID;TITLE_EXACT_NORM,AVAILABLE,1,3,DOI,article_like
B04259,3,3,DOI;PMID;TITLE_EXACT_NORM,AVAILABLE,1,3,DOI,article_like
B04260,3,3,DOI;PMID;TITLE_EXACT_NORM,AVAILABLE,1,3,DOI,article_like
B04261,1,1,SINGLETON,AVAILABLE,1,1,SINGLETON,article_like
B04262,3,3,DOI;PMID;TITLE_EXACT_NORM,AVAILABLE,1,3,DOI,article_like
B04263,2,2,PMID;TITLE_EXACT_NORM,AVAILABLE,1,2,PMID,article_like
B04264,3,3,DOI;PMID;TITLE_EXACT_NORM,AVAILABLE,1,3,DOI,article_like
B04265,1,1,SINGLETON,AVAILABLE,1,1,SINGLETON,article_like
B04266,1,1,SINGLETON,TITLE_ONLY,0,1,SINGLETON,article_like
B04267,2,2,DOI;TITLE_EXACT_NORM,AVAILABLE,1,2,DOI,article_like
B04268,3,3,DOI;PMID;TITLE_EXACT_NORM,AVAILABLE,1,3,DOI,article_like
B04269,1,1,SINGLETON,AVAILABLE,1,1,SINGLETON,article_like
B04270,3,3,DOI;PMID;TITLE_EXACT_NORM,AVAILABLE,1,3,DOI,article_like
B04271,1,1,SINGLETON,AVAILABLE,1,1,SINGLETON,article_like
B04272,1,1,SINGLETON,AVAILABLE,1,1,SINGLETON,article_like
B04273,3,3,DOI;PMID;TITLE_EXACT_NORM,AVAILABLE,1,3,DOI,article_like
B04274,1,1,SINGLETON,AVAILABLE,1,1,SINGLETON,article_like
B04275,1,1,SINGLETON,AVAILABLE,1,1,SINGLETON,article_like
B04276,1,1,SINGLETON,AVAILABLE,1,1,SINGLETON,article_like
B04277,3,3,DOI;PMID;TITLE_EXACT_NORM,AVAILABLE,1,3,DOI,article_like
B04278,3,3,DOI;PMID,AVAILABLE,1,3,DOI,article_like
B04279,3,3,DOI;PMID;TITLE_EXACT_NORM,AVAILABLE,1,3,DOI,article_like
B04280,3,3,DOI;PMID;TITLE_EXACT_NORM,AVAILABLE,1,3,DOI,article_like
B04281,1,1,SINGLETON,AVAILABLE,1,1,SINGLETON,article_like
B04282,3,3,DOI;PMID;TITLE_EXACT_NORM,AVAILABLE,1,3,DOI,article_like
B04283,2,2,DOI;TITLE_EXACT_NORM,AVAILABLE,1,2,DOI,article_like
B04284,1,1,SINGLETON,AVAILABLE,1,1,SINGLETON,article_like
B04285,3,3,DOI;PMID;TITLE_EXACT_NORM,AVAILABLE,1,3,DOI,article_like
B04286,3,3,DOI;PMID;TITLE_EXACT_NORM,AVAILABLE,1,3,DOI,article_like
B04287,1,1,SINGLETON,AVAILABLE,1,1,SINGLETON,article_like
B04288,3,3,DOI;PMID;TITLE_EXACT_NORM,AVAILABLE,1,3,DOI,article_like
B04289,3,3,DOI;PMID;TITLE_EXACT_NORM,AVAILABLE,1,3,DOI,article_like
B04290,1,1,SINGLETON,TITLE_ONLY,0,1,SINGLETON,conference
B04291,3,3,DOI;PMID;TITLE_EXACT_NORM,AVAILABLE,1,3,DOI,article_like
B04292,1,1,SINGLETON,AVAILABLE,1,1,SINGLETON,article_like
B04293,3,3,DOI;PMID;TITLE_EXACT_NORM,AVAILABLE,1,3,DOI,article_like
B04294,1,1,SINGLETON,AVAILABLE,1,1,SINGLETON,article_like
B04295,3,3,DOI;PMID;TITLE_EXACT_NORM,AVAILABLE,1,3,DOI,article_like
B04296,3,3,DOI;PMID;TITLE_EXACT_NORM,AVAILABLE,1,3,DOI,article_like
B04297,1,1,SINGLETON,AVAILABLE,1,1,SINGLETON,article_like
B04298,2,2,DOI;PMID;TITLE_EXACT_NORM,AVAILABLE,1,2,DOI,article_like
B04299,3,3,DOI;PMID;TITLE_EXACT_NORM,AVAILABLE,1,3,DOI,article_like
B04300,3,3,DOI;PMID;TITLE_EXACT_NORM,AVAILABLE,1,3,DOI,article_like
B04301,3,3,DOI;PMID;TITLE_EXACT_NORM,AVAILABLE,1,3,DOI,article_like
B04302,2,2,DOI;PMID;TITLE_EXACT_NORM,AVAILABLE,1,2,DOI,article_like
B04303,1,1,SINGLETON,AVAILABLE,1,1,SINGLETON,article_like
B04304,3,3,DOI;PMID;TITLE_EXACT_NORM,AVAILABLE,1,3,DOI,article_like
B04305,1,1,SINGLETON,AVAILABLE,1,1,SINGLETON,article_like
B04306,1,1,SINGLETON,AVAILABLE,1,1,SINGLETON,article_like
B04307,3,3,DOI;PMID;TITLE_EXACT_NORM,AVAILABLE,1,3,DOI,article_like
B04308,3,3,DOI;PMID;TITLE_EXACT_NORM,AVAILABLE,1,3,DOI,article_like
B04309,3,3,DOI;PMID;TITLE_EXACT_NORM,AVAILABLE,1,3,DOI,article_like
B04310,1,1,SINGLETON,AVAILABLE,1,1,SINGLETON,article_like
B04311,1,1,SINGLETON,AVAILABLE,1,1,SINGLETON,article_like
B04312,1,1,SINGLETON,AVAILABLE,1,1,SINGLETON,article_like
B04313,3,3,DOI;PMID;TITLE_EXACT_NORM,AVAILABLE,1,3,DOI,article_like
B04314,3,3,DOI;PMID;TITLE_EXACT_NORM,AVAILABLE,1,3,DOI,article_like
B04315,1,1,SINGLETON,AVAILABLE,1,1,SINGLETON,article_like
B04316,3,3,DOI;PMID;TITLE_EXACT_NORM,AVAILABLE,1,3,DOI,article_like
B04317,3,3,DOI;PMID;TITLE_EXACT_NORM,AVAILABLE,1,3,DOI,article_like
B04318,1,1,SINGLETON,AVAILABLE,1,1,SINGLETON,article_like
B04319,3,3,DOI;PMID;TITLE_EXACT_NORM,AVAILABLE,1,3,DOI,article_like
B04320,3,3,DOI;PMID;TITLE_EXACT_NORM,AVAILABLE,1,3,DOI,article_like
B04321,1,1,SINGLETON,AVAILABLE,1,1,SINGLETON,article_like
B04322,1,1,SINGLETON,AVAILABLE,1,1,SINGLETON,article_like
B04323,1,1,SINGLETON,AVAILABLE,1,1,SINGLETON,article_like
B04324,1,1,SINGLETON,AVAILABLE,1,1,SINGLETON,article_like
B04325,1,1,SINGLETON,AVAILABLE,1,1,SINGLETON,article_like
B04326,3,3,DOI;PMID;TITLE_EXACT_NORM,AVAILABLE,1,3,DOI,article_like
B04327,1,1,SINGLETON,AVAILABLE,1,1,SINGLETON,article_like
B04328,3,3,DOI;PMID;TITLE_EXACT_NORM,AVAILABLE,1,3,DOI,article_like
B04329,1,1,SINGLETON,AVAILABLE,1,1,SINGLETON,article_like
B04330,1,1,SINGLETON,AVAILABLE,1,1,SINGLETON,article_like
B04331,3,3,DOI;PMID;TITLE_EXACT_NORM,AVAILABLE,1,3,DOI,article_like
B04332,3,3,DOI;PMID;TITLE_EXACT_NORM,AVAILABLE,1,3,DOI,article_like
B04333,1,1,SINGLETON,TITLE_ONLY,0,1,SINGLETON,conference
B04334,1,1,SINGLETON,AVAILABLE,1,1,SINGLETON,article_like
B04335,3,3,DOI;PMID;TITLE_EXACT_NORM,AVAILABLE,1,3,DOI,article_like
B04336,3,3,DOI;PMID;TITLE_EXACT_NORM,AVAILABLE,1,3,DOI,article_like
B04337,3,3,DOI;PMID;TITLE_EXACT_NORM,AVAILABLE,1,3,DOI,article_like
B04338,1,1,SINGLETON,AVAILABLE,1,1,SINGLETON,article_like
B04339,2,2,DOI;TITLE_EXACT_NORM,AVAILABLE,1,2,DOI,article_like
B04340,3,3,DOI;PMID;TITLE_EXACT_NORM,AVAILABLE,1,3,DOI,article_like
B04341,1,1,SINGLETON,AVAILABLE,1,1,SINGLETON,article_like
B04342,1,1,SINGLETON,AVAILABLE,1,1,SINGLETON,article_like
B04343,3,3,DOI;PMID;TITLE_EXACT_NORM,AVAILABLE,1,3,DOI,article_like
B04344,1,1,SINGLETON,AVAILABLE,1,1,SINGLETON,article_like
B04345,3,3,DOI;PMID;TITLE_EXACT_NORM,AVAILABLE,1,3,DOI,article_like
B04346,1,1,SINGLETON,AVAILABLE,1,1,SINGLETON,article_like
B04347,3,3,DOI;PMID;TITLE_EXACT_NORM,AVAILABLE,1,3,DOI,article_like
B04348,3,3,DOI;PMID;TITLE_EXACT_NORM,AVAILABLE,1,3,DOI,article_like
B04349,1,1,SINGLETON,AVAILABLE,1,1,SINGLETON,article_like
B04350,1,1,SINGLETON,AVAILABLE,1,1,SINGLETON,article_like
B04351,1,1,SINGLETON,AVAILABLE,1,1,SINGLETON,article_like
B04352,2,2,DOI;TITLE_EXACT_NORM,AVAILABLE,1,2,DOI,article_like
B04353,1,1,SINGLETON,AVAILABLE,1,1,SINGLETON,article_like
B04354,1,1,SINGLETON,AVAILABLE,1,1,SINGLETON,article_like
B04355,1,1,SINGLETON,AVAILABLE,1,1,SINGLETON,article_like
B04356,1,1,SINGLETON,AVAILABLE,1,1,SINGLETON,article_like
B04357,1,1,SINGLETON,AVAILABLE,1,1,SINGLETON,article_like
B04358,3,3,DOI;PMID;TITLE_EXACT_NORM,AVAILABLE,1,3,DOI,article_like
B04359,3,3,DOI;PMID;TITLE_EXACT_NORM,AVAILABLE,1,3,DOI,article_like
B04360,1,1,SINGLETON,AVAILABLE,1,1,SINGLETON,article_like
B04361,3,3,DOI;PMID;TITLE_EXACT_NORM,AVAILABLE,1,3,DOI,article_like
B04362,3,3,DOI;PMID;TITLE_EXACT_NORM,AVAILABLE,1,3,DOI,article_like
B04363,1,1,SINGLETON,AVAILABLE,1,1,SINGLETON,article_like
B04364,1,1,SINGLETON,AVAILABLE,1,1,SINGLETON,article_like
B04365,3,3,DOI;PMID;TITLE_EXACT_NORM,AVAILABLE,1,3,DOI,article_like
B04366,3,3,DOI;PMID;TITLE_EXACT_NORM,AVAILABLE,1,3,DOI,article_like
B04367,3,3,DOI;PMID;TITLE_EXACT_NORM,AVAILABLE,1,3,DOI,article_like
B04368,1,1,SINGLETON,AVAILABLE,1,1,SINGLETON,article_like
B04369,1,1,SINGLETON,TITLE_ONLY,0,1,SINGLETON,conference
B04370,3,3,DOI;PMID;TITLE_EXACT_NORM,AVAILABLE,1,3,DOI,article_like
B04371,1,1,SINGLETON,AVAILABLE,1,1,SINGLETON,article_like
B04372,1,1,SINGLETON,AVAILABLE,1,1,SINGLETON,article_like
B04373,1,1,SINGLETON,AVAILABLE,1,1,SINGLETON,article_like
B04374,1,1,SINGLETON,AVAILABLE,1,1,SINGLETON,article_like
B04375,1,1,SINGLETON,AVAILABLE,1,1,SINGLETON,article_like
B04376,1,1,SINGLETON,AVAILABLE,1,1,SINGLETON,article_like
B04377,1,1,SINGLETON,AVAILABLE,1,1,SINGLETON,article_like
B04378,3,3,DOI;PMID;TITLE_EXACT_NORM,AVAILABLE,1,3,DOI,article_like
B04379,1,1,SINGLETON,AVAILABLE,1,1,SINGLETON,article_like
B04380,1,1,SINGLETON,AVAILABLE,1,1,SINGLETON,article_like
B04381,1,1,SINGLETON,TITLE_ONLY,0,1,SINGLETON,conference
B04382,3,3,DOI;PMID;TITLE_EXACT_NORM,AVAILABLE,1,3,DOI,article_like
B04383,3,3,DOI;PMID;TITLE_EXACT_NORM,AVAILABLE,1,3,DOI,article_like
B04384,3,3,DOI;PMID;TITLE_EXACT_NORM,AVAILABLE,1,3,DOI,article_like
B04385,3,3,DOI;PMID;TITLE_EXACT_NORM,AVAILABLE,1,3,DOI,article_like
B04386,1,1,SINGLETON,AVAILABLE,1,1,SINGLETON,article_like
B04387,3,3,DOI;PMID;TITLE_EXACT_NORM,AVAILABLE,1,3,DOI,article_like
B04388,1,1,SINGLETON,AVAILABLE,1,1,SINGLETON,article_like
B04389,2,2,DOI;PMID,AVAILABLE,1,2,DOI,article_like
B04390,3,3,DOI;PMID;TITLE_EXACT_NORM,AVAILABLE,1,3,DOI,article_like
B04391,2,2,DOI;PMID,AVAILABLE,1,2,DOI,article_like
B04392,1,1,SINGLETON,AVAILABLE,1,1,SINGLETON,article_like
B04393,1,1,SINGLETON,TITLE_ONLY,0,1,SINGLETON,article_like
B04394,1,1,SINGLETON,AVAILABLE,1,1,SINGLETON,article_like
B04395,3,3,DOI;PMID;TITLE_EXACT_NORM,AVAILABLE,1,3,DOI,article_like
B04396,1,1,SINGLETON,AVAILABLE,1,1,SINGLETON,article_like
B04397,1,1,SINGLETON,AVAILABLE,1,1,SINGLETON,article_like
B04398,3,3,DOI;PMID;TITLE_EXACT_NORM,AVAILABLE,1,3,DOI,article_like
B04399,3,3,DOI;PMID;TITLE_EXACT_NORM,AVAILABLE,1,3,DOI,article_like
B04400,1,1,SINGLETON,AVAILABLE,1,1,SINGLETON,article_like
B04401,2,2,DOI;PMID;TITLE_EXACT_NORM,AVAILABLE,1,2,DOI,article_like
B04402,3,3,DOI;PMID;TITLE_EXACT_NORM,AVAILABLE,1,3,DOI,article_like
B04403,3,3,DOI;PMID;TITLE_EXACT_NORM,AVAILABLE,1,3,DOI,article_like
B04404,1,1,SINGLETON,AVAILABLE,1,1,SINGLETON,article_like
B04405,3,3,DOI;PMID;TITLE_EXACT_NORM,AVAILABLE,1,3,DOI,article_like
B04406,1,1,SINGLETON,AVAILABLE,1,1,SINGLETON,article_like
B04407,3,3,DOI;PMID;TITLE_EXACT_NORM,AVAILABLE,1,3,DOI,article_like
B04408,1,1,SINGLETON,AVAILABLE,1,1,SINGLETON,article_like
B04409,1,1,SINGLETON,AVAILABLE,1,1,SINGLETON,article_like
B04410,1,1,SINGLETON,AVAILABLE,1,1,SINGLETON,article_like
B04411,1,1,SINGLETON,AVAILABLE,1,1,SINGLETON,article_like
B04412,3,3,DOI;PMID;TITLE_EXACT_NORM,AVAILABLE,1,3,DOI,article_like
B04413,3,3,DOI;PMID;TITLE_EXACT_NORM,AVAILABLE,1,3,DOI,article_like
B04414,2,2,DOI;PMID;TITLE_EXACT_NORM,AVAILABLE,1,2,DOI,article_like
B04415,1,1,SINGLETON,AVAILABLE,1,1,SINGLETON,article_like
B04416,1,1,SINGLETON,AVAILABLE,1,1,SINGLETON,article_like
B04417,1,1,SINGLETON,AVAILABLE,1,1,SINGLETON,article_like
B04418,3,3,DOI;PMID;TITLE_EXACT_NORM,AVAILABLE,1,3,DOI,article_like
B04419,3,3,DOI;PMID;TITLE_EXACT_NORM,AVAILABLE,1,3,DOI,article_like
B04420,3,3,DOI;PMID;TITLE_EXACT_NORM,AVAILABLE,1,3,DOI,article_like
B04421,1,1,SINGLETON,AVAILABLE,1,1,SINGLETON,article_like
B04422,1,1,SINGLETON,AVAILABLE,1,1,SINGLETON,article_like
B04423,2,2,DOI;TITLE_EXACT_NORM,AVAILABLE,1,2,DOI,article_like
B04424,3,3,DOI;PMID;TITLE_EXACT_NORM,AVAILABLE,1,3,DOI,article_like
B04425,3,3,DOI;PMID;TITLE_EXACT_NORM,AVAILABLE,1,3,DOI,article_like
B04426,2,2,DOI;PMID;TITLE_EXACT_NORM,AVAILABLE,1,2,DOI,article_like
B04427,2,2,DOI;PMID;TITLE_EXACT_NORM,AVAILABLE,1,2,DOI,article_like
B04428,1,1,SINGLETON,AVAILABLE,1,1,SINGLETON,article_like
B04429,3,3,DOI;PMID;TITLE_EXACT_NORM,AVAILABLE,1,3,DOI,article_like
B04430,1,1,SINGLETON,AVAILABLE,1,1,SINGLETON,article_like
B04431,3,3,DOI;PMID;TITLE_EXACT_NORM,AVAILABLE,1,3,DOI,article_like
B04432,3,3,DOI;PMID;TITLE_EXACT_NORM,AVAILABLE,1,3,DOI,article_like
B04433,3,3,DOI;PMID;TITLE_EXACT_NORM,AVAILABLE,1,3,DOI,article_like
B04434,1,1,SINGLETON,AVAILABLE,1,1,SINGLETON,article_like
B04435,1,1,SINGLETON,AVAILABLE,1,1,SINGLETON,article_like
B04436,1,1,SINGLETON,AVAILABLE,1,1,SINGLETON,article_like
B04437,1,1,SINGLETON,TITLE_ONLY,0,1,SINGLETON,conference
B04438,1,1,SINGLETON,AVAILABLE,1,1,SINGLETON,article_like
B04439,2,2,DOI;PMID;TITLE_EXACT_NORM,AVAILABLE,1,2,DOI,article_like
B04440,3,3,DOI;PMID;TITLE_EXACT_NORM,AVAILABLE,1,3,DOI,article_like
B04441,3,3,DOI;PMID;TITLE_EXACT_NORM,AVAILABLE,1,3,DOI,article_like
B04442,1,1,SINGLETON,TITLE_ONLY,0,1,SINGLETON,correction
B04443,1,1,SINGLETON,AVAILABLE,1,1,SINGLETON,article_like
B04444,3,3,DOI;PMID;TITLE_EXACT_NORM,AVAILABLE,1,3,DOI,article_like
B04445,3,3,DOI;PMID;TITLE_EXACT_NORM,AVAILABLE,1,3,DOI,article_like
B04446,1,1,SINGLETON,AVAILABLE,1,1,SINGLETON,article_like
B04447,1,1,SINGLETON,AVAILABLE,1,1,SINGLETON,article_like
B04448,1,1,SINGLETON,TITLE_ONLY,0,1,SINGLETON,conference
B04449,1,1,SINGLETON,AVAILABLE,1,1,SINGLETON,article_like
B04450,1,1,SINGLETON,AVAILABLE,1,1,SINGLETON,article_like
B04451,3,3,DOI;PMID;TITLE_EXACT_NORM,AVAILABLE,1,3,DOI,article_like
B04452,1,1,SINGLETON,AVAILABLE,1,1,SINGLETON,article_like
B04453,3,3,DOI;PMID;TITLE_EXACT_NORM,AVAILABLE,1,3,DOI,article_like
B04454,3,3,DOI;PMID;TITLE_EXACT_NORM,AVAILABLE,1,3,DOI,article_like
B04455,2,2,DOI;TITLE_EXACT_NORM,AVAILABLE,1,2,DOI,article_like
B04456,3,3,DOI;PMID;TITLE_EXACT_NORM,AVAILABLE,1,3,DOI,article_like
B04457,1,1,SINGLETON,AVAILABLE,1,1,SINGLETON,article_like
B04458,3,3,DOI;PMID;TITLE_EXACT_NORM,AVAILABLE,1,3,DOI,article_like
B04459,1,1,SINGLETON,AVAILABLE,1,1,SINGLETON,article_like
B04460,3,3,DOI;PMID;TITLE_EXACT_NORM,AVAILABLE,1,3,DOI,article_like
B04461,2,2,DOI;PMID;TITLE_EXACT_NORM,AVAILABLE,1,2,DOI,article_like
B04462,3,3,DOI;PMID;TITLE_EXACT_NORM,AVAILABLE,1,3,DOI,article_like
B04463,1,1,SINGLETON,TITLE_ONLY,0,1,SINGLETON,conference
B04464,1,1,SINGLETON,AVAILABLE,1,1,SINGLETON,article_like
B04465,1,1,SINGLETON,AVAILABLE,1,1,SINGLETON,article_like
B04466,2,2,DOI;PMID;TITLE_EXACT_NORM,AVAILABLE,1,2,DOI,article_like
B04467,3,3,DOI;PMID;TITLE_EXACT_NORM,AVAILABLE,1,3,DOI,article_like
B04468,1,1,SINGLETON,AVAILABLE,1,1,SINGLETON,article_like
B04469,1,1,SINGLETON,AVAILABLE,1,1,SINGLETON,article_like
B04470,1,1,SINGLETON,AVAILABLE,1,1,SINGLETON,article_like
B04471,1,1,SINGLETON,AVAILABLE,1,1,SINGLETON,article_like
B04472,3,3,DOI;PMID;TITLE_EXACT_NORM,AVAILABLE,1,3,DOI,article_like
B04473,3,3,DOI;PMID;TITLE_EXACT_NORM,AVAILABLE,1,3,DOI,article_like
B04474,3,3,DOI;PMID;TITLE_EXACT_NORM,AVAILABLE,1,3,DOI,article_like
B04475,3,3,DOI;PMID;TITLE_EXACT_NORM,AVAILABLE,1,3,DOI,article_like
B04476,1,1,SINGLETON,AVAILABLE,1,1,SINGLETON,article_like
B04477,2,2,DOI;PMID;TITLE_EXACT_NORM,AVAILABLE,1,2,DOI,article_like
B04478,2,2,DOI;PMID;TITLE_EXACT_NORM,AVAILABLE,1,2,DOI,article_like
B04479,3,3,DOI;PMID;TITLE_EXACT_NORM,AVAILABLE,1,3,DOI,article_like
B04480,3,3,DOI;PMID;TITLE_EXACT_NORM,AVAILABLE,1,3,DOI,article_like
B04481,1,1,SINGLETON,AVAILABLE,1,1,SINGLETON,article_like
B04482,3,3,DOI;PMID;TITLE_EXACT_NORM,AVAILABLE,1,3,DOI,article_like
B04483,3,3,DOI;PMID;TITLE_EXACT_NORM,AVAILABLE,1,3,DOI,article_like
B04484,3,3,DOI;PMID;TITLE_EXACT_NORM,AVAILABLE,1,3,DOI,article_like
B04485,1,1,SINGLETON,TITLE_ONLY,0,1,SINGLETON,conference
B04486,1,1,SINGLETON,AVAILABLE,1,1,SINGLETON,article_like
B04487,1,1,SINGLETON,AVAILABLE,1,1,SINGLETON,article_like
B04488,1,1,SINGLETON,AVAILABLE,1,1,SINGLETON,article_like
B04489,1,1,SINGLETON,AVAILABLE,1,1,SINGLETON,article_like
B04490,1,1,SINGLETON,TITLE_ONLY,0,1,SINGLETON,conference
B04491,1,1,SINGLETON,TITLE_ONLY,0,1,SINGLETON,conference
B04492,3,3,DOI;PMID;TITLE_EXACT_NORM,AVAILABLE,1,3,DOI,article_like
B04493,3,3,DOI;PMID;TITLE_EXACT_NORM,AVAILABLE,1,3,DOI,article_like
B04494,3,3,DOI;PMID;TITLE_EXACT_NORM,AVAILABLE,1,3,DOI,article_like
B04495,1,1,SINGLETON,AVAILABLE,1,1,SINGLETON,article_like
B04496,3,3,DOI;PMID;TITLE_EXACT_NORM,AVAILABLE,1,3,DOI,article_like
B04497,3,3,DOI;PMID;TITLE_EXACT_NORM,AVAILABLE,1,3,DOI,article_like
B04498,3,3,DOI;PMID;TITLE_EXACT_NORM,AVAILABLE,1,3,DOI,article_like
B04499,3,3,DOI;PMID;TITLE_EXACT_NORM,AVAILABLE,1,3,DOI,article_like
B04500,1,1,SINGLETON,AVAILABLE,1,1,SINGLETON,article_like
B04501,1,1,SINGLETON,AVAILABLE,1,1,SINGLETON,article_like
B04502,1,1,SINGLETON,AVAILABLE,1,1,SINGLETON,article_like
B04503,1,1,SINGLETON,AVAILABLE,1,1,SINGLETON,article_like
B04504,1,1,SINGLETON,AVAILABLE,1,1,SINGLETON,article_like
B04505,3,3,DOI;PMID;TITLE_EXACT_NORM,AVAILABLE,1,3,DOI,article_like
B04506,2,2,DOI;TITLE_EXACT_NORM,AVAILABLE,1,2,DOI,article_like
B04507,1,1,SINGLETON,AVAILABLE,1,1,SINGLETON,article_like
B04508,1,1,SINGLETON,AVAILABLE,1,1,SINGLETON,article_like
B04509,2,2,DOI;PMID;TITLE_EXACT_NORM,AVAILABLE,1,2,DOI,article_like
B04510,2,2,DOI;PMID;TITLE_EXACT_NORM,AVAILABLE,1,2,DOI,article_like
B04511,1,1,SINGLETON,AVAILABLE,1,1,SINGLETON,article_like
B04512,3,3,DOI;PMID;TITLE_EXACT_NORM,AVAILABLE,1,3,DOI,article_like
B04513,1,1,SINGLETON,AVAILABLE,1,1,SINGLETON,article_like
B04514,1,1,SINGLETON,AVAILABLE,1,1,SINGLETON,article_like
B04515,3,3,DOI;PMID;TITLE_EXACT_NORM,AVAILABLE,1,3,DOI,article_like
B04516,1,1,SINGLETON,AVAILABLE,1,1,SINGLETON,article_like
B04517,1,1,SINGLETON,TITLE_ONLY,0,1,SINGLETON,conference
B04518,3,3,DOI;PMID;TITLE_EXACT_NORM,AVAILABLE,1,3,DOI,article_like
B04519,2,2,DOI;PMID;TITLE_EXACT_NORM,AVAILABLE,1,2,DOI,article_like
B04520,2,2,DOI;PMID;TITLE_EXACT_NORM,AVAILABLE,1,2,DOI,article_like
B04521,1,1,SINGLETON,AVAILABLE,1,1,SINGLETON,article_like
B04522,3,3,DOI;PMID;TITLE_EXACT_NORM,AVAILABLE,1,3,DOI,article_like
B04523,1,1,SINGLETON,AVAILABLE,1,1,SINGLETON,article_like
B04524,3,3,DOI;PMID;TITLE_EXACT_NORM,AVAILABLE,1,3,DOI,article_like
B04525,1,1,SINGLETON,AVAILABLE,1,1,SINGLETON,article_like
B04526,3,3,DOI;PMID;TITLE_EXACT_NORM,AVAILABLE,1,3,DOI,article_like
B04527,3,3,DOI;PMID;TITLE_EXACT_NORM,AVAILABLE,1,3,DOI,article_like
B04528,3,3,DOI;PMID;TITLE_EXACT_NORM,AVAILABLE,1,3,DOI,article_like
B04529,1,1,SINGLETON,AVAILABLE,1,1,SINGLETON,article_like
B04530,1,1,SINGLETON,AVAILABLE,1,1,SINGLETON,article_like
B04531,3,3,DOI;PMID;TITLE_EXACT_NORM,AVAILABLE,1,3,DOI,article_like
B04532,3,3,DOI;PMID;TITLE_EXACT_NORM,AVAILABLE,1,3,DOI,article_like
B04533,1,1,SINGLETON,AVAILABLE,1,1,SINGLETON,article_like
B04534,1,1,SINGLETON,AVAILABLE,1,1,SINGLETON,article_like
B04535,1,1,SINGLETON,AVAILABLE,1,1,SINGLETON,article_like
B04536,3,3,DOI;PMID;TITLE_EXACT_NORM,AVAILABLE,1,3,DOI,article_like
B04537,1,1,SINGLETON,AVAILABLE,1,1,SINGLETON,article_like
B04538,1,1,SINGLETON,AVAILABLE,1,1,SINGLETON,article_like
B04539,1,1,SINGLETON,AVAILABLE,1,1,SINGLETON,article_like
B04540,1,1,SINGLETON,AVAILABLE,1,1,SINGLETON,article_like
B04541,1,1,SINGLETON,AVAILABLE,1,1,SINGLETON,article_like
B04542,1,1,SINGLETON,AVAILABLE,1,1,SINGLETON,article_like
B04543,1,1,SINGLETON,AVAILABLE,1,1,SINGLETON,article_like
B04544,1,1,SINGLETON,AVAILABLE,1,1,SINGLETON,article_like
B04545,1,1,SINGLETON,AVAILABLE,1,1,SINGLETON,article_like
B04546,1,1,SINGLETON,AVAILABLE,1,1,SINGLETON,article_like
B04547,3,3,DOI;PMID;TITLE_EXACT_NORM,AVAILABLE,1,3,DOI,article_like
B04548,1,1,SINGLETON,AVAILABLE,1,1,SINGLETON,article_like
B04549,1,1,SINGLETON,AVAILABLE,1,1,SINGLETON,article_like
B04550,3,3,DOI;PMID;TITLE_EXACT_NORM,AVAILABLE,1,3,DOI,article_like
B04551,1,1,SINGLETON,AVAILABLE,1,1,SINGLETON,article_like
B04552,1,1,SINGLETON,AVAILABLE,1,1,SINGLETON,article_like
B04553,1,1,SINGLETON,AVAILABLE,1,1,SINGLETON,article_like
B04554,1,1,SINGLETON,AVAILABLE,1,1,SINGLETON,article_like
B04555,1,1,SINGLETON,AVAILABLE,1,1,SINGLETON,article_like
B04556,1,1,SINGLETON,AVAILABLE,1,1,SINGLETON,article_like
B04557,1,1,SINGLETON,AVAILABLE,1,1,SINGLETON,article_like
B04558,3,3,DOI;PMID;TITLE_EXACT_NORM,AVAILABLE,1,3,DOI,article_like
B04559,1,1,SINGLETON,AVAILABLE,1,1,SINGLETON,article_like
B04560,2,2,DOI;TITLE_EXACT_NORM,AVAILABLE,1,2,DOI,article_like
B04561,1,1,SINGLETON,AVAILABLE,1,1,SINGLETON,article_like
B04562,1,1,SINGLETON,AVAILABLE,1,1,SINGLETON,article_like
B04563,3,3,DOI;PMID;TITLE_EXACT_NORM,AVAILABLE,1,3,DOI,article_like
B04564,1,1,SINGLETON,AVAILABLE,1,1,SINGLETON,article_like
B04565,3,3,DOI;PMID;TITLE_EXACT_NORM,AVAILABLE,1,3,DOI,article_like
B04566,1,1,SINGLETON,TITLE_ONLY,0,1,SINGLETON,conference
B04567,1,1,SINGLETON,TITLE_ONLY,0,1,SINGLETON,article_like
B04568,3,3,DOI;PMID;TITLE_EXACT_NORM,AVAILABLE,1,3,DOI,article_like
B04569,1,1,SINGLETON,AVAILABLE,1,1,SINGLETON,article_like
B04570,1,1,SINGLETON,AVAILABLE,1,1,SINGLETON,article_like
B04571,1,1,SINGLETON,AVAILABLE,1,1,SINGLETON,article_like
B04572,3,3,DOI;PMID;TITLE_EXACT_NORM,AVAILABLE,1,3,DOI,article_like
B04573,3,3,DOI;PMID;TITLE_EXACT_NORM,AVAILABLE,1,3,DOI,article_like
B04574,1,1,SINGLETON,AVAILABLE,1,1,SINGLETON,article_like
B04575,2,2,DOI;PMID;TITLE_EXACT_NORM,AVAILABLE,1,2,DOI,article_like
B04576,1,1,SINGLETON,AVAILABLE,1,1,SINGLETON,article_like
B04577,1,1,SINGLETON,AVAILABLE,1,1,SINGLETON,article_like
B04578,1,1,SINGLETON,TITLE_ONLY,0,1,SINGLETON,article_like
B04579,3,3,DOI;PMID;TITLE_EXACT_NORM,TITLE_ONLY,0,3,DOI,article_like
B04580,1,1,SINGLETON,TITLE_ONLY,0,1,SINGLETON,article_like
B04581,3,3,DOI;PMID;TITLE_EXACT_NORM,AVAILABLE,1,3,DOI,article_like
B04582,1,1,SINGLETON,AVAILABLE,1,1,SINGLETON,article_like
B04583,1,1,SINGLETON,TITLE_ONLY,0,1,SINGLETON,conference
B04584,2,2,DOI;PMID,AVAILABLE,1,2,DOI,article_like
B04585,3,3,DOI;PMID;TITLE_EXACT_NORM,AVAILABLE,1,3,DOI,article_like
B04586,2,2,DOI;PMID;TITLE_EXACT_NORM,AVAILABLE,1,2,DOI,article_like
B04587,1,1,SINGLETON,AVAILABLE,1,1,SINGLETON,article_like
B04588,2,2,DOI;PMID;TITLE_EXACT_NORM,AVAILABLE,1,2,DOI,article_like
B04589,3,3,DOI;PMID;TITLE_EXACT_NORM,AVAILABLE,1,3,DOI,article_like
B04590,1,1,SINGLETON,AVAILABLE,1,1,SINGLETON,article_like
B04591,1,1,SINGLETON,AVAILABLE,1,1,SINGLETON,article_like
B04592,1,1,SINGLETON,AVAILABLE,1,1,SINGLETON,article_like
B04593,1,1,SINGLETON,AVAILABLE,1,1,SINGLETON,article_like
B04594,1,1,SINGLETON,AVAILABLE,1,1,SINGLETON,article_like
B04595,1,1,SINGLETON,AVAILABLE,1,1,SINGLETON,article_like
B04596,1,1,SINGLETON,AVAILABLE,1,1,SINGLETON,article_like
B04597,1,1,SINGLETON,AVAILABLE,1,1,SINGLETON,article_like
B04598,1,1,SINGLETON,AVAILABLE,1,1,SINGLETON,article_like
B04599,3,3,DOI;PMID;TITLE_EXACT_NORM,AVAILABLE,1,3,DOI,article_like
B04600,1,1,SINGLETON,AVAILABLE,1,1,SINGLETON,article_like
B04601,2,2,DOI,AVAILABLE,1,2,DOI,article_like
B04602,3,3,DOI,AVAILABLE,1,3,DOI,correction
B04603,1,1,SINGLETON,AVAILABLE,1,1,SINGLETON,correction
B04604,1,1,SINGLETON,AVAILABLE,1,1,SINGLETON,correction
B04605,4,3,DOI;PMID;TITLE_EXACT_NORM,AVAILABLE,1,4,DOI,correction
B04606,1,1,SINGLETON,AVAILABLE,1,1,SINGLETON,article_like
B04607,3,3,DOI;PMID;TITLE_EXACT_NORM,AVAILABLE,1,3,DOI,article_like
B04608,1,1,SINGLETON,AVAILABLE,1,1,SINGLETON,article_like
B04609,1,1,SINGLETON,AVAILABLE,1,1,SINGLETON,article_like
B04610,1,1,SINGLETON,AVAILABLE,1,1,SINGLETON,article_like
B04611,1,1,SINGLETON,AVAILABLE,1,1,SINGLETON,article_like
B04612,2,2,DOI;TITLE_EXACT_NORM,AVAILABLE,1,2,DOI,article_like
B04613,1,1,SINGLETON,AVAILABLE,1,1,SINGLETON,article_like
B04614,1,1,SINGLETON,AVAILABLE,1,1,SINGLETON,article_like
B04615,2,2,DOI;PMID;TITLE_EXACT_NORM,AVAILABLE,1,2,DOI,article_like
B04616,1,1,SINGLETON,AVAILABLE,1,1,SINGLETON,article_like
B04617,1,1,SINGLETON,AVAILABLE,1,1,SINGLETON,article_like
B04618,1,1,SINGLETON,AVAILABLE,1,1,SINGLETON,article_like
B04619,1,1,SINGLETON,AVAILABLE,1,1,SINGLETON,article_like
B04620,3,3,DOI;PMID;TITLE_EXACT_NORM,AVAILABLE,1,3,DOI,article_like
B04621,3,3,DOI;PMID;TITLE_EXACT_NORM,AVAILABLE,1,3,DOI,article_like
B04622,2,2,DOI;PMID;TITLE_EXACT_NORM,AVAILABLE,1,2,DOI,article_like
B04623,3,3,DOI;PMID;TITLE_EXACT_NORM,AVAILABLE,1,3,DOI,article_like
B04624,3,3,DOI;PMID;TITLE_EXACT_NORM,AVAILABLE,1,3,DOI,article_like
B04625,3,3,DOI;PMID;TITLE_EXACT_NORM,AVAILABLE,1,3,DOI,article_like
B04626,1,1,SINGLETON,AVAILABLE,1,1,SINGLETON,article_like
B04627,1,1,SINGLETON,AVAILABLE,1,1,SINGLETON,article_like
B04628,1,1,SINGLETON,AVAILABLE,1,1,SINGLETON,article_like
B04629,1,1,SINGLETON,AVAILABLE,1,1,SINGLETON,article_like
B04630,3,3,DOI;PMID;TITLE_EXACT_NORM,AVAILABLE,1,3,DOI,article_like
B04631,1,1,SINGLETON,TITLE_ONLY,0,1,SINGLETON,conference
B04632,1,1,SINGLETON,AVAILABLE,1,1,SINGLETON,article_like
B04633,1,1,SINGLETON,AVAILABLE,1,1,SINGLETON,article_like
B04634,3,3,DOI;PMID;TITLE_EXACT_NORM,AVAILABLE,1,3,DOI,article_like
B04635,1,1,SINGLETON,AVAILABLE,1,1,SINGLETON,article_like
B04636,3,3,DOI;PMID;TITLE_EXACT_NORM,AVAILABLE,1,3,DOI,article_like
B04637,1,1,SINGLETON,AVAILABLE,1,1,SINGLETON,article_like
B04638,3,3,DOI;PMID;TITLE_EXACT_NORM,AVAILABLE,1,3,DOI,article_like
B04639,3,3,DOI;PMID;TITLE_EXACT_NORM,AVAILABLE,1,3,DOI,article_like
B04640,3,3,DOI;PMID;TITLE_EXACT_NORM,AVAILABLE,1,3,DOI,article_like
B04641,1,1,SINGLETON,AVAILABLE,1,1,SINGLETON,article_like
B04642,3,3,DOI;PMID;TITLE_EXACT_NORM,AVAILABLE,1,3,DOI,article_like
B04643,1,1,SINGLETON,AVAILABLE,1,1,SINGLETON,article_like
B04644,2,2,DOI;PMID;TITLE_EXACT_NORM,AVAILABLE,1,2,DOI,article_like
B04645,2,2,DOI;PMID;TITLE_EXACT_NORM,AVAILABLE,1,2,DOI,article_like
B04646,3,3,DOI;PMID;TITLE_EXACT_NORM,AVAILABLE,1,3,DOI,article_like
B04647,3,3,DOI;PMID;TITLE_EXACT_NORM,AVAILABLE,1,3,DOI,article_like
B04648,3,3,DOI;PMID;TITLE_EXACT_NORM,AVAILABLE,1,3,DOI,article_like
B04649,3,3,DOI;PMID;TITLE_EXACT_NORM,AVAILABLE,1,3,DOI,article_like
B04650,3,3,DOI;PMID;TITLE_EXACT_NORM,AVAILABLE,1,3,DOI,article_like
B04651,1,1,SINGLETON,TITLE_ONLY,0,1,SINGLETON,conference
B04652,1,1,SINGLETON,AVAILABLE,1,1,SINGLETON,article_like
B04653,1,1,SINGLETON,AVAILABLE,1,1,SINGLETON,article_like
B04654,3,3,DOI;PMID;TITLE_EXACT_NORM,AVAILABLE,1,3,DOI,article_like
B04655,1,1,SINGLETON,AVAILABLE,1,1,SINGLETON,article_like
B04656,1,1,SINGLETON,AVAILABLE,1,1,SINGLETON,article_like
B04657,1,1,SINGLETON,AVAILABLE,1,1,SINGLETON,article_like
B04658,1,1,SINGLETON,TITLE_ONLY,0,1,SINGLETON,conference
B04659,1,1,SINGLETON,TITLE_ONLY,0,1,SINGLETON,conference
B04660,1,1,SINGLETON,AVAILABLE,1,1,SINGLETON,article_like
B04661,3,3,DOI;PMID;TITLE_EXACT_NORM,AVAILABLE,1,3,DOI,article_like
B04662,1,1,SINGLETON,AVAILABLE,1,1,SINGLETON,article_like
B04663,1,1,SINGLETON,AVAILABLE,1,1,SINGLETON,article_like
B04664,1,1,SINGLETON,AVAILABLE,1,1,SINGLETON,article_like
B04665,3,3,DOI;PMID;TITLE_EXACT_NORM,AVAILABLE,1,3,DOI,article_like
B04666,3,3,DOI;PMID;TITLE_EXACT_NORM,AVAILABLE,1,3,DOI,article_like
B04667,1,1,SINGLETON,AVAILABLE,1,1,SINGLETON,article_like
B04668,1,1,SINGLETON,AVAILABLE,1,1,SINGLETON,article_like
B04669,1,1,SINGLETON,AVAILABLE,1,1,SINGLETON,article_like
B04670,1,1,SINGLETON,TITLE_ONLY,0,1,SINGLETON,article_like
B04671,1,1,SINGLETON,TITLE_ONLY,0,1,SINGLETON,article_like
B04672,1,1,SINGLETON,AVAILABLE,1,1,SINGLETON,article_like
B04673,1,1,SINGLETON,AVAILABLE,1,1,SINGLETON,article_like
B04674,3,3,DOI;PMID;TITLE_EXACT_NORM,AVAILABLE,1,3,DOI,article_like
B04675,3,3,DOI;PMID;TITLE_EXACT_NORM,AVAILABLE,1,3,DOI,article_like
B04676,1,1,SINGLETON,AVAILABLE,1,1,SINGLETON,article_like
B04677,1,1,SINGLETON,AVAILABLE,1,1,SINGLETON,article_like
B04678,1,1,SINGLETON,AVAILABLE,1,1,SINGLETON,article_like
B04679,3,3,DOI;PMID;TITLE_EXACT_NORM,AVAILABLE,1,3,DOI,article_like
B04680,2,2,DOI;TITLE_EXACT_NORM,AVAILABLE,1,2,DOI,article_like
B04681,1,1,SINGLETON,AVAILABLE,1,1,SINGLETON,article_like
B04682,3,3,DOI;PMID;TITLE_EXACT_NORM,AVAILABLE,1,3,DOI,article_like
B04683,1,1,SINGLETON,AVAILABLE,1,1,SINGLETON,article_like
B04684,1,1,SINGLETON,AVAILABLE,1,1,SINGLETON,article_like
B04685,3,3,DOI;PMID;TITLE_EXACT_NORM,AVAILABLE,1,3,DOI,article_like
B04686,3,3,DOI;PMID;TITLE_EXACT_NORM,AVAILABLE,1,3,DOI,article_like
B04687,1,1,SINGLETON,AVAILABLE,1,1,SINGLETON,article_like
B04688,3,3,DOI;PMID;TITLE_EXACT_NORM,AVAILABLE,1,3,DOI,article_like
B04689,3,3,DOI;PMID;TITLE_EXACT_NORM,AVAILABLE,1,3,DOI,article_like
B04690,3,3,DOI;PMID;TITLE_EXACT_NORM,AVAILABLE,1,3,DOI,article_like
B04691,1,1,SINGLETON,AVAILABLE,1,1,SINGLETON,article_like
B04692,3,3,DOI;PMID;TITLE_EXACT_NORM,AVAILABLE,1,3,DOI,article_like
B04693,1,1,SINGLETON,AVAILABLE,1,1,SINGLETON,article_like
B04694,3,3,DOI;PMID;TITLE_EXACT_NORM,AVAILABLE,1,3,DOI,article_like
B04695,3,3,DOI;PMID;TITLE_EXACT_NORM,AVAILABLE,1,3,DOI,article_like
B04696,3,3,DOI;PMID;TITLE_EXACT_NORM,AVAILABLE,1,3,DOI,article_like
B04697,3,3,DOI;PMID;TITLE_EXACT_NORM,AVAILABLE,1,3,DOI,article_like
B04698,1,1,SINGLETON,AVAILABLE,1,1,SINGLETON,article_like
B04699,3,3,DOI;PMID;TITLE_EXACT_NORM,AVAILABLE,1,3,DOI,article_like
B04700,3,3,DOI;PMID;TITLE_EXACT_NORM,AVAILABLE,1,3,DOI,article_like
B04701,3,3,DOI;PMID;TITLE_EXACT_NORM,AVAILABLE,1,3,DOI,article_like
B04702,1,1,SINGLETON,AVAILABLE,1,1,SINGLETON,article_like
B04703,1,1,SINGLETON,AVAILABLE,1,1,SINGLETON,article_like
B04704,1,1,SINGLETON,TITLE_ONLY,0,1,SINGLETON,article_like
B04705,1,1,SINGLETON,TITLE_ONLY,0,1,SINGLETON,article_like
B04706,1,1,SINGLETON,AVAILABLE,1,1,SINGLETON,article_like
B04707,1,1,SINGLETON,TITLE_ONLY,0,1,SINGLETON,article_like
B04708,1,1,SINGLETON,AVAILABLE,1,1,SINGLETON,article_like
B04709,1,1,SINGLETON,AVAILABLE,1,1,SINGLETON,article_like
B04710,3,3,DOI;PMID;TITLE_EXACT_NORM,AVAILABLE,1,3,DOI,article_like
B04711,3,3,DOI;PMID;TITLE_EXACT_NORM,AVAILABLE,1,3,DOI,article_like
B04712,1,1,SINGLETON,AVAILABLE,1,1,SINGLETON,article_like
B04713,1,1,SINGLETON,AVAILABLE,1,1,SINGLETON,article_like
B04714,3,3,DOI;PMID;TITLE_EXACT_NORM,AVAILABLE,1,3,DOI,article_like
B04715,3,3,DOI;PMID;TITLE_EXACT_NORM,AVAILABLE,1,3,DOI,article_like
B04716,1,1,SINGLETON,TITLE_ONLY,0,1,SINGLETON,conference
B04717,2,2,DOI;PMID;TITLE_EXACT_NORM,AVAILABLE,1,2,DOI,article_like
B04718,1,1,SINGLETON,AVAILABLE,1,1,SINGLETON,article_like
B04719,3,3,DOI;PMID;TITLE_EXACT_NORM,AVAILABLE,1,3,DOI,article_like
B04720,3,3,DOI;PMID;TITLE_EXACT_NORM,AVAILABLE,1,3,DOI,article_like
B04721,2,2,DOI;TITLE_EXACT_NORM,AVAILABLE,1,2,DOI,article_like
B04722,1,1,SINGLETON,AVAILABLE,1,1,SINGLETON,article_like
B04723,3,3,DOI;PMID;TITLE_EXACT_NORM,AVAILABLE,1,3,DOI,article_like
B04724,3,3,DOI;PMID;TITLE_EXACT_NORM,AVAILABLE,1,3,DOI,article_like
B04725,3,3,DOI;PMID;TITLE_EXACT_NORM,AVAILABLE,1,3,DOI,article_like
B04726,1,1,SINGLETON,AVAILABLE,1,1,SINGLETON,article_like
B04727,1,1,SINGLETON,AVAILABLE,1,1,SINGLETON,article_like
B04728,1,1,SINGLETON,AVAILABLE,1,1,SINGLETON,article_like
B04729,3,3,DOI;PMID;TITLE_EXACT_NORM,AVAILABLE,1,3,DOI,article_like
B04730,3,3,DOI;PMID;TITLE_EXACT_NORM,AVAILABLE,1,3,DOI,article_like
B04731,1,1,SINGLETON,AVAILABLE,1,1,SINGLETON,article_like
B04732,2,2,DOI;TITLE_EXACT_NORM,AVAILABLE,1,2,DOI,article_like
B04733,1,1,SINGLETON,AVAILABLE,1,1,SINGLETON,article_like
B04734,3,3,DOI;PMID;TITLE_EXACT_NORM,AVAILABLE,1,3,DOI,article_like
B04735,2,2,DOI;TITLE_EXACT_NORM,AVAILABLE,1,2,DOI,article_like
B04736,3,3,DOI;PMID;TITLE_EXACT_NORM,AVAILABLE,1,3,DOI,article_like
B04737,1,1,SINGLETON,AVAILABLE,1,1,SINGLETON,article_like
B04738,1,1,SINGLETON,AVAILABLE,1,1,SINGLETON,article_like
B04739,3,3,DOI;PMID;TITLE_EXACT_NORM,AVAILABLE,1,3,DOI,article_like
B04740,1,1,SINGLETON,AVAILABLE,1,1,SINGLETON,article_like
B04741,1,1,SINGLETON,AVAILABLE,1,1,SINGLETON,article_like
B04742,1,1,SINGLETON,AVAILABLE,1,1,SINGLETON,article_like
B04743,1,1,SINGLETON,AVAILABLE,1,1,SINGLETON,article_like
B04744,3,3,DOI;PMID;TITLE_EXACT_NORM,AVAILABLE,1,3,DOI,article_like
B04745,3,3,DOI;PMID;TITLE_EXACT_NORM,AVAILABLE,1,3,DOI,article_like
B04746,1,1,SINGLETON,AVAILABLE,1,1,SINGLETON,article_like
B04747,1,1,SINGLETON,AVAILABLE,1,1,SINGLETON,article_like
B04748,3,3,DOI;PMID;TITLE_EXACT_NORM,AVAILABLE,1,3,DOI,article_like
B04749,1,1,SINGLETON,AVAILABLE,1,1,SINGLETON,article_like
B04750,3,3,DOI;PMID;TITLE_EXACT_NORM,AVAILABLE,1,3,DOI,article_like
B04751,1,1,SINGLETON,TITLE_ONLY,0,1,SINGLETON,conference
B04752,1,1,SINGLETON,AVAILABLE,1,1,SINGLETON,article_like
B04753,1,1,SINGLETON,AVAILABLE,1,1,SINGLETON,article_like
B04754,3,3,DOI;PMID;TITLE_EXACT_NORM,AVAILABLE,1,3,DOI,article_like
B04755,3,3,DOI;PMID;TITLE_EXACT_NORM,AVAILABLE,1,3,DOI,article_like
B04756,2,2,DOI;PMID;TITLE_EXACT_NORM,AVAILABLE,1,2,DOI,article_like
B04757,3,3,DOI;PMID;TITLE_EXACT_NORM,AVAILABLE,1,3,DOI,article_like
B04758,3,3,DOI;PMID;TITLE_EXACT_NORM,AVAILABLE,1,3,DOI,article_like
B04759,3,3,DOI;PMID;TITLE_EXACT_NORM,AVAILABLE,1,3,DOI,article_like
B04760,1,1,SINGLETON,TITLE_ONLY,0,1,SINGLETON,conference
B04761,1,1,SINGLETON,AVAILABLE,1,1,SINGLETON,article_like
B04762,1,1,SINGLETON,AVAILABLE,1,1,SINGLETON,article_like
B04763,1,1,SINGLETON,AVAILABLE,1,1,SINGLETON,article_like
B04764,1,1,SINGLETON,TITLE_ONLY,0,1,SINGLETON,article_like
B04765,1,1,SINGLETON,AVAILABLE,1,1,SINGLETON,article_like
B04766,3,3,DOI;PMID;TITLE_EXACT_NORM,AVAILABLE,1,3,DOI,article_like
B04767,1,1,SINGLETON,AVAILABLE,1,1,SINGLETON,article_like
B04768,2,2,DOI;TITLE_EXACT_NORM,AVAILABLE,1,2,DOI,article_like
B04769,1,1,SINGLETON,AVAILABLE,1,1,SINGLETON,article_like
B04770,3,3,DOI;PMID;TITLE_EXACT_NORM,AVAILABLE,1,3,DOI,article_like
B04771,3,3,DOI;PMID;TITLE_EXACT_NORM,AVAILABLE,1,3,DOI,article_like
B04772,3,3,DOI;PMID;TITLE_EXACT_NORM,AVAILABLE,1,3,DOI,article_like
B04773,3,3,DOI;PMID;TITLE_EXACT_NORM,AVAILABLE,1,3,DOI,article_like
B04774,1,1,SINGLETON,AVAILABLE,1,1,SINGLETON,article_like
B04775,1,1,SINGLETON,AVAILABLE,1,1,SINGLETON,article_like
B04776,1,1,SINGLETON,AVAILABLE,1,1,SINGLETON,article_like
B04777,1,1,SINGLETON,AVAILABLE,1,1,SINGLETON,article_like
B04778,3,3,DOI;PMID;TITLE_EXACT_NORM,AVAILABLE,1,3,DOI,article_like
B04779,2,2,DOI;PMID;TITLE_EXACT_NORM,AVAILABLE,1,2,DOI,article_like
B04780,3,3,DOI;PMID;TITLE_EXACT_NORM,AVAILABLE,1,3,DOI,article_like
B04781,3,3,DOI;PMID;TITLE_EXACT_NORM,AVAILABLE,1,3,DOI,article_like
B04782,1,1,SINGLETON,AVAILABLE,1,1,SINGLETON,article_like
B04783,1,1,SINGLETON,AVAILABLE,1,1,SINGLETON,article_like
B04784,3,3,DOI;PMID;TITLE_EXACT_NORM,AVAILABLE,1,3,DOI,article_like
B04785,3,3,DOI;PMID;TITLE_EXACT_NORM,AVAILABLE,1,3,DOI,article_like
B04786,3,3,DOI;PMID;TITLE_EXACT_NORM,AVAILABLE,1,3,DOI,article_like
B04787,1,1,SINGLETON,TITLE_ONLY,0,1,SINGLETON,conference
B04788,3,3,DOI;PMID;TITLE_EXACT_NORM,AVAILABLE,1,3,DOI,article_like
B04789,3,3,DOI;PMID;TITLE_EXACT_NORM,AVAILABLE,1,3,DOI,article_like
B04790,3,3,DOI;PMID;TITLE_EXACT_NORM,AVAILABLE,1,3,DOI,article_like
B04791,1,1,SINGLETON,AVAILABLE,1,1,SINGLETON,article_like
B04792,3,3,DOI;PMID;TITLE_EXACT_NORM,AVAILABLE,1,3,DOI,article_like
B04793,1,1,SINGLETON,AVAILABLE,1,1,SINGLETON,article_like
B04794,2,2,DOI;PMID;TITLE_EXACT_NORM,AVAILABLE,1,2,DOI,article_like
B04795,1,1,SINGLETON,AVAILABLE,1,1,SINGLETON,article_like
B04796,1,1,SINGLETON,TITLE_ONLY,0,1,SINGLETON,conference
B04797,1,1,SINGLETON,AVAILABLE,1,1,SINGLETON,article_like
B04798,3,3,DOI;PMID;TITLE_EXACT_NORM,AVAILABLE,1,3,DOI,article_like
B04799,1,1,SINGLETON,AVAILABLE,1,1,SINGLETON,article_like
B04800,1,1,SINGLETON,AVAILABLE,1,1,SINGLETON,article_like
B04801,1,1,SINGLETON,AVAILABLE,1,1,SINGLETON,article_like
B04802,2,2,DOI;PMID;TITLE_EXACT_NORM,AVAILABLE,1,2,DOI,article_like
B04803,2,2,DOI;PMID;TITLE_EXACT_NORM,AVAILABLE,1,2,DOI,article_like
B04804,1,1,SINGLETON,AVAILABLE,1,1,SINGLETON,article_like
B04805,1,1,SINGLETON,AVAILABLE,1,1,SINGLETON,article_like
B04806,3,3,DOI;PMID;TITLE_EXACT_NORM,AVAILABLE,1,3,DOI,article_like
B04807,1,1,SINGLETON,AVAILABLE,1,1,SINGLETON,article_like
B04808,3,3,DOI;PMID;TITLE_EXACT_NORM,AVAILABLE,1,3,DOI,article_like
B04809,3,3,DOI;PMID;TITLE_EXACT_NORM,AVAILABLE,1,3,DOI,article_like
B04810,1,1,SINGLETON,AVAILABLE,1,1,SINGLETON,article_like
B04811,3,3,DOI;PMID;TITLE_EXACT_NORM,AVAILABLE,1,3,DOI,article_like
B04812,2,2,DOI;PMID;TITLE_EXACT_NORM,AVAILABLE,1,2,DOI,article_like
B04813,3,3,DOI;PMID;TITLE_EXACT_NORM,AVAILABLE,1,3,DOI,article_like
B04814,1,1,SINGLETON,AVAILABLE,1,1,SINGLETON,article_like
B04815,1,1,SINGLETON,AVAILABLE,1,1,SINGLETON,article_like
B04816,3,3,DOI;PMID;TITLE_EXACT_NORM,AVAILABLE,1,3,DOI,article_like
B04817,3,3,DOI;PMID;TITLE_EXACT_NORM,AVAILABLE,1,3,DOI,article_like
B04818,1,1,SINGLETON,AVAILABLE,1,1,SINGLETON,article_like
B04819,1,1,SINGLETON,AVAILABLE,1,1,SINGLETON,article_like
B04820,3,3,DOI;PMID;TITLE_EXACT_NORM,AVAILABLE,1,3,DOI,article_like
B04821,1,1,SINGLETON,TITLE_ONLY,0,1,SINGLETON,conference
B04822,2,2,DOI;PMID;TITLE_EXACT_NORM,AVAILABLE,1,2,DOI,article_like
B04823,3,3,DOI;PMID;TITLE_EXACT_NORM,AVAILABLE,1,3,DOI,article_like
B04824,1,1,SINGLETON,AVAILABLE,1,1,SINGLETON,article_like
B04825,3,3,DOI;PMID;TITLE_EXACT_NORM,AVAILABLE,1,3,DOI,article_like
B04826,3,3,DOI;PMID;TITLE_EXACT_NORM,AVAILABLE,1,3,DOI,article_like
B04827,3,3,DOI;PMID;TITLE_EXACT_NORM,AVAILABLE,1,3,DOI,article_like
B04828,1,1,SINGLETON,AVAILABLE,1,1,SINGLETON,article_like
B04829,1,1,SINGLETON,AVAILABLE,1,1,SINGLETON,article_like
B04830,1,1,SINGLETON,AVAILABLE,1,1,SINGLETON,article_like
B04831,1,1,SINGLETON,AVAILABLE,1,1,SINGLETON,article_like
B04832,1,1,SINGLETON,TITLE_ONLY,0,1,SINGLETON,article_like
B04833,1,1,SINGLETON,AVAILABLE,1,1,SINGLETON,article_like
B04834,1,1,SINGLETON,AVAILABLE,1,1,SINGLETON,article_like
B04835,1,1,SINGLETON,AVAILABLE,1,1,SINGLETON,article_like
B04836,1,1,SINGLETON,AVAILABLE,1,1,SINGLETON,article_like
B04837,1,1,SINGLETON,AVAILABLE,1,1,SINGLETON,article_like
B04838,3,3,DOI;PMID;TITLE_EXACT_NORM,AVAILABLE,1,3,DOI,article_like
B04839,1,1,SINGLETON,TITLE_ONLY,0,1,SINGLETON,conference
B04840,1,1,SINGLETON,AVAILABLE,1,1,SINGLETON,article_like
B04841,3,3,DOI;PMID;TITLE_EXACT_NORM,AVAILABLE,1,3,DOI,article_like
B04842,1,1,SINGLETON,AVAILABLE,1,1,SINGLETON,article_like
B04843,3,3,DOI;PMID;TITLE_EXACT_NORM,AVAILABLE,1,3,DOI,article_like
B04844,1,1,SINGLETON,AVAILABLE,1,1,SINGLETON,article_like
B04845,1,1,SINGLETON,AVAILABLE,1,1,SINGLETON,article_like
B04846,1,1,SINGLETON,TITLE_ONLY,0,1,SINGLETON,conference
B04847,1,1,SINGLETON,AVAILABLE,1,1,SINGLETON,article_like
B04848,1,1,SINGLETON,AVAILABLE,1,1,SINGLETON,article_like
B04849,3,3,DOI;PMID;TITLE_EXACT_NORM,AVAILABLE,1,3,DOI,article_like
B04850,3,3,DOI;PMID;TITLE_EXACT_NORM,AVAILABLE,1,3,DOI,article_like
B04851,3,3,DOI;PMID;TITLE_EXACT_NORM,AVAILABLE,1,3,DOI,article_like
B04852,3,3,DOI;PMID;TITLE_EXACT_NORM,AVAILABLE,1,3,DOI,article_like
B04853,1,1,SINGLETON,AVAILABLE,1,1,SINGLETON,article_like
B04854,1,1,SINGLETON,AVAILABLE,1,1,SINGLETON,article_like
B04855,3,3,DOI;PMID;TITLE_EXACT_NORM,AVAILABLE,1,3,DOI,article_like
B04856,3,3,DOI;PMID;TITLE_EXACT_NORM,AVAILABLE,1,3,DOI,article_like
B04857,3,3,DOI;PMID;TITLE_EXACT_NORM,AVAILABLE,1,3,DOI,article_like
B04858,3,3,DOI;PMID;TITLE_EXACT_NORM,AVAILABLE,1,3,DOI,article_like
B04859,3,3,DOI;PMID;TITLE_EXACT_NORM,AVAILABLE,1,3,DOI,article_like
B04860,1,1,SINGLETON,AVAILABLE,1,1,SINGLETON,article_like
B04861,3,3,DOI;PMID;TITLE_EXACT_NORM,AVAILABLE,1,3,DOI,article_like
B04862,3,3,DOI;PMID;TITLE_EXACT_NORM,AVAILABLE,1,3,DOI,article_like
B04863,1,1,SINGLETON,AVAILABLE,1,1,SINGLETON,article_like
B04864,3,3,DOI;PMID;TITLE_EXACT_NORM,AVAILABLE,1,3,DOI,article_like
B04865,3,3,DOI;PMID;TITLE_EXACT_NORM,AVAILABLE,1,3,DOI,article_like
B04866,3,3,DOI;PMID;TITLE_EXACT_NORM,AVAILABLE,1,3,DOI,article_like
B04867,3,3,DOI;PMID;TITLE_EXACT_NORM,AVAILABLE,1,3,DOI,article_like
B04868,1,1,SINGLETON,AVAILABLE,1,1,SINGLETON,article_like
B04869,1,1,SINGLETON,AVAILABLE,1,1,SINGLETON,article_like
B04870,3,3,DOI;PMID;TITLE_EXACT_NORM,AVAILABLE,1,3,DOI,article_like
B04871,3,3,DOI;PMID;TITLE_EXACT_NORM,AVAILABLE,1,3,DOI,article_like
B04872,1,1,SINGLETON,AVAILABLE,1,1,SINGLETON,article_like
B04873,1,1,SINGLETON,AVAILABLE,1,1,SINGLETON,article_like
B04874,2,2,DOI;PMID;TITLE_EXACT_NORM,AVAILABLE,1,2,DOI,article_like
B04875,1,1,SINGLETON,AVAILABLE,1,1,SINGLETON,article_like
B04876,1,1,SINGLETON,AVAILABLE,1,1,SINGLETON,article_like
B04877,1,1,SINGLETON,TITLE_ONLY,0,1,SINGLETON,article_like
B04878,3,3,DOI;PMID;TITLE_EXACT_NORM,AVAILABLE,1,3,DOI,article_like
B04879,3,3,DOI;PMID;TITLE_EXACT_NORM,AVAILABLE,1,3,DOI,article_like
B04880,3,3,DOI;PMID;TITLE_EXACT_NORM,AVAILABLE,1,3,DOI,article_like
B04881,1,1,SINGLETON,AVAILABLE,1,1,SINGLETON,article_like
B04882,3,3,DOI;PMID;TITLE_EXACT_NORM,AVAILABLE,1,3,DOI,article_like
B04883,1,1,SINGLETON,TITLE_ONLY,0,1,SINGLETON,article_like
B04884,3,3,DOI;PMID;TITLE_EXACT_NORM,AVAILABLE,1,3,DOI,article_like
B04885,1,1,SINGLETON,AVAILABLE,1,1,SINGLETON,article_like
B04886,1,1,SINGLETON,AVAILABLE,1,1,SINGLETON,article_like
B04887,1,1,SINGLETON,AVAILABLE,1,1,SINGLETON,article_like
B04888,1,1,SINGLETON,AVAILABLE,1,1,SINGLETON,article_like
B04889,1,1,SINGLETON,AVAILABLE,1,1,SINGLETON,article_like
B04890,2,2,DOI;PMID;TITLE_EXACT_NORM,AVAILABLE,1,2,DOI,article_like
B04891,3,3,DOI;PMID;TITLE_EXACT_NORM,AVAILABLE,1,3,DOI,article_like
B04892,3,3,DOI;PMID;TITLE_EXACT_NORM,AVAILABLE,1,3,DOI,article_like
B04893,3,3,DOI;PMID;TITLE_EXACT_NORM,AVAILABLE,1,3,DOI,article_like
B04894,2,2,DOI;TITLE_EXACT_NORM,AVAILABLE,1,2,DOI,article_like
B04895,1,1,SINGLETON,AVAILABLE,1,1,SINGLETON,article_like
B04896,1,1,SINGLETON,AVAILABLE,1,1,SINGLETON,article_like
B04897,1,1,SINGLETON,AVAILABLE,1,1,SINGLETON,article_like
B04898,3,3,DOI;PMID;TITLE_EXACT_NORM,AVAILABLE,1,3,DOI,article_like
B04899,1,1,SINGLETON,AVAILABLE,1,1,SINGLETON,article_like
B04900,1,1,SINGLETON,TITLE_ONLY,0,1,SINGLETON,article_like
B04901,3,3,DOI;PMID;TITLE_EXACT_NORM,AVAILABLE,1,3,DOI,article_like
B04902,1,1,SINGLETON,AVAILABLE,1,1,SINGLETON,article_like
B04903,3,3,DOI;PMID;TITLE_EXACT_NORM,AVAILABLE,1,3,DOI,article_like
B04904,3,3,DOI;PMID;TITLE_EXACT_NORM,AVAILABLE,1,3,DOI,article_like
B04905,1,1,SINGLETON,AVAILABLE,1,1,SINGLETON,article_like
B04906,3,3,DOI;PMID;TITLE_EXACT_NORM,AVAILABLE,1,3,DOI,article_like
B04907,1,1,SINGLETON,AVAILABLE,1,1,SINGLETON,article_like
B04908,1,1,SINGLETON,AVAILABLE,1,1,SINGLETON,article_like
B04909,1,1,SINGLETON,AVAILABLE,1,1,SINGLETON,article_like
B04910,3,3,DOI;PMID;TITLE_EXACT_NORM,AVAILABLE,1,3,DOI,article_like
B04911,3,3,DOI;PMID;TITLE_EXACT_NORM,AVAILABLE,1,3,DOI,article_like
B04912,3,3,DOI;PMID;TITLE_EXACT_NORM,AVAILABLE,1,3,DOI,article_like
B04913,1,1,SINGLETON,AVAILABLE,1,1,SINGLETON,article_like
B04914,1,1,SINGLETON,AVAILABLE,1,1,SINGLETON,article_like
B04915,1,1,SINGLETON,AVAILABLE,1,1,SINGLETON,article_like
B04916,1,1,SINGLETON,AVAILABLE,1,1,SINGLETON,article_like
B04917,3,3,DOI;PMID;TITLE_EXACT_NORM,AVAILABLE,1,3,DOI,article_like
B04918,3,3,DOI;PMID;TITLE_EXACT_NORM,AVAILABLE,1,3,DOI,article_like
B04919,1,1,SINGLETON,AVAILABLE,1,1,SINGLETON,article_like
B04920,3,3,DOI;PMID;TITLE_EXACT_NORM,AVAILABLE,1,3,DOI,article_like
B04921,1,1,SINGLETON,AVAILABLE,1,1,SINGLETON,article_like
B04922,1,1,SINGLETON,AVAILABLE,1,1,SINGLETON,article_like
B04923,1,1,SINGLETON,AVAILABLE,1,1,SINGLETON,article_like
B04924,3,3,DOI;PMID;TITLE_EXACT_NORM,AVAILABLE,1,3,DOI,article_like
B04925,3,3,DOI;PMID;TITLE_EXACT_NORM,AVAILABLE,1,3,DOI,article_like
B04926,3,3,DOI;PMID;TITLE_EXACT_NORM,AVAILABLE,1,3,DOI,article_like
B04927,3,3,DOI;PMID;TITLE_EXACT_NORM,AVAILABLE,1,3,DOI,article_like
B04928,3,3,DOI;PMID;TITLE_EXACT_NORM,AVAILABLE,1,3,DOI,article_like
B04929,1,1,SINGLETON,AVAILABLE,1,1,SINGLETON,article_like
B04930,3,3,DOI;PMID;TITLE_EXACT_NORM,AVAILABLE,1,3,DOI,article_like
B04931,1,1,SINGLETON,AVAILABLE,1,1,SINGLETON,article_like
B04932,3,3,DOI;PMID;TITLE_EXACT_NORM,AVAILABLE,1,3,DOI,article_like
B04933,3,3,DOI;PMID;TITLE_EXACT_NORM,AVAILABLE,1,3,DOI,article_like
B04934,3,3,DOI;PMID;TITLE_EXACT_NORM,AVAILABLE,1,3,DOI,article_like
B04935,2,2,DOI;TITLE_EXACT_NORM,AVAILABLE,1,2,DOI,article_like
B04936,3,3,DOI;PMID;TITLE_EXACT_NORM,AVAILABLE,1,3,DOI,article_like
B04937,3,3,DOI;PMID;TITLE_EXACT_NORM,AVAILABLE,1,3,DOI,article_like
B04938,1,1,SINGLETON,AVAILABLE,1,1,SINGLETON,article_like
B04939,3,3,DOI;PMID;TITLE_EXACT_NORM,AVAILABLE,1,3,DOI,article_like
B04940,1,1,SINGLETON,AVAILABLE,1,1,SINGLETON,article_like
B04941,2,2,DOI;PMID;TITLE_EXACT_NORM,AVAILABLE,1,2,DOI,article_like
B04942,3,3,DOI;PMID;TITLE_EXACT_NORM,AVAILABLE,1,3,DOI,article_like
B04943,3,3,DOI;PMID;TITLE_EXACT_NORM,AVAILABLE,1,3,DOI,article_like
B04944,3,3,DOI;PMID;TITLE_EXACT_NORM,AVAILABLE,1,3,DOI,article_like
B04945,3,3,DOI;PMID;TITLE_EXACT_NORM,AVAILABLE,1,3,DOI,article_like
B04946,1,1,SINGLETON,AVAILABLE,1,1,SINGLETON,article_like
B04947,3,3,DOI;PMID;TITLE_EXACT_NORM,AVAILABLE,1,3,DOI,article_like
B04948,1,1,SINGLETON,AVAILABLE,1,1,SINGLETON,article_like
B04949,3,3,DOI;PMID;TITLE_EXACT_NORM,AVAILABLE,1,3,DOI,article_like
B04950,3,3,DOI;PMID;TITLE_EXACT_NORM,AVAILABLE,1,3,DOI,article_like
B04951,1,1,SINGLETON,AVAILABLE,1,1,SINGLETON,article_like
B04952,3,3,DOI;PMID;TITLE_EXACT_NORM,AVAILABLE,1,3,DOI,article_like
B04953,3,3,DOI;PMID;TITLE_EXACT_NORM,AVAILABLE,1,3,DOI,article_like
B04954,3,3,DOI;PMID;TITLE_EXACT_NORM,AVAILABLE,1,3,DOI,article_like
B04955,3,3,DOI;PMID;TITLE_EXACT_NORM,AVAILABLE,1,3,DOI,article_like
B04956,3,3,DOI;PMID;TITLE_EXACT_NORM,AVAILABLE,1,3,DOI,article_like
B04957,1,1,SINGLETON,AVAILABLE,1,1,SINGLETON,article_like
B04958,1,1,SINGLETON,AVAILABLE,1,1,SINGLETON,article_like
B04959,1,1,SINGLETON,AVAILABLE,1,1,SINGLETON,article_like
B04960,2,2,DOI;PMID;TITLE_EXACT_NORM,AVAILABLE,1,2,DOI,article_like
B04961,1,1,SINGLETON,AVAILABLE,1,1,SINGLETON,correction
B04962,3,3,DOI;PMID;TITLE_EXACT_NORM,AVAILABLE,1,3,DOI,article_like
B04963,1,1,SINGLETON,AVAILABLE,1,1,SINGLETON,article_like
B04964,1,1,SINGLETON,AVAILABLE,1,1,SINGLETON,article_like
B04965,3,3,DOI;PMID;TITLE_EXACT_NORM,AVAILABLE,1,3,DOI,article_like
B04966,1,1,SINGLETON,AVAILABLE,1,1,SINGLETON,article_like
B04967,3,3,DOI;PMID;TITLE_EXACT_NORM,AVAILABLE,1,3,DOI,article_like
B04968,1,1,SINGLETON,AVAILABLE,1,1,SINGLETON,article_like
B04969,1,1,SINGLETON,AVAILABLE,1,1,SINGLETON,article_like
B04970,1,1,SINGLETON,AVAILABLE,1,1,SINGLETON,article_like
B04971,1,1,SINGLETON,AVAILABLE,1,1,SINGLETON,article_like
B04972,3,3,DOI;PMID;TITLE_EXACT_NORM,AVAILABLE,1,3,DOI,article_like
B04973,1,1,SINGLETON,AVAILABLE,1,1,SINGLETON,article_like
B04974,3,3,DOI;PMID;TITLE_EXACT_NORM,AVAILABLE,1,3,DOI,article_like
B04975,1,1,SINGLETON,TITLE_ONLY,0,1,SINGLETON,conference
B04976,1,1,SINGLETON,AVAILABLE,1,1,SINGLETON,article_like
B04977,1,1,SINGLETON,AVAILABLE,1,1,SINGLETON,article_like
B04978,2,2,DOI;PMID;TITLE_EXACT_NORM,AVAILABLE,1,2,DOI,article_like
B04979,1,1,SINGLETON,AVAILABLE,1,1,SINGLETON,article_like
B04980,3,3,DOI;PMID;TITLE_EXACT_NORM,AVAILABLE,1,3,DOI,article_like
B04981,3,3,DOI;PMID;TITLE_EXACT_NORM,AVAILABLE,1,3,DOI,article_like
B04982,2,2,DOI;TITLE_EXACT_NORM,AVAILABLE,1,2,DOI,article_like
B04983,3,3,DOI;PMID;TITLE_EXACT_NORM,AVAILABLE,1,3,DOI,article_like
B04984,1,1,SINGLETON,AVAILABLE,1,1,SINGLETON,article_like
B04985,2,2,DOI;PMID;TITLE_EXACT_NORM,AVAILABLE,1,2,DOI,article_like
B04986,3,3,DOI;PMID;TITLE_EXACT_NORM,AVAILABLE,1,3,DOI,article_like
B04987,3,3,DOI;PMID;TITLE_EXACT_NORM,AVAILABLE,1,3,DOI,article_like
B04988,3,3,DOI;PMID;TITLE_EXACT_NORM,AVAILABLE,1,3,DOI,article_like
B04989,3,3,DOI;PMID;TITLE_EXACT_NORM,AVAILABLE,1,3,DOI,article_like
B04990,3,3,DOI;PMID;TITLE_EXACT_NORM,AVAILABLE,1,3,DOI,article_like
B04991,1,1,SINGLETON,AVAILABLE,1,1,SINGLETON,article_like
B04992,2,2,DOI;TITLE_EXACT_NORM,AVAILABLE,1,2,DOI,article_like
B04993,2,2,DOI;TITLE_EXACT_NORM,AVAILABLE,1,2,DOI,article_like
B04994,3,3,DOI;PMID;TITLE_EXACT_NORM,AVAILABLE,1,3,DOI,article_like
B04995,3,3,DOI;PMID;TITLE_EXACT_NORM,AVAILABLE,1,3,DOI,article_like
B04996,1,1,SINGLETON,AVAILABLE,1,1,SINGLETON,article_like
B04997,3,3,DOI;PMID;TITLE_EXACT_NORM,AVAILABLE,1,3,DOI,article_like
B04998,1,1,SINGLETON,AVAILABLE,1,1,SINGLETON,article_like
B04999,2,2,DOI;PMID;TITLE_EXACT_NORM,AVAILABLE,1,2,DOI,article_like
B05000,3,3,DOI;PMID;TITLE_EXACT_NORM,AVAILABLE,1,3,DOI,article_like
B05001,2,2,DOI;PMID;TITLE_EXACT_NORM,AVAILABLE,1,2,DOI,article_like
B05002,3,3,DOI;PMID;TITLE_EXACT_NORM,AVAILABLE,1,3,DOI,article_like
B05003,1,1,SINGLETON,TITLE_ONLY,0,1,SINGLETON,conference
B05004,1,1,SINGLETON,TITLE_ONLY,0,1,SINGLETON,conference
B05005,2,2,DOI;TITLE_EXACT_NORM,AVAILABLE,1,2,DOI,article_like
B05006,1,1,SINGLETON,AVAILABLE,1,1,SINGLETON,article_like
B05007,3,3,DOI;PMID;TITLE_EXACT_NORM,AVAILABLE,1,3,DOI,article_like
B05008,1,1,SINGLETON,AVAILABLE,1,1,SINGLETON,article_like
B05009,1,1,SINGLETON,AVAILABLE,1,1,SINGLETON,article_like
B05010,1,1,SINGLETON,AVAILABLE,1,1,SINGLETON,article_like
B05011,1,1,SINGLETON,AVAILABLE,1,1,SINGLETON,article_like
B05012,3,3,DOI;PMID;TITLE_EXACT_NORM,AVAILABLE,1,3,DOI,article_like
B05013,1,1,SINGLETON,AVAILABLE,1,1,SINGLETON,article_like
B05014,1,1,SINGLETON,AVAILABLE,1,1,SINGLETON,article_like
B05015,1,1,SINGLETON,AVAILABLE,1,1,SINGLETON,article_like
B05016,1,1,SINGLETON,AVAILABLE,1,1,SINGLETON,article_like
B05017,1,1,SINGLETON,AVAILABLE,1,1,SINGLETON,article_like
B05018,3,3,DOI;PMID;TITLE_EXACT_NORM,AVAILABLE,1,3,DOI,article_like
B05019,2,2,DOI;PMID;TITLE_EXACT_NORM,AVAILABLE,1,2,DOI,article_like
B05020,2,2,DOI;PMID;TITLE_EXACT_NORM,AVAILABLE,1,2,DOI,article_like
B05021,1,1,SINGLETON,AVAILABLE,1,1,SINGLETON,article_like
B05022,1,1,SINGLETON,AVAILABLE,1,1,SINGLETON,article_like
B05023,1,1,SINGLETON,AVAILABLE,1,1,SINGLETON,article_like
B05024,1,1,SINGLETON,AVAILABLE,1,1,SINGLETON,article_like
B05025,1,1,SINGLETON,AVAILABLE,1,1,SINGLETON,article_like
B05026,1,1,SINGLETON,AVAILABLE,1,1,SINGLETON,article_like
B05027,3,3,DOI;PMID;TITLE_EXACT_NORM,AVAILABLE,1,3,DOI,article_like
B05028,1,1,SINGLETON,TITLE_ONLY,0,1,SINGLETON,article_like
B05029,1,1,SINGLETON,AVAILABLE,1,1,SINGLETON,article_like
B05030,3,3,DOI;PMID;TITLE_EXACT_NORM,AVAILABLE,1,3,DOI,article_like
B05031,3,3,DOI;PMID;TITLE_EXACT_NORM,AVAILABLE,1,3,DOI,article_like
B05032,3,3,DOI;PMID;TITLE_EXACT_NORM,AVAILABLE,1,3,DOI,article_like
B05033,1,1,SINGLETON,AVAILABLE,1,1,SINGLETON,article_like
B05034,3,3,DOI;PMID;TITLE_EXACT_NORM,AVAILABLE,1,3,DOI,article_like
B05035,1,1,SINGLETON,AVAILABLE,1,1,SINGLETON,article_like
B05036,1,1,SINGLETON,AVAILABLE,1,1,SINGLETON,article_like
B05037,1,1,SINGLETON,AVAILABLE,1,1,SINGLETON,article_like
B05038,3,3,DOI;PMID;TITLE_EXACT_NORM,AVAILABLE,1,3,DOI,article_like
B05039,3,3,DOI;PMID;TITLE_EXACT_NORM,AVAILABLE,1,3,DOI,article_like
B05040,1,1,SINGLETON,AVAILABLE,1,1,SINGLETON,article_like
B05041,1,1,SINGLETON,TITLE_ONLY,0,1,SINGLETON,article_like
B05042,3,3,DOI;PMID;TITLE_EXACT_NORM,AVAILABLE,1,3,DOI,article_like
B05043,2,2,DOI;PMID;TITLE_EXACT_NORM,AVAILABLE,1,2,DOI,article_like
B05044,3,3,DOI;PMID;TITLE_EXACT_NORM,AVAILABLE,1,3,DOI,article_like
B05045,1,1,SINGLETON,AVAILABLE,1,1,SINGLETON,article_like
B05046,3,3,DOI;PMID;TITLE_EXACT_NORM,AVAILABLE,1,3,DOI,article_like
B05047,2,2,DOI;TITLE_EXACT_NORM,AVAILABLE,1,2,DOI,article_like
B05048,2,2,DOI;TITLE_EXACT_NORM,AVAILABLE,1,2,DOI,article_like
B05049,3,3,DOI;PMID;TITLE_EXACT_NORM,AVAILABLE,1,3,DOI,article_like
B05050,1,1,SINGLETON,AVAILABLE,1,1,SINGLETON,article_like
B05051,3,3,DOI;PMID;TITLE_EXACT_NORM,AVAILABLE,1,3,DOI,article_like
B05052,1,1,SINGLETON,AVAILABLE,1,1,SINGLETON,article_like
B05053,1,1,SINGLETON,AVAILABLE,1,1,SINGLETON,article_like
B05054,1,1,SINGLETON,AVAILABLE,1,1,SINGLETON,article_like
B05055,3,3,DOI;PMID;TITLE_EXACT_NORM,AVAILABLE,1,3,DOI,article_like
B05056,3,3,DOI;PMID;TITLE_EXACT_NORM,AVAILABLE,1,3,DOI,article_like
B05057,2,2,DOI;PMID;TITLE_EXACT_NORM,AVAILABLE,1,2,DOI,article_like
B05058,1,1,SINGLETON,AVAILABLE,1,1,SINGLETON,article_like
B05059,1,1,SINGLETON,AVAILABLE,1,1,SINGLETON,article_like
B05060,3,3,DOI;PMID;TITLE_EXACT_NORM,AVAILABLE,1,3,DOI,article_like
B05061,1,1,SINGLETON,AVAILABLE,1,1,SINGLETON,article_like
B05062,3,3,DOI;PMID;TITLE_EXACT_NORM,AVAILABLE,1,3,DOI,article_like
B05063,1,1,SINGLETON,TITLE_ONLY,0,1,SINGLETON,conference
B05064,2,2,PMID;TITLE_EXACT_NORM,AVAILABLE,1,2,PMID,article_like
B05065,2,2,DOI;TITLE_EXACT_NORM,AVAILABLE,1,2,DOI,article_like
B05066,3,3,DOI;PMID;TITLE_EXACT_NORM,AVAILABLE,1,3,DOI,article_like
B05067,3,3,DOI;PMID;TITLE_EXACT_NORM,AVAILABLE,1,3,DOI,article_like
B05068,1,1,SINGLETON,AVAILABLE,1,1,SINGLETON,article_like
B05069,1,1,SINGLETON,AVAILABLE,1,1,SINGLETON,article_like
B05070,3,3,DOI;PMID;TITLE_EXACT_NORM,AVAILABLE,1,3,DOI,article_like
B05071,1,1,SINGLETON,AVAILABLE,1,1,SINGLETON,article_like
B05072,1,1,SINGLETON,AVAILABLE,1,1,SINGLETON,article_like
B05073,3,3,DOI;PMID;TITLE_EXACT_NORM,AVAILABLE,1,3,DOI,article_like
B05074,3,3,DOI;PMID;TITLE_EXACT_NORM,AVAILABLE,1,3,DOI,article_like
B05075,1,1,SINGLETON,AVAILABLE,1,1,SINGLETON,article_like
B05076,3,3,DOI;PMID;TITLE_EXACT_NORM,AVAILABLE,1,3,DOI,article_like
B05077,1,1,SINGLETON,AVAILABLE,1,1,SINGLETON,article_like
B05078,3,3,DOI;PMID;TITLE_EXACT_NORM,TITLE_ONLY,0,3,DOI,article_like
B05079,3,3,DOI;PMID;TITLE_EXACT_NORM,AVAILABLE,1,3,DOI,article_like
B05080,1,1,SINGLETON,AVAILABLE,1,1,SINGLETON,article_like
B05081,3,3,DOI;PMID;TITLE_EXACT_NORM,AVAILABLE,1,3,DOI,article_like
B05082,3,3,DOI;PMID;TITLE_EXACT_NORM,AVAILABLE,1,3,DOI,article_like
B05083,3,3,DOI;PMID;TITLE_EXACT_NORM,AVAILABLE,1,3,DOI,article_like
B05084,1,1,SINGLETON,AVAILABLE,1,1,SINGLETON,article_like
B05085,1,1,SINGLETON,AVAILABLE,1,1,SINGLETON,article_like
B05086,1,1,SINGLETON,AVAILABLE,1,1,SINGLETON,article_like
B05087,1,1,SINGLETON,AVAILABLE,1,1,SINGLETON,article_like
B05088,1,1,SINGLETON,AVAILABLE,1,1,SINGLETON,article_like
B05089,1,1,SINGLETON,AVAILABLE,1,1,SINGLETON,article_like
B05090,1,1,SINGLETON,AVAILABLE,1,1,SINGLETON,article_like
B05091,1,1,SINGLETON,AVAILABLE,1,1,SINGLETON,article_like
B05092,1,1,SINGLETON,AVAILABLE,1,1,SINGLETON,article_like
B05093,1,1,SINGLETON,AVAILABLE,1,1,SINGLETON,article_like
B05094,1,1,SINGLETON,AVAILABLE,1,1,SINGLETON,article_like
B05095,2,2,DOI;PMID;TITLE_EXACT_NORM,AVAILABLE,1,2,DOI,article_like
B05096,3,3,DOI;PMID;TITLE_EXACT_NORM,AVAILABLE,1,3,DOI,article_like
B05097,3,3,DOI;PMID;TITLE_EXACT_NORM,AVAILABLE,1,3,DOI,article_like
B05098,1,1,SINGLETON,AVAILABLE,1,1,SINGLETON,article_like
B05099,1,1,SINGLETON,AVAILABLE,1,1,SINGLETON,article_like
B05100,3,3,DOI;PMID;TITLE_EXACT_NORM,AVAILABLE,1,3,DOI,article_like
B05101,1,1,SINGLETON,TITLE_ONLY,0,1,SINGLETON,conference
B05102,3,3,DOI;PMID;TITLE_EXACT_NORM,AVAILABLE,1,3,DOI,article_like
B05103,1,1,SINGLETON,AVAILABLE,1,1,SINGLETON,article_like
B05104,1,1,SINGLETON,TITLE_ONLY,0,1,SINGLETON,conference
B05105,1,1,SINGLETON,TITLE_ONLY,0,1,SINGLETON,conference
B05106,1,1,SINGLETON,AVAILABLE,1,1,SINGLETON,article_like
B05107,1,1,SINGLETON,AVAILABLE,1,1,SINGLETON,article_like
B05108,1,1,SINGLETON,AVAILABLE,1,1,SINGLETON,article_like
B05109,3,3,DOI;PMID;TITLE_EXACT_NORM,AVAILABLE,1,3,DOI,article_like
B05110,3,3,DOI;PMID;TITLE_EXACT_NORM,AVAILABLE,1,3,DOI,article_like
B05111,1,1,SINGLETON,AVAILABLE,1,1,SINGLETON,article_like
B05112,3,3,DOI;PMID;TITLE_EXACT_NORM,AVAILABLE,1,3,DOI,article_like
B05113,3,3,DOI;PMID;TITLE_EXACT_NORM,AVAILABLE,1,3,DOI,article_like
B05114,1,1,SINGLETON,AVAILABLE,1,1,SINGLETON,article_like
B05115,3,3,DOI;PMID;TITLE_EXACT_NORM,AVAILABLE,1,3,DOI,article_like
B05116,2,2,DOI;TITLE_EXACT_NORM,AVAILABLE,1,2,DOI,article_like
B05117,3,3,DOI;PMID;TITLE_EXACT_NORM,AVAILABLE,1,3,DOI,article_like
B05118,3,3,DOI;PMID;TITLE_EXACT_NORM,AVAILABLE,1,3,DOI,article_like
B05119,1,1,SINGLETON,AVAILABLE,1,1,SINGLETON,article_like
B05120,1,1,SINGLETON,AVAILABLE,1,1,SINGLETON,article_like
B05121,3,3,DOI;PMID;TITLE_EXACT_NORM,AVAILABLE,1,3,DOI,article_like
B05122,3,3,DOI;PMID;TITLE_EXACT_NORM,AVAILABLE,1,3,DOI,article_like
B05123,1,1,SINGLETON,AVAILABLE,1,1,SINGLETON,article_like
B05124,3,3,DOI;PMID;TITLE_EXACT_NORM,AVAILABLE,1,3,DOI,article_like
B05125,1,1,SINGLETON,AVAILABLE,1,1,SINGLETON,article_like
B05126,3,3,DOI;PMID;TITLE_EXACT_NORM,AVAILABLE,1,3,DOI,article_like
B05127,3,3,DOI;PMID;TITLE_EXACT_NORM,AVAILABLE,1,3,DOI,article_like
B05128,2,2,DOI;PMID;TITLE_EXACT_NORM,AVAILABLE,1,2,DOI,article_like
B05129,1,1,SINGLETON,AVAILABLE,1,1,SINGLETON,article_like
B05130,1,1,SINGLETON,AVAILABLE,1,1,SINGLETON,article_like
B05131,3,3,DOI;PMID;TITLE_EXACT_NORM,AVAILABLE,1,3,DOI,article_like
B05132,1,1,SINGLETON,AVAILABLE,1,1,SINGLETON,article_like
B05133,3,3,DOI;PMID;TITLE_EXACT_NORM,AVAILABLE,1,3,DOI,article_like
B05134,1,1,SINGLETON,AVAILABLE,1,1,SINGLETON,article_like
B05135,3,3,DOI;PMID;TITLE_EXACT_NORM,AVAILABLE,1,3,DOI,article_like
B05136,3,3,DOI;PMID;TITLE_EXACT_NORM,AVAILABLE,1,3,DOI,article_like
B05137,2,2,DOI;PMID;TITLE_EXACT_NORM,AVAILABLE,1,2,DOI,article_like
B05138,1,1,SINGLETON,AVAILABLE,1,1,SINGLETON,article_like
B05139,1,1,SINGLETON,AVAILABLE,1,1,SINGLETON,article_like
B05140,1,1,SINGLETON,AVAILABLE,1,1,SINGLETON,article_like
B05141,1,1,SINGLETON,TITLE_ONLY,0,1,SINGLETON,article_like
B05142,3,3,DOI;PMID;TITLE_EXACT_NORM,AVAILABLE,1,3,DOI,article_like
B05143,3,3,DOI;PMID;TITLE_EXACT_NORM,AVAILABLE,1,3,DOI,article_like
B05144,3,3,DOI;PMID;TITLE_EXACT_NORM,AVAILABLE,1,3,DOI,article_like
B05145,1,1,SINGLETON,AVAILABLE,1,1,SINGLETON,article_like
B05146,3,3,DOI;PMID;TITLE_EXACT_NORM,AVAILABLE,1,3,DOI,article_like
B05147,3,3,DOI;PMID;TITLE_EXACT_NORM,AVAILABLE,1,3,DOI,article_like
B05148,3,3,DOI;PMID;TITLE_EXACT_NORM,AVAILABLE,1,3,DOI,article_like
B05149,3,3,DOI;PMID;TITLE_EXACT_NORM,AVAILABLE,1,3,DOI,article_like
B05150,3,3,DOI;PMID;TITLE_EXACT_NORM,AVAILABLE,1,3,DOI,article_like
B05151,3,3,DOI;PMID;TITLE_EXACT_NORM,AVAILABLE,1,3,DOI,article_like
B05152,1,1,SINGLETON,TITLE_ONLY,0,1,SINGLETON,conference
B05153,3,3,DOI;PMID;TITLE_EXACT_NORM,AVAILABLE,1,3,DOI,article_like
B05154,1,1,SINGLETON,AVAILABLE,1,1,SINGLETON,article_like
B05155,3,3,DOI;PMID;TITLE_EXACT_NORM,AVAILABLE,1,3,DOI,article_like
B05156,3,3,DOI;PMID;TITLE_EXACT_NORM,AVAILABLE,1,3,DOI,article_like
B05157,1,1,SINGLETON,AVAILABLE,1,1,SINGLETON,article_like
B05158,3,3,DOI;PMID;TITLE_EXACT_NORM,AVAILABLE,1,3,DOI,article_like
B05159,3,3,DOI;PMID;TITLE_EXACT_NORM,AVAILABLE,1,3,DOI,article_like
B05160,3,3,DOI;PMID;TITLE_EXACT_NORM,AVAILABLE,1,3,DOI,article_like
B05161,1,1,SINGLETON,TITLE_ONLY,0,1,SINGLETON,article_like
B05162,3,3,DOI;PMID;TITLE_EXACT_NORM,AVAILABLE,1,3,DOI,article_like
B05163,1,1,SINGLETON,AVAILABLE,1,1,SINGLETON,article_like
B05164,1,1,SINGLETON,AVAILABLE,1,1,SINGLETON,article_like
B05165,3,3,DOI;PMID;TITLE_EXACT_NORM,AVAILABLE,1,3,DOI,article_like
B05166,3,3,DOI;PMID;TITLE_EXACT_NORM,AVAILABLE,1,3,DOI,article_like
B05167,1,1,SINGLETON,AVAILABLE,1,1,SINGLETON,article_like
B05168,1,1,SINGLETON,AVAILABLE,1,1,SINGLETON,article_like
B05169,1,1,SINGLETON,AVAILABLE,1,1,SINGLETON,article_like
B05170,3,3,DOI;PMID;TITLE_EXACT_NORM,AVAILABLE,1,3,DOI,article_like
B05171,1,1,SINGLETON,AVAILABLE,1,1,SINGLETON,article_like
B05172,1,1,SINGLETON,TITLE_ONLY,0,1,SINGLETON,article_like
B05173,1,1,SINGLETON,AVAILABLE,1,1,SINGLETON,article_like
B05174,3,3,DOI;PMID;TITLE_EXACT_NORM,AVAILABLE,1,3,DOI,article_like
B05175,3,3,DOI;PMID;TITLE_EXACT_NORM,AVAILABLE,1,3,DOI,article_like
B05176,1,1,SINGLETON,TITLE_ONLY,0,1,SINGLETON,conference
B05177,1,1,SINGLETON,AVAILABLE,1,1,SINGLETON,article_like
B05178,1,1,SINGLETON,AVAILABLE,1,1,SINGLETON,article_like
B05179,1,1,SINGLETON,AVAILABLE,1,1,SINGLETON,article_like
B05180,2,2,DOI;TITLE_EXACT_NORM,AVAILABLE,1,2,DOI,article_like
B05181,1,1,SINGLETON,AVAILABLE,1,1,SINGLETON,article_like
B05182,1,1,SINGLETON,AVAILABLE,1,1,SINGLETON,article_like
B05183,1,1,SINGLETON,AVAILABLE,1,1,SINGLETON,article_like
B05184,1,1,SINGLETON,AVAILABLE,1,1,SINGLETON,article_like
B05185,1,1,SINGLETON,AVAILABLE,1,1,SINGLETON,article_like
B05186,3,3,DOI;PMID;TITLE_EXACT_NORM,AVAILABLE,1,3,DOI,article_like
B05187,1,1,SINGLETON,AVAILABLE,1,1,SINGLETON,article_like
B05188,1,1,SINGLETON,AVAILABLE,1,1,SINGLETON,article_like
B05189,1,1,SINGLETON,AVAILABLE,1,1,SINGLETON,article_like
B05190,1,1,SINGLETON,AVAILABLE,1,1,SINGLETON,article_like
B05191,1,1,SINGLETON,TITLE_ONLY,0,1,SINGLETON,conference
B05192,1,1,SINGLETON,AVAILABLE,1,1,SINGLETON,article_like
B05193,2,2,DOI;PMID,AVAILABLE,1,2,DOI,article_like
B05194,1,1,SINGLETON,AVAILABLE,1,1,SINGLETON,article_like
B05195,1,1,SINGLETON,AVAILABLE,1,1,SINGLETON,article_like
B05196,3,3,DOI;PMID;TITLE_EXACT_NORM,AVAILABLE,1,3,DOI,article_like
B05197,1,1,SINGLETON,AVAILABLE,1,1,SINGLETON,article_like
B05198,1,1,SINGLETON,AVAILABLE,1,1,SINGLETON,article_like
B05199,1,1,SINGLETON,AVAILABLE,1,1,SINGLETON,article_like
B05200,1,1,SINGLETON,AVAILABLE,1,1,SINGLETON,article_like
B05201,1,1,SINGLETON,AVAILABLE,1,1,SINGLETON,article_like
B05202,1,1,SINGLETON,AVAILABLE,1,1,SINGLETON,article_like
B05203,3,3,DOI;PMID;TITLE_EXACT_NORM,AVAILABLE,1,3,DOI,article_like
B05204,3,3,DOI;PMID;TITLE_EXACT_NORM,AVAILABLE,1,3,DOI,article_like
B05205,3,3,DOI;PMID;TITLE_EXACT_NORM,AVAILABLE,1,3,DOI,article_like
B05206,3,3,DOI;PMID;TITLE_EXACT_NORM,AVAILABLE,1,3,DOI,article_like
B05207,1,1,SINGLETON,AVAILABLE,1,1,SINGLETON,article_like
B05208,1,1,SINGLETON,AVAILABLE,1,1,SINGLETON,article_like
B05209,3,3,DOI;PMID;TITLE_EXACT_NORM,AVAILABLE,1,3,DOI,article_like
B05210,3,3,DOI;PMID;TITLE_EXACT_NORM,AVAILABLE,1,3,DOI,article_like
B05211,1,1,SINGLETON,TITLE_ONLY,0,1,SINGLETON,conference
B05212,1,1,SINGLETON,AVAILABLE,1,1,SINGLETON,article_like
B05213,3,3,DOI;PMID;TITLE_EXACT_NORM,AVAILABLE,1,3,DOI,article_like
B05214,3,3,DOI;PMID;TITLE_EXACT_NORM,AVAILABLE,1,3,DOI,article_like
B05215,1,1,SINGLETON,AVAILABLE,1,1,SINGLETON,article_like
B05216,1,1,SINGLETON,AVAILABLE,1,1,SINGLETON,article_like
B05217,3,3,DOI;PMID;TITLE_EXACT_NORM,AVAILABLE,1,3,DOI,article_like
B05218,3,3,DOI;PMID;TITLE_EXACT_NORM,AVAILABLE,1,3,DOI,article_like
B05219,3,3,DOI;PMID;TITLE_EXACT_NORM,AVAILABLE,1,3,DOI,article_like
B05220,3,3,DOI;PMID;TITLE_EXACT_NORM,AVAILABLE,1,3,DOI,article_like
B05221,3,3,DOI;PMID;TITLE_EXACT_NORM,AVAILABLE,1,3,DOI,article_like
B05222,3,3,DOI;PMID;TITLE_EXACT_NORM,AVAILABLE,1,3,DOI,article_like
B05223,3,3,DOI;PMID;TITLE_EXACT_NORM,AVAILABLE,1,3,DOI,article_like
B05224,3,3,DOI;PMID;TITLE_EXACT_NORM,AVAILABLE,1,3,DOI,article_like
B05225,1,1,SINGLETON,AVAILABLE,1,1,SINGLETON,article_like
B05226,1,1,SINGLETON,AVAILABLE,1,1,SINGLETON,article_like
B05227,3,3,DOI;PMID;TITLE_EXACT_NORM,AVAILABLE,1,3,DOI,article_like
B05228,1,1,SINGLETON,AVAILABLE,1,1,SINGLETON,article_like
B05229,3,3,DOI;PMID;TITLE_EXACT_NORM,AVAILABLE,1,3,DOI,article_like
B05230,1,1,SINGLETON,AVAILABLE,1,1,SINGLETON,article_like
B05231,1,1,SINGLETON,AVAILABLE,1,1,SINGLETON,article_like
B05232,1,1,SINGLETON,AVAILABLE,1,1,SINGLETON,article_like
B05233,1,1,SINGLETON,AVAILABLE,1,1,SINGLETON,article_like
B05234,1,1,SINGLETON,AVAILABLE,1,1,SINGLETON,article_like
B05235,1,1,SINGLETON,AVAILABLE,1,1,SINGLETON,article_like
B05236,3,3,DOI;PMID;TITLE_EXACT_NORM,AVAILABLE,1,3,DOI,article_like
B05237,1,1,SINGLETON,AVAILABLE,1,1,SINGLETON,article_like
B05238,3,3,DOI;PMID;TITLE_EXACT_NORM,AVAILABLE,1,3,DOI,article_like
B05239,1,1,SINGLETON,TITLE_ONLY,0,1,SINGLETON,conference
B05240,3,3,DOI;PMID;TITLE_EXACT_NORM,AVAILABLE,1,3,DOI,article_like
B05241,2,2,DOI;PMID;TITLE_EXACT_NORM,AVAILABLE,1,2,DOI,article_like
B05242,3,3,DOI;PMID;TITLE_EXACT_NORM,AVAILABLE,1,3,DOI,article_like
B05243,3,3,DOI;PMID;TITLE_EXACT_NORM,AVAILABLE,1,3,DOI,article_like
B05244,1,1,SINGLETON,TITLE_ONLY,0,1,SINGLETON,conference
B05245,1,1,SINGLETON,TITLE_ONLY,0,1,SINGLETON,conference
B05246,2,2,DOI;PMID;TITLE_EXACT_NORM,AVAILABLE,1,2,DOI,article_like
B05247,3,3,DOI;PMID;TITLE_EXACT_NORM,AVAILABLE,1,3,DOI,article_like
B05248,1,1,SINGLETON,TITLE_ONLY,0,1,SINGLETON,conference
B05249,3,3,DOI;PMID;TITLE_EXACT_NORM,AVAILABLE,1,3,DOI,article_like
B05250,1,1,SINGLETON,AVAILABLE,1,1,SINGLETON,article_like
B05251,3,3,DOI;PMID;TITLE_EXACT_NORM,AVAILABLE,1,3,DOI,article_like
B05252,1,1,SINGLETON,TITLE_ONLY,0,1,SINGLETON,conference
B05253,2,2,DOI;TITLE_EXACT_NORM,AVAILABLE,1,2,DOI,article_like
B05254,1,1,SINGLETON,AVAILABLE,1,1,SINGLETON,article_like
B05255,1,1,SINGLETON,AVAILABLE,1,1,SINGLETON,article_like
B05256,1,1,SINGLETON,AVAILABLE,1,1,SINGLETON,article_like
B05257,3,3,DOI;PMID;TITLE_EXACT_NORM,AVAILABLE,1,3,DOI,article_like
B05258,3,3,DOI;PMID;TITLE_EXACT_NORM,AVAILABLE,1,3,DOI,article_like
B05259,3,3,DOI;PMID;TITLE_EXACT_NORM,AVAILABLE,1,3,DOI,article_like
B05260,1,1,SINGLETON,TITLE_ONLY,0,1,SINGLETON,article_like
B05261,1,1,SINGLETON,TITLE_ONLY,0,1,SINGLETON,article_like
B05262,3,3,DOI;PMID;TITLE_EXACT_NORM,AVAILABLE,1,3,DOI,article_like
B05263,1,1,SINGLETON,AVAILABLE,1,1,SINGLETON,article_like
B05264,1,1,SINGLETON,TITLE_ONLY,0,1,SINGLETON,article_like
B05265,1,1,SINGLETON,AVAILABLE,1,1,SINGLETON,article_like
B05266,1,1,SINGLETON,AVAILABLE,1,1,SINGLETON,article_like
B05267,1,1,SINGLETON,AVAILABLE,1,1,SINGLETON,article_like
B05268,1,1,SINGLETON,AVAILABLE,1,1,SINGLETON,article_like
B05269,1,1,SINGLETON,TITLE_ONLY,0,1,SINGLETON,conference
B05270,1,1,SINGLETON,AVAILABLE,1,1,SINGLETON,article_like
B05271,1,1,SINGLETON,AVAILABLE,1,1,SINGLETON,article_like
B05272,3,3,DOI;PMID;TITLE_EXACT_NORM,AVAILABLE,1,3,DOI,article_like
B05273,1,1,SINGLETON,AVAILABLE,1,1,SINGLETON,article_like
B05274,1,1,SINGLETON,AVAILABLE,1,1,SINGLETON,article_like
B05275,3,3,DOI;PMID;TITLE_EXACT_NORM,AVAILABLE,1,3,DOI,article_like
B05276,1,1,SINGLETON,AVAILABLE,1,1,SINGLETON,article_like
B05277,3,3,DOI;PMID;TITLE_EXACT_NORM,AVAILABLE,1,3,DOI,article_like
B05278,1,1,SINGLETON,TITLE_ONLY,0,1,SINGLETON,conference
B05279,1,1,SINGLETON,TITLE_ONLY,0,1,SINGLETON,article_like
B05280,3,3,DOI;PMID;TITLE_EXACT_NORM,AVAILABLE,1,3,DOI,article_like
B05281,1,1,SINGLETON,AVAILABLE,1,1,SINGLETON,article_like
B05282,1,1,SINGLETON,TITLE_ONLY,0,1,SINGLETON,conference
B05283,3,3,DOI;PMID;TITLE_EXACT_NORM,AVAILABLE,1,3,DOI,article_like
B05284,3,3,DOI;PMID;TITLE_EXACT_NORM,AVAILABLE,1,3,DOI,article_like
B05285,2,1,TITLE_EXACT_NORM,TITLE_ONLY,0,2,TITLE_EXACT_NORM,conference
B05286,3,3,DOI;PMID;TITLE_EXACT_NORM,AVAILABLE,1,3,DOI,article_like
B05287,1,1,SINGLETON,TITLE_ONLY,0,1,SINGLETON,conference
B05288,1,1,SINGLETON,AVAILABLE,1,1,SINGLETON,article_like
B05289,3,3,DOI;PMID;TITLE_EXACT_NORM,AVAILABLE,1,3,DOI,article_like
B05290,1,1,SINGLETON,TITLE_ONLY,0,1,SINGLETON,conference
B05291,3,3,DOI;PMID;TITLE_EXACT_NORM,AVAILABLE,1,3,DOI,article_like
B05292,2,2,DOI;PMID;TITLE_EXACT_NORM,AVAILABLE,1,2,DOI,article_like
B05293,2,2,DOI;TITLE_EXACT_NORM,AVAILABLE,1,2,DOI,article_like
B05294,1,1,SINGLETON,AVAILABLE,1,1,SINGLETON,article_like
B05295,1,1,SINGLETON,AVAILABLE,1,1,SINGLETON,article_like
B05296,1,1,SINGLETON,AVAILABLE,1,1,SINGLETON,article_like
B05297,3,3,DOI;PMID;TITLE_EXACT_NORM,AVAILABLE,1,3,DOI,article_like
B05298,3,3,DOI;PMID;TITLE_EXACT_NORM,AVAILABLE,1,3,DOI,article_like
B05299,1,1,SINGLETON,AVAILABLE,1,1,SINGLETON,article_like
B05300,1,1,SINGLETON,AVAILABLE,1,1,SINGLETON,article_like
B05301,1,1,SINGLETON,AVAILABLE,1,1,SINGLETON,article_like
B05302,1,1,SINGLETON,AVAILABLE,1,1,SINGLETON,article_like
B05303,3,3,DOI;PMID;TITLE_EXACT_NORM,AVAILABLE,1,3,DOI,article_like
B05304,1,1,SINGLETON,TITLE_ONLY,0,1,SINGLETON,article_like
B05305,3,3,DOI;PMID,AVAILABLE,1,3,DOI,correction
B05306,3,3,DOI;PMID,AVAILABLE,1,3,DOI,correction
B05307,1,1,SINGLETON,AVAILABLE,1,1,SINGLETON,correction
B05308,3,3,DOI;PMID,AVAILABLE,1,3,DOI,correction
B05309,3,3,DOI;PMID,AVAILABLE,1,3,DOI,correction
B05310,3,3,DOI;PMID;TITLE_EXACT_NORM,AVAILABLE,1,3,DOI,article_like
B05311,1,1,SINGLETON,AVAILABLE,1,1,SINGLETON,article_like
B05312,1,1,SINGLETON,AVAILABLE,1,1,SINGLETON,correction
B05313,2,2,DOI;PMID,AVAILABLE,1,2,DOI,correction
B05314,2,2,DOI;TITLE_EXACT_NORM,AVAILABLE,1,2,DOI,article_like
B05315,1,1,SINGLETON,AVAILABLE,1,1,SINGLETON,article_like
B05316,1,1,SINGLETON,AVAILABLE,1,1,SINGLETON,article_like
B05317,2,2,DOI;PMID;TITLE_EXACT_NORM,AVAILABLE,1,2,DOI,article_like
B05318,3,3,DOI;PMID;TITLE_EXACT_NORM,AVAILABLE,1,3,DOI,article_like
B05319,1,1,SINGLETON,AVAILABLE,1,1,SINGLETON,article_like
B05320,1,1,SINGLETON,AVAILABLE,1,1,SINGLETON,article_like
B05321,2,2,DOI;TITLE_EXACT_NORM,AVAILABLE,1,2,DOI,article_like
B05322,1,1,SINGLETON,AVAILABLE,1,1,SINGLETON,article_like
B05323,1,1,SINGLETON,AVAILABLE,1,1,SINGLETON,article_like
B05324,3,3,DOI;PMID;TITLE_EXACT_NORM,AVAILABLE,1,3,DOI,article_like
B05325,1,1,SINGLETON,AVAILABLE,1,1,SINGLETON,article_like
B05326,3,3,DOI;PMID;TITLE_EXACT_NORM,AVAILABLE,1,3,DOI,article_like
B05327,1,1,SINGLETON,AVAILABLE,1,1,SINGLETON,article_like
B05328,3,3,DOI;PMID;TITLE_EXACT_NORM,AVAILABLE,1,3,DOI,article_like
B05329,3,3,DOI;PMID;TITLE_EXACT_NORM,AVAILABLE,1,3,DOI,article_like
B05330,2,2,DOI;PMID;TITLE_EXACT_NORM,AVAILABLE,1,2,DOI,article_like
B05331,1,1,SINGLETON,AVAILABLE,1,1,SINGLETON,article_like
B05332,1,1,SINGLETON,AVAILABLE,1,1,SINGLETON,article_like
B05333,1,1,SINGLETON,AVAILABLE,1,1,SINGLETON,article_like
B05334,1,1,SINGLETON,AVAILABLE,1,1,SINGLETON,article_like
B05335,1,1,SINGLETON,TITLE_ONLY,0,1,SINGLETON,conference
B05336,3,3,DOI;PMID;TITLE_EXACT_NORM,AVAILABLE,1,3,DOI,article_like
B05337,1,1,SINGLETON,AVAILABLE,1,1,SINGLETON,article_like
B05338,1,1,SINGLETON,AVAILABLE,1,1,SINGLETON,article_like
B05339,3,3,DOI;PMID;TITLE_EXACT_NORM,AVAILABLE,1,3,DOI,article_like
B05340,2,2,DOI;PMID;TITLE_EXACT_NORM,AVAILABLE,1,2,DOI,article_like
B05341,1,1,SINGLETON,AVAILABLE,1,1,SINGLETON,article_like
B05342,3,3,DOI;PMID;TITLE_EXACT_NORM,AVAILABLE,1,3,DOI,article_like
B05343,3,3,DOI;PMID;TITLE_EXACT_NORM,AVAILABLE,1,3,DOI,article_like
B05344,1,1,SINGLETON,AVAILABLE,1,1,SINGLETON,article_like
B05345,1,1,SINGLETON,AVAILABLE,1,1,SINGLETON,article_like
B05346,3,3,DOI;PMID;TITLE_EXACT_NORM,AVAILABLE,1,3,DOI,article_like
B05347,3,3,DOI;PMID;TITLE_EXACT_NORM,AVAILABLE,1,3,DOI,article_like
B05348,1,1,SINGLETON,AVAILABLE,1,1,SINGLETON,article_like
B05349,1,1,SINGLETON,AVAILABLE,1,1,SINGLETON,article_like
B05350,3,3,DOI;PMID;TITLE_EXACT_NORM,AVAILABLE,1,3,DOI,article_like
B05351,3,3,DOI;PMID;TITLE_EXACT_NORM,AVAILABLE,1,3,DOI,article_like
B05352,1,1,SINGLETON,TITLE_ONLY,0,1,SINGLETON,conference
B05353,1,1,SINGLETON,AVAILABLE,1,1,SINGLETON,article_like
B05354,3,3,DOI;PMID;TITLE_EXACT_NORM,AVAILABLE,1,3,DOI,article_like
B05355,3,3,DOI;PMID;TITLE_EXACT_NORM,AVAILABLE,1,3,DOI,article_like
B05356,1,1,SINGLETON,AVAILABLE,1,1,SINGLETON,article_like
B05357,1,1,SINGLETON,TITLE_ONLY,0,1,SINGLETON,conference
B05358,1,1,SINGLETON,AVAILABLE,1,1,SINGLETON,article_like
B05359,3,3,DOI;PMID;TITLE_EXACT_NORM,AVAILABLE,1,3,DOI,article_like
B05360,1,1,SINGLETON,AVAILABLE,1,1,SINGLETON,article_like
B05361,3,3,DOI;PMID;TITLE_EXACT_NORM,AVAILABLE,1,3,DOI,article_like
B05362,3,3,DOI;PMID;TITLE_EXACT_NORM,AVAILABLE,1,3,DOI,article_like
B05363,3,3,DOI;PMID;TITLE_EXACT_NORM,AVAILABLE,1,3,DOI,article_like
B05364,3,3,DOI;PMID;TITLE_EXACT_NORM,AVAILABLE,1,3,DOI,article_like
B05365,1,1,SINGLETON,AVAILABLE,1,1,SINGLETON,article_like
B05366,2,2,DOI;PMID;TITLE_EXACT_NORM,AVAILABLE,1,2,DOI,article_like
B05367,1,1,SINGLETON,AVAILABLE,1,1,SINGLETON,article_like
B05368,1,1,SINGLETON,AVAILABLE,1,1,SINGLETON,article_like
B05369,2,2,DOI;TITLE_EXACT_NORM,AVAILABLE,1,2,DOI,article_like
B05370,3,3,DOI;PMID;TITLE_EXACT_NORM,AVAILABLE,1,3,DOI,article_like
B05371,3,3,DOI;PMID;TITLE_EXACT_NORM,AVAILABLE,1,3,DOI,article_like
B05372,3,3,DOI;PMID;TITLE_EXACT_NORM,AVAILABLE,1,3,DOI,article_like
B05373,1,1,SINGLETON,TITLE_ONLY,0,1,SINGLETON,conference
B05374,1,1,SINGLETON,AVAILABLE,1,1,SINGLETON,article_like
B05375,1,1,SINGLETON,AVAILABLE,1,1,SINGLETON,article_like
B05376,1,1,SINGLETON,AVAILABLE,1,1,SINGLETON,article_like
B05377,2,2,DOI;TITLE_EXACT_NORM,AVAILABLE,1,2,DOI,article_like
B05378,1,1,SINGLETON,TITLE_ONLY,0,1,SINGLETON,conference
B05379,1,1,SINGLETON,AVAILABLE,1,1,SINGLETON,article_like
B05380,1,1,SINGLETON,AVAILABLE,1,1,SINGLETON,article_like
B05381,1,1,SINGLETON,AVAILABLE,1,1,SINGLETON,article_like
B05382,1,1,SINGLETON,AVAILABLE,1,1,SINGLETON,article_like
B05383,3,3,DOI;PMID;TITLE_EXACT_NORM,AVAILABLE,1,3,DOI,article_like
B05384,1,1,SINGLETON,TITLE_ONLY,0,1,SINGLETON,article_like
B05385,1,1,SINGLETON,TITLE_ONLY,0,1,SINGLETON,article_like
B05386,1,1,SINGLETON,TITLE_ONLY,0,1,SINGLETON,article_like
B05387,1,1,SINGLETON,TITLE_ONLY,0,1,SINGLETON,article_like
B05388,1,1,SINGLETON,TITLE_ONLY,0,1,SINGLETON,article_like
B05389,1,1,SINGLETON,TITLE_ONLY,0,1,SINGLETON,article_like
B05390,1,1,SINGLETON,TITLE_ONLY,0,1,SINGLETON,article_like
B05391,1,1,SINGLETON,TITLE_ONLY,0,1,SINGLETON,article_like
B05392,1,1,SINGLETON,TITLE_ONLY,0,1,SINGLETON,article_like
B05393,1,1,SINGLETON,TITLE_ONLY,0,1,SINGLETON,article_like
B05394,1,1,SINGLETON,TITLE_ONLY,0,1,SINGLETON,article_like
B05395,3,3,DOI;PMID;TITLE_EXACT_NORM,TITLE_ONLY,0,3,DOI,article_like
B05396,1,1,SINGLETON,TITLE_ONLY,0,1,SINGLETON,article_like
B05397,1,1,SINGLETON,TITLE_ONLY,0,1,SINGLETON,article_like
B05398,1,1,SINGLETON,TITLE_ONLY,0,1,SINGLETON,article_like
B05399,1,1,SINGLETON,TITLE_ONLY,0,1,SINGLETON,article_like
B05400,1,1,SINGLETON,TITLE_ONLY,0,1,SINGLETON,article_like
B05401,1,1,SINGLETON,TITLE_ONLY,0,1,SINGLETON,article_like
B05402,1,1,SINGLETON,TITLE_ONLY,0,1,SINGLETON,article_like
B05403,1,1,SINGLETON,TITLE_ONLY,0,1,SINGLETON,article_like
B05404,1,1,SINGLETON,TITLE_ONLY,0,1,SINGLETON,article_like
B05405,1,1,SINGLETON,TITLE_ONLY,0,1,SINGLETON,article_like
B05406,1,1,SINGLETON,TITLE_ONLY,0,1,SINGLETON,article_like
B05407,1,1,SINGLETON,TITLE_ONLY,0,1,SINGLETON,article_like
B05408,1,1,SINGLETON,AVAILABLE,1,1,SINGLETON,article_like
B05409,1,1,SINGLETON,AVAILABLE,1,1,SINGLETON,article_like
B05410,2,2,DOI;TITLE_EXACT_NORM,AVAILABLE,1,2,DOI,article_like
B05411,3,3,DOI;PMID;TITLE_EXACT_NORM,AVAILABLE,1,3,DOI,article_like
B05412,1,1,SINGLETON,AVAILABLE,1,1,SINGLETON,article_like
B05413,3,3,DOI;PMID;TITLE_EXACT_NORM,AVAILABLE,1,3,DOI,article_like
B05414,3,3,DOI;PMID;TITLE_EXACT_NORM,AVAILABLE,1,3,DOI,article_like
B05415,3,3,DOI;PMID;TITLE_EXACT_NORM,AVAILABLE,1,3,DOI,article_like
B05416,3,3,DOI;PMID;TITLE_EXACT_NORM,AVAILABLE,1,3,DOI,article_like
B05417,1,1,SINGLETON,AVAILABLE,1,1,SINGLETON,article_like
B05418,3,3,DOI;PMID;TITLE_EXACT_NORM,AVAILABLE,1,3,DOI,article_like
B05419,1,1,SINGLETON,AVAILABLE,1,1,SINGLETON,article_like
B05420,1,1,SINGLETON,AVAILABLE,1,1,SINGLETON,article_like
B05421,3,3,DOI;PMID;TITLE_EXACT_NORM,AVAILABLE,1,3,DOI,article_like
B05422,3,3,DOI;PMID;TITLE_EXACT_NORM,AVAILABLE,1,3,DOI,article_like
B05423,3,3,DOI;PMID;TITLE_EXACT_NORM,AVAILABLE,1,3,DOI,article_like
B05424,3,3,DOI;PMID;TITLE_EXACT_NORM,AVAILABLE,1,3,DOI,article_like
B05425,3,3,DOI;PMID;TITLE_EXACT_NORM,AVAILABLE,1,3,DOI,article_like
B05426,3,3,DOI;PMID;TITLE_EXACT_NORM,AVAILABLE,1,3,DOI,article_like
B05427,1,1,SINGLETON,TITLE_ONLY,0,1,SINGLETON,conference
B05428,1,1,SINGLETON,AVAILABLE,1,1,SINGLETON,article_like
B05429,3,3,DOI;TITLE_EXACT_NORM,AVAILABLE,1,3,DOI,article_like
B05430,3,3,DOI;PMID;TITLE_EXACT_NORM,AVAILABLE,1,3,DOI,article_like
B05431,1,1,SINGLETON,AVAILABLE,1,1,SINGLETON,article_like
B05432,3,3,DOI;PMID;TITLE_EXACT_NORM,AVAILABLE,1,3,DOI,article_like
B05433,1,1,SINGLETON,AVAILABLE,1,1,SINGLETON,article_like
B05434,1,1,SINGLETON,AVAILABLE,1,1,SINGLETON,article_like
B05435,1,1,SINGLETON,AVAILABLE,1,1,SINGLETON,article_like
B05436,1,1,SINGLETON,AVAILABLE,1,1,SINGLETON,article_like
B05437,1,1,SINGLETON,AVAILABLE,1,1,SINGLETON,article_like
B05438,1,1,SINGLETON,AVAILABLE,1,1,SINGLETON,article_like
B05439,1,1,SINGLETON,AVAILABLE,1,1,SINGLETON,article_like
B05440,1,1,SINGLETON,AVAILABLE,1,1,SINGLETON,article_like
B05441,3,3,DOI;PMID;TITLE_EXACT_NORM,AVAILABLE,1,3,DOI,article_like
B05442,3,3,DOI;PMID;TITLE_EXACT_NORM,AVAILABLE,1,3,DOI,article_like
B05443,3,3,DOI;PMID;TITLE_EXACT_NORM,AVAILABLE,1,3,DOI,article_like
B05444,1,1,SINGLETON,AVAILABLE,1,1,SINGLETON,article_like
B05445,1,1,SINGLETON,AVAILABLE,1,1,SINGLETON,article_like
B05446,3,3,DOI;PMID;TITLE_EXACT_NORM,AVAILABLE,1,3,DOI,article_like
B05447,1,1,SINGLETON,AVAILABLE,1,1,SINGLETON,article_like
B05448,1,1,SINGLETON,AVAILABLE,1,1,SINGLETON,article_like
B05449,1,1,SINGLETON,AVAILABLE,1,1,SINGLETON,article_like
B05450,1,1,SINGLETON,AVAILABLE,1,1,SINGLETON,article_like
B05451,3,3,DOI;PMID;TITLE_EXACT_NORM,AVAILABLE,1,3,DOI,article_like
B05452,3,3,DOI;PMID;TITLE_EXACT_NORM,AVAILABLE,1,3,DOI,article_like
B05453,3,3,DOI;PMID;TITLE_EXACT_NORM,AVAILABLE,1,3,DOI,article_like
B05454,3,3,DOI;PMID;TITLE_EXACT_NORM,AVAILABLE,1,3,DOI,article_like
B05455,1,1,SINGLETON,AVAILABLE,1,1,SINGLETON,article_like
B05456,1,1,SINGLETON,AVAILABLE,1,1,SINGLETON,article_like
B05457,2,2,DOI;TITLE_EXACT_NORM,AVAILABLE,1,2,DOI,article_like
B05458,1,1,SINGLETON,TITLE_ONLY,0,1,SINGLETON,conference
B05459,3,3,DOI;PMID;TITLE_EXACT_NORM,AVAILABLE,1,3,DOI,article_like
B05460,3,3,DOI;PMID;TITLE_EXACT_NORM,AVAILABLE,1,3,DOI,article_like
B05461,1,1,SINGLETON,AVAILABLE,1,1,SINGLETON,article_like
B05462,3,3,DOI;PMID;TITLE_EXACT_NORM,AVAILABLE,1,3,DOI,article_like
B05463,3,3,DOI;PMID;TITLE_EXACT_NORM,AVAILABLE,1,3,DOI,article_like
B05464,1,1,SINGLETON,AVAILABLE,1,1,SINGLETON,article_like
B05465,1,1,SINGLETON,AVAILABLE,1,1,SINGLETON,article_like
B05466,1,1,SINGLETON,AVAILABLE,1,1,SINGLETON,article_like
B05467,3,3,DOI;PMID;TITLE_EXACT_NORM,AVAILABLE,1,3,DOI,article_like
B05468,2,2,DOI;PMID;TITLE_EXACT_NORM,AVAILABLE,1,2,DOI,article_like
B05469,1,1,SINGLETON,AVAILABLE,1,1,SINGLETON,correction
B05470,3,3,DOI;PMID,AVAILABLE,1,3,DOI,correction
B05471,3,3,DOI;PMID,AVAILABLE,1,3,DOI,correction
B05472,1,1,SINGLETON,AVAILABLE,1,1,SINGLETON,correction
B05473,3,3,DOI;PMID,AVAILABLE,1,3,DOI,correction
B05474,1,1,SINGLETON,AVAILABLE,1,1,SINGLETON,article_like
B05475,1,1,SINGLETON,AVAILABLE,1,1,SINGLETON,article_like
B05476,1,1,SINGLETON,AVAILABLE,1,1,SINGLETON,article_like
B05477,3,3,DOI;PMID;TITLE_EXACT_NORM,AVAILABLE,1,3,DOI,article_like
B05478,3,3,DOI;PMID;TITLE_EXACT_NORM,AVAILABLE,1,3,DOI,article_like
B05479,3,3,DOI;PMID;TITLE_EXACT_NORM,AVAILABLE,1,3,DOI,article_like
B05480,1,1,SINGLETON,TITLE_ONLY,0,1,SINGLETON,conference
B05481,3,3,DOI;PMID;TITLE_EXACT_NORM,AVAILABLE,1,3,DOI,article_like
B05482,1,1,SINGLETON,AVAILABLE,1,1,SINGLETON,article_like
B05483,3,3,DOI;PMID;TITLE_EXACT_NORM,AVAILABLE,1,3,DOI,article_like
B05484,1,1,SINGLETON,AVAILABLE,1,1,SINGLETON,article_like
B05485,3,3,DOI;PMID;TITLE_EXACT_NORM,AVAILABLE,1,3,DOI,article_like
B05486,3,3,DOI;PMID;TITLE_EXACT_NORM,AVAILABLE,1,3,DOI,article_like
B05487,1,1,SINGLETON,AVAILABLE,1,1,SINGLETON,article_like
B05488,1,1,SINGLETON,AVAILABLE,1,1,SINGLETON,article_like
B05489,2,2,DOI;PMID;TITLE_EXACT_NORM,AVAILABLE,1,2,DOI,article_like
B05490,3,3,DOI;PMID;TITLE_EXACT_NORM,AVAILABLE,1,3,DOI,article_like
B05491,2,2,DOI;PMID;TITLE_EXACT_NORM,AVAILABLE,1,2,DOI,article_like
B05492,2,2,DOI;TITLE_EXACT_NORM,AVAILABLE,1,2,DOI,article_like
B05493,1,1,SINGLETON,AVAILABLE,1,1,SINGLETON,article_like
B05494,3,3,DOI;PMID;TITLE_EXACT_NORM,AVAILABLE,1,3,DOI,article_like
B05495,3,3,DOI;PMID;TITLE_EXACT_NORM,AVAILABLE,1,3,DOI,article_like
B05496,3,3,DOI;PMID;TITLE_EXACT_NORM,AVAILABLE,1,3,DOI,article_like
B05497,3,3,DOI;PMID;TITLE_EXACT_NORM,AVAILABLE,1,3,DOI,article_like
B05498,3,3,DOI;PMID;TITLE_EXACT_NORM,AVAILABLE,1,3,DOI,article_like
B05499,3,3,DOI;PMID;TITLE_EXACT_NORM,AVAILABLE,1,3,DOI,article_like
B05500,3,3,DOI;PMID;TITLE_EXACT_NORM,AVAILABLE,1,3,DOI,article_like
B05501,3,3,DOI;PMID;TITLE_EXACT_NORM,AVAILABLE,1,3,DOI,article_like
B05502,3,3,DOI;PMID;TITLE_EXACT_NORM,AVAILABLE,1,3,DOI,article_like
B05503,3,3,DOI;PMID;TITLE_EXACT_NORM,AVAILABLE,1,3,DOI,article_like
B05504,1,1,SINGLETON,AVAILABLE,1,1,SINGLETON,article_like
B05505,3,3,DOI;PMID;TITLE_EXACT_NORM,AVAILABLE,1,3,DOI,article_like
B05506,3,3,DOI;PMID;TITLE_EXACT_NORM,AVAILABLE,1,3,DOI,article_like
B05507,3,3,DOI;PMID;TITLE_EXACT_NORM,AVAILABLE,1,3,DOI,article_like
B05508,1,1,SINGLETON,AVAILABLE,1,1,SINGLETON,article_like
B05509,3,3,DOI;PMID;TITLE_EXACT_NORM,AVAILABLE,1,3,DOI,article_like
B05510,3,3,DOI;PMID;TITLE_EXACT_NORM,AVAILABLE,1,3,DOI,article_like
B05511,3,3,DOI;PMID;TITLE_EXACT_NORM,AVAILABLE,1,3,DOI,article_like
B05512,1,1,SINGLETON,AVAILABLE,1,1,SINGLETON,article_like
B05513,3,3,DOI;PMID;TITLE_EXACT_NORM,AVAILABLE,1,3,DOI,article_like
B05514,3,3,DOI;PMID;TITLE_EXACT_NORM,AVAILABLE,1,3,DOI,article_like
B05515,3,3,DOI;PMID;TITLE_EXACT_NORM,AVAILABLE,1,3,DOI,article_like
B05516,3,3,DOI;PMID;TITLE_EXACT_NORM,AVAILABLE,1,3,DOI,article_like
B05517,1,1,SINGLETON,AVAILABLE,1,1,SINGLETON,article_like
B05518,1,1,SINGLETON,AVAILABLE,1,1,SINGLETON,article_like
B05519,3,3,DOI;PMID;TITLE_EXACT_NORM,AVAILABLE,1,3,DOI,article_like
B05520,3,3,DOI;PMID;TITLE_EXACT_NORM,AVAILABLE,1,3,DOI,article_like
B05521,2,2,DOI;TITLE_EXACT_NORM,AVAILABLE,1,2,DOI,article_like
B05522,1,1,SINGLETON,AVAILABLE,1,1,SINGLETON,article_like
B05523,3,3,DOI;PMID;TITLE_EXACT_NORM,AVAILABLE,1,3,DOI,article_like
B05524,3,3,DOI;PMID;TITLE_EXACT_NORM,AVAILABLE,1,3,DOI,article_like
B05525,1,1,SINGLETON,AVAILABLE,1,1,SINGLETON,article_like
B05526,3,3,DOI;PMID;TITLE_EXACT_NORM,AVAILABLE,1,3,DOI,article_like
B05527,3,3,DOI;PMID;TITLE_EXACT_NORM,AVAILABLE,1,3,DOI,article_like
B05528,3,3,DOI;PMID;TITLE_EXACT_NORM,AVAILABLE,1,3,DOI,article_like
B05529,1,1,SINGLETON,AVAILABLE,1,1,SINGLETON,article_like
B05530,3,3,DOI;PMID;TITLE_EXACT_NORM,AVAILABLE,1,3,DOI,article_like
B05531,3,3,DOI;PMID;TITLE_EXACT_NORM,AVAILABLE,1,3,DOI,article_like
B05532,1,1,SINGLETON,AVAILABLE,1,1,SINGLETON,article_like
B05533,3,3,DOI;PMID;TITLE_EXACT_NORM,AVAILABLE,1,3,DOI,article_like
B05534,3,3,DOI;PMID;TITLE_EXACT_NORM,AVAILABLE,1,3,DOI,article_like
B05535,3,3,DOI;PMID;TITLE_EXACT_NORM,AVAILABLE,1,3,DOI,article_like
B05536,1,1,SINGLETON,AVAILABLE,1,1,SINGLETON,article_like
B05537,1,1,SINGLETON,AVAILABLE,1,1,SINGLETON,article_like
B05538,3,3,DOI;PMID;TITLE_EXACT_NORM,AVAILABLE,1,3,DOI,article_like
B05539,2,2,DOI;PMID;TITLE_EXACT_NORM,AVAILABLE,1,2,DOI,article_like
B05540,1,1,SINGLETON,AVAILABLE,1,1,SINGLETON,article_like
B05541,3,3,DOI;PMID;TITLE_EXACT_NORM,AVAILABLE,1,3,DOI,article_like
B05542,2,2,DOI;PMID;TITLE_EXACT_NORM,AVAILABLE,1,2,DOI,article_like
B05543,3,3,DOI;PMID;TITLE_EXACT_NORM,AVAILABLE,1,3,DOI,article_like
B05544,3,3,DOI;PMID;TITLE_EXACT_NORM,AVAILABLE,1,3,DOI,article_like
B05545,2,2,DOI;TITLE_EXACT_NORM,AVAILABLE,1,2,DOI,article_like
B05546,3,3,DOI;PMID;TITLE_EXACT_NORM,TITLE_ONLY,0,3,DOI,article_like
B05547,2,2,DOI;PMID;TITLE_EXACT_NORM,AVAILABLE,1,2,DOI,article_like
B05548,3,3,DOI;PMID;TITLE_EXACT_NORM,AVAILABLE,1,3,DOI,article_like
B05549,2,2,DOI;TITLE_EXACT_NORM,AVAILABLE,1,2,DOI,article_like
B05550,1,1,SINGLETON,AVAILABLE,1,1,SINGLETON,article_like
B05551,3,3,DOI;PMID;TITLE_EXACT_NORM,AVAILABLE,1,3,DOI,article_like
B05552,3,3,DOI;PMID;TITLE_EXACT_NORM,AVAILABLE,1,3,DOI,article_like
B05553,3,3,DOI;PMID;TITLE_EXACT_NORM,AVAILABLE,1,3,DOI,article_like
B05554,1,1,SINGLETON,AVAILABLE,1,1,SINGLETON,article_like
B05555,3,3,DOI;PMID;TITLE_EXACT_NORM,AVAILABLE,1,3,DOI,article_like
B05556,3,3,DOI;PMID;TITLE_EXACT_NORM,AVAILABLE,1,3,DOI,article_like
B05557,3,3,DOI;PMID;TITLE_EXACT_NORM,AVAILABLE,1,3,DOI,article_like
B05558,3,3,DOI;PMID;TITLE_EXACT_NORM,AVAILABLE,1,3,DOI,article_like
B05559,3,3,DOI;PMID;TITLE_EXACT_NORM,AVAILABLE,1,3,DOI,article_like
B05560,3,3,DOI;PMID;TITLE_EXACT_NORM,AVAILABLE,1,3,DOI,article_like
B05561,1,1,SINGLETON,AVAILABLE,1,1,SINGLETON,article_like
B05562,2,2,DOI;TITLE_EXACT_NORM,AVAILABLE,1,2,DOI,article_like
B05563,3,3,DOI;PMID;TITLE_EXACT_NORM,AVAILABLE,1,3,DOI,article_like
B05564,1,1,SINGLETON,AVAILABLE,1,1,SINGLETON,article_like
B05565,1,1,SINGLETON,AVAILABLE,1,1,SINGLETON,article_like
B05566,1,1,SINGLETON,TITLE_ONLY,0,1,SINGLETON,conference
B05567,1,1,SINGLETON,AVAILABLE,1,1,SINGLETON,article_like
B05568,3,3,DOI;PMID;TITLE_EXACT_NORM,AVAILABLE,1,3,DOI,article_like
B05569,3,3,DOI;PMID;TITLE_EXACT_NORM,AVAILABLE,1,3,DOI,article_like
B05570,3,3,DOI;PMID;TITLE_EXACT_NORM,AVAILABLE,1,3,DOI,article_like
B05571,3,3,DOI;PMID;TITLE_EXACT_NORM,AVAILABLE,1,3,DOI,article_like
B05572,3,3,DOI;PMID;TITLE_EXACT_NORM,AVAILABLE,1,3,DOI,article_like
B05573,2,2,DOI;PMID;TITLE_EXACT_NORM,AVAILABLE,1,2,DOI,article_like
B05574,3,3,DOI;PMID;TITLE_EXACT_NORM,AVAILABLE,1,3,DOI,article_like
B05575,1,1,SINGLETON,AVAILABLE,1,1,SINGLETON,article_like
B05576,2,2,DOI;PMID;TITLE_EXACT_NORM,AVAILABLE,1,2,DOI,article_like
B05577,3,3,DOI;PMID;TITLE_EXACT_NORM,AVAILABLE,1,3,DOI,article_like
B05578,1,1,SINGLETON,AVAILABLE,1,1,SINGLETON,article_like
B05579,1,1,SINGLETON,AVAILABLE,1,1,SINGLETON,article_like
B05580,1,1,SINGLETON,AVAILABLE,1,1,SINGLETON,article_like
B05581,3,3,DOI;PMID;TITLE_EXACT_NORM,AVAILABLE,1,3,DOI,article_like
B05582,1,1,SINGLETON,AVAILABLE,1,1,SINGLETON,article_like
B05583,3,3,DOI;PMID;TITLE_EXACT_NORM,AVAILABLE,1,3,DOI,article_like
B05584,3,3,DOI;PMID;TITLE_EXACT_NORM,AVAILABLE,1,3,DOI,article_like
B05585,1,1,SINGLETON,AVAILABLE,1,1,SINGLETON,article_like
B05586,2,2,DOI;TITLE_EXACT_NORM,AVAILABLE,1,2,DOI,article_like
B05587,3,3,DOI;PMID;TITLE_EXACT_NORM,AVAILABLE,1,3,DOI,article_like
B05588,3,3,DOI;PMID;TITLE_EXACT_NORM,AVAILABLE,1,3,DOI,article_like
B05589,2,2,DOI;TITLE_EXACT_NORM,AVAILABLE,1,2,DOI,article_like
B05590,1,1,SINGLETON,AVAILABLE,1,1,SINGLETON,article_like
B05591,3,3,DOI;PMID;TITLE_EXACT_NORM,AVAILABLE,1,3,DOI,article_like
B05592,1,1,SINGLETON,AVAILABLE,1,1,SINGLETON,article_like
B05593,3,3,DOI;PMID;TITLE_EXACT_NORM,AVAILABLE,1,3,DOI,article_like
B05594,1,1,SINGLETON,AVAILABLE,1,1,SINGLETON,article_like
B05595,1,1,SINGLETON,AVAILABLE,1,1,SINGLETON,article_like
B05596,2,2,DOI;PMID,AVAILABLE,1,2,DOI,article_like
B05597,1,1,SINGLETON,AVAILABLE,1,1,SINGLETON,article_like
B05598,1,1,SINGLETON,AVAILABLE,1,1,SINGLETON,article_like
B05599,1,1,SINGLETON,TITLE_ONLY,0,1,SINGLETON,conference
B05600,3,3,DOI;PMID;TITLE_EXACT_NORM,AVAILABLE,1,3,DOI,article_like
B05601,1,1,SINGLETON,AVAILABLE,1,1,SINGLETON,article_like
B05602,3,3,DOI;PMID;TITLE_EXACT_NORM,AVAILABLE,1,3,DOI,article_like
B05603,1,1,SINGLETON,TITLE_ONLY,0,1,SINGLETON,conference
B05604,3,3,DOI;PMID;TITLE_EXACT_NORM,AVAILABLE,1,3,DOI,article_like
B05605,2,2,DOI;PMID;TITLE_EXACT_NORM,AVAILABLE,1,2,DOI,article_like
B05606,3,3,DOI;PMID;TITLE_EXACT_NORM,AVAILABLE,1,3,DOI,article_like
B05607,2,2,DOI;PMID;TITLE_EXACT_NORM,TITLE_ONLY,0,2,DOI,article_like
B05608,3,3,DOI;PMID;TITLE_EXACT_NORM,AVAILABLE,1,3,DOI,article_like
B05609,1,1,SINGLETON,AVAILABLE,1,1,SINGLETON,article_like
B05610,1,1,SINGLETON,TITLE_ONLY,0,1,SINGLETON,conference
B05611,1,1,SINGLETON,TITLE_ONLY,0,1,SINGLETON,conference
B05612,1,1,SINGLETON,AVAILABLE,1,1,SINGLETON,article_like
B05613,3,3,DOI;PMID;TITLE_EXACT_NORM,AVAILABLE,1,3,DOI,article_like
B05614,1,1,SINGLETON,TITLE_ONLY,0,1,SINGLETON,conference
B05615,1,1,SINGLETON,AVAILABLE,1,1,SINGLETON,article_like
B05616,3,3,DOI;PMID;TITLE_EXACT_NORM,AVAILABLE,1,3,DOI,article_like
B05617,1,1,SINGLETON,AVAILABLE,1,1,SINGLETON,article_like
B05618,2,2,DOI;PMID;TITLE_EXACT_NORM,AVAILABLE,1,2,DOI,article_like
B05619,3,3,DOI;PMID;TITLE_EXACT_NORM,AVAILABLE,1,3,DOI,article_like
B05620,2,2,DOI;PMID;TITLE_EXACT_NORM,AVAILABLE,1,2,DOI,article_like
B05621,3,3,DOI;PMID;TITLE_EXACT_NORM,AVAILABLE,1,3,DOI,article_like
B05622,1,1,SINGLETON,AVAILABLE,1,1,SINGLETON,article_like
B05623,1,1,SINGLETON,TITLE_ONLY,0,1,SINGLETON,article_like
B05624,3,3,DOI;PMID;TITLE_EXACT_NORM,AVAILABLE,1,3,DOI,article_like
B05625,2,1,TITLE_EXACT_NORM,TITLE_ONLY,0,2,TITLE_EXACT_NORM,conference
B05626,1,1,SINGLETON,TITLE_ONLY,0,1,SINGLETON,conference
B05627,1,1,SINGLETON,AVAILABLE,1,1,SINGLETON,article_like
B05628,3,3,DOI;PMID;TITLE_EXACT_NORM,AVAILABLE,1,3,DOI,article_like
B05629,3,3,DOI;PMID;TITLE_EXACT_NORM,AVAILABLE,1,3,DOI,article_like
B05630,3,3,DOI;PMID;TITLE_EXACT_NORM,AVAILABLE,1,3,DOI,article_like
B05631,3,3,DOI;PMID;TITLE_EXACT_NORM,AVAILABLE,1,3,DOI,article_like
B05632,1,1,SINGLETON,AVAILABLE,1,1,SINGLETON,article_like
B05633,3,3,DOI;PMID;TITLE_EXACT_NORM,AVAILABLE,1,3,DOI,article_like
B05634,3,3,DOI;PMID;TITLE_EXACT_NORM,AVAILABLE,1,3,DOI,article_like
B05635,3,3,DOI;PMID;TITLE_EXACT_NORM,AVAILABLE,1,3,DOI,article_like
B05636,3,3,DOI;PMID;TITLE_EXACT_NORM,AVAILABLE,1,3,DOI,article_like
B05637,3,3,DOI;PMID;TITLE_EXACT_NORM,AVAILABLE,1,3,DOI,article_like
B05638,1,1,SINGLETON,AVAILABLE,1,1,SINGLETON,article_like
B05639,3,3,DOI;PMID;TITLE_EXACT_NORM,AVAILABLE,1,3,DOI,article_like
B05640,2,2,DOI;PMID;TITLE_EXACT_NORM,AVAILABLE,1,2,DOI,article_like
B05641,3,3,DOI;PMID;TITLE_EXACT_NORM,AVAILABLE,1,3,DOI,article_like
B05642,1,1,SINGLETON,TITLE_ONLY,0,1,SINGLETON,conference
B05643,3,3,DOI;PMID;TITLE_EXACT_NORM,AVAILABLE,1,3,DOI,article_like
B05644,2,2,DOI;TITLE_EXACT_NORM,AVAILABLE,1,2,DOI,article_like
B05645,3,3,DOI;PMID;TITLE_EXACT_NORM,AVAILABLE,1,3,DOI,article_like
B05646,3,3,DOI;PMID;TITLE_EXACT_NORM,AVAILABLE,1,3,DOI,article_like
B05647,1,1,SINGLETON,TITLE_ONLY,0,1,SINGLETON,article_like
B05648,2,2,DOI;PMID;TITLE_EXACT_NORM,AVAILABLE,1,2,DOI,article_like
B05649,1,1,SINGLETON,AVAILABLE,1,1,SINGLETON,article_like
B05650,1,1,SINGLETON,TITLE_ONLY,0,1,SINGLETON,article_like
B05651,1,1,SINGLETON,AVAILABLE,1,1,SINGLETON,article_like
B05652,1,1,SINGLETON,TITLE_ONLY,0,1,SINGLETON,conference
B05653,3,3,DOI;PMID;TITLE_EXACT_NORM,AVAILABLE,1,3,DOI,article_like
B05654,1,1,SINGLETON,TITLE_ONLY,0,1,SINGLETON,conference
B05655,1,1,SINGLETON,AVAILABLE,1,1,SINGLETON,article_like
B05656,1,1,SINGLETON,TITLE_ONLY,0,1,SINGLETON,conference
B05657,1,1,SINGLETON,TITLE_ONLY,0,1,SINGLETON,conference
B05658,3,3,DOI;PMID;TITLE_EXACT_NORM,AVAILABLE,1,3,DOI,article_like
B05659,1,1,SINGLETON,AVAILABLE,1,1,SINGLETON,article_like
B05660,2,2,DOI;PMID;TITLE_EXACT_NORM,AVAILABLE,1,2,DOI,article_like
B05661,3,3,DOI;PMID;TITLE_EXACT_NORM,AVAILABLE,1,3,DOI,article_like
B05662,1,1,SINGLETON,AVAILABLE,1,1,SINGLETON,article_like
B05663,2,2,DOI;PMID;TITLE_EXACT_NORM,AVAILABLE,1,2,DOI,article_like
B05664,2,2,DOI;PMID;TITLE_EXACT_NORM,AVAILABLE,1,2,DOI,article_like
B05665,2,2,DOI;PMID;TITLE_EXACT_NORM,AVAILABLE,1,2,DOI,article_like
B05666,3,3,DOI;PMID;TITLE_EXACT_NORM,AVAILABLE,1,3,DOI,article_like
B05667,3,3,DOI;PMID;TITLE_EXACT_NORM,AVAILABLE,1,3,DOI,article_like
B05668,1,1,SINGLETON,AVAILABLE,1,1,SINGLETON,article_like
B05669,1,1,SINGLETON,AVAILABLE,1,1,SINGLETON,article_like
B05670,1,1,SINGLETON,AVAILABLE,1,1,SINGLETON,article_like
B05671,2,2,DOI;TITLE_EXACT_NORM,AVAILABLE,1,2,DOI,article_like
B05672,3,3,DOI;PMID;TITLE_EXACT_NORM,AVAILABLE,1,3,DOI,article_like
B05673,3,3,DOI;PMID;TITLE_EXACT_NORM,AVAILABLE,1,3,DOI,article_like
B05674,1,1,SINGLETON,AVAILABLE,1,1,SINGLETON,article_like
B05675,3,3,DOI;PMID;TITLE_EXACT_NORM,AVAILABLE,1,3,DOI,article_like
B05676,3,3,DOI;PMID;TITLE_EXACT_NORM,AVAILABLE,1,3,DOI,article_like
B05677,1,1,SINGLETON,AVAILABLE,1,1,SINGLETON,article_like
B05678,3,3,DOI;PMID;TITLE_EXACT_NORM,AVAILABLE,1,3,DOI,article_like
B05679,1,1,SINGLETON,TITLE_ONLY,0,1,SINGLETON,conference
B05680,2,2,DOI;PMID;TITLE_EXACT_NORM,AVAILABLE,1,2,DOI,article_like
B05681,3,3,DOI;PMID;TITLE_EXACT_NORM,AVAILABLE,1,3,DOI,article_like
B05682,3,3,DOI;PMID;TITLE_EXACT_NORM,AVAILABLE,1,3,DOI,article_like
B05683,1,1,SINGLETON,TITLE_ONLY,0,1,SINGLETON,conference
B05684,3,3,DOI;PMID;TITLE_EXACT_NORM,AVAILABLE,1,3,DOI,article_like
B05685,3,3,DOI;PMID;TITLE_EXACT_NORM,AVAILABLE,1,3,DOI,article_like
B05686,3,3,DOI;PMID;TITLE_EXACT_NORM,AVAILABLE,1,3,DOI,article_like
B05687,1,1,SINGLETON,TITLE_ONLY,0,1,SINGLETON,conference
B05688,1,1,SINGLETON,AVAILABLE,1,1,SINGLETON,article_like
B05689,3,3,DOI;PMID;TITLE_EXACT_NORM,AVAILABLE,1,3,DOI,article_like
B05690,3,3,DOI;PMID;TITLE_EXACT_NORM,AVAILABLE,1,3,DOI,article_like
B05691,1,1,SINGLETON,AVAILABLE,1,1,SINGLETON,article_like
B05692,2,2,DOI;PMID;TITLE_EXACT_NORM,AVAILABLE,1,2,DOI,article_like
B05693,3,3,DOI;PMID;TITLE_EXACT_NORM,AVAILABLE,1,3,DOI,article_like
B05694,1,1,SINGLETON,TITLE_ONLY,0,1,SINGLETON,conference
B05695,2,2,DOI;PMID;TITLE_EXACT_NORM,AVAILABLE,1,2,DOI,article_like
B05696,1,1,SINGLETON,AVAILABLE,1,1,SINGLETON,article_like
B05697,3,3,DOI;PMID;TITLE_EXACT_NORM,AVAILABLE,1,3,DOI,article_like
B05698,3,3,DOI;PMID;TITLE_EXACT_NORM,AVAILABLE,1,3,DOI,article_like
B05699,1,1,SINGLETON,AVAILABLE,1,1,SINGLETON,article_like
B05700,3,3,DOI;PMID;TITLE_EXACT_NORM,AVAILABLE,1,3,DOI,article_like
B05701,3,3,DOI;PMID;TITLE_EXACT_NORM,AVAILABLE,1,3,DOI,article_like
B05702,3,3,DOI;PMID;TITLE_EXACT_NORM,AVAILABLE,1,3,DOI,article_like
B05703,1,1,SINGLETON,TITLE_ONLY,0,1,SINGLETON,article_like
B05704,1,1,SINGLETON,AVAILABLE,1,1,SINGLETON,article_like
B05705,3,3,DOI;PMID;TITLE_EXACT_NORM,AVAILABLE,1,3,DOI,article_like
B05706,3,3,DOI;PMID;TITLE_EXACT_NORM,AVAILABLE,1,3,DOI,article_like
B05707,1,1,SINGLETON,TITLE_ONLY,0,1,SINGLETON,conference
B05708,3,3,DOI;PMID;TITLE_EXACT_NORM,AVAILABLE,1,3,DOI,article_like
B05709,3,3,DOI;PMID;TITLE_EXACT_NORM,AVAILABLE,1,3,DOI,article_like
B05710,3,3,DOI;PMID;TITLE_EXACT_NORM,AVAILABLE,1,3,DOI,article_like
B05711,1,1,SINGLETON,AVAILABLE,1,1,SINGLETON,article_like
B05712,3,3,DOI;PMID;TITLE_EXACT_NORM,AVAILABLE,1,3,DOI,article_like
B05713,1,1,SINGLETON,TITLE_ONLY,0,1,SINGLETON,article_like
B05714,1,1,SINGLETON,AVAILABLE,1,1,SINGLETON,article_like
B05715,1,1,SINGLETON,AVAILABLE,1,1,SINGLETON,article_like
B05716,1,1,SINGLETON,AVAILABLE,1,1,SINGLETON,article_like
B05717,3,3,DOI;PMID;TITLE_EXACT_NORM,AVAILABLE,1,3,DOI,article_like
B05718,1,1,SINGLETON,AVAILABLE,1,1,SINGLETON,article_like
B05719,3,3,DOI;PMID;TITLE_EXACT_NORM,AVAILABLE,1,3,DOI,article_like
B05720,3,3,DOI;PMID;TITLE_EXACT_NORM,AVAILABLE,1,3,DOI,article_like
B05721,1,1,SINGLETON,TITLE_ONLY,0,1,SINGLETON,conference
B05722,2,2,DOI;TITLE_EXACT_NORM,AVAILABLE,1,2,DOI,article_like
B05723,3,3,DOI;PMID;TITLE_EXACT_NORM,AVAILABLE,1,3,DOI,article_like
B05724,3,3,DOI;PMID;TITLE_EXACT_NORM,AVAILABLE,1,3,DOI,article_like
B05725,1,1,SINGLETON,TITLE_ONLY,0,1,SINGLETON,conference
B05726,1,1,SINGLETON,AVAILABLE,1,1,SINGLETON,article_like
B05727,1,1,SINGLETON,AVAILABLE,1,1,SINGLETON,article_like
B05728,3,3,DOI;PMID;TITLE_EXACT_NORM,AVAILABLE,1,3,DOI,article_like
B05729,3,3,DOI;PMID;TITLE_EXACT_NORM,AVAILABLE,1,3,DOI,article_like
B05730,1,1,SINGLETON,AVAILABLE,1,1,SINGLETON,article_like
B05731,1,1,SINGLETON,TITLE_ONLY,0,1,SINGLETON,article_like
B05732,1,1,SINGLETON,AVAILABLE,1,1,SINGLETON,article_like
B05733,1,1,SINGLETON,AVAILABLE,1,1,SINGLETON,article_like
B05734,1,1,SINGLETON,TITLE_ONLY,0,1,SINGLETON,article_like
B05735,1,1,SINGLETON,TITLE_ONLY,0,1,SINGLETON,article_like
B05736,1,1,SINGLETON,TITLE_ONLY,0,1,SINGLETON,article_like
B05737,1,1,SINGLETON,TITLE_ONLY,0,1,SINGLETON,article_like
B05738,1,1,SINGLETON,TITLE_ONLY,0,1,SINGLETON,article_like
B05739,1,1,SINGLETON,TITLE_ONLY,0,1,SINGLETON,conference
B05740,3,3,DOI;PMID;TITLE_EXACT_NORM,AVAILABLE,1,3,DOI,article_like
B05741,1,1,SINGLETON,AVAILABLE,1,1,SINGLETON,article_like
B05742,3,3,DOI;PMID;TITLE_EXACT_NORM,AVAILABLE,1,3,DOI,article_like
B05743,3,3,DOI;PMID;TITLE_EXACT_NORM,AVAILABLE,1,3,DOI,article_like
B05744,1,1,SINGLETON,AVAILABLE,1,1,SINGLETON,article_like
B05745,1,1,SINGLETON,AVAILABLE,1,1,SINGLETON,article_like
B05746,1,1,SINGLETON,TITLE_ONLY,0,1,SINGLETON,conference
B05747,3,3,DOI;PMID;TITLE_EXACT_NORM,AVAILABLE,1,3,DOI,article_like
B05748,1,1,SINGLETON,AVAILABLE,1,1,SINGLETON,article_like
B05749,2,2,DOI;TITLE_EXACT_NORM,AVAILABLE,1,2,DOI,article_like
B05750,3,3,DOI;PMID;TITLE_EXACT_NORM,AVAILABLE,1,3,DOI,article_like
B05751,1,1,SINGLETON,AVAILABLE,1,1,SINGLETON,article_like
B05752,1,1,SINGLETON,AVAILABLE,1,1,SINGLETON,article_like
B05753,3,3,DOI;PMID;TITLE_EXACT_NORM,AVAILABLE,1,3,DOI,article_like
B05754,1,1,SINGLETON,AVAILABLE,1,1,SINGLETON,article_like
B05755,2,2,DOI;PMID;TITLE_EXACT_NORM,AVAILABLE,1,2,DOI,article_like
B05756,2,2,DOI;PMID;TITLE_EXACT_NORM,AVAILABLE,1,2,DOI,article_like
B05757,3,3,DOI;PMID;TITLE_EXACT_NORM,AVAILABLE,1,3,DOI,article_like
B05758,3,3,DOI;PMID;TITLE_EXACT_NORM,AVAILABLE,1,3,DOI,article_like
B05759,1,1,SINGLETON,AVAILABLE,1,1,SINGLETON,article_like
B05760,1,1,SINGLETON,AVAILABLE,1,1,SINGLETON,article_like
B05761,1,1,SINGLETON,AVAILABLE,1,1,SINGLETON,article_like
B05762,1,1,SINGLETON,AVAILABLE,1,1,SINGLETON,article_like
B05763,3,3,DOI;PMID;TITLE_EXACT_NORM,AVAILABLE,1,3,DOI,article_like
B05764,3,3,DOI;PMID;TITLE_EXACT_NORM,AVAILABLE,1,3,DOI,article_like
B05765,1,1,SINGLETON,AVAILABLE,1,1,SINGLETON,article_like
B05766,3,3,DOI;PMID;TITLE_EXACT_NORM,AVAILABLE,1,3,DOI,article_like
B05767,1,1,SINGLETON,AVAILABLE,1,1,SINGLETON,article_like
B05768,3,3,DOI;PMID;TITLE_EXACT_NORM,AVAILABLE,1,3,DOI,article_like
B05769,1,1,SINGLETON,AVAILABLE,1,1,SINGLETON,article_like
B05770,3,3,DOI;PMID;TITLE_EXACT_NORM,AVAILABLE,1,3,DOI,article_like
B05771,3,3,DOI;PMID;TITLE_EXACT_NORM,AVAILABLE,1,3,DOI,article_like
B05772,1,1,SINGLETON,AVAILABLE,1,1,SINGLETON,article_like
B05773,1,1,SINGLETON,TITLE_ONLY,0,1,SINGLETON,conference
B05774,3,3,DOI;PMID;TITLE_EXACT_NORM,AVAILABLE,1,3,DOI,article_like
B05775,1,1,SINGLETON,AVAILABLE,1,1,SINGLETON,article_like
B05776,3,3,DOI;PMID;TITLE_EXACT_NORM,AVAILABLE,1,3,DOI,article_like
B05777,1,1,SINGLETON,AVAILABLE,1,1,SINGLETON,article_like
B05778,1,1,SINGLETON,AVAILABLE,1,1,SINGLETON,article_like
B05779,1,1,SINGLETON,TITLE_ONLY,0,1,SINGLETON,conference
B05780,1,1,SINGLETON,AVAILABLE,1,1,SINGLETON,article_like
B05781,3,3,DOI;PMID;TITLE_EXACT_NORM,AVAILABLE,1,3,DOI,article_like
B05782,1,1,SINGLETON,TITLE_ONLY,0,1,SINGLETON,conference
B05783,3,3,DOI;PMID;TITLE_EXACT_NORM,AVAILABLE,1,3,DOI,article_like
B05784,3,3,DOI;PMID;TITLE_EXACT_NORM,AVAILABLE,1,3,DOI,article_like
B05785,3,3,DOI;PMID;TITLE_EXACT_NORM,AVAILABLE,1,3,DOI,article_like
B05786,3,3,DOI;PMID;TITLE_EXACT_NORM,AVAILABLE,1,3,DOI,article_like
B05787,1,1,SINGLETON,AVAILABLE,1,1,SINGLETON,article_like
B05788,1,1,SINGLETON,AVAILABLE,1,1,SINGLETON,article_like
B05789,1,1,SINGLETON,AVAILABLE,1,1,SINGLETON,article_like
B05790,1,1,SINGLETON,AVAILABLE,1,1,SINGLETON,article_like
B05791,3,3,DOI;PMID;TITLE_EXACT_NORM,AVAILABLE,1,3,DOI,article_like
B05792,1,1,SINGLETON,TITLE_ONLY,0,1,SINGLETON,conference
B05793,1,1,SINGLETON,AVAILABLE,1,1,SINGLETON,article_like
B05794,3,3,DOI;PMID;TITLE_EXACT_NORM,AVAILABLE,1,3,DOI,article_like
B05795,3,3,DOI;PMID;TITLE_EXACT_NORM,AVAILABLE,1,3,DOI,article_like
B05796,1,1,SINGLETON,TITLE_ONLY,0,1,SINGLETON,article_like
B05797,1,1,SINGLETON,AVAILABLE,1,1,SINGLETON,article_like
B05798,1,1,SINGLETON,AVAILABLE,1,1,SINGLETON,article_like
B05799,3,3,DOI;PMID;TITLE_EXACT_NORM,AVAILABLE,1,3,DOI,article_like
B05800,1,1,SINGLETON,TITLE_ONLY,0,1,SINGLETON,conference
B05801,1,1,SINGLETON,TITLE_ONLY,0,1,SINGLETON,conference
B05802,1,1,SINGLETON,AVAILABLE,1,1,SINGLETON,article_like
B05803,3,3,DOI;PMID;TITLE_EXACT_NORM,AVAILABLE,1,3,DOI,article_like
B05804,3,3,DOI;PMID;TITLE_EXACT_NORM,AVAILABLE,1,3,DOI,article_like
B05805,2,2,DOI;PMID;TITLE_EXACT_NORM,AVAILABLE,1,2,DOI,article_like
B05806,3,3,DOI;PMID;TITLE_EXACT_NORM,AVAILABLE,1,3,DOI,article_like
B05807,2,2,DOI;PMID;TITLE_EXACT_NORM,AVAILABLE,1,2,DOI,article_like
B05808,1,1,SINGLETON,AVAILABLE,1,1,SINGLETON,article_like
B05809,1,1,SINGLETON,AVAILABLE,1,1,SINGLETON,article_like
B05810,1,1,SINGLETON,AVAILABLE,1,1,SINGLETON,article_like
B05811,3,3,DOI;PMID;TITLE_EXACT_NORM,AVAILABLE,1,3,DOI,article_like
B05812,1,1,SINGLETON,AVAILABLE,1,1,SINGLETON,article_like
B05813,1,1,SINGLETON,AVAILABLE,1,1,SINGLETON,article_like
B05814,1,1,SINGLETON,TITLE_ONLY,0,1,SINGLETON,conference
B05815,1,1,SINGLETON,AVAILABLE,1,1,SINGLETON,article_like
B05816,3,3,DOI;PMID;TITLE_EXACT_NORM,AVAILABLE,1,3,DOI,article_like
B05817,3,3,DOI;PMID;TITLE_EXACT_NORM,AVAILABLE,1,3,DOI,article_like
B05818,3,3,DOI;PMID;TITLE_EXACT_NORM,AVAILABLE,1,3,DOI,article_like
B05819,3,3,DOI;PMID;TITLE_EXACT_NORM,AVAILABLE,1,3,DOI,article_like
B05820,2,2,DOI;TITLE_EXACT_NORM,AVAILABLE,1,2,DOI,article_like
B05821,3,3,DOI;PMID;TITLE_EXACT_NORM,AVAILABLE,1,3,DOI,article_like
B05822,3,3,DOI;PMID;TITLE_EXACT_NORM,AVAILABLE,1,3,DOI,article_like
B05823,1,1,SINGLETON,AVAILABLE,1,1,SINGLETON,article_like
B05824,3,3,DOI;PMID;TITLE_EXACT_NORM,AVAILABLE,1,3,DOI,article_like
B05825,1,1,SINGLETON,AVAILABLE,1,1,SINGLETON,article_like
B05826,1,1,SINGLETON,AVAILABLE,1,1,SINGLETON,article_like
B05827,2,2,DOI;PMID;TITLE_EXACT_NORM,AVAILABLE,1,2,DOI,article_like
B05828,2,2,DOI;PMID;TITLE_EXACT_NORM,AVAILABLE,1,2,DOI,article_like
B05829,1,1,SINGLETON,AVAILABLE,1,1,SINGLETON,article_like
B05830,3,3,DOI;PMID;TITLE_EXACT_NORM,AVAILABLE,1,3,DOI,article_like
B05831,3,3,DOI;PMID;TITLE_EXACT_NORM,AVAILABLE,1,3,DOI,article_like
B05832,2,2,PMID;TITLE_EXACT_NORM,AVAILABLE,1,2,PMID,article_like
B05833,2,2,DOI;PMID;TITLE_EXACT_NORM,AVAILABLE,1,2,DOI,article_like
B05834,3,3,DOI;PMID;TITLE_EXACT_NORM,AVAILABLE,1,3,DOI,article_like
B05835,1,1,SINGLETON,AVAILABLE,1,1,SINGLETON,article_like
B05836,3,3,DOI;PMID;TITLE_EXACT_NORM,AVAILABLE,1,3,DOI,article_like
B05837,3,3,DOI;PMID;TITLE_EXACT_NORM,AVAILABLE,1,3,DOI,article_like
B05838,1,1,SINGLETON,AVAILABLE,1,1,SINGLETON,article_like
B05839,3,3,DOI;PMID;TITLE_EXACT_NORM,AVAILABLE,1,3,DOI,article_like
B05840,1,1,SINGLETON,AVAILABLE,1,1,SINGLETON,article_like
B05841,1,1,SINGLETON,AVAILABLE,1,1,SINGLETON,article_like
B05842,3,3,DOI;PMID;TITLE_EXACT_NORM,AVAILABLE,1,3,DOI,article_like
B05843,3,3,DOI;PMID;TITLE_EXACT_NORM,AVAILABLE,1,3,DOI,article_like
B05844,1,1,SINGLETON,AVAILABLE,1,1,SINGLETON,article_like
B05845,1,1,SINGLETON,AVAILABLE,1,1,SINGLETON,article_like
B05846,1,1,SINGLETON,AVAILABLE,1,1,SINGLETON,article_like
B05847,2,2,DOI;TITLE_EXACT_NORM,AVAILABLE,1,2,DOI,article_like
B05848,1,1,SINGLETON,TITLE_ONLY,0,1,SINGLETON,article_like
B05849,1,1,SINGLETON,AVAILABLE,1,1,SINGLETON,article_like
B05850,1,1,SINGLETON,AVAILABLE,1,1,SINGLETON,article_like
B05851,3,3,DOI;PMID;TITLE_EXACT_NORM,AVAILABLE,1,3,DOI,article_like
B05852,3,3,DOI;PMID;TITLE_EXACT_NORM,AVAILABLE,1,3,DOI,article_like
B05853,3,3,DOI;PMID;TITLE_EXACT_NORM,AVAILABLE,1,3,DOI,article_like
B05854,1,1,SINGLETON,AVAILABLE,1,1,SINGLETON,article_like
B05855,3,3,DOI;PMID;TITLE_EXACT_NORM,AVAILABLE,1,3,DOI,article_like
B05856,1,1,SINGLETON,AVAILABLE,1,1,SINGLETON,article_like
B05857,3,3,DOI;PMID;TITLE_EXACT_NORM,AVAILABLE,1,3,DOI,article_like
B05858,3,3,DOI;PMID;TITLE_EXACT_NORM,AVAILABLE,1,3,DOI,article_like
B05859,3,3,DOI;PMID;TITLE_EXACT_NORM,AVAILABLE,1,3,DOI,article_like
B05860,1,1,SINGLETON,TITLE_ONLY,0,1,SINGLETON,conference
B05861,1,1,SINGLETON,TITLE_ONLY,0,1,SINGLETON,conference
B05862,1,1,SINGLETON,AVAILABLE,1,1,SINGLETON,article_like
B05863,3,3,DOI;PMID;TITLE_EXACT_NORM,AVAILABLE,1,3,DOI,article_like
B05864,3,3,DOI;PMID;TITLE_EXACT_NORM,AVAILABLE,1,3,DOI,article_like
B05865,2,2,DOI;PMID;TITLE_EXACT_NORM,AVAILABLE,1,2,DOI,article_like
B05866,3,3,DOI;PMID;TITLE_EXACT_NORM,AVAILABLE,1,3,DOI,article_like
B05867,3,3,DOI;PMID;TITLE_EXACT_NORM,AVAILABLE,1,3,DOI,article_like
B05868,1,1,SINGLETON,TITLE_ONLY,0,1,SINGLETON,conference
B05869,3,3,DOI;PMID;TITLE_EXACT_NORM,AVAILABLE,1,3,DOI,article_like
B05870,3,3,DOI;PMID;TITLE_EXACT_NORM,AVAILABLE,1,3,DOI,article_like
B05871,3,3,DOI;PMID;TITLE_EXACT_NORM,AVAILABLE,1,3,DOI,article_like
B05872,1,1,SINGLETON,AVAILABLE,1,1,SINGLETON,article_like
B05873,2,2,DOI,AVAILABLE,1,2,DOI,article_like
B05874,3,3,DOI;PMID;TITLE_EXACT_NORM,AVAILABLE,1,3,DOI,article_like
B05875,1,1,SINGLETON,TITLE_ONLY,0,1,SINGLETON,article_like
B05876,3,3,DOI;PMID;TITLE_EXACT_NORM,AVAILABLE,1,3,DOI,article_like
B05877,1,1,SINGLETON,AVAILABLE,1,1,SINGLETON,article_like
B05878,1,1,SINGLETON,AVAILABLE,1,1,SINGLETON,article_like
B05879,1,1,SINGLETON,AVAILABLE,1,1,SINGLETON,article_like
B05880,1,1,SINGLETON,TITLE_ONLY,0,1,SINGLETON,conference
B05881,1,1,SINGLETON,AVAILABLE,1,1,SINGLETON,article_like
B05882,3,3,DOI;PMID;TITLE_EXACT_NORM,AVAILABLE,1,3,DOI,article_like
B05883,1,1,SINGLETON,TITLE_ONLY,0,1,SINGLETON,conference
B05884,3,3,DOI;PMID;TITLE_EXACT_NORM,AVAILABLE,1,3,DOI,article_like
B05885,3,3,DOI;PMID;TITLE_EXACT_NORM,AVAILABLE,1,3,DOI,article_like
B05886,2,2,DOI;PMID;TITLE_EXACT_NORM,TITLE_ONLY,0,2,DOI,article_like
B05887,1,1,SINGLETON,AVAILABLE,1,1,SINGLETON,article_like
B05888,1,1,SINGLETON,AVAILABLE,1,1,SINGLETON,article_like
B05889,1,1,SINGLETON,AVAILABLE,1,1,SINGLETON,article_like
B05890,1,1,SINGLETON,AVAILABLE,1,1,SINGLETON,article_like
B05891,3,3,DOI;PMID;TITLE_EXACT_NORM,AVAILABLE,1,3,DOI,article_like
B05892,3,3,DOI;PMID;TITLE_EXACT_NORM,AVAILABLE,1,3,DOI,article_like
B05893,1,1,SINGLETON,AVAILABLE,1,1,SINGLETON,article_like
B05894,1,1,SINGLETON,AVAILABLE,1,1,SINGLETON,article_like
B05895,1,1,SINGLETON,AVAILABLE,1,1,SINGLETON,article_like
B05896,1,1,SINGLETON,TITLE_ONLY,0,1,SINGLETON,conference
B05897,1,1,SINGLETON,AVAILABLE,1,1,SINGLETON,article_like
B05898,3,3,DOI;PMID;TITLE_EXACT_NORM,AVAILABLE,1,3,DOI,article_like
B05899,1,1,SINGLETON,AVAILABLE,1,1,SINGLETON,article_like
B05900,1,1,SINGLETON,AVAILABLE,1,1,SINGLETON,article_like
B05901,3,3,DOI;PMID;TITLE_EXACT_NORM,AVAILABLE,1,3,DOI,article_like
B05902,2,2,DOI;TITLE_EXACT_NORM,AVAILABLE,1,2,DOI,article_like
B05903,1,1,SINGLETON,AVAILABLE,1,1,SINGLETON,article_like
B05904,3,3,DOI;PMID;TITLE_EXACT_NORM,AVAILABLE,1,3,DOI,article_like
B05905,1,1,SINGLETON,TITLE_ONLY,0,1,SINGLETON,conference
B05906,3,3,DOI;PMID;TITLE_EXACT_NORM,AVAILABLE,1,3,DOI,article_like
B05907,2,2,DOI;TITLE_EXACT_NORM,AVAILABLE,1,2,DOI,article_like
B05908,3,3,DOI;PMID;TITLE_EXACT_NORM,AVAILABLE,1,3,DOI,article_like
B05909,2,2,DOI;PMID;TITLE_EXACT_NORM,AVAILABLE,1,2,DOI,article_like
B05910,1,1,SINGLETON,AVAILABLE,1,1,SINGLETON,article_like
B05911,1,1,SINGLETON,AVAILABLE,1,1,SINGLETON,article_like
B05912,1,1,SINGLETON,AVAILABLE,1,1,SINGLETON,article_like
B05913,3,3,DOI;PMID;TITLE_EXACT_NORM,AVAILABLE,1,3,DOI,article_like
B05914,3,3,DOI;PMID;TITLE_EXACT_NORM,AVAILABLE,1,3,DOI,article_like
B05915,1,1,SINGLETON,TITLE_ONLY,0,1,SINGLETON,article_like
B05916,3,3,DOI;PMID;TITLE_EXACT_NORM,AVAILABLE,1,3,DOI,article_like
B05917,3,3,DOI;PMID;TITLE_EXACT_NORM,AVAILABLE,1,3,DOI,article_like
B05918,1,1,SINGLETON,AVAILABLE,1,1,SINGLETON,article_like
B05919,1,1,SINGLETON,AVAILABLE,1,1,SINGLETON,article_like
B05920,1,1,SINGLETON,AVAILABLE,1,1,SINGLETON,article_like
B05921,1,1,SINGLETON,AVAILABLE,1,1,SINGLETON,article_like
B05922,3,3,DOI;PMID;TITLE_EXACT_NORM,AVAILABLE,1,3,DOI,article_like
B05923,1,1,SINGLETON,AVAILABLE,1,1,SINGLETON,article_like
B05924,3,3,DOI;PMID;TITLE_EXACT_NORM,AVAILABLE,1,3,DOI,article_like
B05925,1,1,SINGLETON,AVAILABLE,1,1,SINGLETON,article_like
B05926,1,1,SINGLETON,TITLE_ONLY,0,1,SINGLETON,conference
B05927,1,1,SINGLETON,AVAILABLE,1,1,SINGLETON,article_like
B05928,3,3,DOI;PMID;TITLE_EXACT_NORM,AVAILABLE,1,3,DOI,article_like
B05929,1,1,SINGLETON,AVAILABLE,1,1,SINGLETON,article_like
B05930,1,1,SINGLETON,AVAILABLE,1,1,SINGLETON,article_like
B05931,3,3,DOI;PMID;TITLE_EXACT_NORM,AVAILABLE,1,3,DOI,article_like
B05932,3,3,DOI;PMID;TITLE_EXACT_NORM,AVAILABLE,1,3,DOI,article_like
B05933,1,1,SINGLETON,TITLE_ONLY,0,1,SINGLETON,conference
B05934,1,1,SINGLETON,AVAILABLE,1,1,SINGLETON,article_like
B05935,3,3,DOI;PMID;TITLE_EXACT_NORM,AVAILABLE,1,3,DOI,article_like
B05936,3,3,DOI;PMID;TITLE_EXACT_NORM,AVAILABLE,1,3,DOI,article_like
B05937,2,2,DOI;PMID;TITLE_EXACT_NORM,AVAILABLE,1,2,DOI,article_like
B05938,3,3,DOI;PMID;TITLE_EXACT_NORM,AVAILABLE,1,3,DOI,article_like
B05939,3,3,DOI;PMID;TITLE_EXACT_NORM,AVAILABLE,1,3,DOI,article_like
B05940,3,3,DOI;PMID;TITLE_EXACT_NORM,AVAILABLE,1,3,DOI,article_like
B05941,1,1,SINGLETON,AVAILABLE,1,1,SINGLETON,article_like
B05942,3,3,DOI;PMID;TITLE_EXACT_NORM,AVAILABLE,1,3,DOI,article_like
B05943,1,1,SINGLETON,AVAILABLE,1,1,SINGLETON,article_like
B05944,3,3,DOI;PMID;TITLE_EXACT_NORM,AVAILABLE,1,3,DOI,article_like
B05945,3,3,DOI;PMID;TITLE_EXACT_NORM,AVAILABLE,1,3,DOI,article_like
B05946,3,3,DOI;PMID;TITLE_EXACT_NORM,AVAILABLE,1,3,DOI,article_like
B05947,3,3,DOI;PMID;TITLE_EXACT_NORM,AVAILABLE,1,3,DOI,article_like
B05948,1,1,SINGLETON,AVAILABLE,1,1,SINGLETON,article_like
B05949,1,1,SINGLETON,AVAILABLE,1,1,SINGLETON,article_like
B05950,3,3,DOI;PMID;TITLE_EXACT_NORM,AVAILABLE,1,3,DOI,article_like
B05951,1,1,SINGLETON,AVAILABLE,1,1,SINGLETON,article_like
B05952,1,1,SINGLETON,AVAILABLE,1,1,SINGLETON,article_like
B05953,1,1,SINGLETON,AVAILABLE,1,1,SINGLETON,article_like
B05954,1,1,SINGLETON,AVAILABLE,1,1,SINGLETON,article_like
B05955,1,1,SINGLETON,AVAILABLE,1,1,SINGLETON,article_like
B05956,1,1,SINGLETON,AVAILABLE,1,1,SINGLETON,article_like
B05957,3,3,DOI;PMID;TITLE_EXACT_NORM,AVAILABLE,1,3,DOI,article_like
B05958,1,1,SINGLETON,AVAILABLE,1,1,SINGLETON,article_like
B05959,3,3,DOI;PMID;TITLE_EXACT_NORM,AVAILABLE,1,3,DOI,article_like
B05960,1,1,SINGLETON,AVAILABLE,1,1,SINGLETON,article_like
B05961,3,3,DOI;PMID;TITLE_EXACT_NORM,AVAILABLE,1,3,DOI,article_like
B05962,1,1,SINGLETON,AVAILABLE,1,1,SINGLETON,article_like
B05963,3,3,DOI;PMID;TITLE_EXACT_NORM,AVAILABLE,1,3,DOI,article_like
B05964,1,1,SINGLETON,AVAILABLE,1,1,SINGLETON,article_like
B05965,3,3,DOI;PMID;TITLE_EXACT_NORM,AVAILABLE,1,3,DOI,article_like
B05966,1,1,SINGLETON,AVAILABLE,1,1,SINGLETON,article_like
B05967,2,2,DOI;TITLE_EXACT_NORM,AVAILABLE,1,2,DOI,article_like
B05968,1,1,SINGLETON,AVAILABLE,1,1,SINGLETON,article_like
B05969,3,3,DOI;PMID;TITLE_EXACT_NORM,AVAILABLE,1,3,DOI,article_like
B05970,1,1,SINGLETON,AVAILABLE,1,1,SINGLETON,article_like
B05971,1,1,SINGLETON,AVAILABLE,1,1,SINGLETON,article_like
B05972,2,2,DOI;TITLE_EXACT_NORM,AVAILABLE,1,2,DOI,article_like
B05973,1,1,SINGLETON,TITLE_ONLY,0,1,SINGLETON,conference
B05974,1,1,SINGLETON,AVAILABLE,1,1,SINGLETON,article_like
B05975,3,3,DOI;PMID;TITLE_EXACT_NORM,AVAILABLE,1,3,DOI,article_like
B05976,1,1,SINGLETON,TITLE_ONLY,0,1,SINGLETON,conference
B05977,3,3,DOI;PMID;TITLE_EXACT_NORM,AVAILABLE,1,3,DOI,article_like
B05978,1,1,SINGLETON,AVAILABLE,1,1,SINGLETON,article_like
B05979,2,2,DOI;PMID;TITLE_EXACT_NORM,AVAILABLE,1,2,DOI,article_like
B05980,1,1,SINGLETON,AVAILABLE,1,1,SINGLETON,article_like
B05981,3,3,DOI;PMID;TITLE_EXACT_NORM,AVAILABLE,1,3,DOI,article_like
B05982,2,2,DOI;PMID;TITLE_EXACT_NORM,AVAILABLE,1,2,DOI,article_like
B05983,3,3,DOI;PMID;TITLE_EXACT_NORM,AVAILABLE,1,3,DOI,article_like
B05984,3,3,DOI;PMID;TITLE_EXACT_NORM,AVAILABLE,1,3,DOI,article_like
B05985,3,3,DOI;PMID;TITLE_EXACT_NORM,AVAILABLE,1,3,DOI,article_like
B05986,3,3,DOI;PMID;TITLE_EXACT_NORM,AVAILABLE,1,3,DOI,article_like
B05987,3,3,DOI;PMID;TITLE_EXACT_NORM,AVAILABLE,1,3,DOI,article_like
B05988,2,2,DOI;PMID;TITLE_EXACT_NORM,AVAILABLE,1,2,DOI,article_like
B05989,3,3,DOI;PMID;TITLE_EXACT_NORM,AVAILABLE,1,3,DOI,article_like
B05990,1,1,SINGLETON,AVAILABLE,1,1,SINGLETON,article_like
B05991,3,3,DOI;PMID;TITLE_EXACT_NORM,AVAILABLE,1,3,DOI,article_like
B05992,1,1,SINGLETON,AVAILABLE,1,1,SINGLETON,article_like
B05993,1,1,SINGLETON,AVAILABLE,1,1,SINGLETON,article_like
B05994,1,1,SINGLETON,AVAILABLE,1,1,SINGLETON,article_like
B05995,1,1,SINGLETON,AVAILABLE,1,1,SINGLETON,article_like
B05996,3,3,DOI;PMID;TITLE_EXACT_NORM,AVAILABLE,1,3,DOI,article_like
B05997,2,2,DOI;PMID;TITLE_EXACT_NORM,AVAILABLE,1,2,DOI,article_like
B05998,1,1,SINGLETON,AVAILABLE,1,1,SINGLETON,article_like
B05999,3,3,DOI;PMID;TITLE_EXACT_NORM,AVAILABLE,1,3,DOI,article_like
B06000,2,2,DOI;PMID;TITLE_EXACT_NORM,AVAILABLE,1,2,DOI,article_like
B06001,1,1,SINGLETON,AVAILABLE,1,1,SINGLETON,article_like
B06002,3,3,DOI;PMID;TITLE_EXACT_NORM,AVAILABLE,1,3,DOI,article_like
B06003,1,1,SINGLETON,AVAILABLE,1,1,SINGLETON,article_like
B06004,3,3,DOI;PMID;TITLE_EXACT_NORM,AVAILABLE,1,3,DOI,article_like
B06005,2,2,DOI;TITLE_EXACT_NORM,AVAILABLE,1,2,DOI,article_like
B06006,3,3,DOI;PMID;TITLE_EXACT_NORM,AVAILABLE,1,3,DOI,article_like
B06007,1,1,SINGLETON,AVAILABLE,1,1,SINGLETON,article_like
B06008,2,2,DOI;PMID;TITLE_EXACT_NORM,AVAILABLE,1,2,DOI,article_like
B06009,3,3,DOI;PMID;TITLE_EXACT_NORM,AVAILABLE,1,3,DOI,article_like
B06010,3,3,DOI;PMID;TITLE_EXACT_NORM,AVAILABLE,1,3,DOI,article_like
B06011,3,3,DOI;PMID;TITLE_EXACT_NORM,AVAILABLE,1,3,DOI,article_like
B06012,3,3,DOI;PMID;TITLE_EXACT_NORM,AVAILABLE,1,3,DOI,article_like
B06013,3,3,DOI;PMID;TITLE_EXACT_NORM,AVAILABLE,1,3,DOI,article_like
B06014,1,1,SINGLETON,AVAILABLE,1,1,SINGLETON,article_like
B06015,3,3,DOI;PMID;TITLE_EXACT_NORM,AVAILABLE,1,3,DOI,article_like
B06016,1,1,SINGLETON,AVAILABLE,1,1,SINGLETON,article_like
B06017,3,3,DOI;PMID;TITLE_EXACT_NORM,AVAILABLE,1,3,DOI,article_like
B06018,3,3,DOI;PMID;TITLE_EXACT_NORM,AVAILABLE,1,3,DOI,article_like
B06019,3,3,DOI;PMID;TITLE_EXACT_NORM,AVAILABLE,1,3,DOI,article_like
B06020,3,3,DOI;PMID;TITLE_EXACT_NORM,AVAILABLE,1,3,DOI,article_like
B06021,3,3,DOI;PMID;TITLE_EXACT_NORM,AVAILABLE,1,3,DOI,article_like
B06022,1,1,SINGLETON,AVAILABLE,1,1,SINGLETON,article_like
B06023,1,1,SINGLETON,AVAILABLE,1,1,SINGLETON,article_like
B06024,3,3,DOI;PMID;TITLE_EXACT_NORM,AVAILABLE,1,3,DOI,article_like
B06025,3,3,DOI;PMID;TITLE_EXACT_NORM,AVAILABLE,1,3,DOI,article_like
B06026,3,3,DOI;PMID;TITLE_EXACT_NORM,AVAILABLE,1,3,DOI,article_like
B06027,3,3,DOI;PMID;TITLE_EXACT_NORM,AVAILABLE,1,3,DOI,article_like
B06028,3,3,DOI;PMID;TITLE_EXACT_NORM,AVAILABLE,1,3,DOI,article_like
B06029,1,1,SINGLETON,AVAILABLE,1,1,SINGLETON,article_like
B06030,1,1,SINGLETON,AVAILABLE,1,1,SINGLETON,article_like
B06031,3,3,DOI;PMID;TITLE_EXACT_NORM,AVAILABLE,1,3,DOI,article_like
B06032,1,1,SINGLETON,AVAILABLE,1,1,SINGLETON,article_like
B06033,1,1,SINGLETON,AVAILABLE,1,1,SINGLETON,article_like
B06034,3,3,DOI;PMID;TITLE_EXACT_NORM,AVAILABLE,1,3,DOI,article_like
B06035,3,3,DOI;PMID;TITLE_EXACT_NORM,AVAILABLE,1,3,DOI,article_like
B06036,1,1,SINGLETON,AVAILABLE,1,1,SINGLETON,article_like
B06037,1,1,SINGLETON,AVAILABLE,1,1,SINGLETON,article_like
B06038,3,3,DOI;PMID;TITLE_EXACT_NORM,TITLE_ONLY,0,3,DOI,article_like
B06039,1,1,SINGLETON,AVAILABLE,1,1,SINGLETON,article_like
B06040,3,3,DOI;PMID;TITLE_EXACT_NORM,AVAILABLE,1,3,DOI,article_like
B06041,1,1,SINGLETON,AVAILABLE,1,1,SINGLETON,article_like
B06042,1,1,SINGLETON,TITLE_ONLY,0,1,SINGLETON,conference
B06043,2,2,DOI;TITLE_EXACT_NORM,AVAILABLE,1,2,DOI,article_like
B06044,3,3,DOI;PMID;TITLE_EXACT_NORM,AVAILABLE,1,3,DOI,article_like
B06045,3,3,DOI;PMID;TITLE_EXACT_NORM,AVAILABLE,1,3,DOI,article_like
B06046,3,3,DOI;PMID;TITLE_EXACT_NORM,AVAILABLE,1,3,DOI,article_like
B06047,3,3,DOI;PMID;TITLE_EXACT_NORM,AVAILABLE,1,3,DOI,article_like
B06048,3,3,DOI;PMID;TITLE_EXACT_NORM,AVAILABLE,1,3,DOI,article_like
B06049,3,3,DOI;PMID;TITLE_EXACT_NORM,AVAILABLE,1,3,DOI,article_like
B06050,1,1,SINGLETON,AVAILABLE,1,1,SINGLETON,article_like
B06051,3,3,DOI;PMID;TITLE_EXACT_NORM,AVAILABLE,1,3,DOI,article_like
B06052,3,3,DOI;PMID;TITLE_EXACT_NORM,AVAILABLE,1,3,DOI,article_like
B06053,3,3,DOI;PMID;TITLE_EXACT_NORM,AVAILABLE,1,3,DOI,article_like
B06054,1,1,SINGLETON,TITLE_ONLY,0,1,SINGLETON,conference
B06055,1,1,SINGLETON,AVAILABLE,1,1,SINGLETON,article_like
B06056,3,3,DOI;PMID;TITLE_EXACT_NORM,AVAILABLE,1,3,DOI,article_like
B06057,3,3,DOI;PMID;TITLE_EXACT_NORM,AVAILABLE,1,3,DOI,article_like
B06058,3,3,DOI;PMID;TITLE_EXACT_NORM,AVAILABLE,1,3,DOI,article_like
B06059,1,1,SINGLETON,AVAILABLE,1,1,SINGLETON,article_like
B06060,3,3,DOI;PMID;TITLE_EXACT_NORM,AVAILABLE,1,3,DOI,article_like
B06061,3,3,DOI;PMID;TITLE_EXACT_NORM,AVAILABLE,1,3,DOI,article_like
B06062,3,3,DOI;PMID;TITLE_EXACT_NORM,AVAILABLE,1,3,DOI,article_like
B06063,3,3,DOI;PMID;TITLE_EXACT_NORM,AVAILABLE,1,3,DOI,article_like
B06064,1,1,SINGLETON,AVAILABLE,1,1,SINGLETON,article_like
B06065,3,3,DOI;PMID;TITLE_EXACT_NORM,AVAILABLE,1,3,DOI,article_like
B06066,3,3,DOI;PMID;TITLE_EXACT_NORM,AVAILABLE,1,3,DOI,article_like
B06067,2,2,DOI;PMID;TITLE_EXACT_NORM,AVAILABLE,1,2,DOI,article_like
B06068,1,1,SINGLETON,AVAILABLE,1,1,SINGLETON,article_like
B06069,1,1,SINGLETON,AVAILABLE,1,1,SINGLETON,article_like
B06070,1,1,SINGLETON,AVAILABLE,1,1,SINGLETON,article_like
B06071,1,1,SINGLETON,AVAILABLE,1,1,SINGLETON,article_like
B06072,1,1,SINGLETON,AVAILABLE,1,1,SINGLETON,article_like
B06073,1,1,SINGLETON,AVAILABLE,1,1,SINGLETON,article_like
B06074,1,1,SINGLETON,AVAILABLE,1,1,SINGLETON,article_like
B06075,1,1,SINGLETON,AVAILABLE,1,1,SINGLETON,article_like
B06076,3,3,DOI;PMID;TITLE_EXACT_NORM,AVAILABLE,1,3,DOI,article_like
B06077,3,3,DOI;PMID;TITLE_EXACT_NORM,AVAILABLE,1,3,DOI,article_like
B06078,3,3,DOI;PMID;TITLE_EXACT_NORM,AVAILABLE,1,3,DOI,article_like
B06079,1,1,SINGLETON,AVAILABLE,1,1,SINGLETON,article_like
B06080,1,1,SINGLETON,AVAILABLE,1,1,SINGLETON,article_like
B06081,2,2,DOI;TITLE_EXACT_NORM,AVAILABLE,1,2,DOI,article_like
B06082,1,1,SINGLETON,AVAILABLE,1,1,SINGLETON,article_like
B06083,1,1,SINGLETON,AVAILABLE,1,1,SINGLETON,article_like
B06084,3,3,DOI;PMID;TITLE_EXACT_NORM,AVAILABLE,1,3,DOI,article_like
B06085,3,3,DOI;PMID;TITLE_EXACT_NORM,AVAILABLE,1,3,DOI,article_like
B06086,2,2,DOI;PMID;TITLE_EXACT_NORM,AVAILABLE,1,2,DOI,article_like
B06087,2,2,DOI;PMID;TITLE_EXACT_NORM,AVAILABLE,1,2,DOI,article_like
B06088,1,1,SINGLETON,AVAILABLE,1,1,SINGLETON,article_like
B06089,3,3,DOI;PMID;TITLE_EXACT_NORM,AVAILABLE,1,3,DOI,article_like
B06090,3,3,DOI;PMID;TITLE_EXACT_NORM,AVAILABLE,1,3,DOI,article_like
B06091,1,1,SINGLETON,TITLE_ONLY,0,1,SINGLETON,article_like
B06092,1,1,SINGLETON,AVAILABLE,1,1,SINGLETON,article_like
B06093,1,1,SINGLETON,AVAILABLE,1,1,SINGLETON,article_like
B06094,1,1,SINGLETON,AVAILABLE,1,1,SINGLETON,article_like
B06095,3,3,DOI;PMID;TITLE_EXACT_NORM,AVAILABLE,1,3,DOI,article_like
B06096,2,2,DOI;PMID;TITLE_EXACT_NORM,AVAILABLE,1,2,DOI,article_like
B06097,3,3,DOI;PMID;TITLE_EXACT_NORM,AVAILABLE,1,3,DOI,article_like
B06098,3,3,DOI;PMID;TITLE_EXACT_NORM,AVAILABLE,1,3,DOI,article_like
B06099,1,1,SINGLETON,AVAILABLE,1,1,SINGLETON,article_like
B06100,1,1,SINGLETON,AVAILABLE,1,1,SINGLETON,article_like
B06101,3,3,DOI;PMID;TITLE_EXACT_NORM,AVAILABLE,1,3,DOI,article_like
B06102,1,1,SINGLETON,AVAILABLE,1,1,SINGLETON,article_like
B06103,1,1,SINGLETON,AVAILABLE,1,1,SINGLETON,article_like
B06104,1,1,SINGLETON,AVAILABLE,1,1,SINGLETON,article_like
B06105,3,3,DOI;PMID;TITLE_EXACT_NORM,AVAILABLE,1,3,DOI,article_like
B06106,1,1,SINGLETON,AVAILABLE,1,1,SINGLETON,article_like
B06107,3,3,DOI;PMID;TITLE_EXACT_NORM,TITLE_ONLY,0,3,DOI,article_like
B06108,3,3,DOI;PMID;TITLE_EXACT_NORM,AVAILABLE,1,3,DOI,article_like
B06109,3,3,DOI;PMID;TITLE_EXACT_NORM,AVAILABLE,1,3,DOI,article_like
B06110,1,1,SINGLETON,AVAILABLE,1,1,SINGLETON,article_like
B06111,1,1,SINGLETON,AVAILABLE,1,1,SINGLETON,article_like
B06112,3,3,DOI;PMID;TITLE_EXACT_NORM,AVAILABLE,1,3,DOI,article_like
B06113,1,1,SINGLETON,AVAILABLE,1,1,SINGLETON,article_like
B06114,1,1,SINGLETON,AVAILABLE,1,1,SINGLETON,article_like
B06115,1,1,SINGLETON,AVAILABLE,1,1,SINGLETON,article_like
B06116,1,1,SINGLETON,AVAILABLE,1,1,SINGLETON,article_like
B06117,1,1,SINGLETON,AVAILABLE,1,1,SINGLETON,article_like
B06118,1,1,SINGLETON,AVAILABLE,1,1,SINGLETON,article_like
B06119,1,1,SINGLETON,AVAILABLE,1,1,SINGLETON,article_like
B06120,3,3,DOI;PMID;TITLE_EXACT_NORM,AVAILABLE,1,3,DOI,article_like
B06121,2,2,DOI;TITLE_EXACT_NORM,AVAILABLE,1,2,DOI,article_like
B06122,1,1,SINGLETON,AVAILABLE,1,1,SINGLETON,article_like
B06123,1,1,SINGLETON,AVAILABLE,1,1,SINGLETON,article_like
B06124,1,1,SINGLETON,AVAILABLE,1,1,SINGLETON,article_like
B06125,1,1,SINGLETON,AVAILABLE,1,1,SINGLETON,article_like
B06126,3,3,DOI;PMID;TITLE_EXACT_NORM,AVAILABLE,1,3,DOI,article_like
B06127,1,1,SINGLETON,AVAILABLE,1,1,SINGLETON,article_like
B06128,1,1,SINGLETON,AVAILABLE,1,1,SINGLETON,article_like
B06129,2,2,DOI;PMID;TITLE_EXACT_NORM,AVAILABLE,1,2,DOI,article_like
B06130,3,3,DOI;PMID;TITLE_EXACT_NORM,AVAILABLE,1,3,DOI,article_like
B06131,3,3,DOI;PMID;TITLE_EXACT_NORM,AVAILABLE,1,3,DOI,article_like
B06132,3,3,DOI;PMID;TITLE_EXACT_NORM,AVAILABLE,1,3,DOI,article_like
B06133,3,3,DOI;PMID;TITLE_EXACT_NORM,AVAILABLE,1,3,DOI,article_like
B06134,1,1,SINGLETON,AVAILABLE,1,1,SINGLETON,article_like
B06135,1,1,SINGLETON,AVAILABLE,1,1,SINGLETON,article_like
B06136,1,1,SINGLETON,TITLE_ONLY,0,1,SINGLETON,article_like
B06137,1,1,SINGLETON,AVAILABLE,1,1,SINGLETON,article_like
B06138,2,2,DOI;PMID;TITLE_EXACT_NORM,AVAILABLE,1,2,DOI,article_like
B06139,1,1,SINGLETON,AVAILABLE,1,1,SINGLETON,article_like
B06140,1,1,SINGLETON,AVAILABLE,1,1,SINGLETON,article_like
B06141,3,3,DOI;PMID;TITLE_EXACT_NORM,AVAILABLE,1,3,DOI,article_like
B06142,1,1,SINGLETON,AVAILABLE,1,1,SINGLETON,article_like
B06143,3,3,DOI;PMID;TITLE_EXACT_NORM,AVAILABLE,1,3,DOI,article_like
B06144,3,3,DOI;PMID;TITLE_EXACT_NORM,AVAILABLE,1,3,DOI,article_like
B06145,1,1,SINGLETON,AVAILABLE,1,1,SINGLETON,article_like
B06146,1,1,SINGLETON,AVAILABLE,1,1,SINGLETON,article_like
B06147,1,1,SINGLETON,AVAILABLE,1,1,SINGLETON,article_like
B06148,1,1,SINGLETON,AVAILABLE,1,1,SINGLETON,article_like
B06149,3,3,DOI;PMID;TITLE_EXACT_NORM,AVAILABLE,1,3,DOI,article_like
B06150,3,3,DOI;PMID;TITLE_EXACT_NORM,AVAILABLE,1,3,DOI,article_like
B06151,3,3,DOI;PMID;TITLE_EXACT_NORM,AVAILABLE,1,3,DOI,article_like
B06152,3,3,DOI;PMID;TITLE_EXACT_NORM,AVAILABLE,1,3,DOI,article_like
B06153,1,1,SINGLETON,AVAILABLE,1,1,SINGLETON,article_like
B06154,1,1,SINGLETON,AVAILABLE,1,1,SINGLETON,article_like
B06155,1,1,SINGLETON,AVAILABLE,1,1,SINGLETON,article_like
B06156,1,1,SINGLETON,AVAILABLE,1,1,SINGLETON,article_like
B06157,1,1,SINGLETON,TITLE_ONLY,0,1,SINGLETON,conference
B06158,1,1,SINGLETON,AVAILABLE,1,1,SINGLETON,article_like
B06159,1,1,SINGLETON,AVAILABLE,1,1,SINGLETON,article_like
B06160,3,3,DOI;PMID;TITLE_EXACT_NORM,AVAILABLE,1,3,DOI,article_like
B06161,1,1,SINGLETON,AVAILABLE,1,1,SINGLETON,article_like
B06162,1,1,SINGLETON,AVAILABLE,1,1,SINGLETON,article_like
B06163,3,3,DOI;PMID;TITLE_EXACT_NORM,AVAILABLE,1,3,DOI,article_like
B06164,2,2,DOI;PMID;TITLE_EXACT_NORM,AVAILABLE,1,2,DOI,article_like
B06165,1,1,SINGLETON,AVAILABLE,1,1,SINGLETON,article_like
B06166,3,3,DOI;PMID;TITLE_EXACT_NORM,AVAILABLE,1,3,DOI,article_like
B06167,3,3,DOI;PMID;TITLE_EXACT_NORM,AVAILABLE,1,3,DOI,article_like
B06168,1,1,SINGLETON,AVAILABLE,1,1,SINGLETON,article_like
B06169,3,3,DOI;PMID;TITLE_EXACT_NORM,AVAILABLE,1,3,DOI,article_like
B06170,1,1,SINGLETON,AVAILABLE,1,1,SINGLETON,article_like
B06171,1,1,SINGLETON,AVAILABLE,1,1,SINGLETON,article_like
B06172,3,3,DOI;PMID;TITLE_EXACT_NORM,AVAILABLE,1,3,DOI,article_like
B06173,2,2,DOI;PMID;TITLE_EXACT_NORM,AVAILABLE,1,2,DOI,article_like
B06174,3,3,DOI;PMID;TITLE_EXACT_NORM,AVAILABLE,1,3,DOI,article_like
B06175,1,1,SINGLETON,AVAILABLE,1,1,SINGLETON,article_like
B06176,3,3,DOI;PMID;TITLE_EXACT_NORM,AVAILABLE,1,3,DOI,article_like
B06177,3,3,DOI;PMID;TITLE_EXACT_NORM,AVAILABLE,1,3,DOI,article_like
B06178,1,1,SINGLETON,AVAILABLE,1,1,SINGLETON,article_like
B06179,1,1,SINGLETON,AVAILABLE,1,1,SINGLETON,article_like
B06180,3,3,DOI;PMID;TITLE_EXACT_NORM,AVAILABLE,1,3,DOI,article_like
B06181,3,3,DOI;PMID;TITLE_EXACT_NORM,AVAILABLE,1,3,DOI,article_like
B06182,1,1,SINGLETON,AVAILABLE,1,1,SINGLETON,article_like
B06183,3,3,DOI;PMID;TITLE_EXACT_NORM,AVAILABLE,1,3,DOI,article_like
B06184,1,1,SINGLETON,AVAILABLE,1,1,SINGLETON,article_like
B06185,2,2,DOI;TITLE_EXACT_NORM,AVAILABLE,1,2,DOI,article_like
B06186,1,1,SINGLETON,AVAILABLE,1,1,SINGLETON,article_like
B06187,3,3,DOI;PMID;TITLE_EXACT_NORM,AVAILABLE,1,3,DOI,article_like
B06188,1,1,SINGLETON,AVAILABLE,1,1,SINGLETON,article_like
B06189,3,3,DOI;PMID;TITLE_EXACT_NORM,AVAILABLE,1,3,DOI,article_like
B06190,2,1,TITLE_EXACT_NORM,TITLE_ONLY,0,2,TITLE_EXACT_NORM,conference
B06191,1,1,SINGLETON,AVAILABLE,1,1,SINGLETON,article_like
B06192,3,3,DOI;PMID;TITLE_EXACT_NORM,AVAILABLE,1,3,DOI,article_like
B06193,3,3,DOI;PMID;TITLE_EXACT_NORM,AVAILABLE,1,3,DOI,article_like
B06194,3,3,DOI;PMID;TITLE_EXACT_NORM,AVAILABLE,1,3,DOI,article_like
B06195,1,1,SINGLETON,AVAILABLE,1,1,SINGLETON,article_like
B06196,2,2,DOI;PMID;TITLE_EXACT_NORM,AVAILABLE,1,2,DOI,article_like
B06197,3,3,DOI;PMID;TITLE_EXACT_NORM,AVAILABLE,1,3,DOI,article_like
B06198,1,1,SINGLETON,AVAILABLE,1,1,SINGLETON,article_like
B06199,1,1,SINGLETON,AVAILABLE,1,1,SINGLETON,article_like
B06200,1,1,SINGLETON,AVAILABLE,1,1,SINGLETON,article_like
B06201,3,3,DOI;PMID;TITLE_EXACT_NORM,AVAILABLE,1,3,DOI,article_like
B06202,1,1,SINGLETON,AVAILABLE,1,1,SINGLETON,article_like
B06203,1,1,SINGLETON,AVAILABLE,1,1,SINGLETON,article_like
B06204,3,3,DOI;PMID;TITLE_EXACT_NORM,AVAILABLE,1,3,DOI,article_like
B06205,3,3,DOI;PMID;TITLE_EXACT_NORM,AVAILABLE,1,3,DOI,article_like
B06206,1,1,SINGLETON,AVAILABLE,1,1,SINGLETON,article_like
B06207,1,1,SINGLETON,AVAILABLE,1,1,SINGLETON,article_like
B06208,1,1,SINGLETON,AVAILABLE,1,1,SINGLETON,article_like
B06209,2,2,PMID;TITLE_EXACT_NORM,AVAILABLE,1,2,PMID,article_like
B06210,1,1,SINGLETON,AVAILABLE,1,1,SINGLETON,article_like
B06211,3,3,DOI;PMID;TITLE_EXACT_NORM,AVAILABLE,1,3,DOI,article_like
B06212,1,1,SINGLETON,TITLE_ONLY,0,1,SINGLETON,conference
B06213,3,3,DOI;PMID;TITLE_EXACT_NORM,AVAILABLE,1,3,DOI,article_like
B06214,3,3,DOI;PMID;TITLE_EXACT_NORM,AVAILABLE,1,3,DOI,article_like
B06215,1,1,SINGLETON,TITLE_ONLY,0,1,SINGLETON,conference
B06216,3,3,DOI;PMID;TITLE_EXACT_NORM,AVAILABLE,1,3,DOI,article_like
B06217,3,3,DOI;PMID;TITLE_EXACT_NORM,AVAILABLE,1,3,DOI,article_like
B06218,3,3,DOI;PMID;TITLE_EXACT_NORM,AVAILABLE,1,3,DOI,article_like
B06219,3,3,DOI;PMID;TITLE_EXACT_NORM,AVAILABLE,1,3,DOI,article_like
B06220,1,1,SINGLETON,AVAILABLE,1,1,SINGLETON,article_like
B06221,3,3,DOI;PMID;TITLE_EXACT_NORM,AVAILABLE,1,3,DOI,article_like
B06222,3,3,DOI;PMID;TITLE_EXACT_NORM,AVAILABLE,1,3,DOI,article_like
B06223,1,1,SINGLETON,AVAILABLE,1,1,SINGLETON,article_like
B06224,1,1,SINGLETON,AVAILABLE,1,1,SINGLETON,article_like
B06225,1,1,SINGLETON,TITLE_ONLY,0,1,SINGLETON,conference
B06226,2,2,DOI;PMID;TITLE_EXACT_NORM,AVAILABLE,1,2,DOI,article_like
B06227,3,3,DOI;PMID;TITLE_EXACT_NORM,AVAILABLE,1,3,DOI,article_like
B06228,3,3,DOI;PMID;TITLE_EXACT_NORM,AVAILABLE,1,3,DOI,article_like
B06229,1,1,SINGLETON,AVAILABLE,1,1,SINGLETON,article_like
B06230,1,1,SINGLETON,AVAILABLE,1,1,SINGLETON,article_like
B06231,1,1,SINGLETON,TITLE_ONLY,0,1,SINGLETON,conference
B06232,3,3,DOI;PMID;TITLE_EXACT_NORM,AVAILABLE,1,3,DOI,article_like
B06233,2,2,DOI;PMID;TITLE_EXACT_NORM,AVAILABLE,1,2,DOI,article_like
B06234,2,2,DOI;TITLE_EXACT_NORM,AVAILABLE,1,2,DOI,article_like
B06235,3,3,DOI;PMID;TITLE_EXACT_NORM,AVAILABLE,1,3,DOI,article_like
B06236,1,1,SINGLETON,AVAILABLE,1,1,SINGLETON,article_like
B06237,2,2,DOI;PMID;TITLE_EXACT_NORM,AVAILABLE,1,2,DOI,article_like
B06238,3,3,DOI;PMID;TITLE_EXACT_NORM,AVAILABLE,1,3,DOI,article_like
B06239,2,2,DOI;TITLE_EXACT_NORM,AVAILABLE,1,2,DOI,article_like
B06240,2,2,DOI;TITLE_EXACT_NORM,AVAILABLE,1,2,DOI,article_like
B06241,1,1,SINGLETON,AVAILABLE,1,1,SINGLETON,article_like
B06242,1,1,SINGLETON,AVAILABLE,1,1,SINGLETON,article_like
B06243,2,2,DOI;TITLE_EXACT_NORM,AVAILABLE,1,2,DOI,article_like
B06244,2,2,DOI;PMID;TITLE_EXACT_NORM,AVAILABLE,1,2,DOI,article_like
B06245,1,1,SINGLETON,AVAILABLE,1,1,SINGLETON,article_like
B06246,3,3,DOI;PMID;TITLE_EXACT_NORM,AVAILABLE,1,3,DOI,article_like
B06247,1,1,SINGLETON,AVAILABLE,1,1,SINGLETON,article_like
B06248,3,3,DOI;PMID;TITLE_EXACT_NORM,AVAILABLE,1,3,DOI,article_like
B06249,3,3,DOI;PMID;TITLE_EXACT_NORM,AVAILABLE,1,3,DOI,article_like
B06250,3,3,DOI;PMID;TITLE_EXACT_NORM,AVAILABLE,1,3,DOI,article_like
B06251,1,1,SINGLETON,AVAILABLE,1,1,SINGLETON,article_like
B06252,2,2,DOI;PMID;TITLE_EXACT_NORM,AVAILABLE,1,2,DOI,article_like
B06253,1,1,SINGLETON,AVAILABLE,1,1,SINGLETON,article_like
B06254,1,1,SINGLETON,AVAILABLE,1,1,SINGLETON,article_like
B06255,1,1,SINGLETON,TITLE_ONLY,0,1,SINGLETON,conference
B06256,2,2,DOI;PMID;TITLE_EXACT_NORM,AVAILABLE,1,2,DOI,article_like
B06257,1,1,SINGLETON,TITLE_ONLY,0,1,SINGLETON,article_like
B06258,3,3,DOI;PMID;TITLE_EXACT_NORM,AVAILABLE,1,3,DOI,article_like
B06259,1,1,SINGLETON,AVAILABLE,1,1,SINGLETON,article_like
B06260,3,3,DOI;PMID;TITLE_EXACT_NORM,AVAILABLE,1,3,DOI,article_like
B06261,3,3,DOI;PMID;TITLE_EXACT_NORM,AVAILABLE,1,3,DOI,article_like
B06262,1,1,SINGLETON,AVAILABLE,1,1,SINGLETON,article_like
B06263,2,1,TITLE_EXACT_NORM,TITLE_ONLY,0,2,TITLE_EXACT_NORM,conference
B06264,3,3,DOI;PMID;TITLE_EXACT_NORM,AVAILABLE,1,3,DOI,article_like
B06265,3,3,DOI;PMID;TITLE_EXACT_NORM,AVAILABLE,1,3,DOI,article_like
B06266,1,1,SINGLETON,AVAILABLE,1,1,SINGLETON,article_like
B06267,3,3,DOI;PMID;TITLE_EXACT_NORM,AVAILABLE,1,3,DOI,article_like
B06268,3,3,DOI;PMID;TITLE_EXACT_NORM,AVAILABLE,1,3,DOI,article_like
B06269,3,3,DOI;PMID;TITLE_EXACT_NORM,AVAILABLE,1,3,DOI,article_like
B06270,1,1,SINGLETON,AVAILABLE,1,1,SINGLETON,article_like
B06271,1,1,SINGLETON,AVAILABLE,1,1,SINGLETON,article_like
B06272,1,1,SINGLETON,AVAILABLE,1,1,SINGLETON,article_like
B06273,1,1,SINGLETON,AVAILABLE,1,1,SINGLETON,article_like
B06274,1,1,SINGLETON,AVAILABLE,1,1,SINGLETON,article_like
B06275,3,3,DOI;PMID;TITLE_EXACT_NORM,AVAILABLE,1,3,DOI,article_like
B06276,3,3,DOI;PMID;TITLE_EXACT_NORM,AVAILABLE,1,3,DOI,article_like
B06277,3,3,DOI;PMID;TITLE_EXACT_NORM,AVAILABLE,1,3,DOI,article_like
B06278,1,1,SINGLETON,TITLE_ONLY,0,1,SINGLETON,conference
B06279,3,3,DOI;PMID;TITLE_EXACT_NORM,AVAILABLE,1,3,DOI,article_like
B06280,2,2,DOI;PMID;TITLE_EXACT_NORM,AVAILABLE,1,2,DOI,article_like
B06281,1,1,SINGLETON,AVAILABLE,1,1,SINGLETON,article_like
B06282,2,2,DOI;TITLE_EXACT_NORM,AVAILABLE,1,2,DOI,article_like
B06283,1,1,SINGLETON,AVAILABLE,1,1,SINGLETON,article_like
B06284,3,3,DOI;PMID;TITLE_EXACT_NORM,AVAILABLE,1,3,DOI,article_like
B06285,1,1,SINGLETON,AVAILABLE,1,1,SINGLETON,article_like
B06286,3,3,DOI;PMID;TITLE_EXACT_NORM,AVAILABLE,1,3,DOI,article_like
B06287,1,1,SINGLETON,AVAILABLE,1,1,SINGLETON,article_like
B06288,1,1,SINGLETON,AVAILABLE,1,1,SINGLETON,article_like
B06289,3,3,DOI;PMID;TITLE_EXACT_NORM,AVAILABLE,1,3,DOI,article_like
B06290,3,3,DOI;PMID;TITLE_EXACT_NORM,AVAILABLE,1,3,DOI,article_like
B06291,1,1,SINGLETON,AVAILABLE,1,1,SINGLETON,article_like
B06292,1,1,SINGLETON,AVAILABLE,1,1,SINGLETON,article_like
B06293,1,1,SINGLETON,AVAILABLE,1,1,SINGLETON,article_like
B06294,3,3,DOI;PMID;TITLE_EXACT_NORM,AVAILABLE,1,3,DOI,article_like
B06295,1,1,SINGLETON,TITLE_ONLY,0,1,SINGLETON,conference
B06296,3,3,DOI;PMID;TITLE_EXACT_NORM,AVAILABLE,1,3,DOI,article_like
B06297,1,1,SINGLETON,AVAILABLE,1,1,SINGLETON,article_like
B06298,1,1,SINGLETON,TITLE_ONLY,0,1,SINGLETON,conference
B06299,1,1,SINGLETON,AVAILABLE,1,1,SINGLETON,article_like
B06300,1,1,SINGLETON,AVAILABLE,1,1,SINGLETON,article_like
B06301,1,1,SINGLETON,AVAILABLE,1,1,SINGLETON,article_like
B06302,1,1,SINGLETON,AVAILABLE,1,1,SINGLETON,article_like
B06303,1,1,SINGLETON,AVAILABLE,1,1,SINGLETON,article_like
B06304,3,3,DOI;PMID;TITLE_EXACT_NORM,AVAILABLE,1,3,DOI,article_like
B06305,3,3,DOI;PMID;TITLE_EXACT_NORM,AVAILABLE,1,3,DOI,article_like
B06306,1,1,SINGLETON,AVAILABLE,1,1,SINGLETON,article_like
B06307,1,1,SINGLETON,AVAILABLE,1,1,SINGLETON,article_like
B06308,1,1,SINGLETON,AVAILABLE,1,1,SINGLETON,article_like
B06309,1,1,SINGLETON,AVAILABLE,1,1,SINGLETON,article_like
B06310,1,1,SINGLETON,AVAILABLE,1,1,SINGLETON,article_like
B06311,1,1,SINGLETON,AVAILABLE,1,1,SINGLETON,article_like
B06312,1,1,SINGLETON,AVAILABLE,1,1,SINGLETON,article_like
B06313,3,3,DOI;PMID;TITLE_EXACT_NORM,AVAILABLE,1,3,DOI,article_like
B06314,1,1,SINGLETON,AVAILABLE,1,1,SINGLETON,article_like
B06315,1,1,SINGLETON,AVAILABLE,1,1,SINGLETON,article_like
B06316,1,1,SINGLETON,AVAILABLE,1,1,SINGLETON,article_like
B06317,2,2,DOI;TITLE_EXACT_NORM,AVAILABLE,1,2,DOI,article_like
B06318,3,3,DOI;PMID;TITLE_EXACT_NORM,AVAILABLE,1,3,DOI,article_like
B06319,1,1,SINGLETON,AVAILABLE,1,1,SINGLETON,article_like
B06320,1,1,SINGLETON,AVAILABLE,1,1,SINGLETON,article_like
B06321,1,1,SINGLETON,AVAILABLE,1,1,SINGLETON,article_like
B06322,1,1,SINGLETON,AVAILABLE,1,1,SINGLETON,article_like
B06323,1,1,SINGLETON,TITLE_ONLY,0,1,SINGLETON,conference
B06324,1,1,SINGLETON,AVAILABLE,1,1,SINGLETON,article_like
B06325,3,3,DOI;PMID;TITLE_EXACT_NORM,AVAILABLE,1,3,DOI,article_like
B06326,1,1,SINGLETON,AVAILABLE,1,1,SINGLETON,article_like
B06327,2,2,DOI;PMID;TITLE_EXACT_NORM,AVAILABLE,1,2,DOI,article_like
B06328,1,1,SINGLETON,AVAILABLE,1,1,SINGLETON,article_like
B06329,2,2,DOI;PMID;TITLE_EXACT_NORM,AVAILABLE,1,2,DOI,article_like
B06330,3,3,DOI;PMID;TITLE_EXACT_NORM,AVAILABLE,1,3,DOI,article_like
B06331,1,1,SINGLETON,AVAILABLE,1,1,SINGLETON,article_like
B06332,1,1,SINGLETON,AVAILABLE,1,1,SINGLETON,article_like
B06333,1,1,SINGLETON,AVAILABLE,1,1,SINGLETON,article_like
B06334,1,1,SINGLETON,AVAILABLE,1,1,SINGLETON,article_like
B06335,1,1,SINGLETON,AVAILABLE,1,1,SINGLETON,article_like
B06336,3,3,DOI;PMID;TITLE_EXACT_NORM,AVAILABLE,1,3,DOI,article_like
B06337,2,2,DOI;TITLE_EXACT_NORM,AVAILABLE,1,2,DOI,article_like
B06338,1,1,SINGLETON,AVAILABLE,1,1,SINGLETON,article_like
B06339,3,3,DOI;PMID;TITLE_EXACT_NORM,AVAILABLE,1,3,DOI,article_like
B06340,1,1,SINGLETON,AVAILABLE,1,1,SINGLETON,article_like
B06341,1,1,SINGLETON,AVAILABLE,1,1,SINGLETON,article_like
B06342,3,3,DOI;PMID;TITLE_EXACT_NORM,AVAILABLE,1,3,DOI,article_like
B06343,3,3,DOI;PMID;TITLE_EXACT_NORM,AVAILABLE,1,3,DOI,article_like
B06344,1,1,SINGLETON,AVAILABLE,1,1,SINGLETON,article_like
B06345,1,1,SINGLETON,AVAILABLE,1,1,SINGLETON,article_like
B06346,3,3,DOI;PMID;TITLE_EXACT_NORM,AVAILABLE,1,3,DOI,article_like
B06347,1,1,SINGLETON,AVAILABLE,1,1,SINGLETON,article_like
B06348,3,3,DOI;PMID;TITLE_EXACT_NORM,AVAILABLE,1,3,DOI,article_like
B06349,1,1,SINGLETON,AVAILABLE,1,1,SINGLETON,article_like
B06350,1,1,SINGLETON,AVAILABLE,1,1,SINGLETON,article_like
B06351,3,3,DOI;PMID;TITLE_EXACT_NORM,AVAILABLE,1,3,DOI,article_like
B06352,1,1,SINGLETON,AVAILABLE,1,1,SINGLETON,article_like
B06353,1,1,SINGLETON,AVAILABLE,1,1,SINGLETON,article_like
B06354,2,2,DOI;PMID;TITLE_EXACT_NORM,AVAILABLE,1,2,DOI,article_like
B06355,1,1,SINGLETON,AVAILABLE,1,1,SINGLETON,article_like
B06356,3,3,DOI;PMID;TITLE_EXACT_NORM,AVAILABLE,1,3,DOI,article_like
B06357,3,3,DOI;PMID;TITLE_EXACT_NORM,AVAILABLE,1,3,DOI,article_like
B06358,3,3,DOI;PMID;TITLE_EXACT_NORM,AVAILABLE,1,3,DOI,article_like
B06359,1,1,SINGLETON,AVAILABLE,1,1,SINGLETON,article_like
B06360,1,1,SINGLETON,AVAILABLE,1,1,SINGLETON,article_like
B06361,3,3,DOI;PMID;TITLE_EXACT_NORM,AVAILABLE,1,3,DOI,article_like
B06362,1,1,SINGLETON,AVAILABLE,1,1,SINGLETON,article_like
B06363,1,1,SINGLETON,AVAILABLE,1,1,SINGLETON,article_like
B06364,3,3,DOI;PMID;TITLE_EXACT_NORM,AVAILABLE,1,3,DOI,article_like
B06365,3,3,DOI;PMID;TITLE_EXACT_NORM,AVAILABLE,1,3,DOI,article_like
B06366,1,1,SINGLETON,AVAILABLE,1,1,SINGLETON,article_like
B06367,3,3,DOI;PMID;TITLE_EXACT_NORM,AVAILABLE,1,3,DOI,article_like
B06368,2,2,DOI,AVAILABLE,1,2,DOI,correction
B06369,3,3,DOI;PMID,AVAILABLE,1,3,DOI,correction
B06370,1,1,SINGLETON,AVAILABLE,1,1,SINGLETON,correction
B06371,1,1,SINGLETON,AVAILABLE,1,1,SINGLETON,correction
B06372,1,1,SINGLETON,AVAILABLE,1,1,SINGLETON,correction
B06373,3,3,DOI;PMID,AVAILABLE,1,3,DOI,correction
B06374,2,2,DOI;PMID,AVAILABLE,1,2,DOI,correction
B06375,1,1,SINGLETON,AVAILABLE,1,1,SINGLETON,article_like
B06376,1,1,SINGLETON,AVAILABLE,1,1,SINGLETON,article_like
B06377,1,1,SINGLETON,AVAILABLE,1,1,SINGLETON,article_like
B06378,1,1,SINGLETON,AVAILABLE,1,1,SINGLETON,article_like
B06379,1,1,SINGLETON,AVAILABLE,1,1,SINGLETON,article_like
B06380,1,1,SINGLETON,AVAILABLE,1,1,SINGLETON,article_like
B06381,3,3,DOI;PMID;TITLE_EXACT_NORM,AVAILABLE,1,3,DOI,article_like
B06382,3,3,DOI;PMID;TITLE_EXACT_NORM,AVAILABLE,1,3,DOI,article_like
B06383,1,1,SINGLETON,AVAILABLE,1,1,SINGLETON,article_like
B06384,1,1,SINGLETON,AVAILABLE,1,1,SINGLETON,article_like
B06385,1,1,SINGLETON,AVAILABLE,1,1,SINGLETON,article_like
B06386,1,1,SINGLETON,AVAILABLE,1,1,SINGLETON,article_like
B06387,1,1,SINGLETON,AVAILABLE,1,1,SINGLETON,article_like
B06388,3,3,DOI;PMID;TITLE_EXACT_NORM,AVAILABLE,1,3,DOI,article_like
B06389,3,3,DOI;PMID;TITLE_EXACT_NORM,AVAILABLE,1,3,DOI,article_like
B06390,1,1,SINGLETON,AVAILABLE,1,1,SINGLETON,article_like
B06391,3,3,DOI;PMID;TITLE_EXACT_NORM,AVAILABLE,1,3,DOI,article_like
B06392,1,1,SINGLETON,AVAILABLE,1,1,SINGLETON,article_like
B06393,1,1,SINGLETON,AVAILABLE,1,1,SINGLETON,article_like
B06394,1,1,SINGLETON,AVAILABLE,1,1,SINGLETON,article_like
B06395,3,3,DOI;PMID;TITLE_EXACT_NORM,AVAILABLE,1,3,DOI,article_like
B06396,1,1,SINGLETON,AVAILABLE,1,1,SINGLETON,article_like
B06397,1,1,SINGLETON,AVAILABLE,1,1,SINGLETON,article_like
B06398,3,3,DOI;PMID;TITLE_EXACT_NORM,AVAILABLE,1,3,DOI,article_like
B06399,3,3,DOI;PMID;TITLE_EXACT_NORM,AVAILABLE,1,3,DOI,article_like
B06400,3,3,DOI;PMID;TITLE_EXACT_NORM,AVAILABLE,1,3,DOI,article_like
B06401,1,1,SINGLETON,AVAILABLE,1,1,SINGLETON,article_like
B06402,3,3,DOI;PMID;TITLE_EXACT_NORM,AVAILABLE,1,3,DOI,article_like
B06403,1,1,SINGLETON,AVAILABLE,1,1,SINGLETON,article_like
B06404,1,1,SINGLETON,AVAILABLE,1,1,SINGLETON,article_like
B06405,2,2,DOI;PMID;TITLE_EXACT_NORM,AVAILABLE,1,2,DOI,article_like
B06406,1,1,SINGLETON,AVAILABLE,1,1,SINGLETON,article_like
B06407,1,1,SINGLETON,AVAILABLE,1,1,SINGLETON,article_like
B06408,3,3,DOI;PMID;TITLE_EXACT_NORM,AVAILABLE,1,3,DOI,article_like
B06409,1,1,SINGLETON,AVAILABLE,1,1,SINGLETON,article_like
B06410,1,1,SINGLETON,AVAILABLE,1,1,SINGLETON,article_like
B06411,1,1,SINGLETON,AVAILABLE,1,1,SINGLETON,article_like
B06412,1,1,SINGLETON,AVAILABLE,1,1,SINGLETON,article_like
B06413,3,3,DOI;PMID;TITLE_EXACT_NORM,AVAILABLE,1,3,DOI,article_like
B06414,1,1,SINGLETON,AVAILABLE,1,1,SINGLETON,article_like
B06415,1,1,SINGLETON,AVAILABLE,1,1,SINGLETON,article_like
B06416,3,3,DOI;PMID;TITLE_EXACT_NORM,AVAILABLE,1,3,DOI,article_like
B06417,1,1,SINGLETON,AVAILABLE,1,1,SINGLETON,article_like
B06418,1,1,SINGLETON,AVAILABLE,1,1,SINGLETON,article_like
B06419,1,1,SINGLETON,AVAILABLE,1,1,SINGLETON,article_like
B06420,3,3,DOI;PMID;TITLE_EXACT_NORM,AVAILABLE,1,3,DOI,article_like
B06421,1,1,SINGLETON,AVAILABLE,1,1,SINGLETON,article_like
B06422,1,1,SINGLETON,AVAILABLE,1,1,SINGLETON,article_like
B06423,1,1,SINGLETON,AVAILABLE,1,1,SINGLETON,article_like
B06424,2,2,DOI;PMID;TITLE_EXACT_NORM,AVAILABLE,1,2,DOI,article_like
B06425,3,3,DOI;PMID;TITLE_EXACT_NORM,AVAILABLE,1,3,DOI,article_like
B06426,2,2,DOI;PMID;TITLE_EXACT_NORM,AVAILABLE,1,2,DOI,article_like
B06427,1,1,SINGLETON,AVAILABLE,1,1,SINGLETON,article_like
B06428,3,3,DOI;PMID;TITLE_EXACT_NORM,AVAILABLE,1,3,DOI,article_like
B06429,1,1,SINGLETON,AVAILABLE,1,1,SINGLETON,article_like
B06430,3,3,DOI;PMID;TITLE_EXACT_NORM,AVAILABLE,1,3,DOI,article_like
B06431,1,1,SINGLETON,TITLE_ONLY,0,1,SINGLETON,article_like
B06432,3,3,DOI;PMID;TITLE_EXACT_NORM,AVAILABLE,1,3,DOI,article_like
B06433,1,1,SINGLETON,AVAILABLE,1,1,SINGLETON,article_like
B06434,3,3,DOI;PMID;TITLE_EXACT_NORM,AVAILABLE,1,3,DOI,article_like
B06435,3,3,DOI;PMID;TITLE_EXACT_NORM,AVAILABLE,1,3,DOI,article_like
B06436,3,3,DOI;PMID;TITLE_EXACT_NORM,AVAILABLE,1,3,DOI,article_like
B06437,1,1,SINGLETON,AVAILABLE,1,1,SINGLETON,article_like
B06438,1,1,SINGLETON,AVAILABLE,1,1,SINGLETON,article_like
B06439,1,1,SINGLETON,AVAILABLE,1,1,SINGLETON,article_like
B06440,1,1,SINGLETON,AVAILABLE,1,1,SINGLETON,article_like
B06441,2,2,DOI;PMID;TITLE_EXACT_NORM,AVAILABLE,1,2,DOI,article_like
B06442,3,3,DOI;PMID;TITLE_EXACT_NORM,AVAILABLE,1,3,DOI,article_like
B06443,1,1,SINGLETON,AVAILABLE,1,1,SINGLETON,article_like
B06444,1,1,SINGLETON,AVAILABLE,1,1,SINGLETON,article_like
B06445,3,3,DOI;PMID;TITLE_EXACT_NORM,AVAILABLE,1,3,DOI,article_like
B06446,3,3,DOI;PMID;TITLE_EXACT_NORM,AVAILABLE,1,3,DOI,article_like
B06447,3,3,DOI;PMID;TITLE_EXACT_NORM,AVAILABLE,1,3,DOI,article_like
B06448,1,1,SINGLETON,AVAILABLE,1,1,SINGLETON,article_like
B06449,3,3,DOI;PMID;TITLE_EXACT_NORM,AVAILABLE,1,3,DOI,article_like
B06450,1,1,SINGLETON,AVAILABLE,1,1,SINGLETON,article_like
B06451,3,3,TITLE_EXACT_NORM,AVAILABLE,1,3,TITLE_EXACT_NORM,article_like
B06452,3,3,DOI;PMID;TITLE_EXACT_NORM,AVAILABLE,1,3,DOI,article_like
B06453,3,3,DOI;PMID;TITLE_EXACT_NORM,AVAILABLE,1,3,DOI,article_like
B06454,1,1,SINGLETON,AVAILABLE,1,1,SINGLETON,article_like
B06455,1,1,SINGLETON,AVAILABLE,1,1,SINGLETON,article_like
B06456,1,1,SINGLETON,AVAILABLE,1,1,SINGLETON,article_like
B06457,3,3,DOI;PMID;TITLE_EXACT_NORM,AVAILABLE,1,3,DOI,article_like
B06458,1,1,SINGLETON,AVAILABLE,1,1,SINGLETON,article_like
B06459,3,3,DOI;PMID;TITLE_EXACT_NORM,AVAILABLE,1,3,DOI,article_like
B06460,1,1,SINGLETON,AVAILABLE,1,1,SINGLETON,article_like
B06461,3,3,DOI;PMID;TITLE_EXACT_NORM,AVAILABLE,1,3,DOI,article_like
B06462,3,3,DOI;PMID;TITLE_EXACT_NORM,AVAILABLE,1,3,DOI,article_like
B06463,3,3,DOI;PMID;TITLE_EXACT_NORM,AVAILABLE,1,3,DOI,article_like
B06464,1,1,SINGLETON,AVAILABLE,1,1,SINGLETON,article_like
B06465,1,1,SINGLETON,AVAILABLE,1,1,SINGLETON,article_like
B06466,1,1,SINGLETON,AVAILABLE,1,1,SINGLETON,article_like
B06467,3,3,DOI;PMID;TITLE_EXACT_NORM,AVAILABLE,1,3,DOI,article_like
B06468,3,3,DOI;PMID;TITLE_EXACT_NORM,AVAILABLE,1,3,DOI,article_like
B06469,1,1,SINGLETON,AVAILABLE,1,1,SINGLETON,article_like
B06470,3,3,DOI;PMID;TITLE_EXACT_NORM,AVAILABLE,1,3,DOI,article_like
B06471,3,3,DOI;PMID;TITLE_EXACT_NORM,AVAILABLE,1,3,DOI,article_like
B06472,1,1,SINGLETON,TITLE_ONLY,0,1,SINGLETON,conference
B06473,3,3,DOI;PMID;TITLE_EXACT_NORM,AVAILABLE,1,3,DOI,article_like
B06474,1,1,SINGLETON,TITLE_ONLY,0,1,SINGLETON,conference
B06475,1,1,SINGLETON,AVAILABLE,1,1,SINGLETON,article_like
B06476,3,3,DOI;PMID;TITLE_EXACT_NORM,AVAILABLE,1,3,DOI,article_like
B06477,2,2,DOI;TITLE_EXACT_NORM,AVAILABLE,1,2,DOI,article_like
B06478,3,3,DOI;PMID;TITLE_EXACT_NORM,AVAILABLE,1,3,DOI,article_like
B06479,3,3,DOI;PMID;TITLE_EXACT_NORM,AVAILABLE,1,3,DOI,article_like
B06480,1,1,SINGLETON,AVAILABLE,1,1,SINGLETON,article_like
B06481,3,3,DOI;PMID;TITLE_EXACT_NORM,AVAILABLE,1,3,DOI,article_like
B06482,1,1,SINGLETON,TITLE_ONLY,0,1,SINGLETON,article_like
B06483,3,3,DOI;PMID;TITLE_EXACT_NORM,AVAILABLE,1,3,DOI,article_like
B06484,1,1,SINGLETON,TITLE_ONLY,0,1,SINGLETON,conference
B06485,3,3,DOI;PMID;TITLE_EXACT_NORM,AVAILABLE,1,3,DOI,article_like
B06486,1,1,SINGLETON,AVAILABLE,1,1,SINGLETON,article_like
B06487,3,3,DOI;PMID;TITLE_EXACT_NORM,AVAILABLE,1,3,DOI,article_like
B06488,1,1,SINGLETON,AVAILABLE,1,1,SINGLETON,article_like
B06489,3,3,DOI;PMID;TITLE_EXACT_NORM,AVAILABLE,1,3,DOI,article_like
B06490,1,1,SINGLETON,TITLE_ONLY,0,1,SINGLETON,article_like
B06491,2,2,DOI;PMID;TITLE_EXACT_NORM,AVAILABLE,1,2,DOI,article_like
B06492,3,3,DOI;PMID;TITLE_EXACT_NORM,AVAILABLE,1,3,DOI,article_like
B06493,2,2,DOI;TITLE_EXACT_NORM,AVAILABLE,1,2,DOI,article_like
B06494,2,2,DOI;PMID;TITLE_EXACT_NORM,AVAILABLE,1,2,DOI,article_like
B06495,3,3,DOI;PMID;TITLE_EXACT_NORM,AVAILABLE,1,3,DOI,article_like
B06496,1,1,SINGLETON,AVAILABLE,1,1,SINGLETON,article_like
B06497,1,1,SINGLETON,AVAILABLE,1,1,SINGLETON,article_like
B06498,1,1,SINGLETON,TITLE_ONLY,0,1,SINGLETON,article_like
B06499,1,1,SINGLETON,AVAILABLE,1,1,SINGLETON,article_like
B06500,1,1,SINGLETON,TITLE_ONLY,0,1,SINGLETON,article_like
B06501,3,3,DOI;PMID;TITLE_EXACT_NORM,AVAILABLE,1,3,DOI,article_like
B06502,1,1,SINGLETON,AVAILABLE,1,1,SINGLETON,article_like
B06503,3,3,DOI;PMID;TITLE_EXACT_NORM,AVAILABLE,1,3,DOI,article_like
B06504,1,1,SINGLETON,AVAILABLE,1,1,SINGLETON,article_like
B06505,3,3,DOI;PMID;TITLE_EXACT_NORM,AVAILABLE,1,3,DOI,article_like
B06506,3,3,DOI;PMID;TITLE_EXACT_NORM,AVAILABLE,1,3,DOI,article_like
B06507,1,1,SINGLETON,AVAILABLE,1,1,SINGLETON,article_like
B06508,1,1,SINGLETON,AVAILABLE,1,1,SINGLETON,article_like
B06509,1,1,SINGLETON,AVAILABLE,1,1,SINGLETON,article_like
B06510,3,3,DOI;PMID;TITLE_EXACT_NORM,AVAILABLE,1,3,DOI,article_like
B06511,3,3,DOI;PMID;TITLE_EXACT_NORM,AVAILABLE,1,3,DOI,article_like
B06512,1,1,SINGLETON,AVAILABLE,1,1,SINGLETON,article_like
B06513,1,1,SINGLETON,AVAILABLE,1,1,SINGLETON,article_like
B06514,1,1,SINGLETON,TITLE_ONLY,0,1,SINGLETON,article_like
B06515,3,3,DOI;PMID;TITLE_EXACT_NORM,AVAILABLE,1,3,DOI,article_like
B06516,2,2,DOI;TITLE_EXACT_NORM,AVAILABLE,1,2,DOI,article_like
B06517,1,1,SINGLETON,AVAILABLE,1,1,SINGLETON,article_like
B06518,3,3,DOI;PMID;TITLE_EXACT_NORM,AVAILABLE,1,3,DOI,article_like
B06519,1,1,SINGLETON,AVAILABLE,1,1,SINGLETON,article_like
B06520,1,1,SINGLETON,AVAILABLE,1,1,SINGLETON,article_like
B06521,1,1,SINGLETON,AVAILABLE,1,1,SINGLETON,article_like
B06522,3,3,DOI;PMID;TITLE_EXACT_NORM,AVAILABLE,1,3,DOI,article_like
B06523,3,3,DOI;PMID;TITLE_EXACT_NORM,AVAILABLE,1,3,DOI,article_like
B06524,1,1,SINGLETON,AVAILABLE,1,1,SINGLETON,article_like
B06525,1,1,SINGLETON,AVAILABLE,1,1,SINGLETON,article_like
B06526,3,3,DOI;PMID;TITLE_EXACT_NORM,AVAILABLE,1,3,DOI,article_like
B06527,1,1,SINGLETON,AVAILABLE,1,1,SINGLETON,article_like
B06528,2,2,DOI;PMID;TITLE_EXACT_NORM,AVAILABLE,1,2,DOI,article_like
B06529,1,1,SINGLETON,AVAILABLE,1,1,SINGLETON,article_like
B06530,1,1,SINGLETON,AVAILABLE,1,1,SINGLETON,article_like
B06531,1,1,SINGLETON,TITLE_ONLY,0,1,SINGLETON,article_like
B06532,1,1,SINGLETON,AVAILABLE,1,1,SINGLETON,article_like
B06533,1,1,SINGLETON,TITLE_ONLY,0,1,SINGLETON,article_like
B06534,3,3,DOI;PMID;TITLE_EXACT_NORM,AVAILABLE,1,3,DOI,article_like
B06535,3,3,DOI;PMID;TITLE_EXACT_NORM,AVAILABLE,1,3,DOI,article_like
B06536,3,3,DOI;PMID;TITLE_EXACT_NORM,AVAILABLE,1,3,DOI,article_like
B06537,1,1,SINGLETON,AVAILABLE,1,1,SINGLETON,article_like
B06538,1,1,SINGLETON,AVAILABLE,1,1,SINGLETON,article_like
B06539,3,3,DOI;PMID;TITLE_EXACT_NORM,AVAILABLE,1,3,DOI,article_like
B06540,3,3,DOI;PMID;TITLE_EXACT_NORM,AVAILABLE,1,3,DOI,article_like
B06541,1,1,SINGLETON,AVAILABLE,1,1,SINGLETON,article_like
B06542,3,3,DOI;PMID;TITLE_EXACT_NORM,AVAILABLE,1,3,DOI,article_like
B06543,3,3,DOI;PMID;TITLE_EXACT_NORM,AVAILABLE,1,3,DOI,article_like
B06544,1,1,SINGLETON,AVAILABLE,1,1,SINGLETON,article_like
B06545,1,1,SINGLETON,AVAILABLE,1,1,SINGLETON,article_like
B06546,1,1,SINGLETON,AVAILABLE,1,1,SINGLETON,article_like
B06547,1,1,SINGLETON,AVAILABLE,1,1,SINGLETON,article_like
B06548,1,1,SINGLETON,TITLE_ONLY,0,1,SINGLETON,article_like
B06549,1,1,SINGLETON,AVAILABLE,1,1,SINGLETON,article_like
B06550,3,3,DOI;PMID;TITLE_EXACT_NORM,AVAILABLE,1,3,DOI,article_like
B06551,3,3,DOI;PMID;TITLE_EXACT_NORM,AVAILABLE,1,3,DOI,article_like
B06552,3,3,DOI;PMID;TITLE_EXACT_NORM,AVAILABLE,1,3,DOI,article_like
B06553,3,3,DOI;PMID;TITLE_EXACT_NORM,AVAILABLE,1,3,DOI,article_like
B06554,3,3,DOI;PMID;TITLE_EXACT_NORM,AVAILABLE,1,3,DOI,article_like
B06555,1,1,SINGLETON,AVAILABLE,1,1,SINGLETON,article_like
B06556,3,3,DOI;PMID;TITLE_EXACT_NORM,AVAILABLE,1,3,DOI,article_like
B06557,3,3,DOI;PMID;TITLE_EXACT_NORM,AVAILABLE,1,3,DOI,article_like
B06558,2,2,DOI;PMID;TITLE_EXACT_NORM,AVAILABLE,1,2,DOI,article_like
B06559,3,3,DOI;PMID;TITLE_EXACT_NORM,AVAILABLE,1,3,DOI,article_like
B06560,1,1,SINGLETON,AVAILABLE,1,1,SINGLETON,article_like
B06561,3,3,DOI;PMID;TITLE_EXACT_NORM,AVAILABLE,1,3,DOI,article_like
B06562,1,1,SINGLETON,TITLE_ONLY,0,1,SINGLETON,conference
B06563,1,1,SINGLETON,AVAILABLE,1,1,SINGLETON,article_like
B06564,1,1,SINGLETON,AVAILABLE,1,1,SINGLETON,article_like
B06565,2,1,TITLE_EXACT_NORM,TITLE_ONLY,0,2,TITLE_EXACT_NORM,conference
B06566,1,1,SINGLETON,AVAILABLE,1,1,SINGLETON,article_like
B06567,1,1,SINGLETON,AVAILABLE,1,1,SINGLETON,article_like
B06568,1,1,SINGLETON,AVAILABLE,1,1,SINGLETON,article_like
B06569,1,1,SINGLETON,AVAILABLE,1,1,SINGLETON,article_like
B06570,2,2,DOI;PMID;TITLE_EXACT_NORM,AVAILABLE,1,2,DOI,article_like
B06571,1,1,SINGLETON,AVAILABLE,1,1,SINGLETON,article_like
B06572,1,1,SINGLETON,AVAILABLE,1,1,SINGLETON,article_like
B06573,1,1,SINGLETON,AVAILABLE,1,1,SINGLETON,article_like
B06574,1,1,SINGLETON,AVAILABLE,1,1,SINGLETON,article_like
B06575,3,3,DOI;PMID;TITLE_EXACT_NORM,AVAILABLE,1,3,DOI,article_like
B06576,1,1,SINGLETON,TITLE_ONLY,0,1,SINGLETON,conference
B06577,3,3,DOI;PMID;TITLE_EXACT_NORM,AVAILABLE,1,3,DOI,article_like
B06578,2,2,DOI;PMID;TITLE_EXACT_NORM,AVAILABLE,1,2,DOI,article_like
B06579,1,1,SINGLETON,AVAILABLE,1,1,SINGLETON,article_like
B06580,1,1,SINGLETON,AVAILABLE,1,1,SINGLETON,article_like
B06581,3,3,DOI;PMID;TITLE_EXACT_NORM,AVAILABLE,1,3,DOI,article_like
B06582,1,1,SINGLETON,AVAILABLE,1,1,SINGLETON,article_like
B06583,3,3,DOI;PMID;TITLE_EXACT_NORM,AVAILABLE,1,3,DOI,article_like
B06584,3,3,DOI;PMID;TITLE_EXACT_NORM,AVAILABLE,1,3,DOI,article_like
B06585,2,2,DOI;PMID;TITLE_EXACT_NORM,AVAILABLE,1,2,DOI,article_like
B06586,3,3,DOI;PMID;TITLE_EXACT_NORM,AVAILABLE,1,3,DOI,article_like
B06587,3,3,DOI;PMID;TITLE_EXACT_NORM,AVAILABLE,1,3,DOI,article_like
B06588,2,2,DOI;PMID;TITLE_EXACT_NORM,AVAILABLE,1,2,DOI,article_like
B06589,3,3,DOI;PMID;TITLE_EXACT_NORM,AVAILABLE,1,3,DOI,article_like
B06590,1,1,SINGLETON,AVAILABLE,1,1,SINGLETON,article_like
B06591,3,3,DOI;PMID;TITLE_EXACT_NORM,AVAILABLE,1,3,DOI,article_like
B06592,1,1,SINGLETON,AVAILABLE,1,1,SINGLETON,article_like
B06593,3,3,DOI;PMID;TITLE_EXACT_NORM,AVAILABLE,1,3,DOI,article_like
B06594,1,1,SINGLETON,AVAILABLE,1,1,SINGLETON,article_like
B06595,1,1,SINGLETON,AVAILABLE,1,1,SINGLETON,article_like
B06596,1,1,SINGLETON,AVAILABLE,1,1,SINGLETON,article_like
B06597,3,3,DOI;PMID;TITLE_EXACT_NORM,AVAILABLE,1,3,DOI,article_like
B06598,1,1,SINGLETON,AVAILABLE,1,1,SINGLETON,article_like
B06599,1,1,SINGLETON,AVAILABLE,1,1,SINGLETON,article_like
B06600,2,2,DOI;TITLE_EXACT_NORM,AVAILABLE,1,2,DOI,article_like
B06601,1,1,SINGLETON,AVAILABLE,1,1,SINGLETON,article_like
B06602,1,1,SINGLETON,AVAILABLE,1,1,SINGLETON,article_like
B06603,1,1,SINGLETON,AVAILABLE,1,1,SINGLETON,article_like
B06604,1,1,SINGLETON,AVAILABLE,1,1,SINGLETON,article_like
B06605,3,3,DOI;PMID;TITLE_EXACT_NORM,AVAILABLE,1,3,DOI,article_like
B06606,2,2,DOI;TITLE_EXACT_NORM,AVAILABLE,1,2,DOI,article_like
B06607,3,3,DOI;PMID;TITLE_EXACT_NORM,AVAILABLE,1,3,DOI,article_like
B06608,3,3,DOI;PMID;TITLE_EXACT_NORM,TITLE_ONLY,0,3,DOI,article_like
B06609,1,1,SINGLETON,AVAILABLE,1,1,SINGLETON,article_like
B06610,3,3,DOI;PMID;TITLE_EXACT_NORM,AVAILABLE,1,3,DOI,article_like
B06611,1,1,SINGLETON,AVAILABLE,1,1,SINGLETON,article_like
B06612,3,3,DOI;PMID;TITLE_EXACT_NORM,AVAILABLE,1,3,DOI,article_like
B06613,2,2,DOI;PMID;TITLE_EXACT_NORM,AVAILABLE,1,2,DOI,article_like
B06614,3,3,DOI;PMID;TITLE_EXACT_NORM,AVAILABLE,1,3,DOI,article_like
B06615,3,3,DOI;PMID;TITLE_EXACT_NORM,AVAILABLE,1,3,DOI,article_like
B06616,3,3,DOI;PMID;TITLE_EXACT_NORM,AVAILABLE,1,3,DOI,article_like
B06617,1,1,SINGLETON,AVAILABLE,1,1,SINGLETON,article_like
B06618,1,1,SINGLETON,AVAILABLE,1,1,SINGLETON,article_like
B06619,1,1,SINGLETON,TITLE_ONLY,0,1,SINGLETON,conference
B06620,3,3,DOI;PMID;TITLE_EXACT_NORM,AVAILABLE,1,3,DOI,article_like
B06621,1,1,SINGLETON,AVAILABLE,1,1,SINGLETON,article_like
B06622,1,1,SINGLETON,TITLE_ONLY,0,1,SINGLETON,conference
B06623,1,1,SINGLETON,TITLE_ONLY,0,1,SINGLETON,article_like
B06624,1,1,SINGLETON,AVAILABLE,1,1,SINGLETON,article_like
B06625,3,3,DOI;PMID;TITLE_EXACT_NORM,AVAILABLE,1,3,DOI,article_like
B06626,1,1,SINGLETON,AVAILABLE,1,1,SINGLETON,article_like
B06627,1,1,SINGLETON,AVAILABLE,1,1,SINGLETON,article_like
B06628,1,1,SINGLETON,AVAILABLE,1,1,SINGLETON,article_like
B06629,1,1,SINGLETON,AVAILABLE,1,1,SINGLETON,article_like
B06630,3,3,DOI;PMID;TITLE_EXACT_NORM,AVAILABLE,1,3,DOI,article_like
B06631,1,1,SINGLETON,AVAILABLE,1,1,SINGLETON,article_like
B06632,1,1,SINGLETON,AVAILABLE,1,1,SINGLETON,article_like
B06633,1,1,SINGLETON,AVAILABLE,1,1,SINGLETON,article_like
B06634,1,1,SINGLETON,AVAILABLE,1,1,SINGLETON,article_like
B06635,1,1,SINGLETON,AVAILABLE,1,1,SINGLETON,article_like
B06636,3,3,DOI;PMID;TITLE_EXACT_NORM,AVAILABLE,1,3,DOI,article_like
B06637,1,1,SINGLETON,AVAILABLE,1,1,SINGLETON,article_like
B06638,1,1,SINGLETON,AVAILABLE,1,1,SINGLETON,article_like
B06639,3,3,DOI;PMID;TITLE_EXACT_NORM,AVAILABLE,1,3,DOI,article_like
B06640,2,2,DOI;PMID;TITLE_EXACT_NORM,AVAILABLE,1,2,DOI,article_like
B06641,1,1,SINGLETON,AVAILABLE,1,1,SINGLETON,article_like
B06642,1,1,SINGLETON,AVAILABLE,1,1,SINGLETON,article_like
B06643,3,3,DOI;PMID;TITLE_EXACT_NORM,AVAILABLE,1,3,DOI,article_like
B06644,3,3,DOI;PMID;TITLE_EXACT_NORM,AVAILABLE,1,3,DOI,article_like
B06645,3,3,DOI;PMID;TITLE_EXACT_NORM,AVAILABLE,1,3,DOI,article_like
B06646,2,2,DOI;PMID;TITLE_EXACT_NORM,AVAILABLE,1,2,DOI,article_like
B06647,3,3,DOI;PMID;TITLE_EXACT_NORM,AVAILABLE,1,3,DOI,article_like
B06648,1,1,SINGLETON,AVAILABLE,1,1,SINGLETON,article_like
B06649,1,1,SINGLETON,AVAILABLE,1,1,SINGLETON,article_like
B06650,1,1,SINGLETON,AVAILABLE,1,1,SINGLETON,article_like
B06651,3,3,DOI;PMID;TITLE_EXACT_NORM,TITLE_ONLY,0,3,DOI,article_like
B06652,3,3,DOI;PMID;TITLE_EXACT_NORM,AVAILABLE,1,3,DOI,article_like
B06653,3,3,DOI;PMID;TITLE_EXACT_NORM,AVAILABLE,1,3,DOI,article_like
B06654,3,3,DOI;PMID;TITLE_EXACT_NORM,AVAILABLE,1,3,DOI,article_like
B06655,3,3,DOI;PMID;TITLE_EXACT_NORM,AVAILABLE,1,3,DOI,article_like
B06656,1,1,SINGLETON,AVAILABLE,1,1,SINGLETON,article_like
B06657,1,1,SINGLETON,AVAILABLE,1,1,SINGLETON,article_like
B06658,1,1,SINGLETON,AVAILABLE,1,1,SINGLETON,article_like
B06659,3,3,DOI;PMID;TITLE_EXACT_NORM,AVAILABLE,1,3,DOI,article_like
B06660,1,1,SINGLETON,AVAILABLE,1,1,SINGLETON,article_like
B06661,1,1,SINGLETON,AVAILABLE,1,1,SINGLETON,article_like
B06662,1,1,SINGLETON,AVAILABLE,1,1,SINGLETON,article_like
B06663,1,1,SINGLETON,AVAILABLE,1,1,SINGLETON,article_like
B06664,1,1,SINGLETON,AVAILABLE,1,1,SINGLETON,article_like
B06665,3,3,DOI;PMID;TITLE_EXACT_NORM,AVAILABLE,1,3,DOI,article_like
B06666,1,1,SINGLETON,TITLE_ONLY,0,1,SINGLETON,article_like
B06667,1,1,SINGLETON,AVAILABLE,1,1,SINGLETON,article_like
B06668,1,1,SINGLETON,AVAILABLE,1,1,SINGLETON,article_like
B06669,3,3,DOI;PMID;TITLE_EXACT_NORM,AVAILABLE,1,3,DOI,article_like
B06670,1,1,SINGLETON,AVAILABLE,1,1,SINGLETON,article_like
B06671,1,1,SINGLETON,AVAILABLE,1,1,SINGLETON,article_like
B06672,1,1,SINGLETON,AVAILABLE,1,1,SINGLETON,article_like
B06673,1,1,SINGLETON,AVAILABLE,1,1,SINGLETON,article_like
B06674,1,1,SINGLETON,AVAILABLE,1,1,SINGLETON,article_like
B06675,3,3,DOI;PMID;TITLE_EXACT_NORM,AVAILABLE,1,3,DOI,article_like
B06676,1,1,SINGLETON,AVAILABLE,1,1,SINGLETON,article_like
B06677,3,3,DOI;PMID;TITLE_EXACT_NORM,AVAILABLE,1,3,DOI,article_like
B06678,1,1,SINGLETON,AVAILABLE,1,1,SINGLETON,article_like
B06679,3,3,DOI;PMID;TITLE_EXACT_NORM,AVAILABLE,1,3,DOI,article_like
B06680,1,1,SINGLETON,AVAILABLE,1,1,SINGLETON,article_like
B06681,3,3,DOI;PMID;TITLE_EXACT_NORM,AVAILABLE,1,3,DOI,article_like
B06682,1,1,SINGLETON,AVAILABLE,1,1,SINGLETON,article_like
B06683,1,1,SINGLETON,AVAILABLE,1,1,SINGLETON,article_like
B06684,1,1,SINGLETON,AVAILABLE,1,1,SINGLETON,article_like
B06685,1,1,SINGLETON,AVAILABLE,1,1,SINGLETON,article_like
B06686,3,3,DOI;PMID;TITLE_EXACT_NORM,AVAILABLE,1,3,DOI,article_like
B06687,3,3,DOI;PMID;TITLE_EXACT_NORM,AVAILABLE,1,3,DOI,article_like
B06688,3,3,DOI;PMID;TITLE_EXACT_NORM,AVAILABLE,1,3,DOI,article_like
B06689,1,1,SINGLETON,AVAILABLE,1,1,SINGLETON,article_like
B06690,1,1,SINGLETON,AVAILABLE,1,1,SINGLETON,article_like
B06691,1,1,SINGLETON,AVAILABLE,1,1,SINGLETON,article_like
B06692,1,1,SINGLETON,AVAILABLE,1,1,SINGLETON,article_like
B06693,3,3,DOI;PMID;TITLE_EXACT_NORM,AVAILABLE,1,3,DOI,article_like
B06694,3,3,DOI;PMID;TITLE_EXACT_NORM,AVAILABLE,1,3,DOI,article_like
B06695,3,3,DOI;PMID;TITLE_EXACT_NORM,AVAILABLE,1,3,DOI,article_like
B06696,2,2,DOI;TITLE_EXACT_NORM,AVAILABLE,1,2,DOI,article_like
B06697,3,3,DOI;PMID;TITLE_EXACT_NORM,AVAILABLE,1,3,DOI,article_like
B06698,3,3,DOI;PMID;TITLE_EXACT_NORM,AVAILABLE,1,3,DOI,article_like
B06699,3,3,DOI;PMID;TITLE_EXACT_NORM,AVAILABLE,1,3,DOI,article_like
B06700,3,3,DOI;PMID;TITLE_EXACT_NORM,AVAILABLE,1,3,DOI,article_like
B06701,3,3,DOI;PMID;TITLE_EXACT_NORM,AVAILABLE,1,3,DOI,article_like
B06702,3,3,DOI;PMID;TITLE_EXACT_NORM,AVAILABLE,1,3,DOI,article_like
B06703,1,1,SINGLETON,AVAILABLE,1,1,SINGLETON,article_like
B06704,1,1,SINGLETON,AVAILABLE,1,1,SINGLETON,article_like
B06705,1,1,SINGLETON,AVAILABLE,1,1,SINGLETON,article_like
B06706,1,1,SINGLETON,AVAILABLE,1,1,SINGLETON,article_like
B06707,3,3,DOI;PMID;TITLE_EXACT_NORM,AVAILABLE,1,3,DOI,article_like
B06708,1,1,SINGLETON,AVAILABLE,1,1,SINGLETON,article_like
B06709,1,1,SINGLETON,AVAILABLE,1,1,SINGLETON,article_like
B06710,1,1,SINGLETON,AVAILABLE,1,1,SINGLETON,article_like
B06711,1,1,SINGLETON,AVAILABLE,1,1,SINGLETON,article_like
B06712,3,3,DOI;PMID;TITLE_EXACT_NORM,AVAILABLE,1,3,DOI,article_like
B06713,1,1,SINGLETON,AVAILABLE,1,1,SINGLETON,article_like
B06714,1,1,SINGLETON,TITLE_ONLY,0,1,SINGLETON,article_like
B06715,1,1,SINGLETON,AVAILABLE,1,1,SINGLETON,article_like
B06716,1,1,SINGLETON,AVAILABLE,1,1,SINGLETON,article_like
B06717,1,1,SINGLETON,AVAILABLE,1,1,SINGLETON,article_like
B06718,1,1,SINGLETON,AVAILABLE,1,1,SINGLETON,article_like
B06719,2,2,DOI;PMID;TITLE_EXACT_NORM,AVAILABLE,1,2,DOI,article_like
B06720,1,1,SINGLETON,AVAILABLE,1,1,SINGLETON,article_like
B06721,2,2,DOI;PMID;TITLE_EXACT_NORM,AVAILABLE,1,2,DOI,article_like
B06722,3,3,DOI;PMID;TITLE_EXACT_NORM,AVAILABLE,1,3,DOI,article_like
B06723,1,1,SINGLETON,TITLE_ONLY,0,1,SINGLETON,conference
B06724,3,3,DOI;PMID;TITLE_EXACT_NORM,AVAILABLE,1,3,DOI,article_like
B06725,3,3,DOI;PMID;TITLE_EXACT_NORM,AVAILABLE,1,3,DOI,article_like
B06726,1,1,SINGLETON,TITLE_ONLY,0,1,SINGLETON,article_like
B06727,1,1,SINGLETON,TITLE_ONLY,0,1,SINGLETON,conference
B06728,1,1,SINGLETON,AVAILABLE,1,1,SINGLETON,article_like
B06729,3,3,DOI;PMID;TITLE_EXACT_NORM,AVAILABLE,1,3,DOI,article_like
B06730,1,1,SINGLETON,AVAILABLE,1,1,SINGLETON,article_like
B06731,1,1,SINGLETON,AVAILABLE,1,1,SINGLETON,article_like
B06732,3,3,DOI;PMID;TITLE_EXACT_NORM,TITLE_ONLY,0,3,DOI,article_like
B06733,1,1,SINGLETON,AVAILABLE,1,1,SINGLETON,article_like
B06734,3,3,DOI;PMID;TITLE_EXACT_NORM,AVAILABLE,1,3,DOI,article_like
B06735,1,1,SINGLETON,TITLE_ONLY,0,1,SINGLETON,conference
B06736,3,3,DOI;PMID;TITLE_EXACT_NORM,AVAILABLE,1,3,DOI,article_like
B06737,1,1,SINGLETON,AVAILABLE,1,1,SINGLETON,article_like
B06738,3,3,DOI;PMID;TITLE_EXACT_NORM,AVAILABLE,1,3,DOI,article_like
B06739,1,1,SINGLETON,AVAILABLE,1,1,SINGLETON,conference
B06740,1,1,SINGLETON,AVAILABLE,1,1,SINGLETON,article_like
B06741,1,1,SINGLETON,AVAILABLE,1,1,SINGLETON,article_like
B06742,3,3,DOI;PMID;TITLE_EXACT_NORM,AVAILABLE,1,3,DOI,article_like
B06743,3,3,DOI;PMID;TITLE_EXACT_NORM,AVAILABLE,1,3,DOI,article_like
B06744,1,1,SINGLETON,AVAILABLE,1,1,SINGLETON,article_like
B06745,1,1,SINGLETON,AVAILABLE,1,1,SINGLETON,article_like
B06746,1,1,SINGLETON,AVAILABLE,1,1,SINGLETON,article_like
B06747,3,3,DOI;PMID;TITLE_EXACT_NORM,AVAILABLE,1,3,DOI,article_like
B06748,3,3,DOI;PMID;TITLE_EXACT_NORM,AVAILABLE,1,3,DOI,article_like
B06749,2,2,DOI;PMID;TITLE_EXACT_NORM,AVAILABLE,1,2,DOI,article_like
B06750,2,2,DOI;TITLE_EXACT_NORM,AVAILABLE,1,2,DOI,article_like
B06751,3,3,DOI;PMID;TITLE_EXACT_NORM,AVAILABLE,1,3,DOI,article_like
B06752,1,1,SINGLETON,AVAILABLE,1,1,SINGLETON,article_like
B06753,1,1,SINGLETON,AVAILABLE,1,1,SINGLETON,article_like
B06754,3,3,DOI;PMID;TITLE_EXACT_NORM,AVAILABLE,1,3,DOI,article_like
B06755,1,1,SINGLETON,AVAILABLE,1,1,SINGLETON,article_like
B06756,1,1,SINGLETON,AVAILABLE,1,1,SINGLETON,article_like
B06757,1,1,SINGLETON,AVAILABLE,1,1,SINGLETON,article_like
B06758,3,3,DOI;PMID;TITLE_EXACT_NORM,AVAILABLE,1,3,DOI,article_like
B06759,2,2,DOI;PMID;TITLE_EXACT_NORM,AVAILABLE,1,2,DOI,article_like
B06760,1,1,SINGLETON,TITLE_ONLY,0,1,SINGLETON,article_like
B06761,1,1,SINGLETON,AVAILABLE,1,1,SINGLETON,article_like
B06762,3,3,DOI;PMID;TITLE_EXACT_NORM,AVAILABLE,1,3,DOI,article_like
B06763,3,3,DOI;PMID;TITLE_EXACT_NORM,AVAILABLE,1,3,DOI,article_like
B06764,1,1,SINGLETON,TITLE_ONLY,0,1,SINGLETON,conference
B06765,2,2,DOI;TITLE_EXACT_NORM,AVAILABLE,1,2,DOI,article_like
B06766,1,1,SINGLETON,AVAILABLE,1,1,SINGLETON,article_like
B06767,3,3,DOI;PMID;TITLE_EXACT_NORM,AVAILABLE,1,3,DOI,article_like
B06768,3,3,DOI;PMID;TITLE_EXACT_NORM,AVAILABLE,1,3,DOI,article_like
B06769,3,3,DOI;PMID;TITLE_EXACT_NORM,AVAILABLE,1,3,DOI,article_like
B06770,3,3,DOI;PMID;TITLE_EXACT_NORM,AVAILABLE,1,3,DOI,article_like
B06771,1,1,SINGLETON,AVAILABLE,1,1,SINGLETON,article_like
B06772,3,3,DOI;PMID;TITLE_EXACT_NORM,AVAILABLE,1,3,DOI,article_like
B06773,2,2,DOI;PMID;TITLE_EXACT_NORM,AVAILABLE,1,2,DOI,article_like
B06774,1,1,SINGLETON,AVAILABLE,1,1,SINGLETON,article_like
B06775,3,3,DOI;PMID;TITLE_EXACT_NORM,AVAILABLE,1,3,DOI,article_like
B06776,1,1,SINGLETON,TITLE_ONLY,0,1,SINGLETON,conference
B06777,1,1,SINGLETON,AVAILABLE,1,1,SINGLETON,article_like
B06778,2,2,DOI;TITLE_EXACT_NORM,AVAILABLE,1,2,DOI,article_like
B06779,1,1,SINGLETON,AVAILABLE,1,1,SINGLETON,article_like
B06780,1,1,SINGLETON,AVAILABLE,1,1,SINGLETON,article_like
B06781,3,3,DOI;PMID;TITLE_EXACT_NORM,AVAILABLE,1,3,DOI,article_like
B06782,1,1,SINGLETON,AVAILABLE,1,1,SINGLETON,article_like
B06783,3,3,DOI;PMID;TITLE_EXACT_NORM,AVAILABLE,1,3,DOI,article_like
B06784,2,2,DOI;PMID;TITLE_EXACT_NORM,TITLE_ONLY,0,2,DOI,article_like
B06785,3,3,DOI;PMID;TITLE_EXACT_NORM,AVAILABLE,1,3,DOI,article_like
B06786,1,1,SINGLETON,AVAILABLE,1,1,SINGLETON,article_like
B06787,2,2,DOI;PMID;TITLE_EXACT_NORM,AVAILABLE,1,2,DOI,article_like
B06788,1,1,SINGLETON,AVAILABLE,1,1,SINGLETON,article_like
B06789,1,1,SINGLETON,AVAILABLE,1,1,SINGLETON,article_like
B06790,1,1,SINGLETON,TITLE_ONLY,0,1,SINGLETON,conference
B06791,1,1,SINGLETON,AVAILABLE,1,1,SINGLETON,article_like
B06792,3,3,DOI;PMID;TITLE_EXACT_NORM,AVAILABLE,1,3,DOI,article_like
B06793,3,3,DOI;PMID;TITLE_EXACT_NORM,AVAILABLE,1,3,DOI,article_like
B06794,1,1,SINGLETON,TITLE_ONLY,0,1,SINGLETON,conference
B06795,1,1,SINGLETON,AVAILABLE,1,1,SINGLETON,article_like
B06796,3,3,DOI;PMID;TITLE_EXACT_NORM,AVAILABLE,1,3,DOI,article_like
B06797,1,1,SINGLETON,AVAILABLE,1,1,SINGLETON,article_like
B06798,1,1,SINGLETON,AVAILABLE,1,1,SINGLETON,article_like
B06799,1,1,SINGLETON,AVAILABLE,1,1,SINGLETON,article_like
B06800,1,1,SINGLETON,AVAILABLE,1,1,SINGLETON,article_like
B06801,3,3,DOI;PMID;TITLE_EXACT_NORM,AVAILABLE,1,3,DOI,article_like
B06802,1,1,SINGLETON,AVAILABLE,1,1,SINGLETON,article_like
B06803,1,1,SINGLETON,AVAILABLE,1,1,SINGLETON,article_like
B06804,1,1,SINGLETON,AVAILABLE,1,1,SINGLETON,article_like
B06805,1,1,SINGLETON,AVAILABLE,1,1,SINGLETON,article_like
B06806,1,1,SINGLETON,AVAILABLE,1,1,SINGLETON,article_like
B06807,1,1,SINGLETON,AVAILABLE,1,1,SINGLETON,article_like
B06808,2,2,DOI;PMID;TITLE_EXACT_NORM,AVAILABLE,1,2,DOI,article_like
B06809,3,3,DOI;PMID;TITLE_EXACT_NORM,AVAILABLE,1,3,DOI,article_like
B06810,3,3,DOI;PMID;TITLE_EXACT_NORM,AVAILABLE,1,3,DOI,article_like
B06811,3,3,DOI;PMID;TITLE_EXACT_NORM,AVAILABLE,1,3,DOI,article_like
B06812,1,1,SINGLETON,AVAILABLE,1,1,SINGLETON,article_like
B06813,1,1,SINGLETON,AVAILABLE,1,1,SINGLETON,article_like
B06814,3,3,DOI;PMID;TITLE_EXACT_NORM,AVAILABLE,1,3,DOI,article_like
B06815,1,1,SINGLETON,TITLE_ONLY,0,1,SINGLETON,conference
B06816,3,3,DOI;PMID;TITLE_EXACT_NORM,AVAILABLE,1,3,DOI,article_like
B06817,3,3,DOI;PMID;TITLE_EXACT_NORM,AVAILABLE,1,3,DOI,article_like
B06818,3,3,DOI;PMID;TITLE_EXACT_NORM,AVAILABLE,1,3,DOI,article_like
B06819,3,3,DOI;PMID;TITLE_EXACT_NORM,AVAILABLE,1,3,DOI,article_like
B06820,3,3,DOI;PMID;TITLE_EXACT_NORM,AVAILABLE,1,3,DOI,article_like
B06821,1,1,SINGLETON,AVAILABLE,1,1,SINGLETON,article_like
B06822,3,3,DOI;PMID;TITLE_EXACT_NORM,AVAILABLE,1,3,DOI,article_like
B06823,3,3,DOI;PMID;TITLE_EXACT_NORM,AVAILABLE,1,3,DOI,article_like
B06824,2,2,DOI;TITLE_EXACT_NORM,AVAILABLE,1,2,DOI,article_like
B06825,3,3,DOI;PMID;TITLE_EXACT_NORM,AVAILABLE,1,3,DOI,article_like
B06826,3,3,DOI;PMID;TITLE_EXACT_NORM,AVAILABLE,1,3,DOI,article_like
B06827,1,1,SINGLETON,AVAILABLE,1,1,SINGLETON,article_like
B06828,3,3,DOI;PMID;TITLE_EXACT_NORM,AVAILABLE,1,3,DOI,article_like
B06829,3,3,DOI;PMID;TITLE_EXACT_NORM,AVAILABLE,1,3,DOI,article_like
B06830,1,1,SINGLETON,AVAILABLE,1,1,SINGLETON,article_like
B06831,1,1,SINGLETON,AVAILABLE,1,1,SINGLETON,article_like
B06832,3,3,DOI;PMID;TITLE_EXACT_NORM,AVAILABLE,1,3,DOI,article_like
B06833,3,3,DOI;PMID;TITLE_EXACT_NORM,AVAILABLE,1,3,DOI,article_like
B06834,1,1,SINGLETON,AVAILABLE,1,1,SINGLETON,article_like
B06835,3,3,DOI;PMID;TITLE_EXACT_NORM,AVAILABLE,1,3,DOI,article_like
B06836,1,1,SINGLETON,TITLE_ONLY,0,1,SINGLETON,conference
B06837,1,1,SINGLETON,TITLE_ONLY,0,1,SINGLETON,conference
B06838,1,1,SINGLETON,AVAILABLE,1,1,SINGLETON,article_like
B06839,1,1,SINGLETON,AVAILABLE,1,1,SINGLETON,article_like
B06840,3,3,DOI;PMID;TITLE_EXACT_NORM,AVAILABLE,1,3,DOI,article_like
B06841,3,3,DOI;PMID;TITLE_EXACT_NORM,AVAILABLE,1,3,DOI,article_like
B06842,3,3,DOI;PMID;TITLE_EXACT_NORM,AVAILABLE,1,3,DOI,article_like
B06843,2,2,DOI;PMID;TITLE_EXACT_NORM,TITLE_ONLY,0,2,DOI,article_like
B06844,3,3,DOI;PMID;TITLE_EXACT_NORM,AVAILABLE,1,3,DOI,article_like
B06845,1,1,SINGLETON,AVAILABLE,1,1,SINGLETON,article_like
B06846,1,1,SINGLETON,AVAILABLE,1,1,SINGLETON,article_like
B06847,3,3,DOI;PMID;TITLE_EXACT_NORM,AVAILABLE,1,3,DOI,article_like
B06848,3,3,DOI;PMID;TITLE_EXACT_NORM,AVAILABLE,1,3,DOI,article_like
B06849,1,1,SINGLETON,AVAILABLE,1,1,SINGLETON,article_like
B06850,1,1,SINGLETON,TITLE_ONLY,0,1,SINGLETON,article_like
B06851,3,3,DOI;PMID;TITLE_EXACT_NORM,AVAILABLE,1,3,DOI,article_like
B06852,3,3,DOI;PMID;TITLE_EXACT_NORM,AVAILABLE,1,3,DOI,article_like
B06853,2,2,DOI;PMID;TITLE_EXACT_NORM,AVAILABLE,1,2,DOI,article_like
B06854,1,1,SINGLETON,AVAILABLE,1,1,SINGLETON,article_like
B06855,1,1,SINGLETON,AVAILABLE,1,1,SINGLETON,article_like
B06856,3,3,DOI;PMID;TITLE_EXACT_NORM,AVAILABLE,1,3,DOI,article_like
B06857,1,1,SINGLETON,AVAILABLE,1,1,SINGLETON,article_like
B06858,1,1,SINGLETON,AVAILABLE,1,1,SINGLETON,article_like
B06859,1,1,SINGLETON,AVAILABLE,1,1,SINGLETON,article_like
B06860,1,1,SINGLETON,AVAILABLE,1,1,SINGLETON,article_like
B06861,3,3,DOI;PMID;TITLE_EXACT_NORM,AVAILABLE,1,3,DOI,article_like
B06862,3,3,DOI;PMID;TITLE_EXACT_NORM,AVAILABLE,1,3,DOI,article_like
B06863,1,1,SINGLETON,AVAILABLE,1,1,SINGLETON,article_like
B06864,3,3,DOI;PMID;TITLE_EXACT_NORM,AVAILABLE,1,3,DOI,article_like
B06865,1,1,SINGLETON,AVAILABLE,1,1,SINGLETON,article_like
B06866,1,1,SINGLETON,AVAILABLE,1,1,SINGLETON,article_like
B06867,1,1,SINGLETON,AVAILABLE,1,1,SINGLETON,article_like
B06868,1,1,SINGLETON,AVAILABLE,1,1,SINGLETON,article_like
B06869,3,3,DOI;PMID;TITLE_EXACT_NORM,AVAILABLE,1,3,DOI,article_like
B06870,3,3,DOI;PMID;TITLE_EXACT_NORM,AVAILABLE,1,3,DOI,article_like
B06871,1,1,SINGLETON,AVAILABLE,1,1,SINGLETON,article_like
B06872,3,3,DOI;PMID;TITLE_EXACT_NORM,AVAILABLE,1,3,DOI,article_like
B06873,1,1,SINGLETON,AVAILABLE,1,1,SINGLETON,article_like
B06874,1,1,SINGLETON,AVAILABLE,1,1,SINGLETON,article_like
B06875,3,3,DOI;PMID;TITLE_EXACT_NORM,AVAILABLE,1,3,DOI,article_like
B06876,2,2,DOI;PMID;TITLE_EXACT_NORM,AVAILABLE,1,2,DOI,article_like
B06877,3,3,DOI;PMID,AVAILABLE,1,3,DOI,correction
B06878,3,3,DOI;PMID;TITLE_EXACT_NORM,AVAILABLE,1,3,DOI,article_like
B06879,1,1,SINGLETON,AVAILABLE,1,1,SINGLETON,article_like
B06880,1,1,SINGLETON,AVAILABLE,1,1,SINGLETON,article_like
B06881,3,3,DOI;PMID;TITLE_EXACT_NORM,AVAILABLE,1,3,DOI,article_like
B06882,3,3,DOI;PMID;TITLE_EXACT_NORM,AVAILABLE,1,3,DOI,article_like
B06883,3,3,DOI;PMID;TITLE_EXACT_NORM,AVAILABLE,1,3,DOI,article_like
B06884,3,3,DOI;PMID;TITLE_EXACT_NORM,AVAILABLE,1,3,DOI,article_like
B06885,1,1,SINGLETON,AVAILABLE,1,1,SINGLETON,article_like
B06886,1,1,SINGLETON,AVAILABLE,1,1,SINGLETON,article_like
B06887,1,1,SINGLETON,AVAILABLE,1,1,SINGLETON,article_like
B06888,2,2,DOI;TITLE_EXACT_NORM,AVAILABLE,1,2,DOI,article_like
B06889,1,1,SINGLETON,AVAILABLE,1,1,SINGLETON,article_like
B06890,2,2,DOI;PMID;TITLE_EXACT_NORM,AVAILABLE,1,2,DOI,article_like
B06891,3,3,DOI;PMID;TITLE_EXACT_NORM,AVAILABLE,1,3,DOI,article_like
B06892,3,3,DOI;PMID;TITLE_EXACT_NORM,AVAILABLE,1,3,DOI,article_like
B06893,2,2,PMID;TITLE_EXACT_NORM,AVAILABLE,1,2,PMID,article_like
B06894,1,1,SINGLETON,AVAILABLE,1,1,SINGLETON,article_like
B06895,1,1,SINGLETON,AVAILABLE,1,1,SINGLETON,article_like
B06896,1,1,SINGLETON,AVAILABLE,1,1,SINGLETON,article_like
B06897,1,1,SINGLETON,AVAILABLE,1,1,SINGLETON,article_like
B06898,1,1,SINGLETON,AVAILABLE,1,1,SINGLETON,article_like
B06899,2,2,DOI;PMID;TITLE_EXACT_NORM,AVAILABLE,1,2,DOI,article_like
B06900,1,1,SINGLETON,AVAILABLE,1,1,SINGLETON,article_like
B06901,1,1,SINGLETON,AVAILABLE,1,1,SINGLETON,article_like
B06902,1,1,SINGLETON,AVAILABLE,1,1,SINGLETON,article_like
B06903,2,2,DOI;TITLE_EXACT_NORM,AVAILABLE,1,2,DOI,article_like
B06904,1,1,SINGLETON,AVAILABLE,1,1,SINGLETON,article_like
B06905,1,1,SINGLETON,AVAILABLE,1,1,SINGLETON,article_like
B06906,1,1,SINGLETON,AVAILABLE,1,1,SINGLETON,article_like
B06907,1,1,SINGLETON,AVAILABLE,1,1,SINGLETON,article_like
B06908,3,3,DOI;PMID;TITLE_EXACT_NORM,AVAILABLE,1,3,DOI,article_like
B06909,3,3,DOI;PMID;TITLE_EXACT_NORM,AVAILABLE,1,3,DOI,article_like
B06910,1,1,SINGLETON,AVAILABLE,1,1,SINGLETON,article_like
B06911,1,1,SINGLETON,AVAILABLE,1,1,SINGLETON,article_like
B06912,3,3,DOI;PMID;TITLE_EXACT_NORM,AVAILABLE,1,3,DOI,article_like
B06913,2,2,DOI;PMID;TITLE_EXACT_NORM,AVAILABLE,1,2,DOI,article_like
B06914,3,3,DOI;PMID;TITLE_EXACT_NORM,AVAILABLE,1,3,DOI,article_like
B06915,3,3,DOI;PMID;TITLE_EXACT_NORM,AVAILABLE,1,3,DOI,article_like
B06916,1,1,SINGLETON,AVAILABLE,1,1,SINGLETON,article_like
B06917,1,1,SINGLETON,AVAILABLE,1,1,SINGLETON,article_like
B06918,1,1,SINGLETON,AVAILABLE,1,1,SINGLETON,article_like
B06919,1,1,SINGLETON,AVAILABLE,1,1,SINGLETON,article_like
B06920,3,3,DOI;PMID;TITLE_EXACT_NORM,AVAILABLE,1,3,DOI,article_like
B06921,3,3,DOI;PMID;TITLE_EXACT_NORM,AVAILABLE,1,3,DOI,article_like
B06922,3,3,DOI;PMID;TITLE_EXACT_NORM,AVAILABLE,1,3,DOI,article_like
B06923,1,1,SINGLETON,AVAILABLE,1,1,SINGLETON,article_like
B06924,1,1,SINGLETON,AVAILABLE,1,1,SINGLETON,article_like
B06925,1,1,SINGLETON,AVAILABLE,1,1,SINGLETON,article_like
B06926,3,3,DOI;PMID;TITLE_EXACT_NORM,AVAILABLE,1,3,DOI,article_like
B06927,1,1,SINGLETON,AVAILABLE,1,1,SINGLETON,article_like
B06928,1,1,SINGLETON,AVAILABLE,1,1,SINGLETON,article_like
B06929,1,1,SINGLETON,AVAILABLE,1,1,SINGLETON,article_like
B06930,1,1,SINGLETON,AVAILABLE,1,1,SINGLETON,article_like
B06931,3,3,DOI;PMID;TITLE_EXACT_NORM,AVAILABLE,1,3,DOI,article_like
B06932,1,1,SINGLETON,AVAILABLE,1,1,SINGLETON,article_like
B06933,1,1,SINGLETON,AVAILABLE,1,1,SINGLETON,article_like
B06934,1,1,SINGLETON,AVAILABLE,1,1,SINGLETON,article_like
B06935,1,1,SINGLETON,AVAILABLE,1,1,SINGLETON,article_like
B06936,2,2,DOI;PMID;TITLE_EXACT_NORM,AVAILABLE,1,2,DOI,article_like
B06937,3,3,DOI;PMID;TITLE_EXACT_NORM,AVAILABLE,1,3,DOI,article_like
B06938,1,1,SINGLETON,AVAILABLE,1,1,SINGLETON,article_like
B06939,2,2,DOI;PMID;TITLE_EXACT_NORM,AVAILABLE,1,2,DOI,article_like
B06940,1,1,SINGLETON,AVAILABLE,1,1,SINGLETON,article_like
B06941,3,3,DOI;PMID;TITLE_EXACT_NORM,AVAILABLE,1,3,DOI,article_like
B06942,2,2,DOI;PMID;TITLE_EXACT_NORM,AVAILABLE,1,2,DOI,article_like
B06943,3,3,DOI;PMID;TITLE_EXACT_NORM,AVAILABLE,1,3,DOI,article_like
B06944,3,3,DOI;PMID;TITLE_EXACT_NORM,AVAILABLE,1,3,DOI,article_like
B06945,1,1,SINGLETON,AVAILABLE,1,1,SINGLETON,conference
B06946,3,3,DOI;PMID;TITLE_EXACT_NORM,AVAILABLE,1,3,DOI,article_like
B06947,3,3,DOI;PMID;TITLE_EXACT_NORM,AVAILABLE,1,3,DOI,article_like
B06948,3,3,DOI;PMID;TITLE_EXACT_NORM,AVAILABLE,1,3,DOI,article_like
B06949,1,1,SINGLETON,AVAILABLE,1,1,SINGLETON,article_like
B06950,3,3,DOI;PMID;TITLE_EXACT_NORM,AVAILABLE,1,3,DOI,article_like
B06951,2,2,DOI;TITLE_EXACT_NORM,AVAILABLE,1,2,DOI,article_like
B06952,1,1,SINGLETON,AVAILABLE,1,1,SINGLETON,article_like
B06953,3,3,DOI;PMID;TITLE_EXACT_NORM,AVAILABLE,1,3,DOI,article_like
B06954,3,3,DOI;PMID;TITLE_EXACT_NORM,AVAILABLE,1,3,DOI,article_like
B06955,1,1,SINGLETON,AVAILABLE,1,1,SINGLETON,article_like
B06956,3,3,DOI;PMID;TITLE_EXACT_NORM,AVAILABLE,1,3,DOI,article_like
B06957,1,1,SINGLETON,AVAILABLE,1,1,SINGLETON,article_like
B06958,1,1,SINGLETON,AVAILABLE,1,1,SINGLETON,article_like
B06959,3,3,DOI;PMID;TITLE_EXACT_NORM,AVAILABLE,1,3,DOI,article_like
B06960,1,1,SINGLETON,AVAILABLE,1,1,SINGLETON,article_like
B06961,3,3,DOI;PMID;TITLE_EXACT_NORM,AVAILABLE,1,3,DOI,article_like
B06962,1,1,SINGLETON,AVAILABLE,1,1,SINGLETON,article_like
B06963,1,1,SINGLETON,TITLE_ONLY,0,1,SINGLETON,conference
B06964,1,1,SINGLETON,TITLE_ONLY,0,1,SINGLETON,conference
B06965,1,1,SINGLETON,AVAILABLE,1,1,SINGLETON,article_like
B06966,1,1,SINGLETON,AVAILABLE,1,1,SINGLETON,article_like
B06967,3,3,DOI;PMID;TITLE_EXACT_NORM,AVAILABLE,1,3,DOI,article_like
B06968,2,2,DOI;PMID;TITLE_EXACT_NORM,AVAILABLE,1,2,DOI,article_like
B06969,1,1,SINGLETON,AVAILABLE,1,1,SINGLETON,article_like
B06970,2,2,DOI;TITLE_EXACT_NORM,AVAILABLE,1,2,DOI,article_like
B06971,2,2,DOI;TITLE_EXACT_NORM,AVAILABLE,1,2,DOI,article_like
B06972,1,1,SINGLETON,TITLE_ONLY,0,1,SINGLETON,conference
B06973,3,3,DOI;PMID;TITLE_EXACT_NORM,AVAILABLE,1,3,DOI,article_like
B06974,1,1,SINGLETON,AVAILABLE,1,1,SINGLETON,article_like
B06975,1,1,SINGLETON,AVAILABLE,1,1,SINGLETON,article_like
B06976,1,1,SINGLETON,AVAILABLE,1,1,SINGLETON,article_like
B06977,3,3,DOI;PMID;TITLE_EXACT_NORM,AVAILABLE,1,3,DOI,article_like
B06978,3,3,DOI;PMID;TITLE_EXACT_NORM,AVAILABLE,1,3,DOI,article_like
B06979,3,3,DOI;PMID;TITLE_EXACT_NORM,AVAILABLE,1,3,DOI,article_like
B06980,3,3,DOI;PMID;TITLE_EXACT_NORM,AVAILABLE,1,3,DOI,article_like
B06981,1,1,SINGLETON,AVAILABLE,1,1,SINGLETON,article_like
B06982,3,3,DOI;PMID;TITLE_EXACT_NORM,AVAILABLE,1,3,DOI,article_like
B06983,3,3,DOI;PMID;TITLE_EXACT_NORM,AVAILABLE,1,3,DOI,article_like
B06984,1,1,SINGLETON,AVAILABLE,1,1,SINGLETON,article_like
B06985,3,3,DOI;PMID;TITLE_EXACT_NORM,AVAILABLE,1,3,DOI,article_like
B06986,3,3,DOI;PMID;TITLE_EXACT_NORM,AVAILABLE,1,3,DOI,article_like
B06987,3,3,DOI;PMID;TITLE_EXACT_NORM,AVAILABLE,1,3,DOI,article_like
B06988,3,3,DOI;PMID;TITLE_EXACT_NORM,AVAILABLE,1,3,DOI,article_like
B06989,3,3,DOI;PMID;TITLE_EXACT_NORM,AVAILABLE,1,3,DOI,article_like
B06990,3,3,DOI;PMID;TITLE_EXACT_NORM,AVAILABLE,1,3,DOI,article_like
B06991,1,1,SINGLETON,AVAILABLE,1,1,SINGLETON,article_like
B06992,3,3,DOI;PMID;TITLE_EXACT_NORM,AVAILABLE,1,3,DOI,article_like
B06993,3,3,DOI;PMID;TITLE_EXACT_NORM,AVAILABLE,1,3,DOI,article_like
B06994,1,1,SINGLETON,AVAILABLE,1,1,SINGLETON,article_like
B06995,1,1,SINGLETON,AVAILABLE,1,1,SINGLETON,article_like
B06996,1,1,SINGLETON,AVAILABLE,1,1,SINGLETON,article_like
B06997,1,1,SINGLETON,AVAILABLE,1,1,SINGLETON,article_like
B06998,1,1,SINGLETON,AVAILABLE,1,1,SINGLETON,article_like
B06999,3,3,DOI;PMID;TITLE_EXACT_NORM,AVAILABLE,1,3,DOI,article_like
B07000,1,1,SINGLETON,AVAILABLE,1,1,SINGLETON,article_like
B07001,3,3,DOI;PMID;TITLE_EXACT_NORM,AVAILABLE,1,3,DOI,article_like
B07002,1,1,SINGLETON,AVAILABLE,1,1,SINGLETON,article_like
B07003,3,3,DOI;PMID;TITLE_EXACT_NORM,AVAILABLE,1,3,DOI,article_like
B07004,1,1,SINGLETON,AVAILABLE,1,1,SINGLETON,article_like
B07005,3,3,DOI;PMID;TITLE_EXACT_NORM,AVAILABLE,1,3,DOI,article_like
B07006,3,3,DOI;PMID;TITLE_EXACT_NORM,AVAILABLE,1,3,DOI,article_like
B07007,1,1,SINGLETON,TITLE_ONLY,0,1,SINGLETON,conference
B07008,1,1,SINGLETON,AVAILABLE,1,1,SINGLETON,article_like
B07009,1,1,SINGLETON,AVAILABLE,1,1,SINGLETON,article_like
B07010,1,1,SINGLETON,TITLE_ONLY,0,1,SINGLETON,conference
B07011,1,1,SINGLETON,AVAILABLE,1,1,SINGLETON,article_like
B07012,3,3,DOI;PMID;TITLE_EXACT_NORM,AVAILABLE,1,3,DOI,article_like
B07013,1,1,SINGLETON,AVAILABLE,1,1,SINGLETON,article_like
B07014,1,1,SINGLETON,AVAILABLE,1,1,SINGLETON,article_like
B07015,3,3,DOI;PMID;TITLE_EXACT_NORM,AVAILABLE,1,3,DOI,article_like
B07016,3,3,DOI;PMID;TITLE_EXACT_NORM,AVAILABLE,1,3,DOI,article_like
B07017,1,1,SINGLETON,AVAILABLE,1,1,SINGLETON,article_like
B07018,1,1,SINGLETON,AVAILABLE,1,1,SINGLETON,article_like
B07019,1,1,SINGLETON,AVAILABLE,1,1,SINGLETON,article_like
B07020,3,3,DOI;PMID;TITLE_EXACT_NORM,AVAILABLE,1,3,DOI,article_like
B07021,1,1,SINGLETON,AVAILABLE,1,1,SINGLETON,article_like
B07022,3,3,DOI;PMID;TITLE_EXACT_NORM,AVAILABLE,1,3,DOI,article_like
B07023,1,1,SINGLETON,AVAILABLE,1,1,SINGLETON,conference
B07024,1,1,SINGLETON,AVAILABLE,1,1,SINGLETON,article_like
B07025,1,1,SINGLETON,AVAILABLE,1,1,SINGLETON,article_like
B07026,1,1,SINGLETON,AVAILABLE,1,1,SINGLETON,article_like
B07027,1,1,SINGLETON,AVAILABLE,1,1,SINGLETON,article_like
B07028,1,1,SINGLETON,AVAILABLE,1,1,SINGLETON,article_like
B07029,2,2,DOI;PMID;TITLE_EXACT_NORM,AVAILABLE,1,2,DOI,article_like
B07030,1,1,SINGLETON,AVAILABLE,1,1,SINGLETON,article_like
B07031,1,1,SINGLETON,AVAILABLE,1,1,SINGLETON,article_like
B07032,1,1,SINGLETON,AVAILABLE,1,1,SINGLETON,article_like
B07033,1,1,SINGLETON,AVAILABLE,1,1,SINGLETON,article_like
B07034,1,1,SINGLETON,TITLE_ONLY,0,1,SINGLETON,conference
B07035,1,1,SINGLETON,AVAILABLE,1,1,SINGLETON,article_like
B07036,1,1,SINGLETON,AVAILABLE,1,1,SINGLETON,article_like
B07037,3,3,DOI;PMID;TITLE_EXACT_NORM,AVAILABLE,1,3,DOI,article_like
B07038,3,3,DOI;PMID;TITLE_EXACT_NORM,AVAILABLE,1,3,DOI,article_like
B07039,3,3,DOI;PMID;TITLE_EXACT_NORM,AVAILABLE,1,3,DOI,article_like
B07040,3,3,DOI;PMID;TITLE_EXACT_NORM,AVAILABLE,1,3,DOI,article_like
B07041,1,1,SINGLETON,AVAILABLE,1,1,SINGLETON,article_like
B07042,3,3,DOI;PMID;TITLE_EXACT_NORM,AVAILABLE,1,3,DOI,article_like
B07043,3,3,DOI;PMID;TITLE_EXACT_NORM,AVAILABLE,1,3,DOI,article_like
B07044,1,1,SINGLETON,AVAILABLE,1,1,SINGLETON,article_like
B07045,3,3,DOI;PMID;TITLE_EXACT_NORM,AVAILABLE,1,3,DOI,article_like
B07046,1,1,SINGLETON,AVAILABLE,1,1,SINGLETON,article_like
B07047,3,3,DOI;PMID;TITLE_EXACT_NORM,AVAILABLE,1,3,DOI,article_like
B07048,3,3,DOI;PMID;TITLE_EXACT_NORM,AVAILABLE,1,3,DOI,article_like
B07049,3,3,DOI;PMID;TITLE_EXACT_NORM,AVAILABLE,1,3,DOI,article_like
B07050,1,1,SINGLETON,AVAILABLE,1,1,SINGLETON,article_like
B07051,3,3,DOI;PMID;TITLE_EXACT_NORM,AVAILABLE,1,3,DOI,article_like
B07052,1,1,SINGLETON,AVAILABLE,1,1,SINGLETON,article_like
B07053,3,3,DOI;PMID,AVAILABLE,1,3,DOI,correction
B07054,3,3,DOI;PMID,AVAILABLE,1,3,DOI,correction
B07055,3,3,DOI;PMID;TITLE_EXACT_NORM,AVAILABLE,1,3,DOI,article_like
B07056,2,2,DOI,AVAILABLE,1,2,DOI,correction
B07057,1,1,SINGLETON,TITLE_ONLY,0,1,SINGLETON,article_like
B07058,2,2,DOI;PMID;TITLE_EXACT_NORM,AVAILABLE,1,2,DOI,article_like
B07059,1,1,SINGLETON,AVAILABLE,1,1,SINGLETON,article_like
B07060,1,1,SINGLETON,AVAILABLE,1,1,SINGLETON,article_like
B07061,3,3,DOI;PMID;TITLE_EXACT_NORM,AVAILABLE,1,3,DOI,article_like
B07062,3,3,DOI;PMID;TITLE_EXACT_NORM,AVAILABLE,1,3,DOI,article_like
B07063,1,1,SINGLETON,AVAILABLE,1,1,SINGLETON,article_like
B07064,2,2,DOI;PMID;TITLE_EXACT_NORM,AVAILABLE,1,2,DOI,article_like
B07065,1,1,SINGLETON,AVAILABLE,1,1,SINGLETON,article_like
B07066,1,1,SINGLETON,AVAILABLE,1,1,SINGLETON,article_like
B07067,1,1,SINGLETON,AVAILABLE,1,1,SINGLETON,article_like
B07068,1,1,SINGLETON,AVAILABLE,1,1,SINGLETON,article_like
B07069,1,1,SINGLETON,AVAILABLE,1,1,SINGLETON,article_like
B07070,1,1,SINGLETON,AVAILABLE,1,1,SINGLETON,article_like
B07071,1,1,SINGLETON,AVAILABLE,1,1,SINGLETON,article_like
B07072,1,1,SINGLETON,AVAILABLE,1,1,SINGLETON,article_like
B07073,3,3,DOI;PMID;TITLE_EXACT_NORM,AVAILABLE,1,3,DOI,article_like
B07074,2,2,DOI;PMID;TITLE_EXACT_NORM,AVAILABLE,1,2,DOI,article_like
B07075,3,3,DOI;PMID;TITLE_EXACT_NORM,AVAILABLE,1,3,DOI,article_like
B07076,3,3,DOI;PMID;TITLE_EXACT_NORM,AVAILABLE,1,3,DOI,article_like
B07077,1,1,SINGLETON,AVAILABLE,1,1,SINGLETON,article_like
B07078,1,1,SINGLETON,AVAILABLE,1,1,SINGLETON,article_like
B07079,1,1,SINGLETON,AVAILABLE,1,1,SINGLETON,article_like
B07080,1,1,SINGLETON,AVAILABLE,1,1,SINGLETON,article_like
B07081,1,1,SINGLETON,AVAILABLE,1,1,SINGLETON,article_like
B07082,1,1,SINGLETON,AVAILABLE,1,1,SINGLETON,article_like
B07083,1,1,SINGLETON,AVAILABLE,1,1,SINGLETON,article_like
B07084,1,1,SINGLETON,AVAILABLE,1,1,SINGLETON,article_like
B07085,1,1,SINGLETON,TITLE_ONLY,0,1,SINGLETON,conference
B07086,2,2,DOI;PMID;TITLE_EXACT_NORM,AVAILABLE,1,2,DOI,article_like
B07087,3,3,DOI;PMID;TITLE_EXACT_NORM,AVAILABLE,1,3,DOI,article_like
B07088,3,3,DOI;PMID;TITLE_EXACT_NORM,AVAILABLE,1,3,DOI,article_like
B07089,1,1,SINGLETON,AVAILABLE,1,1,SINGLETON,article_like
B07090,1,1,SINGLETON,AVAILABLE,1,1,SINGLETON,article_like
B07091,1,1,SINGLETON,AVAILABLE,1,1,SINGLETON,article_like
B07092,3,3,DOI;PMID;TITLE_EXACT_NORM,AVAILABLE,1,3,DOI,article_like
B07093,3,3,DOI;PMID;TITLE_EXACT_NORM,AVAILABLE,1,3,DOI,article_like
B07094,3,3,DOI;PMID,AVAILABLE,1,3,DOI,article_like
B07095,1,1,SINGLETON,AVAILABLE,1,1,SINGLETON,article_like
B07096,1,1,SINGLETON,AVAILABLE,1,1,SINGLETON,article_like
B07097,1,1,SINGLETON,TITLE_ONLY,0,1,SINGLETON,conference
B07098,3,3,DOI;PMID;TITLE_EXACT_NORM,AVAILABLE,1,3,DOI,article_like
B07099,3,3,DOI;PMID;TITLE_EXACT_NORM,AVAILABLE,1,3,DOI,article_like
B07100,3,3,DOI;PMID;TITLE_EXACT_NORM,AVAILABLE,1,3,DOI,article_like
B07101,1,1,SINGLETON,AVAILABLE,1,1,SINGLETON,conference
B07102,1,1,SINGLETON,TITLE_ONLY,0,1,SINGLETON,article_like
B07103,3,3,DOI;PMID;TITLE_EXACT_NORM,AVAILABLE,1,3,DOI,article_like
B07104,3,3,DOI;PMID;TITLE_EXACT_NORM,AVAILABLE,1,3,DOI,article_like
B07105,3,3,DOI;PMID;TITLE_EXACT_NORM,AVAILABLE,1,3,DOI,article_like
B07106,1,1,SINGLETON,AVAILABLE,1,1,SINGLETON,article_like
B07107,1,1,SINGLETON,AVAILABLE,1,1,SINGLETON,article_like
B07108,3,3,DOI;PMID;TITLE_EXACT_NORM,AVAILABLE,1,3,DOI,article_like
B07109,1,1,SINGLETON,AVAILABLE,1,1,SINGLETON,article_like
B07110,1,1,SINGLETON,AVAILABLE,1,1,SINGLETON,article_like
B07111,1,1,SINGLETON,AVAILABLE,1,1,SINGLETON,article_like
B07112,1,1,SINGLETON,AVAILABLE,1,1,SINGLETON,article_like
B07113,3,3,DOI;PMID;TITLE_EXACT_NORM,AVAILABLE,1,3,DOI,article_like
B07114,3,3,DOI;PMID;TITLE_EXACT_NORM,AVAILABLE,1,3,DOI,article_like
B07115,3,3,DOI;PMID;TITLE_EXACT_NORM,AVAILABLE,1,3,DOI,article_like
B07116,3,3,DOI;PMID;TITLE_EXACT_NORM,AVAILABLE,1,3,DOI,article_like
B07117,2,2,DOI;PMID;TITLE_EXACT_NORM,AVAILABLE,1,2,DOI,article_like
B07118,2,1,TITLE_EXACT_NORM,TITLE_ONLY,0,2,TITLE_EXACT_NORM,conference
B07119,1,1,SINGLETON,TITLE_ONLY,0,1,SINGLETON,conference
B07120,1,1,SINGLETON,AVAILABLE,1,1,SINGLETON,article_like
B07121,1,1,SINGLETON,AVAILABLE,1,1,SINGLETON,article_like
B07122,3,3,DOI;PMID;TITLE_EXACT_NORM,AVAILABLE,1,3,DOI,article_like
B07123,3,3,DOI;PMID;TITLE_EXACT_NORM,AVAILABLE,1,3,DOI,article_like
B07124,1,1,SINGLETON,AVAILABLE,1,1,SINGLETON,article_like
B07125,3,3,DOI;PMID;TITLE_EXACT_NORM,AVAILABLE,1,3,DOI,article_like
B07126,2,2,DOI;TITLE_EXACT_NORM,AVAILABLE,1,2,DOI,article_like
B07127,1,1,SINGLETON,AVAILABLE,1,1,SINGLETON,article_like
B07128,3,3,DOI;PMID;TITLE_EXACT_NORM,AVAILABLE,1,3,DOI,article_like
B07129,3,3,DOI;PMID;TITLE_EXACT_NORM,AVAILABLE,1,3,DOI,article_like
B07130,1,1,SINGLETON,TITLE_ONLY,0,1,SINGLETON,conference
B07131,3,3,DOI;PMID;TITLE_EXACT_NORM,AVAILABLE,1,3,DOI,article_like
B07132,1,1,SINGLETON,AVAILABLE,1,1,SINGLETON,article_like
B07133,1,1,SINGLETON,AVAILABLE,1,1,SINGLETON,article_like
B07134,2,2,DOI;PMID;TITLE_EXACT_NORM,AVAILABLE,1,2,DOI,article_like
B07135,1,1,SINGLETON,AVAILABLE,1,1,SINGLETON,article_like
B07136,3,3,DOI;PMID;TITLE_EXACT_NORM,AVAILABLE,1,3,DOI,article_like
B07137,1,1,SINGLETON,AVAILABLE,1,1,SINGLETON,article_like
B07138,2,1,TITLE_EXACT_NORM,TITLE_ONLY,0,2,TITLE_EXACT_NORM,conference
B07139,1,1,SINGLETON,AVAILABLE,1,1,SINGLETON,article_like
B07140,1,1,SINGLETON,AVAILABLE,1,1,SINGLETON,article_like
B07141,1,1,SINGLETON,AVAILABLE,1,1,SINGLETON,article_like
B07142,1,1,SINGLETON,AVAILABLE,1,1,SINGLETON,article_like
B07143,1,1,SINGLETON,AVAILABLE,1,1,SINGLETON,article_like
B07144,1,1,SINGLETON,TITLE_ONLY,0,1,SINGLETON,article_like
B07145,1,1,SINGLETON,TITLE_ONLY,0,1,SINGLETON,article_like
B07146,1,1,SINGLETON,TITLE_ONLY,0,1,SINGLETON,article_like
B07147,1,1,SINGLETON,TITLE_ONLY,0,1,SINGLETON,article_like
B07148,1,1,SINGLETON,TITLE_ONLY,0,1,SINGLETON,article_like
B07149,1,1,SINGLETON,TITLE_ONLY,0,1,SINGLETON,article_like
B07150,1,1,SINGLETON,TITLE_ONLY,0,1,SINGLETON,article_like
B07151,1,1,SINGLETON,TITLE_ONLY,0,1,SINGLETON,article_like
B07152,1,1,SINGLETON,TITLE_ONLY,0,1,SINGLETON,article_like
B07153,1,1,SINGLETON,TITLE_ONLY,0,1,SINGLETON,article_like
B07154,1,1,SINGLETON,TITLE_ONLY,0,1,SINGLETON,article_like
B07155,1,1,SINGLETON,TITLE_ONLY,0,1,SINGLETON,article_like
B07156,1,1,SINGLETON,TITLE_ONLY,0,1,SINGLETON,article_like
B07157,1,1,SINGLETON,TITLE_ONLY,0,1,SINGLETON,article_like
B07158,1,1,SINGLETON,TITLE_ONLY,0,1,SINGLETON,article_like
B07159,2,2,DOI;PMID;TITLE_EXACT_NORM,TITLE_ONLY,0,2,DOI,article_like
B07160,3,3,DOI;PMID;TITLE_EXACT_NORM,AVAILABLE,1,3,DOI,article_like
B07161,1,1,SINGLETON,AVAILABLE,1,1,SINGLETON,article_like
B07162,1,1,SINGLETON,AVAILABLE,1,1,SINGLETON,article_like
B07163,1,1,SINGLETON,AVAILABLE,1,1,SINGLETON,article_like
B07164,1,1,SINGLETON,AVAILABLE,1,1,SINGLETON,article_like
B07165,1,1,SINGLETON,AVAILABLE,1,1,SINGLETON,article_like
B07166,3,3,DOI;PMID;TITLE_EXACT_NORM,AVAILABLE,1,3,DOI,article_like
B07167,2,2,DOI;PMID;TITLE_EXACT_NORM,AVAILABLE,1,2,DOI,article_like
B07168,3,3,DOI;PMID;TITLE_EXACT_NORM,AVAILABLE,1,3,DOI,article_like
B07169,1,1,SINGLETON,AVAILABLE,1,1,SINGLETON,article_like
B07170,2,2,PMID;TITLE_EXACT_NORM,AVAILABLE,1,2,PMID,article_like
B07171,2,2,DOI;PMID;TITLE_EXACT_NORM,AVAILABLE,1,2,DOI,article_like
B07172,2,2,DOI;PMID;TITLE_EXACT_NORM,AVAILABLE,1,2,DOI,article_like
B07173,1,1,SINGLETON,AVAILABLE,1,1,SINGLETON,article_like
B07174,1,1,SINGLETON,AVAILABLE,1,1,SINGLETON,article_like
B07175,1,1,SINGLETON,AVAILABLE,1,1,SINGLETON,article_like
B07176,3,3,DOI;PMID;TITLE_EXACT_NORM,AVAILABLE,1,3,DOI,article_like
B07177,3,3,DOI;PMID;TITLE_EXACT_NORM,AVAILABLE,1,3,DOI,article_like
B07178,1,1,SINGLETON,AVAILABLE,1,1,SINGLETON,article_like
B07179,3,3,DOI;PMID;TITLE_EXACT_NORM,AVAILABLE,1,3,DOI,article_like
B07180,1,1,SINGLETON,AVAILABLE,1,1,SINGLETON,article_like
B07181,1,1,SINGLETON,AVAILABLE,1,1,SINGLETON,article_like
B07182,1,1,SINGLETON,AVAILABLE,1,1,SINGLETON,article_like
B07183,3,3,DOI;PMID;TITLE_EXACT_NORM,AVAILABLE,1,3,DOI,article_like
B07184,1,1,SINGLETON,AVAILABLE,1,1,SINGLETON,article_like
B07185,3,3,DOI;PMID;TITLE_EXACT_NORM,AVAILABLE,1,3,DOI,article_like
B07186,1,1,SINGLETON,AVAILABLE,1,1,SINGLETON,article_like
B07187,1,1,SINGLETON,AVAILABLE,1,1,SINGLETON,article_like
B07188,3,3,DOI;PMID;TITLE_EXACT_NORM,AVAILABLE,1,3,DOI,article_like
B07189,1,1,SINGLETON,AVAILABLE,1,1,SINGLETON,article_like
B07190,1,1,SINGLETON,AVAILABLE,1,1,SINGLETON,article_like
B07191,3,3,DOI;PMID;TITLE_EXACT_NORM,AVAILABLE,1,3,DOI,article_like
B07192,1,1,SINGLETON,AVAILABLE,1,1,SINGLETON,article_like
B07193,2,2,PMID;TITLE_EXACT_NORM,AVAILABLE,1,2,PMID,article_like
B07194,1,1,SINGLETON,TITLE_ONLY,0,1,SINGLETON,article_like
B07195,3,3,DOI;PMID;TITLE_EXACT_NORM,AVAILABLE,1,3,DOI,article_like
B07196,1,1,SINGLETON,AVAILABLE,1,1,SINGLETON,article_like
B07197,3,3,DOI;PMID;TITLE_EXACT_NORM,AVAILABLE,1,3,DOI,article_like
B07198,3,3,DOI;PMID;TITLE_EXACT_NORM,AVAILABLE,1,3,DOI,article_like
B07199,3,3,DOI;PMID;TITLE_EXACT_NORM,AVAILABLE,1,3,DOI,article_like
B07200,1,1,SINGLETON,TITLE_ONLY,0,1,SINGLETON,article_like
B07201,3,3,DOI;PMID;TITLE_EXACT_NORM,AVAILABLE,1,3,DOI,article_like
B07202,3,3,DOI;PMID;TITLE_EXACT_NORM,AVAILABLE,1,3,DOI,article_like
B07203,1,1,SINGLETON,AVAILABLE,1,1,SINGLETON,article_like
B07204,3,3,DOI;PMID;TITLE_EXACT_NORM,AVAILABLE,1,3,DOI,article_like
B07205,3,3,DOI;PMID;TITLE_EXACT_NORM,AVAILABLE,1,3,DOI,article_like
B07206,1,1,SINGLETON,AVAILABLE,1,1,SINGLETON,article_like
B07207,3,3,DOI;PMID;TITLE_EXACT_NORM,AVAILABLE,1,3,DOI,article_like
B07208,3,3,DOI;PMID;TITLE_EXACT_NORM,AVAILABLE,1,3,DOI,article_like
B07209,3,3,DOI;PMID;TITLE_EXACT_NORM,AVAILABLE,1,3,DOI,article_like
B07210,2,2,DOI;TITLE_EXACT_NORM,AVAILABLE,1,2,DOI,article_like
B07211,1,1,SINGLETON,AVAILABLE,1,1,SINGLETON,article_like
B07212,1,1,SINGLETON,AVAILABLE,1,1,SINGLETON,article_like
B07213,1,1,SINGLETON,AVAILABLE,1,1,SINGLETON,article_like
B07214,1,1,SINGLETON,AVAILABLE,1,1,SINGLETON,article_like
B07215,3,3,DOI;PMID;TITLE_EXACT_NORM,AVAILABLE,1,3,DOI,article_like
B07216,1,1,SINGLETON,TITLE_ONLY,0,1,SINGLETON,article_like
B07217,1,1,SINGLETON,AVAILABLE,1,1,SINGLETON,article_like
B07218,1,1,SINGLETON,AVAILABLE,1,1,SINGLETON,article_like
B07219,2,2,DOI;PMID;TITLE_EXACT_NORM,AVAILABLE,1,2,DOI,article_like
B07220,1,1,SINGLETON,AVAILABLE,1,1,SINGLETON,article_like
B07221,1,1,SINGLETON,AVAILABLE,1,1,SINGLETON,article_like
B07222,3,3,DOI;PMID;TITLE_EXACT_NORM,AVAILABLE,1,3,DOI,article_like
B07223,1,1,SINGLETON,AVAILABLE,1,1,SINGLETON,article_like
B07224,3,3,DOI;PMID;TITLE_EXACT_NORM,AVAILABLE,1,3,DOI,article_like
B07225,1,1,SINGLETON,AVAILABLE,1,1,SINGLETON,article_like
B07226,3,3,DOI;PMID,TITLE_ONLY,0,3,DOI,correction
B07227,3,3,DOI;PMID;TITLE_EXACT_NORM,AVAILABLE,1,3,DOI,article_like
B07228,3,3,DOI;PMID;TITLE_EXACT_NORM,AVAILABLE,1,3,DOI,article_like
B07229,2,2,DOI;PMID;TITLE_EXACT_NORM,AVAILABLE,1,2,DOI,article_like
B07230,1,1,SINGLETON,AVAILABLE,1,1,SINGLETON,article_like
B07231,3,3,DOI;PMID;TITLE_EXACT_NORM,AVAILABLE,1,3,DOI,article_like
B07232,1,1,SINGLETON,AVAILABLE,1,1,SINGLETON,article_like
B07233,3,3,DOI;PMID;TITLE_EXACT_NORM,AVAILABLE,1,3,DOI,article_like
B07234,3,3,DOI;PMID;TITLE_EXACT_NORM,AVAILABLE,1,3,DOI,article_like
B07235,3,3,DOI;PMID;TITLE_EXACT_NORM,AVAILABLE,1,3,DOI,article_like
B07236,3,3,DOI;PMID;TITLE_EXACT_NORM,AVAILABLE,1,3,DOI,article_like
B07237,1,1,SINGLETON,AVAILABLE,1,1,SINGLETON,article_like
B07238,3,3,DOI;PMID;TITLE_EXACT_NORM,AVAILABLE,1,3,DOI,article_like
B07239,3,3,DOI;PMID;TITLE_EXACT_NORM,AVAILABLE,1,3,DOI,article_like
B07240,3,3,DOI;PMID;TITLE_EXACT_NORM,AVAILABLE,1,3,DOI,article_like
B07241,3,3,DOI;PMID;TITLE_EXACT_NORM,AVAILABLE,1,3,DOI,article_like
B07242,3,3,DOI;PMID;TITLE_EXACT_NORM,AVAILABLE,1,3,DOI,article_like
B07243,3,3,DOI;PMID;TITLE_EXACT_NORM,AVAILABLE,1,3,DOI,article_like
B07244,1,1,SINGLETON,AVAILABLE,1,1,SINGLETON,article_like
B07245,1,1,SINGLETON,AVAILABLE,1,1,SINGLETON,article_like
B07246,3,3,DOI;PMID;TITLE_EXACT_NORM,AVAILABLE,1,3,DOI,article_like
B07247,3,3,DOI;PMID;TITLE_EXACT_NORM,AVAILABLE,1,3,DOI,article_like
B07248,3,3,DOI;PMID;TITLE_EXACT_NORM,AVAILABLE,1,3,DOI,article_like
B07249,3,3,DOI;PMID;TITLE_EXACT_NORM,AVAILABLE,1,3,DOI,article_like
B07250,3,3,DOI;PMID;TITLE_EXACT_NORM,AVAILABLE,1,3,DOI,article_like
B07251,2,2,DOI;PMID,AVAILABLE,1,2,DOI,article_like
B07252,3,3,DOI;PMID;TITLE_EXACT_NORM,AVAILABLE,1,3,DOI,article_like
B07253,3,3,DOI;PMID;TITLE_EXACT_NORM,AVAILABLE,1,3,DOI,article_like
B07254,3,3,DOI;PMID;TITLE_EXACT_NORM,AVAILABLE,1,3,DOI,article_like
B07255,3,3,DOI;PMID;TITLE_EXACT_NORM,AVAILABLE,1,3,DOI,article_like
B07256,3,3,DOI;PMID;TITLE_EXACT_NORM,AVAILABLE,1,3,DOI,article_like
B07257,3,3,DOI;PMID;TITLE_EXACT_NORM,AVAILABLE,1,3,DOI,article_like
B07258,2,2,DOI;PMID;TITLE_EXACT_NORM,AVAILABLE,1,2,DOI,article_like
B07259,3,3,DOI;PMID;TITLE_EXACT_NORM,AVAILABLE,1,3,DOI,article_like
B07260,2,2,DOI;PMID;TITLE_EXACT_NORM,AVAILABLE,1,2,DOI,article_like
B07261,3,3,DOI;PMID;TITLE_EXACT_NORM,AVAILABLE,1,3,DOI,article_like
B07262,3,3,DOI;PMID;TITLE_EXACT_NORM,AVAILABLE,1,3,DOI,article_like
B07263,3,3,DOI;PMID;TITLE_EXACT_NORM,AVAILABLE,1,3,DOI,article_like
B07264,1,1,SINGLETON,AVAILABLE,1,1,SINGLETON,article_like
B07265,3,3,DOI;PMID;TITLE_EXACT_NORM,AVAILABLE,1,3,DOI,article_like
B07266,3,3,DOI;PMID;TITLE_EXACT_NORM,AVAILABLE,1,3,DOI,article_like
B07267,3,3,DOI;PMID;TITLE_EXACT_NORM,AVAILABLE,1,3,DOI,article_like
B07268,3,3,DOI;PMID;TITLE_EXACT_NORM,AVAILABLE,1,3,DOI,article_like
B07269,3,3,DOI;PMID;TITLE_EXACT_NORM,AVAILABLE,1,3,DOI,article_like
B07270,2,2,DOI;PMID;TITLE_EXACT_NORM,AVAILABLE,1,2,DOI,article_like
B07271,3,3,DOI;PMID;TITLE_EXACT_NORM,AVAILABLE,1,3,DOI,article_like
B07272,3,3,DOI;PMID;TITLE_EXACT_NORM,AVAILABLE,1,3,DOI,article_like
B07273,1,1,SINGLETON,AVAILABLE,1,1,SINGLETON,article_like
B07274,3,3,DOI;PMID;TITLE_EXACT_NORM,AVAILABLE,1,3,DOI,article_like
B07275,3,3,DOI;PMID;TITLE_EXACT_NORM,AVAILABLE,1,3,DOI,article_like
B07276,3,3,DOI;PMID;TITLE_EXACT_NORM,AVAILABLE,1,3,DOI,article_like
B07277,1,1,SINGLETON,AVAILABLE,1,1,SINGLETON,article_like
B07278,3,3,DOI;PMID;TITLE_EXACT_NORM,AVAILABLE,1,3,DOI,article_like
B07279,1,1,SINGLETON,TITLE_ONLY,0,1,SINGLETON,conference
B07280,3,3,DOI;PMID;TITLE_EXACT_NORM,AVAILABLE,1,3,DOI,article_like
B07281,1,1,SINGLETON,AVAILABLE,1,1,SINGLETON,article_like
B07282,3,3,DOI;PMID;TITLE_EXACT_NORM,AVAILABLE,1,3,DOI,article_like
B07283,1,1,SINGLETON,AVAILABLE,1,1,SINGLETON,article_like
B07284,1,1,SINGLETON,AVAILABLE,1,1,SINGLETON,article_like
B07285,1,1,SINGLETON,TITLE_ONLY,0,1,SINGLETON,conference
B07286,3,3,DOI;PMID;TITLE_EXACT_NORM,AVAILABLE,1,3,DOI,article_like
B07287,3,3,DOI;PMID;TITLE_EXACT_NORM,AVAILABLE,1,3,DOI,article_like
B07288,3,3,DOI;PMID;TITLE_EXACT_NORM,AVAILABLE,1,3,DOI,article_like
B07289,1,1,SINGLETON,AVAILABLE,1,1,SINGLETON,article_like
B07290,3,3,DOI;PMID;TITLE_EXACT_NORM,AVAILABLE,1,3,DOI,article_like
B07291,3,3,DOI;PMID;TITLE_EXACT_NORM,AVAILABLE,1,3,DOI,article_like
B07292,3,3,DOI;PMID;TITLE_EXACT_NORM,AVAILABLE,1,3,DOI,article_like
B07293,3,3,DOI;PMID;TITLE_EXACT_NORM,AVAILABLE,1,3,DOI,article_like
B07294,2,2,DOI;TITLE_EXACT_NORM,AVAILABLE,1,2,DOI,article_like
B07295,2,2,DOI;TITLE_EXACT_NORM,AVAILABLE,1,2,DOI,article_like
B07296,1,1,SINGLETON,AVAILABLE,1,1,SINGLETON,article_like
B07297,1,1,SINGLETON,AVAILABLE,1,1,SINGLETON,article_like
B07298,1,1,SINGLETON,AVAILABLE,1,1,SINGLETON,article_like
B07299,1,1,SINGLETON,AVAILABLE,1,1,SINGLETON,article_like
B07300,2,2,DOI;TITLE_EXACT_NORM,AVAILABLE,1,2,DOI,article_like
B07301,1,1,SINGLETON,AVAILABLE,1,1,SINGLETON,article_like
B07302,1,1,SINGLETON,AVAILABLE,1,1,SINGLETON,article_like
B07303,1,1,SINGLETON,AVAILABLE,1,1,SINGLETON,article_like
B07304,3,3,DOI;PMID;TITLE_EXACT_NORM,AVAILABLE,1,3,DOI,article_like
B07305,3,3,DOI;PMID;TITLE_EXACT_NORM,AVAILABLE,1,3,DOI,article_like
B07306,3,3,DOI;PMID;TITLE_EXACT_NORM,AVAILABLE,1,3,DOI,article_like
B07307,3,3,DOI;PMID;TITLE_EXACT_NORM,AVAILABLE,1,3,DOI,article_like
B07308,1,1,SINGLETON,AVAILABLE,1,1,SINGLETON,article_like
B07309,3,3,DOI;PMID;TITLE_EXACT_NORM,AVAILABLE,1,3,DOI,article_like
B07310,3,3,DOI;PMID;TITLE_EXACT_NORM,AVAILABLE,1,3,DOI,article_like
B07311,1,1,SINGLETON,TITLE_ONLY,0,1,SINGLETON,conference
B07312,3,3,DOI;PMID;TITLE_EXACT_NORM,AVAILABLE,1,3,DOI,article_like
B07313,3,3,DOI;PMID;TITLE_EXACT_NORM,AVAILABLE,1,3,DOI,article_like
B07314,3,3,DOI;PMID;TITLE_EXACT_NORM,AVAILABLE,1,3,DOI,article_like
B07315,3,3,DOI;PMID;TITLE_EXACT_NORM,AVAILABLE,1,3,DOI,article_like
B07316,3,3,DOI;PMID;TITLE_EXACT_NORM,AVAILABLE,1,3,DOI,article_like
B07317,3,3,DOI;PMID;TITLE_EXACT_NORM,AVAILABLE,1,3,DOI,article_like
B07318,3,3,DOI;PMID;TITLE_EXACT_NORM,AVAILABLE,1,3,DOI,article_like
B07319,1,1,SINGLETON,AVAILABLE,1,1,SINGLETON,article_like
B07320,1,1,SINGLETON,AVAILABLE,1,1,SINGLETON,article_like
B07321,3,3,DOI;PMID;TITLE_EXACT_NORM,AVAILABLE,1,3,DOI,article_like
B07322,1,1,SINGLETON,AVAILABLE,1,1,SINGLETON,article_like
B07323,1,1,SINGLETON,TITLE_ONLY,0,1,SINGLETON,conference
B07324,3,3,DOI;PMID;TITLE_EXACT_NORM,AVAILABLE,1,3,DOI,article_like
B07325,3,3,DOI;PMID;TITLE_EXACT_NORM,AVAILABLE,1,3,DOI,article_like
B07326,3,3,DOI;PMID;TITLE_EXACT_NORM,AVAILABLE,1,3,DOI,article_like
B07327,3,3,DOI;PMID;TITLE_EXACT_NORM,AVAILABLE,1,3,DOI,article_like
B07328,3,3,DOI;PMID;TITLE_EXACT_NORM,AVAILABLE,1,3,DOI,article_like
B07329,3,3,DOI;PMID;TITLE_EXACT_NORM,AVAILABLE,1,3,DOI,article_like
B07330,3,3,DOI;PMID;TITLE_EXACT_NORM,AVAILABLE,1,3,DOI,article_like
B07331,3,3,DOI;PMID;TITLE_EXACT_NORM,AVAILABLE,1,3,DOI,article_like
B07332,1,1,SINGLETON,AVAILABLE,1,1,SINGLETON,article_like
B07333,3,3,DOI;PMID;TITLE_EXACT_NORM,AVAILABLE,1,3,DOI,article_like
B07334,1,1,SINGLETON,AVAILABLE,1,1,SINGLETON,article_like
B07335,1,1,SINGLETON,AVAILABLE,1,1,SINGLETON,article_like
B07336,2,2,PMID;TITLE_EXACT_NORM,AVAILABLE,1,2,PMID,article_like
B07337,3,3,DOI;PMID;TITLE_EXACT_NORM,AVAILABLE,1,3,DOI,article_like
B07338,1,1,SINGLETON,AVAILABLE,1,1,SINGLETON,article_like
B07339,3,3,DOI;PMID;TITLE_EXACT_NORM,AVAILABLE,1,3,DOI,article_like
B07340,1,1,SINGLETON,AVAILABLE,1,1,SINGLETON,article_like
B07341,1,1,SINGLETON,AVAILABLE,1,1,SINGLETON,article_like
B07342,3,3,DOI;PMID;TITLE_EXACT_NORM,AVAILABLE,1,3,DOI,article_like
B07343,3,3,DOI;PMID;TITLE_EXACT_NORM,AVAILABLE,1,3,DOI,article_like
B07344,1,1,SINGLETON,AVAILABLE,1,1,SINGLETON,article_like
B07345,1,1,SINGLETON,AVAILABLE,1,1,SINGLETON,article_like
B07346,3,3,DOI;PMID;TITLE_EXACT_NORM,AVAILABLE,1,3,DOI,article_like
B07347,1,1,SINGLETON,AVAILABLE,1,1,SINGLETON,article_like
B07348,3,3,DOI;PMID;TITLE_EXACT_NORM,AVAILABLE,1,3,DOI,article_like
B07349,3,3,DOI;PMID;TITLE_EXACT_NORM,AVAILABLE,1,3,DOI,article_like
B07350,1,1,SINGLETON,AVAILABLE,1,1,SINGLETON,article_like
B07351,3,3,DOI;PMID;TITLE_EXACT_NORM,AVAILABLE,1,3,DOI,article_like
B07352,1,1,SINGLETON,AVAILABLE,1,1,SINGLETON,article_like
B07353,1,1,SINGLETON,AVAILABLE,1,1,SINGLETON,article_like
B07354,1,1,SINGLETON,AVAILABLE,1,1,SINGLETON,article_like
B07355,1,1,SINGLETON,AVAILABLE,1,1,SINGLETON,article_like
B07356,3,3,DOI;PMID;TITLE_EXACT_NORM,AVAILABLE,1,3,DOI,article_like
B07357,1,1,SINGLETON,AVAILABLE,1,1,SINGLETON,article_like
B07358,1,1,SINGLETON,AVAILABLE,1,1,SINGLETON,article_like
B07359,3,3,DOI;PMID;TITLE_EXACT_NORM,AVAILABLE,1,3,DOI,article_like
B07360,3,3,DOI;PMID;TITLE_EXACT_NORM,AVAILABLE,1,3,DOI,article_like
B07361,3,3,DOI;PMID;TITLE_EXACT_NORM,AVAILABLE,1,3,DOI,article_like
B07362,2,2,DOI;TITLE_EXACT_NORM,AVAILABLE,1,2,DOI,article_like
B07363,1,1,SINGLETON,AVAILABLE,1,1,SINGLETON,article_like
B07364,1,1,SINGLETON,AVAILABLE,1,1,SINGLETON,article_like
B07365,1,1,SINGLETON,AVAILABLE,1,1,SINGLETON,article_like
B07366,1,1,SINGLETON,AVAILABLE,1,1,SINGLETON,article_like
B07367,3,3,DOI;PMID;TITLE_EXACT_NORM,AVAILABLE,1,3,DOI,article_like
B07368,1,1,SINGLETON,AVAILABLE,1,1,SINGLETON,article_like
B07369,2,2,DOI;PMID;TITLE_EXACT_NORM,AVAILABLE,1,2,DOI,article_like
B07370,3,3,DOI;PMID;TITLE_EXACT_NORM,AVAILABLE,1,3,DOI,article_like
B07371,1,1,SINGLETON,AVAILABLE,1,1,SINGLETON,article_like
B07372,3,3,DOI;PMID;TITLE_EXACT_NORM,AVAILABLE,1,3,DOI,article_like
B07373,3,3,DOI;PMID;TITLE_EXACT_NORM,AVAILABLE,1,3,DOI,article_like
B07374,3,3,DOI;PMID;TITLE_EXACT_NORM,AVAILABLE,1,3,DOI,article_like
B07375,3,3,DOI;PMID;TITLE_EXACT_NORM,AVAILABLE,1,3,DOI,article_like
B07376,1,1,SINGLETON,AVAILABLE,1,1,SINGLETON,article_like
B07377,1,1,SINGLETON,AVAILABLE,1,1,SINGLETON,article_like
B07378,3,3,DOI;PMID;TITLE_EXACT_NORM,AVAILABLE,1,3,DOI,article_like
B07379,1,1,SINGLETON,AVAILABLE,1,1,SINGLETON,article_like
B07380,1,1,SINGLETON,AVAILABLE,1,1,SINGLETON,article_like
B07381,3,3,DOI;PMID;TITLE_EXACT_NORM,AVAILABLE,1,3,DOI,article_like
B07382,1,1,SINGLETON,AVAILABLE,1,1,SINGLETON,article_like
B07383,1,1,SINGLETON,TITLE_ONLY,0,1,SINGLETON,conference
B07384,1,1,SINGLETON,AVAILABLE,1,1,SINGLETON,article_like
B07385,3,3,DOI;PMID;TITLE_EXACT_NORM,TITLE_ONLY,0,3,DOI,article_like
B07386,1,1,SINGLETON,TITLE_ONLY,0,1,SINGLETON,conference
B07387,3,3,DOI;PMID;TITLE_EXACT_NORM,AVAILABLE,1,3,DOI,article_like
B07388,1,1,SINGLETON,AVAILABLE,1,1,SINGLETON,article_like
B07389,3,3,DOI;PMID;TITLE_EXACT_NORM,AVAILABLE,1,3,DOI,article_like
B07390,1,1,SINGLETON,AVAILABLE,1,1,SINGLETON,article_like
B07391,3,3,DOI;PMID;TITLE_EXACT_NORM,AVAILABLE,1,3,DOI,article_like
B07392,1,1,SINGLETON,AVAILABLE,1,1,SINGLETON,article_like
B07393,3,3,DOI;PMID;TITLE_EXACT_NORM,AVAILABLE,1,3,DOI,article_like
B07394,1,1,SINGLETON,AVAILABLE,1,1,SINGLETON,article_like
B07395,1,1,SINGLETON,TITLE_ONLY,0,1,SINGLETON,conference
B07396,3,3,DOI;PMID;TITLE_EXACT_NORM,AVAILABLE,1,3,DOI,article_like
B07397,3,3,DOI;PMID;TITLE_EXACT_NORM,AVAILABLE,1,3,DOI,article_like
B07398,3,3,DOI;PMID;TITLE_EXACT_NORM,AVAILABLE,1,3,DOI,article_like
B07399,1,1,SINGLETON,AVAILABLE,1,1,SINGLETON,article_like
B07400,3,3,DOI;PMID;TITLE_EXACT_NORM,AVAILABLE,1,3,DOI,article_like
B07401,3,3,DOI;PMID;TITLE_EXACT_NORM,AVAILABLE,1,3,DOI,article_like
B07402,3,3,DOI;PMID;TITLE_EXACT_NORM,AVAILABLE,1,3,DOI,article_like
B07403,3,3,DOI;PMID;TITLE_EXACT_NORM,AVAILABLE,1,3,DOI,article_like
B07404,3,3,DOI;PMID;TITLE_EXACT_NORM,AVAILABLE,1,3,DOI,article_like
B07405,3,3,DOI;PMID;TITLE_EXACT_NORM,AVAILABLE,1,3,DOI,article_like
B07406,3,3,DOI;PMID;TITLE_EXACT_NORM,AVAILABLE,1,3,DOI,article_like
B07407,1,1,SINGLETON,TITLE_ONLY,0,1,SINGLETON,conference
B07408,3,3,DOI;PMID;TITLE_EXACT_NORM,AVAILABLE,1,3,DOI,article_like
B07409,1,1,SINGLETON,AVAILABLE,1,1,SINGLETON,article_like
B07410,1,1,SINGLETON,AVAILABLE,1,1,SINGLETON,article_like
B07411,3,3,DOI;PMID;TITLE_EXACT_NORM,AVAILABLE,1,3,DOI,article_like
B07412,3,3,DOI;PMID;TITLE_EXACT_NORM,AVAILABLE,1,3,DOI,article_like
B07413,3,3,DOI;PMID;TITLE_EXACT_NORM,AVAILABLE,1,3,DOI,article_like
B07414,3,3,DOI;PMID;TITLE_EXACT_NORM,AVAILABLE,1,3,DOI,article_like
B07415,3,3,DOI;PMID;TITLE_EXACT_NORM,AVAILABLE,1,3,DOI,article_like
B07416,2,2,TITLE_EXACT_NORM,AVAILABLE,1,2,TITLE_EXACT_NORM,article_like
B07417,3,3,DOI;PMID;TITLE_EXACT_NORM,AVAILABLE,1,3,DOI,article_like
B07418,1,1,SINGLETON,AVAILABLE,1,1,SINGLETON,article_like
B07419,1,1,SINGLETON,AVAILABLE,1,1,SINGLETON,article_like
B07420,3,3,DOI;PMID;TITLE_EXACT_NORM,AVAILABLE,1,3,DOI,article_like
B07421,1,1,SINGLETON,AVAILABLE,1,1,SINGLETON,article_like
B07422,1,1,SINGLETON,AVAILABLE,1,1,SINGLETON,article_like
B07423,2,2,DOI;PMID;TITLE_EXACT_NORM,AVAILABLE,1,2,DOI,article_like
B07424,1,1,SINGLETON,AVAILABLE,1,1,SINGLETON,article_like
B07425,3,3,DOI;PMID;TITLE_EXACT_NORM,AVAILABLE,1,3,DOI,article_like
B07426,1,1,SINGLETON,TITLE_ONLY,0,1,SINGLETON,conference
B07427,1,1,SINGLETON,AVAILABLE,1,1,SINGLETON,article_like
B07428,1,1,SINGLETON,AVAILABLE,1,1,SINGLETON,article_like
B07429,3,3,DOI;PMID;TITLE_EXACT_NORM,AVAILABLE,1,3,DOI,article_like
B07430,1,1,SINGLETON,AVAILABLE,1,1,SINGLETON,article_like
B07431,1,1,SINGLETON,AVAILABLE,1,1,SINGLETON,article_like
B07432,1,1,SINGLETON,TITLE_ONLY,0,1,SINGLETON,conference
B07433,3,3,DOI;PMID;TITLE_EXACT_NORM,AVAILABLE,1,3,DOI,article_like
B07434,3,3,DOI;PMID;TITLE_EXACT_NORM,AVAILABLE,1,3,DOI,article_like
B07435,3,3,DOI;PMID;TITLE_EXACT_NORM,AVAILABLE,1,3,DOI,article_like
B07436,3,3,DOI;PMID;TITLE_EXACT_NORM,AVAILABLE,1,3,DOI,article_like
B07437,1,1,SINGLETON,AVAILABLE,1,1,SINGLETON,article_like
B07438,1,1,SINGLETON,AVAILABLE,1,1,SINGLETON,article_like
B07439,1,1,SINGLETON,AVAILABLE,1,1,SINGLETON,article_like
B07440,1,1,SINGLETON,AVAILABLE,1,1,SINGLETON,article_like
B07441,3,3,DOI;PMID;TITLE_EXACT_NORM,AVAILABLE,1,3,DOI,article_like
B07442,3,3,DOI;PMID;TITLE_EXACT_NORM,AVAILABLE,1,3,DOI,article_like
B07443,3,3,DOI;PMID;TITLE_EXACT_NORM,AVAILABLE,1,3,DOI,article_like
B07444,2,2,DOI;PMID;TITLE_EXACT_NORM,AVAILABLE,1,2,DOI,article_like
B07445,3,3,DOI;PMID;TITLE_EXACT_NORM,AVAILABLE,1,3,DOI,article_like
B07446,1,1,SINGLETON,AVAILABLE,1,1,SINGLETON,article_like
B07447,1,1,SINGLETON,TITLE_ONLY,0,1,SINGLETON,article_like
B07448,1,1,SINGLETON,TITLE_ONLY,0,1,SINGLETON,conference
B07449,3,3,DOI;PMID;TITLE_EXACT_NORM,AVAILABLE,1,3,DOI,article_like
B07450,1,1,SINGLETON,TITLE_ONLY,0,1,SINGLETON,conference
B07451,3,3,DOI;PMID;TITLE_EXACT_NORM,AVAILABLE,1,3,DOI,article_like
B07452,1,1,SINGLETON,TITLE_ONLY,0,1,SINGLETON,conference
B07453,3,3,DOI;PMID;TITLE_EXACT_NORM,AVAILABLE,1,3,DOI,article_like
B07454,1,1,SINGLETON,AVAILABLE,1,1,SINGLETON,article_like
B07455,1,1,SINGLETON,AVAILABLE,1,1,SINGLETON,article_like
B07456,1,1,SINGLETON,AVAILABLE,1,1,SINGLETON,article_like
B07457,3,3,DOI;PMID;TITLE_EXACT_NORM,AVAILABLE,1,3,DOI,article_like
B07458,3,3,DOI;PMID;TITLE_EXACT_NORM,AVAILABLE,1,3,DOI,article_like
B07459,3,3,DOI;PMID;TITLE_EXACT_NORM,AVAILABLE,1,3,DOI,article_like
B07460,3,3,DOI;PMID;TITLE_EXACT_NORM,AVAILABLE,1,3,DOI,article_like
B07461,1,1,SINGLETON,AVAILABLE,1,1,SINGLETON,article_like
B07462,1,1,SINGLETON,AVAILABLE,1,1,SINGLETON,article_like
B07463,1,1,SINGLETON,AVAILABLE,1,1,SINGLETON,article_like
B07464,1,1,SINGLETON,AVAILABLE,1,1,SINGLETON,article_like
B07465,1,1,SINGLETON,AVAILABLE,1,1,SINGLETON,article_like
B07466,1,1,SINGLETON,AVAILABLE,1,1,SINGLETON,article_like
B07467,3,3,DOI;PMID;TITLE_EXACT_NORM,AVAILABLE,1,3,DOI,article_like
B07468,3,3,DOI;PMID;TITLE_EXACT_NORM,AVAILABLE,1,3,DOI,article_like
B07469,1,1,SINGLETON,AVAILABLE,1,1,SINGLETON,article_like
B07470,3,3,DOI;PMID;TITLE_EXACT_NORM,AVAILABLE,1,3,DOI,article_like
B07471,1,1,SINGLETON,AVAILABLE,1,1,SINGLETON,article_like
B07472,1,1,SINGLETON,AVAILABLE,1,1,SINGLETON,article_like
B07473,3,3,DOI;PMID;TITLE_EXACT_NORM,AVAILABLE,1,3,DOI,article_like
B07474,3,3,DOI;PMID;TITLE_EXACT_NORM,AVAILABLE,1,3,DOI,article_like
B07475,3,3,DOI;PMID;TITLE_EXACT_NORM,AVAILABLE,1,3,DOI,article_like
B07476,1,1,SINGLETON,AVAILABLE,1,1,SINGLETON,article_like
B07477,3,3,DOI;PMID;TITLE_EXACT_NORM,AVAILABLE,1,3,DOI,article_like
B07478,2,2,DOI;PMID;TITLE_EXACT_NORM,AVAILABLE,1,2,DOI,article_like
B07479,1,1,SINGLETON,AVAILABLE,1,1,SINGLETON,article_like
B07480,2,2,DOI;TITLE_EXACT_NORM,AVAILABLE,1,2,DOI,article_like
B07481,1,1,SINGLETON,AVAILABLE,1,1,SINGLETON,article_like
B07482,3,3,DOI;PMID;TITLE_EXACT_NORM,AVAILABLE,1,3,DOI,article_like
B07483,3,3,DOI;PMID;TITLE_EXACT_NORM,AVAILABLE,1,3,DOI,article_like
B07484,1,1,SINGLETON,AVAILABLE,1,1,SINGLETON,article_like
B07485,3,3,DOI;PMID;TITLE_EXACT_NORM,AVAILABLE,1,3,DOI,article_like
B07486,1,1,SINGLETON,AVAILABLE,1,1,SINGLETON,article_like
B07487,1,1,SINGLETON,TITLE_ONLY,0,1,SINGLETON,article_like
B07488,1,1,SINGLETON,AVAILABLE,1,1,SINGLETON,article_like
B07489,1,1,SINGLETON,TITLE_ONLY,0,1,SINGLETON,article_like
B07490,1,1,SINGLETON,TITLE_ONLY,0,1,SINGLETON,article_like
B07491,3,3,DOI;PMID;TITLE_EXACT_NORM,AVAILABLE,1,3,DOI,article_like
B07492,1,1,SINGLETON,AVAILABLE,1,1,SINGLETON,article_like
B07493,1,1,SINGLETON,AVAILABLE,1,1,SINGLETON,article_like
B07494,1,1,SINGLETON,AVAILABLE,1,1,SINGLETON,article_like
B07495,1,1,SINGLETON,AVAILABLE,1,1,SINGLETON,article_like
B07496,3,3,DOI;PMID;TITLE_EXACT_NORM,AVAILABLE,1,3,DOI,article_like
B07497,1,1,SINGLETON,AVAILABLE,1,1,SINGLETON,article_like
B07498,1,1,SINGLETON,AVAILABLE,1,1,SINGLETON,article_like
B07499,3,3,DOI;PMID;TITLE_EXACT_NORM,AVAILABLE,1,3,DOI,article_like
B07500,1,1,SINGLETON,AVAILABLE,1,1,SINGLETON,article_like
B07501,3,3,DOI;PMID;TITLE_EXACT_NORM,AVAILABLE,1,3,DOI,article_like
B07502,3,3,DOI;PMID;TITLE_EXACT_NORM,AVAILABLE,1,3,DOI,article_like
B07503,3,3,DOI;PMID;TITLE_EXACT_NORM,AVAILABLE,1,3,DOI,article_like
B07504,3,3,DOI;PMID;TITLE_EXACT_NORM,AVAILABLE,1,3,DOI,article_like
B07505,3,3,DOI;PMID;TITLE_EXACT_NORM,AVAILABLE,1,3,DOI,article_like
B07506,3,3,DOI;PMID;TITLE_EXACT_NORM,AVAILABLE,1,3,DOI,article_like
B07507,3,3,DOI;PMID;TITLE_EXACT_NORM,AVAILABLE,1,3,DOI,article_like
B07508,1,1,SINGLETON,AVAILABLE,1,1,SINGLETON,article_like
B07509,1,1,SINGLETON,AVAILABLE,1,1,SINGLETON,article_like
B07510,1,1,SINGLETON,AVAILABLE,1,1,SINGLETON,article_like
B07511,1,1,SINGLETON,AVAILABLE,1,1,SINGLETON,article_like
B07512,1,1,SINGLETON,AVAILABLE,1,1,SINGLETON,article_like
B07513,3,3,DOI;PMID;TITLE_EXACT_NORM,AVAILABLE,1,3,DOI,article_like
B07514,3,3,DOI;PMID;TITLE_EXACT_NORM,AVAILABLE,1,3,DOI,article_like
B07515,1,1,SINGLETON,AVAILABLE,1,1,SINGLETON,article_like
B07516,1,1,SINGLETON,AVAILABLE,1,1,SINGLETON,article_like
B07517,1,1,SINGLETON,AVAILABLE,1,1,SINGLETON,article_like
B07518,3,3,DOI;PMID;TITLE_EXACT_NORM,AVAILABLE,1,3,DOI,article_like
B07519,3,3,DOI;PMID;TITLE_EXACT_NORM,AVAILABLE,1,3,DOI,article_like
B07520,3,3,DOI;PMID;TITLE_EXACT_NORM,AVAILABLE,1,3,DOI,article_like
B07521,3,3,DOI;PMID;TITLE_EXACT_NORM,AVAILABLE,1,3,DOI,article_like
B07522,1,1,SINGLETON,AVAILABLE,1,1,SINGLETON,article_like
B07523,3,3,DOI;PMID;TITLE_EXACT_NORM,AVAILABLE,1,3,DOI,article_like
B07524,3,3,DOI;PMID;TITLE_EXACT_NORM,AVAILABLE,1,3,DOI,article_like
B07525,3,3,DOI;PMID;TITLE_EXACT_NORM,AVAILABLE,1,3,DOI,article_like
B07526,1,1,SINGLETON,TITLE_ONLY,0,1,SINGLETON,conference
B07527,3,3,DOI;PMID;TITLE_EXACT_NORM,AVAILABLE,1,3,DOI,article_like
B07528,1,1,SINGLETON,AVAILABLE,1,1,SINGLETON,article_like
B07529,3,3,DOI;PMID;TITLE_EXACT_NORM,AVAILABLE,1,3,DOI,article_like
B07530,1,1,SINGLETON,AVAILABLE,1,1,SINGLETON,article_like
B07531,3,3,DOI;PMID;TITLE_EXACT_NORM,AVAILABLE,1,3,DOI,article_like
B07532,3,3,DOI;PMID;TITLE_EXACT_NORM,AVAILABLE,1,3,DOI,article_like
B07533,1,1,SINGLETON,AVAILABLE,1,1,SINGLETON,article_like
B07534,1,1,SINGLETON,AVAILABLE,1,1,SINGLETON,article_like
B07535,3,3,DOI;PMID;TITLE_EXACT_NORM,AVAILABLE,1,3,DOI,article_like
B07536,1,1,SINGLETON,AVAILABLE,1,1,SINGLETON,article_like
B07537,3,3,DOI;PMID;TITLE_EXACT_NORM,AVAILABLE,1,3,DOI,article_like
B07538,3,3,DOI;PMID;TITLE_EXACT_NORM,AVAILABLE,1,3,DOI,article_like
B07539,3,3,DOI;PMID;TITLE_EXACT_NORM,AVAILABLE,1,3,DOI,article_like
B07540,3,3,DOI;PMID;TITLE_EXACT_NORM,AVAILABLE,1,3,DOI,article_like
B07541,3,3,DOI;PMID;TITLE_EXACT_NORM,AVAILABLE,1,3,DOI,article_like
B07542,3,3,DOI;PMID;TITLE_EXACT_NORM,AVAILABLE,1,3,DOI,article_like
B07543,3,3,DOI;PMID;TITLE_EXACT_NORM,AVAILABLE,1,3,DOI,article_like
B07544,3,3,DOI;PMID;TITLE_EXACT_NORM,AVAILABLE,1,3,DOI,article_like
B07545,3,3,DOI;PMID;TITLE_EXACT_NORM,AVAILABLE,1,3,DOI,article_like
B07546,3,3,DOI;PMID;TITLE_EXACT_NORM,AVAILABLE,1,3,DOI,article_like
B07547,1,1,SINGLETON,AVAILABLE,1,1,SINGLETON,article_like
B07548,1,1,SINGLETON,AVAILABLE,1,1,SINGLETON,article_like
B07549,3,3,DOI;PMID;TITLE_EXACT_NORM,AVAILABLE,1,3,DOI,article_like
B07550,3,3,DOI;PMID;TITLE_EXACT_NORM,AVAILABLE,1,3,DOI,article_like
B07551,1,1,SINGLETON,TITLE_ONLY,0,1,SINGLETON,conference
B07552,1,1,SINGLETON,AVAILABLE,1,1,SINGLETON,article_like
B07553,1,1,SINGLETON,TITLE_ONLY,0,1,SINGLETON,conference
B07554,3,3,DOI;PMID;TITLE_EXACT_NORM,AVAILABLE,1,3,DOI,article_like
B07555,1,1,SINGLETON,TITLE_ONLY,0,1,SINGLETON,conference
B07556,1,1,SINGLETON,AVAILABLE,1,1,SINGLETON,article_like
B07557,1,1,SINGLETON,AVAILABLE,1,1,SINGLETON,article_like
B07558,1,1,SINGLETON,AVAILABLE,1,1,SINGLETON,article_like
B07559,1,1,SINGLETON,AVAILABLE,1,1,SINGLETON,article_like
B07560,1,1,SINGLETON,AVAILABLE,1,1,SINGLETON,article_like
B07561,1,1,SINGLETON,AVAILABLE,1,1,SINGLETON,article_like
B07562,1,1,SINGLETON,AVAILABLE,1,1,SINGLETON,article_like
B07563,3,3,DOI;PMID;TITLE_EXACT_NORM,AVAILABLE,1,3,DOI,article_like
B07564,3,3,DOI;PMID;TITLE_EXACT_NORM,AVAILABLE,1,3,DOI,article_like
B07565,1,1,SINGLETON,AVAILABLE,1,1,SINGLETON,article_like
B07566,3,3,DOI;PMID;TITLE_EXACT_NORM,AVAILABLE,1,3,DOI,article_like
B07567,1,1,SINGLETON,AVAILABLE,1,1,SINGLETON,article_like
B07568,3,3,DOI;PMID;TITLE_EXACT_NORM,AVAILABLE,1,3,DOI,article_like
B07569,3,3,DOI;PMID;TITLE_EXACT_NORM,AVAILABLE,1,3,DOI,article_like
B07570,1,1,SINGLETON,AVAILABLE,1,1,SINGLETON,article_like
B07571,1,1,SINGLETON,AVAILABLE,1,1,SINGLETON,article_like
B07572,1,1,SINGLETON,AVAILABLE,1,1,SINGLETON,article_like
B07573,1,1,SINGLETON,TITLE_ONLY,0,1,SINGLETON,conference
B07574,1,1,SINGLETON,AVAILABLE,1,1,SINGLETON,article_like
B07575,1,1,SINGLETON,TITLE_ONLY,0,1,SINGLETON,article_like
B07576,1,1,SINGLETON,AVAILABLE,1,1,SINGLETON,article_like
B07577,3,3,DOI;PMID;TITLE_EXACT_NORM,AVAILABLE,1,3,DOI,article_like
B07578,1,1,SINGLETON,AVAILABLE,1,1,SINGLETON,article_like
B07579,1,1,SINGLETON,AVAILABLE,1,1,SINGLETON,article_like
B07580,1,1,SINGLETON,AVAILABLE,1,1,SINGLETON,article_like
B07581,1,1,SINGLETON,TITLE_ONLY,0,1,SINGLETON,article_like
B07582,3,3,DOI;PMID;TITLE_EXACT_NORM,AVAILABLE,1,3,DOI,article_like
B07583,1,1,SINGLETON,AVAILABLE,1,1,SINGLETON,article_like
B07584,3,3,DOI;PMID;TITLE_EXACT_NORM,AVAILABLE,1,3,DOI,article_like
B07585,2,2,DOI;TITLE_EXACT_NORM,AVAILABLE,1,2,DOI,article_like
B07586,3,3,DOI;PMID;TITLE_EXACT_NORM,AVAILABLE,1,3,DOI,article_like
B07587,3,3,DOI;PMID;TITLE_EXACT_NORM,AVAILABLE,1,3,DOI,article_like
B07588,3,3,DOI;PMID;TITLE_EXACT_NORM,AVAILABLE,1,3,DOI,article_like
B07589,2,2,DOI;PMID;TITLE_EXACT_NORM,AVAILABLE,1,2,DOI,article_like
B07590,2,2,DOI;PMID;TITLE_EXACT_NORM,AVAILABLE,1,2,DOI,article_like
B07591,3,3,DOI;PMID;TITLE_EXACT_NORM,AVAILABLE,1,3,DOI,article_like
B07592,3,3,DOI;PMID;TITLE_EXACT_NORM,AVAILABLE,1,3,DOI,article_like
B07593,3,3,DOI;PMID;TITLE_EXACT_NORM,AVAILABLE,1,3,DOI,article_like
B07594,1,1,SINGLETON,AVAILABLE,1,1,SINGLETON,article_like
B07595,3,3,DOI;PMID;TITLE_EXACT_NORM,AVAILABLE,1,3,DOI,article_like
B07596,3,3,DOI;PMID;TITLE_EXACT_NORM,AVAILABLE,1,3,DOI,article_like
B07597,3,3,DOI;PMID;TITLE_EXACT_NORM,AVAILABLE,1,3,DOI,article_like
B07598,1,1,SINGLETON,AVAILABLE,1,1,SINGLETON,article_like
B07599,1,1,SINGLETON,TITLE_ONLY,0,1,SINGLETON,conference
B07600,1,1,SINGLETON,AVAILABLE,1,1,SINGLETON,article_like
B07601,1,1,SINGLETON,AVAILABLE,1,1,SINGLETON,article_like
B07602,2,2,DOI;PMID;TITLE_EXACT_NORM,AVAILABLE,1,2,DOI,article_like
B07603,1,1,SINGLETON,AVAILABLE,1,1,SINGLETON,article_like
B07604,3,3,DOI;PMID;TITLE_EXACT_NORM,AVAILABLE,1,3,DOI,article_like
B07605,3,3,DOI;PMID;TITLE_EXACT_NORM,AVAILABLE,1,3,DOI,article_like
B07606,1,1,SINGLETON,AVAILABLE,1,1,SINGLETON,article_like
B07607,1,1,SINGLETON,AVAILABLE,1,1,SINGLETON,article_like
B07608,3,3,DOI;PMID;TITLE_EXACT_NORM,AVAILABLE,1,3,DOI,article_like
B07609,3,3,DOI;PMID;TITLE_EXACT_NORM,AVAILABLE,1,3,DOI,article_like
B07610,3,3,DOI;PMID;TITLE_EXACT_NORM,AVAILABLE,1,3,DOI,article_like
B07611,3,3,DOI;PMID;TITLE_EXACT_NORM,AVAILABLE,1,3,DOI,article_like
B07612,1,1,SINGLETON,AVAILABLE,1,1,SINGLETON,article_like
B07613,3,3,DOI;PMID;TITLE_EXACT_NORM,AVAILABLE,1,3,DOI,article_like
B07614,3,3,DOI;PMID;TITLE_EXACT_NORM,AVAILABLE,1,3,DOI,article_like
B07615,3,3,DOI;PMID;TITLE_EXACT_NORM,AVAILABLE,1,3,DOI,article_like
B07616,1,1,SINGLETON,AVAILABLE,1,1,SINGLETON,article_like
B07617,1,1,SINGLETON,AVAILABLE,1,1,SINGLETON,article_like
B07618,1,1,SINGLETON,AVAILABLE,1,1,SINGLETON,article_like
B07619,1,1,SINGLETON,AVAILABLE,1,1,SINGLETON,article_like
B07620,3,3,DOI;PMID;TITLE_EXACT_NORM,AVAILABLE,1,3,DOI,article_like
B07621,1,1,SINGLETON,TITLE_ONLY,0,1,SINGLETON,article_like
B07622,1,1,SINGLETON,AVAILABLE,1,1,SINGLETON,article_like
B07623,2,2,DOI;PMID;TITLE_EXACT_NORM,AVAILABLE,1,2,DOI,article_like
B07624,3,3,DOI;PMID;TITLE_EXACT_NORM,AVAILABLE,1,3,DOI,article_like
B07625,3,3,DOI;PMID;TITLE_EXACT_NORM,AVAILABLE,1,3,DOI,article_like
B07626,3,3,DOI;PMID;TITLE_EXACT_NORM,AVAILABLE,1,3,DOI,article_like
B07627,3,3,DOI;PMID;TITLE_EXACT_NORM,AVAILABLE,1,3,DOI,article_like
B07628,1,1,SINGLETON,AVAILABLE,1,1,SINGLETON,article_like
B07629,3,3,DOI;PMID;TITLE_EXACT_NORM,AVAILABLE,1,3,DOI,article_like
B07630,1,1,SINGLETON,AVAILABLE,1,1,SINGLETON,article_like
B07631,1,1,SINGLETON,AVAILABLE,1,1,SINGLETON,article_like
B07632,1,1,SINGLETON,TITLE_ONLY,0,1,SINGLETON,article_like
B07633,1,1,SINGLETON,TITLE_ONLY,0,1,SINGLETON,article_like
B07634,3,3,DOI;PMID;TITLE_EXACT_NORM,AVAILABLE,1,3,DOI,article_like
B07635,3,3,DOI;PMID;TITLE_EXACT_NORM,AVAILABLE,1,3,DOI,article_like
B07636,3,3,DOI;PMID;TITLE_EXACT_NORM,AVAILABLE,1,3,DOI,article_like
B07637,3,3,DOI;PMID;TITLE_EXACT_NORM,AVAILABLE,1,3,DOI,article_like
B07638,3,3,DOI;PMID;TITLE_EXACT_NORM,AVAILABLE,1,3,DOI,article_like
B07639,1,1,SINGLETON,AVAILABLE,1,1,SINGLETON,article_like
B07640,1,1,SINGLETON,AVAILABLE,1,1,SINGLETON,article_like
B07641,3,3,DOI;PMID;TITLE_EXACT_NORM,AVAILABLE,1,3,DOI,article_like
B07642,3,3,DOI;PMID;TITLE_EXACT_NORM,AVAILABLE,1,3,DOI,article_like
B07643,2,2,DOI;PMID;TITLE_EXACT_NORM,AVAILABLE,1,2,DOI,article_like
B07644,1,1,SINGLETON,TITLE_ONLY,0,1,SINGLETON,article_like
B07645,3,3,DOI;PMID;TITLE_EXACT_NORM,AVAILABLE,1,3,DOI,article_like
B07646,1,1,SINGLETON,AVAILABLE,1,1,SINGLETON,article_like
B07647,1,1,SINGLETON,AVAILABLE,1,1,SINGLETON,article_like
B07648,3,3,DOI;PMID;TITLE_EXACT_NORM,AVAILABLE,1,3,DOI,article_like
B07649,3,3,DOI;PMID;TITLE_EXACT_NORM,AVAILABLE,1,3,DOI,article_like
B07650,1,1,SINGLETON,AVAILABLE,1,1,SINGLETON,article_like
B07651,2,2,DOI;TITLE_EXACT_NORM,AVAILABLE,1,2,DOI,article_like
B07652,1,1,SINGLETON,AVAILABLE,1,1,SINGLETON,article_like
B07653,3,3,DOI;PMID;TITLE_EXACT_NORM,AVAILABLE,1,3,DOI,article_like
B07654,3,3,DOI;PMID;TITLE_EXACT_NORM,AVAILABLE,1,3,DOI,article_like
B07655,1,1,SINGLETON,TITLE_ONLY,0,1,SINGLETON,conference
B07656,1,1,SINGLETON,AVAILABLE,1,1,SINGLETON,article_like
B07657,1,1,SINGLETON,AVAILABLE,1,1,SINGLETON,article_like
B07658,1,1,SINGLETON,AVAILABLE,1,1,SINGLETON,article_like
B07659,3,3,DOI;PMID;TITLE_EXACT_NORM,AVAILABLE,1,3,DOI,article_like
B07660,1,1,SINGLETON,AVAILABLE,1,1,SINGLETON,article_like
B07661,3,3,DOI;PMID;TITLE_EXACT_NORM,AVAILABLE,1,3,DOI,article_like
B07662,1,1,SINGLETON,TITLE_ONLY,0,1,SINGLETON,article_like
B07663,1,1,SINGLETON,AVAILABLE,1,1,SINGLETON,article_like
B07664,3,3,DOI;PMID;TITLE_EXACT_NORM,AVAILABLE,1,3,DOI,article_like
B07665,3,3,DOI;PMID;TITLE_EXACT_NORM,AVAILABLE,1,3,DOI,article_like
B07666,2,2,DOI;PMID;TITLE_EXACT_NORM,AVAILABLE,1,2,DOI,article_like
B07667,1,1,SINGLETON,AVAILABLE,1,1,SINGLETON,article_like
B07668,1,1,SINGLETON,AVAILABLE,1,1,SINGLETON,article_like
B07669,3,3,DOI;PMID;TITLE_EXACT_NORM,AVAILABLE,1,3,DOI,article_like
B07670,1,1,SINGLETON,AVAILABLE,1,1,SINGLETON,article_like
B07671,3,3,DOI;PMID;TITLE_EXACT_NORM,AVAILABLE,1,3,DOI,article_like
B07672,1,1,SINGLETON,AVAILABLE,1,1,SINGLETON,article_like
B07673,1,1,SINGLETON,AVAILABLE,1,1,SINGLETON,article_like
B07674,1,1,SINGLETON,AVAILABLE,1,1,SINGLETON,article_like
B07675,1,1,SINGLETON,AVAILABLE,1,1,SINGLETON,article_like
B07676,3,3,DOI;PMID;TITLE_EXACT_NORM,AVAILABLE,1,3,DOI,article_like
B07677,3,3,DOI;PMID;TITLE_EXACT_NORM,AVAILABLE,1,3,DOI,article_like
B07678,2,2,DOI;TITLE_EXACT_NORM,AVAILABLE,1,2,DOI,article_like
B07679,3,3,DOI;PMID;TITLE_EXACT_NORM,AVAILABLE,1,3,DOI,article_like
B07680,3,3,DOI;PMID;TITLE_EXACT_NORM,AVAILABLE,1,3,DOI,article_like
B07681,1,1,SINGLETON,TITLE_ONLY,0,1,SINGLETON,conference
B07682,1,1,SINGLETON,TITLE_ONLY,0,1,SINGLETON,conference
B07683,1,1,SINGLETON,TITLE_ONLY,0,1,SINGLETON,conference
B07684,1,1,SINGLETON,TITLE_ONLY,0,1,SINGLETON,article_like
B07685,3,3,DOI;PMID;TITLE_EXACT_NORM,AVAILABLE,1,3,DOI,article_like
B07686,3,3,DOI;PMID;TITLE_EXACT_NORM,AVAILABLE,1,3,DOI,article_like
B07687,2,2,DOI;PMID;TITLE_EXACT_NORM,AVAILABLE,1,2,DOI,article_like
B07688,3,3,DOI;PMID;TITLE_EXACT_NORM,AVAILABLE,1,3,DOI,article_like
B07689,3,3,DOI;PMID;TITLE_EXACT_NORM,AVAILABLE,1,3,DOI,article_like
B07690,1,1,SINGLETON,AVAILABLE,1,1,SINGLETON,article_like
B07691,1,1,SINGLETON,AVAILABLE,1,1,SINGLETON,article_like
B07692,3,3,DOI;PMID;TITLE_EXACT_NORM,AVAILABLE,1,3,DOI,article_like
B07693,1,1,SINGLETON,TITLE_ONLY,0,1,SINGLETON,conference
B07694,3,3,DOI;PMID;TITLE_EXACT_NORM,AVAILABLE,1,3,DOI,article_like
B07695,1,1,SINGLETON,AVAILABLE,1,1,SINGLETON,article_like
B07696,1,1,SINGLETON,AVAILABLE,1,1,SINGLETON,article_like
B07697,3,3,DOI;PMID;TITLE_EXACT_NORM,AVAILABLE,1,3,DOI,article_like
B07698,3,3,DOI;PMID;TITLE_EXACT_NORM,AVAILABLE,1,3,DOI,article_like
B07699,1,1,SINGLETON,AVAILABLE,1,1,SINGLETON,article_like
B07700,3,3,DOI;PMID;TITLE_EXACT_NORM,AVAILABLE,1,3,DOI,article_like
B07701,2,2,DOI;TITLE_EXACT_NORM,AVAILABLE,1,2,DOI,article_like
B07702,1,1,SINGLETON,AVAILABLE,1,1,SINGLETON,article_like
B07703,1,1,SINGLETON,TITLE_ONLY,0,1,SINGLETON,conference
B07704,3,3,DOI;PMID;TITLE_EXACT_NORM,AVAILABLE,1,3,DOI,article_like
B07705,1,1,SINGLETON,AVAILABLE,1,1,SINGLETON,article_like
B07706,1,1,SINGLETON,AVAILABLE,1,1,SINGLETON,article_like
B07707,3,3,DOI;PMID;TITLE_EXACT_NORM,AVAILABLE,1,3,DOI,article_like
B07708,3,3,DOI;PMID;TITLE_EXACT_NORM,AVAILABLE,1,3,DOI,article_like
B07709,1,1,SINGLETON,AVAILABLE,1,1,SINGLETON,article_like
B07710,3,3,DOI;PMID;TITLE_EXACT_NORM,AVAILABLE,1,3,DOI,article_like
B07711,3,3,DOI;PMID;TITLE_EXACT_NORM,AVAILABLE,1,3,DOI,article_like
B07712,1,1,SINGLETON,AVAILABLE,1,1,SINGLETON,article_like
B07713,1,1,SINGLETON,AVAILABLE,1,1,SINGLETON,article_like
B07714,2,2,DOI;PMID;TITLE_EXACT_NORM,AVAILABLE,1,2,DOI,article_like
B07715,1,1,SINGLETON,TITLE_ONLY,0,1,SINGLETON,article_like
B07716,3,3,DOI;PMID;TITLE_EXACT_NORM,AVAILABLE,1,3,DOI,article_like
B07717,3,3,DOI;PMID;TITLE_EXACT_NORM,AVAILABLE,1,3,DOI,article_like
B07718,1,1,SINGLETON,AVAILABLE,1,1,SINGLETON,article_like
B07719,1,1,SINGLETON,AVAILABLE,1,1,SINGLETON,article_like
B07720,1,1,SINGLETON,TITLE_ONLY,0,1,SINGLETON,conference
B07721,1,1,SINGLETON,AVAILABLE,1,1,SINGLETON,article_like
B07722,3,3,DOI;PMID;TITLE_EXACT_NORM,AVAILABLE,1,3,DOI,article_like
B07723,1,1,SINGLETON,AVAILABLE,1,1,SINGLETON,article_like
B07724,1,1,SINGLETON,AVAILABLE,1,1,SINGLETON,article_like
B07725,1,1,SINGLETON,AVAILABLE,1,1,SINGLETON,article_like
B07726,2,2,DOI;TITLE_EXACT_NORM,AVAILABLE,1,2,DOI,article_like
B07727,3,3,DOI;PMID;TITLE_EXACT_NORM,AVAILABLE,1,3,DOI,article_like
B07728,1,1,SINGLETON,AVAILABLE,1,1,SINGLETON,article_like
B07729,3,3,DOI;PMID;TITLE_EXACT_NORM,AVAILABLE,1,3,DOI,article_like
B07730,1,1,SINGLETON,AVAILABLE,1,1,SINGLETON,article_like
B07731,3,3,DOI;PMID;TITLE_EXACT_NORM,AVAILABLE,1,3,DOI,article_like
B07732,3,3,DOI;PMID;TITLE_EXACT_NORM,AVAILABLE,1,3,DOI,article_like
B07733,3,3,DOI;PMID;TITLE_EXACT_NORM,AVAILABLE,1,3,DOI,article_like
B07734,3,3,DOI;PMID;TITLE_EXACT_NORM,AVAILABLE,1,3,DOI,article_like
B07735,3,3,DOI;PMID;TITLE_EXACT_NORM,AVAILABLE,1,3,DOI,article_like
B07736,3,3,DOI;PMID;TITLE_EXACT_NORM,AVAILABLE,1,3,DOI,article_like
B07737,1,1,SINGLETON,AVAILABLE,1,1,SINGLETON,article_like
B07738,2,2,DOI;PMID;TITLE_EXACT_NORM,AVAILABLE,1,2,DOI,article_like
B07739,1,1,SINGLETON,AVAILABLE,1,1,SINGLETON,conference
B07740,1,1,SINGLETON,AVAILABLE,1,1,SINGLETON,article_like
B07741,3,3,DOI;PMID;TITLE_EXACT_NORM,AVAILABLE,1,3,DOI,article_like
B07742,1,1,SINGLETON,AVAILABLE,1,1,SINGLETON,article_like
B07743,1,1,SINGLETON,AVAILABLE,1,1,SINGLETON,article_like
B07744,1,1,SINGLETON,AVAILABLE,1,1,SINGLETON,article_like
B07745,3,3,DOI;PMID;TITLE_EXACT_NORM,AVAILABLE,1,3,DOI,article_like
B07746,3,3,DOI;PMID;TITLE_EXACT_NORM,AVAILABLE,1,3,DOI,article_like
B07747,3,3,DOI;PMID;TITLE_EXACT_NORM,AVAILABLE,1,3,DOI,article_like
B07748,3,3,DOI;PMID;TITLE_EXACT_NORM,AVAILABLE,1,3,DOI,article_like
B07749,1,1,SINGLETON,AVAILABLE,1,1,SINGLETON,article_like
B07750,1,1,SINGLETON,AVAILABLE,1,1,SINGLETON,article_like
B07751,3,3,DOI;PMID;TITLE_EXACT_NORM,AVAILABLE,1,3,DOI,article_like
B07752,1,1,SINGLETON,AVAILABLE,1,1,SINGLETON,article_like
B07753,3,3,DOI;PMID;TITLE_EXACT_NORM,AVAILABLE,1,3,DOI,article_like
B07754,1,1,SINGLETON,AVAILABLE,1,1,SINGLETON,article_like
B07755,3,3,DOI;PMID;TITLE_EXACT_NORM,AVAILABLE,1,3,DOI,article_like
B07756,1,1,SINGLETON,AVAILABLE,1,1,SINGLETON,article_like
B07757,3,3,DOI;PMID;TITLE_EXACT_NORM,TITLE_ONLY,0,3,DOI,article_like
B07758,1,1,SINGLETON,TITLE_ONLY,0,1,SINGLETON,conference
B07759,1,1,SINGLETON,TITLE_ONLY,0,1,SINGLETON,conference
B07760,1,1,SINGLETON,AVAILABLE,1,1,SINGLETON,article_like
B07761,3,3,DOI;PMID;TITLE_EXACT_NORM,AVAILABLE,1,3,DOI,article_like
B07762,1,1,SINGLETON,AVAILABLE,1,1,SINGLETON,article_like
B07763,3,3,DOI;PMID;TITLE_EXACT_NORM,AVAILABLE,1,3,DOI,article_like
B07764,2,2,DOI;PMID;TITLE_EXACT_NORM,AVAILABLE,1,2,DOI,article_like
B07765,3,3,DOI;PMID;TITLE_EXACT_NORM,AVAILABLE,1,3,DOI,article_like
B07766,1,1,SINGLETON,AVAILABLE,1,1,SINGLETON,article_like
B07767,1,1,SINGLETON,TITLE_ONLY,0,1,SINGLETON,article_like
B07768,3,3,DOI;PMID;TITLE_EXACT_NORM,AVAILABLE,1,3,DOI,article_like
B07769,2,1,TITLE_EXACT_NORM,TITLE_ONLY,0,2,TITLE_EXACT_NORM,conference
B07770,1,1,SINGLETON,AVAILABLE,1,1,SINGLETON,article_like
B07771,3,3,DOI;PMID;TITLE_EXACT_NORM,AVAILABLE,1,3,DOI,article_like
B07772,1,1,SINGLETON,AVAILABLE,1,1,SINGLETON,article_like
B07773,3,3,DOI;PMID;TITLE_EXACT_NORM,AVAILABLE,1,3,DOI,article_like
B07774,3,3,DOI;PMID;TITLE_EXACT_NORM,AVAILABLE,1,3,DOI,article_like
B07775,3,3,DOI;PMID;TITLE_EXACT_NORM,AVAILABLE,1,3,DOI,article_like
B07776,1,1,SINGLETON,AVAILABLE,1,1,SINGLETON,article_like
B07777,3,3,DOI;PMID;TITLE_EXACT_NORM,AVAILABLE,1,3,DOI,article_like
B07778,1,1,SINGLETON,AVAILABLE,1,1,SINGLETON,article_like
B07779,1,1,SINGLETON,TITLE_ONLY,0,1,SINGLETON,conference
B07780,1,1,SINGLETON,TITLE_ONLY,0,1,SINGLETON,conference
B07781,2,2,DOI;TITLE_EXACT_NORM,AVAILABLE,1,2,DOI,article_like
B07782,1,1,SINGLETON,AVAILABLE,1,1,SINGLETON,article_like
B07783,3,3,DOI;PMID;TITLE_EXACT_NORM,AVAILABLE,1,3,DOI,article_like
B07784,3,3,DOI;PMID;TITLE_EXACT_NORM,AVAILABLE,1,3,DOI,article_like
B07785,1,1,SINGLETON,AVAILABLE,1,1,SINGLETON,article_like
B07786,1,1,SINGLETON,AVAILABLE,1,1,SINGLETON,article_like
B07787,3,3,DOI;PMID;TITLE_EXACT_NORM,AVAILABLE,1,3,DOI,article_like
B07788,3,3,DOI;PMID;TITLE_EXACT_NORM,AVAILABLE,1,3,DOI,article_like
B07789,1,1,SINGLETON,AVAILABLE,1,1,SINGLETON,article_like
B07790,3,3,DOI;PMID;TITLE_EXACT_NORM,AVAILABLE,1,3,DOI,article_like
B07791,3,3,DOI;PMID;TITLE_EXACT_NORM,AVAILABLE,1,3,DOI,article_like
B07792,1,1,SINGLETON,AVAILABLE,1,1,SINGLETON,article_like
B07793,1,1,SINGLETON,AVAILABLE,1,1,SINGLETON,article_like
B07794,3,3,DOI;PMID;TITLE_EXACT_NORM,AVAILABLE,1,3,DOI,article_like
B07795,1,1,SINGLETON,AVAILABLE,1,1,SINGLETON,article_like
B07796,1,1,SINGLETON,TITLE_ONLY,0,1,SINGLETON,conference
B07797,1,1,SINGLETON,AVAILABLE,1,1,SINGLETON,article_like
B07798,1,1,SINGLETON,AVAILABLE,1,1,SINGLETON,article_like
B07799,1,1,SINGLETON,AVAILABLE,1,1,SINGLETON,article_like
B07800,1,1,SINGLETON,AVAILABLE,1,1,SINGLETON,article_like
B07801,1,1,SINGLETON,AVAILABLE,1,1,SINGLETON,article_like
B07802,1,1,SINGLETON,TITLE_ONLY,0,1,SINGLETON,conference
B07803,3,3,DOI;PMID;TITLE_EXACT_NORM,AVAILABLE,1,3,DOI,article_like
B07804,3,3,DOI;PMID;TITLE_EXACT_NORM,AVAILABLE,1,3,DOI,article_like
B07805,3,3,DOI;PMID;TITLE_EXACT_NORM,AVAILABLE,1,3,DOI,article_like
B07806,3,3,DOI;PMID;TITLE_EXACT_NORM,AVAILABLE,1,3,DOI,article_like
B07807,1,1,SINGLETON,TITLE_ONLY,0,1,SINGLETON,conference
B07808,3,3,DOI;PMID;TITLE_EXACT_NORM,AVAILABLE,1,3,DOI,article_like
B07809,3,3,DOI;PMID;TITLE_EXACT_NORM,AVAILABLE,1,3,DOI,article_like
B07810,1,1,SINGLETON,AVAILABLE,1,1,SINGLETON,article_like
B07811,3,3,DOI;PMID;TITLE_EXACT_NORM,AVAILABLE,1,3,DOI,article_like
B07812,3,3,DOI;PMID;TITLE_EXACT_NORM,AVAILABLE,1,3,DOI,article_like
B07813,3,3,DOI;PMID;TITLE_EXACT_NORM,AVAILABLE,1,3,DOI,article_like
B07814,1,1,SINGLETON,AVAILABLE,1,1,SINGLETON,article_like
B07815,1,1,SINGLETON,AVAILABLE,1,1,SINGLETON,article_like
B07816,3,3,DOI;PMID;TITLE_EXACT_NORM,AVAILABLE,1,3,DOI,article_like
B07817,3,3,DOI;PMID;TITLE_EXACT_NORM,AVAILABLE,1,3,DOI,article_like
B07818,3,3,DOI;PMID;TITLE_EXACT_NORM,AVAILABLE,1,3,DOI,article_like
B07819,3,3,DOI;PMID;TITLE_EXACT_NORM,AVAILABLE,1,3,DOI,article_like
B07820,2,2,DOI;PMID;TITLE_EXACT_NORM,AVAILABLE,1,2,DOI,article_like
B07821,3,3,DOI;PMID;TITLE_EXACT_NORM,AVAILABLE,1,3,DOI,article_like
B07822,1,1,SINGLETON,AVAILABLE,1,1,SINGLETON,article_like
B07823,3,3,DOI;PMID;TITLE_EXACT_NORM,AVAILABLE,1,3,DOI,article_like
B07824,1,1,SINGLETON,AVAILABLE,1,1,SINGLETON,article_like
B07825,1,1,SINGLETON,TITLE_ONLY,0,1,SINGLETON,conference
B07826,1,1,SINGLETON,AVAILABLE,1,1,SINGLETON,article_like
B07827,3,3,DOI;PMID;TITLE_EXACT_NORM,AVAILABLE,1,3,DOI,article_like
B07828,3,3,DOI;PMID;TITLE_EXACT_NORM,AVAILABLE,1,3,DOI,article_like
B07829,1,1,SINGLETON,AVAILABLE,1,1,SINGLETON,article_like
B07830,1,1,SINGLETON,TITLE_ONLY,0,1,SINGLETON,article_like
B07831,3,3,DOI;PMID;TITLE_EXACT_NORM,AVAILABLE,1,3,DOI,article_like
B07832,1,1,SINGLETON,TITLE_ONLY,0,1,SINGLETON,article_like
B07833,1,1,SINGLETON,AVAILABLE,1,1,SINGLETON,article_like
B07834,2,2,DOI;PMID;TITLE_EXACT_NORM,AVAILABLE,1,2,DOI,article_like
B07835,3,3,DOI;PMID;TITLE_EXACT_NORM,AVAILABLE,1,3,DOI,article_like
B07836,1,1,SINGLETON,TITLE_ONLY,0,1,SINGLETON,conference
B07837,1,1,SINGLETON,AVAILABLE,1,1,SINGLETON,article_like
B07838,3,3,DOI;PMID;TITLE_EXACT_NORM,AVAILABLE,1,3,DOI,article_like
B07839,2,2,DOI;PMID;TITLE_EXACT_NORM,AVAILABLE,1,2,DOI,article_like
B07840,1,1,SINGLETON,AVAILABLE,1,1,SINGLETON,article_like
B07841,3,3,DOI;PMID;TITLE_EXACT_NORM,AVAILABLE,1,3,DOI,article_like
B07842,3,3,DOI;PMID;TITLE_EXACT_NORM,AVAILABLE,1,3,DOI,article_like
B07843,3,3,DOI;PMID;TITLE_EXACT_NORM,AVAILABLE,1,3,DOI,article_like
B07844,3,3,DOI;PMID;TITLE_EXACT_NORM,AVAILABLE,1,3,DOI,article_like
B07845,3,3,DOI;PMID;TITLE_EXACT_NORM,AVAILABLE,1,3,DOI,article_like
B07846,1,1,SINGLETON,AVAILABLE,1,1,SINGLETON,article_like
B07847,1,1,SINGLETON,AVAILABLE,1,1,SINGLETON,article_like
B07848,1,1,SINGLETON,TITLE_ONLY,0,1,SINGLETON,conference
B07849,1,1,SINGLETON,TITLE_ONLY,0,1,SINGLETON,conference
B07850,1,1,SINGLETON,AVAILABLE,1,1,SINGLETON,article_like
B07851,1,1,SINGLETON,TITLE_ONLY,0,1,SINGLETON,conference
B07852,2,2,DOI;TITLE_EXACT_NORM,AVAILABLE,1,2,DOI,article_like
B07853,3,3,DOI;PMID;TITLE_EXACT_NORM,AVAILABLE,1,3,DOI,article_like
B07854,1,1,SINGLETON,AVAILABLE,1,1,SINGLETON,article_like
B07855,1,1,SINGLETON,TITLE_ONLY,0,1,SINGLETON,conference
B07856,1,1,SINGLETON,AVAILABLE,1,1,SINGLETON,article_like
B07857,3,3,DOI;PMID;TITLE_EXACT_NORM,AVAILABLE,1,3,DOI,article_like
B07858,1,1,SINGLETON,AVAILABLE,1,1,SINGLETON,article_like
B07859,2,2,DOI;PMID;TITLE_EXACT_NORM,AVAILABLE,1,2,DOI,article_like
B07860,1,1,SINGLETON,AVAILABLE,1,1,SINGLETON,article_like
B07861,1,1,SINGLETON,AVAILABLE,1,1,SINGLETON,article_like
B07862,2,2,DOI;TITLE_EXACT_NORM,AVAILABLE,1,2,DOI,article_like
B07863,3,3,DOI;PMID;TITLE_EXACT_NORM,AVAILABLE,1,3,DOI,article_like
B07864,1,1,SINGLETON,AVAILABLE,1,1,SINGLETON,article_like
B07865,2,2,DOI;TITLE_EXACT_NORM,AVAILABLE,1,2,DOI,article_like
B07866,3,3,DOI;PMID;TITLE_EXACT_NORM,AVAILABLE,1,3,DOI,article_like
B07867,3,3,DOI;PMID;TITLE_EXACT_NORM,AVAILABLE,1,3,DOI,article_like
B07868,3,3,DOI;PMID;TITLE_EXACT_NORM,AVAILABLE,1,3,DOI,article_like
B07869,3,3,DOI;PMID;TITLE_EXACT_NORM,AVAILABLE,1,3,DOI,article_like
B07870,1,1,SINGLETON,AVAILABLE,1,1,SINGLETON,article_like
B07871,1,1,SINGLETON,AVAILABLE,1,1,SINGLETON,article_like
B07872,1,1,SINGLETON,AVAILABLE,1,1,SINGLETON,article_like
B07873,1,1,SINGLETON,AVAILABLE,1,1,SINGLETON,article_like
B07874,1,1,SINGLETON,AVAILABLE,1,1,SINGLETON,article_like
B07875,1,1,SINGLETON,AVAILABLE,1,1,SINGLETON,article_like
B07876,1,1,SINGLETON,AVAILABLE,1,1,SINGLETON,article_like
B07877,1,1,SINGLETON,AVAILABLE,1,1,SINGLETON,article_like
B07878,3,3,DOI;PMID;TITLE_EXACT_NORM,AVAILABLE,1,3,DOI,article_like
B07879,1,1,SINGLETON,AVAILABLE,1,1,SINGLETON,article_like
B07880,1,1,SINGLETON,AVAILABLE,1,1,SINGLETON,article_like
B07881,1,1,SINGLETON,AVAILABLE,1,1,SINGLETON,article_like
B07882,1,1,SINGLETON,AVAILABLE,1,1,SINGLETON,article_like
B07883,3,3,DOI;PMID;TITLE_EXACT_NORM,AVAILABLE,1,3,DOI,article_like
B07884,1,1,SINGLETON,AVAILABLE,1,1,SINGLETON,article_like
B07885,3,3,DOI;PMID;TITLE_EXACT_NORM,AVAILABLE,1,3,DOI,article_like
B07886,3,3,DOI;PMID;TITLE_EXACT_NORM,AVAILABLE,1,3,DOI,article_like
B07887,1,1,SINGLETON,AVAILABLE,1,1,SINGLETON,article_like
B07888,3,3,DOI;PMID;TITLE_EXACT_NORM,AVAILABLE,1,3,DOI,article_like
B07889,3,3,DOI;PMID;TITLE_EXACT_NORM,AVAILABLE,1,3,DOI,article_like
B07890,2,1,TITLE_EXACT_NORM,TITLE_ONLY,0,2,TITLE_EXACT_NORM,conference
B07891,3,3,DOI;PMID;TITLE_EXACT_NORM,AVAILABLE,1,3,DOI,article_like
B07892,1,1,SINGLETON,AVAILABLE,1,1,SINGLETON,article_like
B07893,1,1,SINGLETON,AVAILABLE,1,1,SINGLETON,article_like
B07894,3,3,DOI;PMID;TITLE_EXACT_NORM,AVAILABLE,1,3,DOI,article_like
B07895,3,3,DOI;PMID;TITLE_EXACT_NORM,AVAILABLE,1,3,DOI,article_like
B07896,3,3,DOI;PMID;TITLE_EXACT_NORM,AVAILABLE,1,3,DOI,article_like
B07897,3,3,DOI;PMID;TITLE_EXACT_NORM,AVAILABLE,1,3,DOI,article_like
B07898,1,1,SINGLETON,TITLE_ONLY,0,1,SINGLETON,conference
B07899,3,3,DOI;PMID;TITLE_EXACT_NORM,AVAILABLE,1,3,DOI,article_like
B07900,3,3,DOI;PMID;TITLE_EXACT_NORM,AVAILABLE,1,3,DOI,article_like
B07901,1,1,SINGLETON,AVAILABLE,1,1,SINGLETON,article_like
B07902,1,1,SINGLETON,AVAILABLE,1,1,SINGLETON,article_like
B07903,2,2,DOI;TITLE_EXACT_NORM,AVAILABLE,1,2,DOI,article_like
B07904,1,1,SINGLETON,AVAILABLE,1,1,SINGLETON,article_like
B07905,2,2,DOI;PMID;TITLE_EXACT_NORM,AVAILABLE,1,2,DOI,article_like
B07906,3,3,DOI;PMID;TITLE_EXACT_NORM,AVAILABLE,1,3,DOI,article_like
B07907,1,1,SINGLETON,AVAILABLE,1,1,SINGLETON,article_like
B07908,3,3,DOI;PMID;TITLE_EXACT_NORM,AVAILABLE,1,3,DOI,article_like
B07909,1,1,SINGLETON,AVAILABLE,1,1,SINGLETON,article_like
B07910,1,1,SINGLETON,AVAILABLE,1,1,SINGLETON,article_like
B07911,3,3,DOI;PMID;TITLE_EXACT_NORM,AVAILABLE,1,3,DOI,article_like
B07912,1,1,SINGLETON,AVAILABLE,1,1,SINGLETON,article_like
B07913,3,3,DOI;PMID;TITLE_EXACT_NORM,AVAILABLE,1,3,DOI,article_like
B07914,3,3,DOI;PMID;TITLE_EXACT_NORM,AVAILABLE,1,3,DOI,article_like
B07915,1,1,SINGLETON,TITLE_ONLY,0,1,SINGLETON,conference
B07916,1,1,SINGLETON,AVAILABLE,1,1,SINGLETON,article_like
B07917,3,3,DOI;PMID;TITLE_EXACT_NORM,AVAILABLE,1,3,DOI,article_like
B07918,1,1,SINGLETON,AVAILABLE,1,1,SINGLETON,article_like
B07919,1,1,SINGLETON,AVAILABLE,1,1,SINGLETON,article_like
B07920,1,1,SINGLETON,AVAILABLE,1,1,SINGLETON,article_like
B07921,3,3,DOI;PMID;TITLE_EXACT_NORM,AVAILABLE,1,3,DOI,article_like
B07922,1,1,SINGLETON,AVAILABLE,1,1,SINGLETON,article_like
B07923,1,1,SINGLETON,AVAILABLE,1,1,SINGLETON,article_like
B07924,2,2,DOI;PMID;TITLE_EXACT_NORM,AVAILABLE,1,2,DOI,article_like
B07925,1,1,SINGLETON,AVAILABLE,1,1,SINGLETON,article_like
B07926,1,1,SINGLETON,AVAILABLE,1,1,SINGLETON,article_like
B07927,1,1,SINGLETON,AVAILABLE,1,1,SINGLETON,article_like
B07928,1,1,SINGLETON,AVAILABLE,1,1,SINGLETON,article_like
B07929,1,1,SINGLETON,AVAILABLE,1,1,SINGLETON,article_like
B07930,3,3,DOI;PMID;TITLE_EXACT_NORM,AVAILABLE,1,3,DOI,article_like
B07931,1,1,SINGLETON,AVAILABLE,1,1,SINGLETON,article_like
B07932,2,2,DOI;PMID;TITLE_EXACT_NORM,TITLE_ONLY,0,2,DOI,article_like
B07933,1,1,SINGLETON,AVAILABLE,1,1,SINGLETON,article_like
B07934,1,1,SINGLETON,AVAILABLE,1,1,SINGLETON,article_like
B07935,3,3,DOI;PMID;TITLE_EXACT_NORM,AVAILABLE,1,3,DOI,article_like
B07936,1,1,SINGLETON,AVAILABLE,1,1,SINGLETON,article_like
B07937,1,1,SINGLETON,AVAILABLE,1,1,SINGLETON,article_like
B07938,1,1,SINGLETON,AVAILABLE,1,1,SINGLETON,article_like
B07939,1,1,SINGLETON,AVAILABLE,1,1,SINGLETON,article_like
B07940,1,1,SINGLETON,AVAILABLE,1,1,SINGLETON,article_like
B07941,1,1,SINGLETON,AVAILABLE,1,1,SINGLETON,article_like
B07942,3,3,DOI;PMID;TITLE_EXACT_NORM,AVAILABLE,1,3,DOI,article_like
B07943,1,1,SINGLETON,AVAILABLE,1,1,SINGLETON,article_like
B07944,3,3,DOI;PMID;TITLE_EXACT_NORM,AVAILABLE,1,3,DOI,article_like
B07945,2,2,DOI;TITLE_EXACT_NORM,AVAILABLE,1,2,DOI,article_like
B07946,1,1,SINGLETON,AVAILABLE,1,1,SINGLETON,article_like
B07947,3,3,DOI;PMID;TITLE_EXACT_NORM,AVAILABLE,1,3,DOI,article_like
B07948,1,1,SINGLETON,AVAILABLE,1,1,SINGLETON,article_like
B07949,3,3,DOI;PMID;TITLE_EXACT_NORM,AVAILABLE,1,3,DOI,article_like
B07950,1,1,SINGLETON,AVAILABLE,1,1,SINGLETON,article_like
B07951,1,1,SINGLETON,AVAILABLE,1,1,SINGLETON,article_like
B07952,1,1,SINGLETON,AVAILABLE,1,1,SINGLETON,article_like
B07953,3,3,DOI;PMID;TITLE_EXACT_NORM,AVAILABLE,1,3,DOI,article_like
B07954,3,3,DOI;PMID;TITLE_EXACT_NORM,AVAILABLE,1,3,DOI,article_like
B07955,1,1,SINGLETON,AVAILABLE,1,1,SINGLETON,article_like
B07956,3,3,DOI;PMID;TITLE_EXACT_NORM,AVAILABLE,1,3,DOI,article_like
B07957,3,3,DOI;PMID;TITLE_EXACT_NORM,AVAILABLE,1,3,DOI,article_like
B07958,1,1,SINGLETON,AVAILABLE,1,1,SINGLETON,article_like
B07959,1,1,SINGLETON,AVAILABLE,1,1,SINGLETON,article_like
B07960,1,1,SINGLETON,AVAILABLE,1,1,SINGLETON,article_like
B07961,1,1,SINGLETON,AVAILABLE,1,1,SINGLETON,article_like
B07962,3,3,DOI;PMID;TITLE_EXACT_NORM,AVAILABLE,1,3,DOI,article_like
B07963,2,2,DOI;PMID;TITLE_EXACT_NORM,AVAILABLE,1,2,DOI,article_like
B07964,2,2,DOI;PMID;TITLE_EXACT_NORM,AVAILABLE,1,2,DOI,article_like
B07965,2,2,DOI;PMID;TITLE_EXACT_NORM,TITLE_ONLY,0,2,DOI,article_like
B07966,1,1,SINGLETON,AVAILABLE,1,1,SINGLETON,article_like
B07967,1,1,SINGLETON,AVAILABLE,1,1,SINGLETON,article_like
B07968,1,1,SINGLETON,TITLE_ONLY,0,1,SINGLETON,article_like
B07969,1,1,SINGLETON,AVAILABLE,1,1,SINGLETON,article_like
B07970,1,1,SINGLETON,AVAILABLE,1,1,SINGLETON,article_like
B07971,1,1,SINGLETON,AVAILABLE,1,1,SINGLETON,article_like
B07972,2,2,DOI;PMID;TITLE_EXACT_NORM,AVAILABLE,1,2,DOI,article_like
B07973,1,1,SINGLETON,AVAILABLE,1,1,SINGLETON,article_like
B07974,3,3,DOI;PMID;TITLE_EXACT_NORM,AVAILABLE,1,3,DOI,article_like
B07975,1,1,SINGLETON,AVAILABLE,1,1,SINGLETON,article_like
B07976,2,2,DOI;TITLE_EXACT_NORM,AVAILABLE,1,2,DOI,article_like
B07977,1,1,SINGLETON,AVAILABLE,1,1,SINGLETON,article_like
B07978,1,1,SINGLETON,TITLE_ONLY,0,1,SINGLETON,article_like
B07979,1,1,SINGLETON,AVAILABLE,1,1,SINGLETON,article_like
B07980,3,3,DOI;PMID;TITLE_EXACT_NORM,AVAILABLE,1,3,DOI,article_like
B07981,2,2,DOI;PMID;TITLE_EXACT_NORM,AVAILABLE,1,2,DOI,article_like
B07982,3,3,DOI;PMID;TITLE_EXACT_NORM,AVAILABLE,1,3,DOI,article_like
B07983,1,1,SINGLETON,AVAILABLE,1,1,SINGLETON,article_like
B07984,1,1,SINGLETON,TITLE_ONLY,0,1,SINGLETON,conference
B07985,3,3,DOI;PMID;TITLE_EXACT_NORM,AVAILABLE,1,3,DOI,article_like
B07986,3,3,DOI;PMID;TITLE_EXACT_NORM,AVAILABLE,1,3,DOI,article_like
B07987,3,3,DOI;PMID;TITLE_EXACT_NORM,AVAILABLE,1,3,DOI,article_like
B07988,3,3,DOI;PMID;TITLE_EXACT_NORM,AVAILABLE,1,3,DOI,article_like
B07989,3,3,DOI;PMID;TITLE_EXACT_NORM,AVAILABLE,1,3,DOI,article_like
B07990,3,3,DOI;PMID;TITLE_EXACT_NORM,AVAILABLE,1,3,DOI,article_like
B07991,3,3,DOI;PMID;TITLE_EXACT_NORM,AVAILABLE,1,3,DOI,article_like
B07992,3,3,DOI;PMID;TITLE_EXACT_NORM,AVAILABLE,1,3,DOI,article_like
B07993,3,3,DOI;PMID;TITLE_EXACT_NORM,AVAILABLE,1,3,DOI,article_like
B07994,3,3,DOI;PMID;TITLE_EXACT_NORM,AVAILABLE,1,3,DOI,article_like
B07995,3,3,DOI;PMID;TITLE_EXACT_NORM,AVAILABLE,1,3,DOI,article_like
B07996,3,3,DOI;PMID;TITLE_EXACT_NORM,AVAILABLE,1,3,DOI,article_like
B07997,1,1,SINGLETON,TITLE_ONLY,0,1,SINGLETON,conference
B07998,3,3,DOI;PMID;TITLE_EXACT_NORM,AVAILABLE,1,3,DOI,article_like
B07999,1,1,SINGLETON,AVAILABLE,1,1,SINGLETON,article_like
B08000,3,3,DOI;PMID;TITLE_EXACT_NORM,AVAILABLE,1,3,DOI,article_like
B08001,1,1,SINGLETON,AVAILABLE,1,1,SINGLETON,article_like
B08002,1,1,SINGLETON,TITLE_ONLY,0,1,SINGLETON,article_like
B08003,1,1,SINGLETON,AVAILABLE,1,1,SINGLETON,article_like
B08004,3,3,DOI;PMID;TITLE_EXACT_NORM,AVAILABLE,1,3,DOI,article_like
B08005,1,1,SINGLETON,AVAILABLE,1,1,SINGLETON,article_like
B08006,1,1,SINGLETON,AVAILABLE,1,1,SINGLETON,article_like
B08007,1,1,SINGLETON,AVAILABLE,1,1,SINGLETON,article_like
B08008,1,1,SINGLETON,AVAILABLE,1,1,SINGLETON,article_like
B08009,3,3,DOI;PMID;TITLE_EXACT_NORM,AVAILABLE,1,3,DOI,article_like
B08010,1,1,SINGLETON,AVAILABLE,1,1,SINGLETON,article_like
B08011,1,1,SINGLETON,AVAILABLE,1,1,SINGLETON,article_like
B08012,3,3,DOI;PMID;TITLE_EXACT_NORM,AVAILABLE,1,3,DOI,article_like
B08013,1,1,SINGLETON,AVAILABLE,1,1,SINGLETON,article_like
B08014,2,2,DOI;PMID;TITLE_EXACT_NORM,AVAILABLE,1,2,DOI,article_like
B08015,3,3,DOI;PMID;TITLE_EXACT_NORM,AVAILABLE,1,3,DOI,article_like
B08016,1,1,SINGLETON,AVAILABLE,1,1,SINGLETON,article_like
B08017,3,3,DOI;PMID;TITLE_EXACT_NORM,AVAILABLE,1,3,DOI,article_like
B08018,3,3,DOI;PMID;TITLE_EXACT_NORM,AVAILABLE,1,3,DOI,article_like
B08019,1,1,SINGLETON,AVAILABLE,1,1,SINGLETON,article_like
B08020,2,2,DOI;PMID;TITLE_EXACT_NORM,AVAILABLE,1,2,DOI,article_like
B08021,1,1,SINGLETON,AVAILABLE,1,1,SINGLETON,article_like
B08022,1,1,SINGLETON,AVAILABLE,1,1,SINGLETON,article_like
B08023,1,1,SINGLETON,AVAILABLE,1,1,SINGLETON,article_like
B08024,1,1,SINGLETON,TITLE_ONLY,0,1,SINGLETON,conference
B08025,1,1,SINGLETON,AVAILABLE,1,1,SINGLETON,article_like
B08026,3,3,DOI;PMID;TITLE_EXACT_NORM,AVAILABLE,1,3,DOI,article_like
B08027,2,2,DOI;PMID;TITLE_EXACT_NORM,AVAILABLE,1,2,DOI,article_like
B08028,1,1,SINGLETON,AVAILABLE,1,1,SINGLETON,article_like
B08029,3,3,DOI;PMID;TITLE_EXACT_NORM,AVAILABLE,1,3,DOI,article_like
B08030,3,3,DOI;PMID;TITLE_EXACT_NORM,AVAILABLE,1,3,DOI,article_like
B08031,3,3,DOI;PMID;TITLE_EXACT_NORM,AVAILABLE,1,3,DOI,article_like
B08032,1,1,SINGLETON,AVAILABLE,1,1,SINGLETON,article_like
B08033,1,1,SINGLETON,AVAILABLE,1,1,SINGLETON,article_like
B08034,1,1,SINGLETON,TITLE_ONLY,0,1,SINGLETON,article_like
B08035,1,1,SINGLETON,TITLE_ONLY,0,1,SINGLETON,conference
B08036,1,1,SINGLETON,AVAILABLE,1,1,SINGLETON,article_like
B08037,1,1,SINGLETON,AVAILABLE,1,1,SINGLETON,article_like
B08038,1,1,SINGLETON,AVAILABLE,1,1,SINGLETON,article_like
B08039,1,1,SINGLETON,AVAILABLE,1,1,SINGLETON,article_like
B08040,1,1,SINGLETON,AVAILABLE,1,1,SINGLETON,article_like
B08041,2,2,DOI;PMID;TITLE_EXACT_NORM,AVAILABLE,1,2,DOI,article_like
B08042,1,1,SINGLETON,AVAILABLE,1,1,SINGLETON,article_like
B08043,1,1,SINGLETON,AVAILABLE,1,1,SINGLETON,article_like
B08044,3,3,DOI;PMID;TITLE_EXACT_NORM,AVAILABLE,1,3,DOI,article_like
B08045,2,2,DOI;TITLE_EXACT_NORM,AVAILABLE,1,2,DOI,article_like
B08046,1,1,SINGLETON,TITLE_ONLY,0,1,SINGLETON,conference
B08047,1,1,SINGLETON,AVAILABLE,1,1,SINGLETON,article_like
B08048,3,3,DOI;PMID;TITLE_EXACT_NORM,AVAILABLE,1,3,DOI,article_like
B08049,3,3,DOI;PMID;TITLE_EXACT_NORM,AVAILABLE,1,3,DOI,article_like
B08050,1,1,SINGLETON,AVAILABLE,1,1,SINGLETON,article_like
B08051,2,2,DOI;TITLE_EXACT_NORM,AVAILABLE,1,2,DOI,article_like
B08052,3,3,DOI;PMID;TITLE_EXACT_NORM,AVAILABLE,1,3,DOI,article_like
B08053,2,2,DOI;PMID;TITLE_EXACT_NORM,AVAILABLE,1,2,DOI,article_like
B08054,1,1,SINGLETON,TITLE_ONLY,0,1,SINGLETON,article_like
B08055,1,1,SINGLETON,AVAILABLE,1,1,SINGLETON,article_like
B08056,2,2,PMID;TITLE_EXACT_NORM,AVAILABLE,1,2,PMID,article_like
B08057,3,3,DOI;PMID;TITLE_EXACT_NORM,AVAILABLE,1,3,DOI,article_like
B08058,1,1,SINGLETON,AVAILABLE,1,1,SINGLETON,article_like
B08059,3,3,DOI;PMID;TITLE_EXACT_NORM,AVAILABLE,1,3,DOI,article_like
B08060,1,1,SINGLETON,TITLE_ONLY,0,1,SINGLETON,conference
B08061,3,3,DOI;PMID;TITLE_EXACT_NORM,AVAILABLE,1,3,DOI,article_like
B08062,1,1,SINGLETON,AVAILABLE,1,1,SINGLETON,article_like
B08063,1,1,SINGLETON,AVAILABLE,1,1,SINGLETON,article_like
B08064,3,3,DOI;PMID;TITLE_EXACT_NORM,AVAILABLE,1,3,DOI,article_like
B08065,1,1,SINGLETON,TITLE_ONLY,0,1,SINGLETON,conference
B08066,1,1,SINGLETON,AVAILABLE,1,1,SINGLETON,article_like
B08067,3,3,DOI;PMID;TITLE_EXACT_NORM,AVAILABLE,1,3,DOI,article_like
B08068,1,1,SINGLETON,AVAILABLE,1,1,SINGLETON,article_like
B08069,3,3,DOI;PMID;TITLE_EXACT_NORM,AVAILABLE,1,3,DOI,article_like
B08070,2,2,DOI;PMID;TITLE_EXACT_NORM,AVAILABLE,1,2,DOI,article_like
B08071,2,2,DOI;PMID,AVAILABLE,1,2,DOI,article_like
B08072,1,1,SINGLETON,AVAILABLE,1,1,SINGLETON,article_like
B08073,3,3,DOI;PMID;TITLE_EXACT_NORM,AVAILABLE,1,3,DOI,article_like
B08074,2,2,DOI;TITLE_EXACT_NORM,AVAILABLE,1,2,DOI,article_like
B08075,3,3,DOI;PMID;TITLE_EXACT_NORM,AVAILABLE,1,3,DOI,article_like
B08076,3,3,DOI;PMID;TITLE_EXACT_NORM,AVAILABLE,1,3,DOI,article_like
B08077,3,3,DOI;PMID;TITLE_EXACT_NORM,AVAILABLE,1,3,DOI,article_like
B08078,3,3,DOI;PMID;TITLE_EXACT_NORM,AVAILABLE,1,3,DOI,article_like
B08079,1,1,SINGLETON,AVAILABLE,1,1,SINGLETON,article_like
B08080,3,3,DOI;PMID;TITLE_EXACT_NORM,AVAILABLE,1,3,DOI,article_like
B08081,3,3,DOI;PMID;TITLE_EXACT_NORM,AVAILABLE,1,3,DOI,article_like
B08082,1,1,SINGLETON,AVAILABLE,1,1,SINGLETON,article_like
B08083,3,3,DOI;PMID;TITLE_EXACT_NORM,AVAILABLE,1,3,DOI,article_like
B08084,3,3,DOI;PMID;TITLE_EXACT_NORM,AVAILABLE,1,3,DOI,article_like
B08085,1,1,SINGLETON,TITLE_ONLY,0,1,SINGLETON,article_like
B08086,3,3,DOI;PMID,AVAILABLE,1,3,DOI,article_like
B08087,1,1,SINGLETON,AVAILABLE,1,1,SINGLETON,article_like
B08088,1,1,SINGLETON,AVAILABLE,1,1,SINGLETON,article_like
B08089,1,1,SINGLETON,AVAILABLE,1,1,SINGLETON,article_like
B08090,3,3,DOI;PMID;TITLE_EXACT_NORM,AVAILABLE,1,3,DOI,article_like
B08091,3,3,DOI;PMID;TITLE_EXACT_NORM,AVAILABLE,1,3,DOI,article_like
B08092,3,3,DOI;PMID;TITLE_EXACT_NORM,AVAILABLE,1,3,DOI,article_like
B08093,1,1,SINGLETON,AVAILABLE,1,1,SINGLETON,article_like
B08094,1,1,SINGLETON,AVAILABLE,1,1,SINGLETON,article_like
B08095,1,1,SINGLETON,AVAILABLE,1,1,SINGLETON,article_like
B08096,3,3,DOI;PMID;TITLE_EXACT_NORM,AVAILABLE,1,3,DOI,article_like
B08097,1,1,SINGLETON,AVAILABLE,1,1,SINGLETON,article_like
B08098,1,1,SINGLETON,AVAILABLE,1,1,SINGLETON,article_like
B08099,1,1,SINGLETON,AVAILABLE,1,1,SINGLETON,article_like
B08100,1,1,SINGLETON,AVAILABLE,1,1,SINGLETON,article_like
B08101,2,2,DOI;TITLE_EXACT_NORM,AVAILABLE,1,2,DOI,article_like
B08102,3,3,DOI;PMID;TITLE_EXACT_NORM,AVAILABLE,1,3,DOI,article_like
B08103,1,1,SINGLETON,AVAILABLE,1,1,SINGLETON,article_like
B08104,1,1,SINGLETON,AVAILABLE,1,1,SINGLETON,article_like
B08105,1,1,SINGLETON,AVAILABLE,1,1,SINGLETON,article_like
B08106,1,1,SINGLETON,AVAILABLE,1,1,SINGLETON,article_like
B08107,3,3,DOI;PMID;TITLE_EXACT_NORM,AVAILABLE,1,3,DOI,article_like
B08108,1,1,SINGLETON,AVAILABLE,1,1,SINGLETON,article_like
B08109,2,2,DOI;PMID;TITLE_EXACT_NORM,AVAILABLE,1,2,DOI,article_like
B08110,1,1,SINGLETON,AVAILABLE,1,1,SINGLETON,article_like
B08111,3,3,DOI;PMID;TITLE_EXACT_NORM,AVAILABLE,1,3,DOI,article_like
B08112,3,3,DOI;PMID;TITLE_EXACT_NORM,AVAILABLE,1,3,DOI,article_like
B08113,3,3,DOI;PMID;TITLE_EXACT_NORM,AVAILABLE,1,3,DOI,article_like
B08114,1,1,SINGLETON,AVAILABLE,1,1,SINGLETON,article_like
B08115,3,3,DOI;PMID;TITLE_EXACT_NORM,AVAILABLE,1,3,DOI,article_like
B08116,1,1,SINGLETON,AVAILABLE,1,1,SINGLETON,article_like
B08117,1,1,SINGLETON,AVAILABLE,1,1,SINGLETON,article_like
B08118,1,1,SINGLETON,AVAILABLE,1,1,SINGLETON,article_like
B08119,1,1,SINGLETON,AVAILABLE,1,1,SINGLETON,article_like
B08120,1,1,SINGLETON,AVAILABLE,1,1,SINGLETON,article_like
B08121,1,1,SINGLETON,AVAILABLE,1,1,SINGLETON,article_like
B08122,3,3,DOI;PMID;TITLE_EXACT_NORM,AVAILABLE,1,3,DOI,article_like
B08123,3,3,DOI;PMID;TITLE_EXACT_NORM,AVAILABLE,1,3,DOI,article_like
B08124,3,3,DOI;PMID;TITLE_EXACT_NORM,AVAILABLE,1,3,DOI,article_like
B08125,2,2,DOI;PMID;TITLE_EXACT_NORM,AVAILABLE,1,2,DOI,article_like
B08126,2,2,DOI;PMID;TITLE_EXACT_NORM,AVAILABLE,1,2,DOI,article_like
B08127,1,1,SINGLETON,AVAILABLE,1,1,SINGLETON,article_like
B08128,2,2,DOI;PMID;TITLE_EXACT_NORM,AVAILABLE,1,2,DOI,article_like
B08129,1,1,SINGLETON,AVAILABLE,1,1,SINGLETON,article_like
B08130,1,1,SINGLETON,AVAILABLE,1,1,SINGLETON,article_like
B08131,2,2,DOI;PMID;TITLE_EXACT_NORM,AVAILABLE,1,2,DOI,article_like
B08132,1,1,SINGLETON,AVAILABLE,1,1,SINGLETON,article_like
B08133,1,1,SINGLETON,AVAILABLE,1,1,SINGLETON,article_like
B08134,1,1,SINGLETON,AVAILABLE,1,1,SINGLETON,article_like
B08135,1,1,SINGLETON,AVAILABLE,1,1,SINGLETON,article_like
B08136,2,2,DOI;PMID;TITLE_EXACT_NORM,AVAILABLE,1,2,DOI,article_like
B08137,1,1,SINGLETON,AVAILABLE,1,1,SINGLETON,article_like
B08138,2,2,DOI;PMID,AVAILABLE,1,2,DOI,article_like
B08139,1,1,SINGLETON,AVAILABLE,1,1,SINGLETON,article_like
B08140,1,1,SINGLETON,AVAILABLE,1,1,SINGLETON,article_like
B08141,1,1,SINGLETON,TITLE_ONLY,0,1,SINGLETON,article_like
B08142,3,3,DOI;PMID;TITLE_EXACT_NORM,AVAILABLE,1,3,DOI,article_like
B08143,3,3,DOI;PMID,AVAILABLE,1,3,DOI,article_like
B08144,3,3,DOI;PMID;TITLE_EXACT_NORM,AVAILABLE,1,3,DOI,article_like
B08145,1,1,SINGLETON,AVAILABLE,1,1,SINGLETON,article_like
B08146,3,3,DOI;PMID;TITLE_EXACT_NORM,AVAILABLE,1,3,DOI,article_like
B08147,3,3,DOI;PMID;TITLE_EXACT_NORM,AVAILABLE,1,3,DOI,article_like
B08148,3,3,DOI;PMID;TITLE_EXACT_NORM,AVAILABLE,1,3,DOI,article_like
B08149,1,1,SINGLETON,AVAILABLE,1,1,SINGLETON,article_like
B08150,3,3,DOI;PMID;TITLE_EXACT_NORM,AVAILABLE,1,3,DOI,article_like
B08151,3,3,DOI;PMID;TITLE_EXACT_NORM,AVAILABLE,1,3,DOI,article_like
B08152,3,3,DOI;PMID,AVAILABLE,1,3,DOI,correction
B08153,3,3,DOI;PMID,AVAILABLE,1,3,DOI,correction
B08154,3,3,DOI;PMID,AVAILABLE,1,3,DOI,correction
B08155,1,1,SINGLETON,AVAILABLE,1,1,SINGLETON,article_like
B08156,3,3,DOI;PMID;TITLE_EXACT_NORM,AVAILABLE,1,3,DOI,article_like
B08157,3,3,DOI;PMID;TITLE_EXACT_NORM,AVAILABLE,1,3,DOI,article_like
B08158,1,1,SINGLETON,AVAILABLE,1,1,SINGLETON,article_like
B08159,1,1,SINGLETON,AVAILABLE,1,1,SINGLETON,article_like
B08160,3,3,DOI;PMID;TITLE_EXACT_NORM,AVAILABLE,1,3,DOI,article_like
B08161,3,3,DOI;PMID;TITLE_EXACT_NORM,AVAILABLE,1,3,DOI,article_like
B08162,1,1,SINGLETON,TITLE_ONLY,0,1,SINGLETON,conference
B08163,1,1,SINGLETON,AVAILABLE,1,1,SINGLETON,article_like
B08164,1,1,SINGLETON,AVAILABLE,1,1,SINGLETON,article_like
B08165,1,1,SINGLETON,AVAILABLE,1,1,SINGLETON,article_like
B08166,1,1,SINGLETON,AVAILABLE,1,1,SINGLETON,article_like
B08167,1,1,SINGLETON,AVAILABLE,1,1,SINGLETON,article_like
B08168,1,1,SINGLETON,AVAILABLE,1,1,SINGLETON,article_like
B08169,1,1,SINGLETON,AVAILABLE,1,1,SINGLETON,article_like
B08170,1,1,SINGLETON,AVAILABLE,1,1,SINGLETON,article_like
B08171,3,3,DOI;PMID;TITLE_EXACT_NORM,AVAILABLE,1,3,DOI,article_like
B08172,1,1,SINGLETON,AVAILABLE,1,1,SINGLETON,article_like
B08173,3,3,DOI;PMID;TITLE_EXACT_NORM,AVAILABLE,1,3,DOI,article_like
B08174,1,1,SINGLETON,AVAILABLE,1,1,SINGLETON,article_like
B08175,3,3,DOI;PMID;TITLE_EXACT_NORM,AVAILABLE,1,3,DOI,article_like
B08176,1,1,SINGLETON,AVAILABLE,1,1,SINGLETON,article_like
B08177,1,1,SINGLETON,AVAILABLE,1,1,SINGLETON,article_like
B08178,3,3,DOI;PMID;TITLE_EXACT_NORM,AVAILABLE,1,3,DOI,article_like
B08179,1,1,SINGLETON,AVAILABLE,1,1,SINGLETON,article_like
B08180,1,1,SINGLETON,AVAILABLE,1,1,SINGLETON,article_like
B08181,1,1,SINGLETON,AVAILABLE,1,1,SINGLETON,article_like
B08182,3,3,DOI;PMID;TITLE_EXACT_NORM,AVAILABLE,1,3,DOI,article_like
B08183,2,2,DOI;TITLE_EXACT_NORM,AVAILABLE,1,2,DOI,article_like
B08184,1,1,SINGLETON,AVAILABLE,1,1,SINGLETON,article_like
B08185,3,3,DOI;PMID;TITLE_EXACT_NORM,AVAILABLE,1,3,DOI,article_like
B08186,1,1,SINGLETON,AVAILABLE,1,1,SINGLETON,article_like
B08187,1,1,SINGLETON,AVAILABLE,1,1,SINGLETON,article_like
B08188,2,2,DOI;TITLE_EXACT_NORM,AVAILABLE,1,2,DOI,article_like
B08189,1,1,SINGLETON,AVAILABLE,1,1,SINGLETON,article_like
B08190,3,3,DOI;PMID;TITLE_EXACT_NORM,AVAILABLE,1,3,DOI,article_like
B08191,1,1,SINGLETON,AVAILABLE,1,1,SINGLETON,article_like
B08192,3,3,DOI;PMID;TITLE_EXACT_NORM,AVAILABLE,1,3,DOI,article_like
B08193,1,1,SINGLETON,AVAILABLE,1,1,SINGLETON,article_like
B08194,3,3,DOI;PMID;TITLE_EXACT_NORM,AVAILABLE,1,3,DOI,article_like
B08195,1,1,SINGLETON,AVAILABLE,1,1,SINGLETON,article_like
B08196,1,1,SINGLETON,AVAILABLE,1,1,SINGLETON,article_like
B08197,1,1,SINGLETON,AVAILABLE,1,1,SINGLETON,article_like
B08198,1,1,SINGLETON,AVAILABLE,1,1,SINGLETON,article_like
B08199,2,2,DOI;TITLE_EXACT_NORM,AVAILABLE,1,2,DOI,article_like
B08200,3,3,DOI;PMID;TITLE_EXACT_NORM,AVAILABLE,1,3,DOI,article_like
B08201,1,1,SINGLETON,AVAILABLE,1,1,SINGLETON,article_like
B08202,1,1,SINGLETON,AVAILABLE,1,1,SINGLETON,article_like
B08203,2,2,DOI;PMID;TITLE_EXACT_NORM,AVAILABLE,1,2,DOI,article_like
B08204,2,2,DOI;PMID;TITLE_EXACT_NORM,AVAILABLE,1,2,DOI,article_like
B08205,2,2,DOI;PMID;TITLE_EXACT_NORM,AVAILABLE,1,2,DOI,article_like
B08206,1,1,SINGLETON,AVAILABLE,1,1,SINGLETON,article_like
B08207,1,1,SINGLETON,TITLE_ONLY,0,1,SINGLETON,conference
B08208,3,3,DOI;PMID;TITLE_EXACT_NORM,AVAILABLE,1,3,DOI,article_like
B08209,2,2,DOI;PMID;TITLE_EXACT_NORM,AVAILABLE,1,2,DOI,article_like
B08210,3,3,DOI;PMID;TITLE_EXACT_NORM,AVAILABLE,1,3,DOI,article_like
B08211,1,1,SINGLETON,AVAILABLE,1,1,SINGLETON,article_like
B08212,3,3,DOI;PMID;TITLE_EXACT_NORM,AVAILABLE,1,3,DOI,article_like
B08213,3,3,DOI;PMID;TITLE_EXACT_NORM,AVAILABLE,1,3,DOI,article_like
B08214,3,3,DOI;PMID;TITLE_EXACT_NORM,AVAILABLE,1,3,DOI,article_like
B08215,1,1,SINGLETON,AVAILABLE,1,1,SINGLETON,conference
B08216,3,3,DOI;PMID;TITLE_EXACT_NORM,AVAILABLE,1,3,DOI,article_like
B08217,1,1,SINGLETON,AVAILABLE,1,1,SINGLETON,article_like
B08218,3,3,DOI;PMID;TITLE_EXACT_NORM,AVAILABLE,1,3,DOI,article_like
B08219,3,3,DOI;PMID;TITLE_EXACT_NORM,AVAILABLE,1,3,DOI,article_like
B08220,1,1,SINGLETON,AVAILABLE,1,1,SINGLETON,article_like
B08221,3,3,DOI;PMID;TITLE_EXACT_NORM,AVAILABLE,1,3,DOI,article_like
B08222,3,3,DOI;PMID;TITLE_EXACT_NORM,AVAILABLE,1,3,DOI,article_like
B08223,3,3,DOI;PMID;TITLE_EXACT_NORM,AVAILABLE,1,3,DOI,article_like
B08224,3,3,DOI;PMID;TITLE_EXACT_NORM,AVAILABLE,1,3,DOI,article_like
B08225,3,3,DOI;PMID;TITLE_EXACT_NORM,AVAILABLE,1,3,DOI,article_like
B08226,1,1,SINGLETON,TITLE_ONLY,0,1,SINGLETON,conference
B08227,1,1,SINGLETON,AVAILABLE,1,1,SINGLETON,article_like
B08228,3,3,DOI;PMID;TITLE_EXACT_NORM,AVAILABLE,1,3,DOI,article_like
B08229,3,3,DOI;PMID;TITLE_EXACT_NORM,AVAILABLE,1,3,DOI,article_like
B08230,1,1,SINGLETON,AVAILABLE,1,1,SINGLETON,article_like
B08231,3,3,DOI;PMID;TITLE_EXACT_NORM,AVAILABLE,1,3,DOI,article_like
B08232,2,2,DOI;TITLE_EXACT_NORM,AVAILABLE,1,2,DOI,article_like
B08233,3,3,DOI;PMID;TITLE_EXACT_NORM,AVAILABLE,1,3,DOI,article_like
B08234,1,1,SINGLETON,AVAILABLE,1,1,SINGLETON,article_like
B08235,2,2,DOI;PMID;TITLE_EXACT_NORM,AVAILABLE,1,2,DOI,article_like
B08236,1,1,SINGLETON,AVAILABLE,1,1,SINGLETON,article_like
B08237,1,1,SINGLETON,AVAILABLE,1,1,SINGLETON,article_like
B08238,3,3,DOI;PMID;TITLE_EXACT_NORM,AVAILABLE,1,3,DOI,article_like
B08239,3,3,DOI;PMID;TITLE_EXACT_NORM,AVAILABLE,1,3,DOI,article_like
B08240,2,2,DOI;PMID;TITLE_EXACT_NORM,AVAILABLE,1,2,DOI,article_like
B08241,1,1,SINGLETON,AVAILABLE,1,1,SINGLETON,article_like
B08242,1,1,SINGLETON,AVAILABLE,1,1,SINGLETON,article_like
B08243,1,1,SINGLETON,TITLE_ONLY,0,1,SINGLETON,article_like
B08244,3,3,DOI;PMID;TITLE_EXACT_NORM,AVAILABLE,1,3,DOI,article_like
B08245,1,1,SINGLETON,AVAILABLE,1,1,SINGLETON,article_like
B08246,1,1,SINGLETON,AVAILABLE,1,1,SINGLETON,article_like
B08247,2,2,DOI;PMID;TITLE_EXACT_NORM,AVAILABLE,1,2,DOI,article_like
B08248,3,3,DOI;PMID;TITLE_EXACT_NORM,AVAILABLE,1,3,DOI,article_like
B08249,3,3,DOI;PMID;TITLE_EXACT_NORM,AVAILABLE,1,3,DOI,article_like
B08250,1,1,SINGLETON,AVAILABLE,1,1,SINGLETON,article_like
B08251,3,3,DOI;PMID;TITLE_EXACT_NORM,AVAILABLE,1,3,DOI,article_like
B08252,3,3,DOI;PMID;TITLE_EXACT_NORM,AVAILABLE,1,3,DOI,article_like
B08253,2,2,DOI;PMID;TITLE_EXACT_NORM,AVAILABLE,1,2,DOI,article_like
B08254,3,3,DOI;PMID;TITLE_EXACT_NORM,AVAILABLE,1,3,DOI,article_like
B08255,1,1,SINGLETON,AVAILABLE,1,1,SINGLETON,article_like
B08256,1,1,SINGLETON,TITLE_ONLY,0,1,SINGLETON,article_like
B08257,3,3,DOI;PMID;TITLE_EXACT_NORM,AVAILABLE,1,3,DOI,article_like
B08258,3,3,DOI;PMID;TITLE_EXACT_NORM,AVAILABLE,1,3,DOI,article_like
B08259,1,1,SINGLETON,AVAILABLE,1,1,SINGLETON,article_like
B08260,1,1,SINGLETON,AVAILABLE,1,1,SINGLETON,article_like
B08261,1,1,SINGLETON,AVAILABLE,1,1,SINGLETON,article_like
B08262,2,2,DOI;PMID;TITLE_EXACT_NORM,AVAILABLE,1,2,DOI,article_like
B08263,3,3,DOI;PMID;TITLE_EXACT_NORM,AVAILABLE,1,3,DOI,article_like
B08264,1,1,SINGLETON,AVAILABLE,1,1,SINGLETON,conference
B08265,1,1,SINGLETON,AVAILABLE,1,1,SINGLETON,article_like
B08266,2,2,DOI;TITLE_EXACT_NORM,AVAILABLE,1,2,DOI,article_like
B08267,1,1,SINGLETON,AVAILABLE,1,1,SINGLETON,article_like
B08268,3,3,DOI;PMID;TITLE_EXACT_NORM,AVAILABLE,1,3,DOI,article_like
B08269,3,3,DOI;PMID;TITLE_EXACT_NORM,AVAILABLE,1,3,DOI,article_like
B08270,3,3,DOI;PMID;TITLE_EXACT_NORM,AVAILABLE,1,3,DOI,article_like
B08271,1,1,SINGLETON,AVAILABLE,1,1,SINGLETON,article_like
B08272,3,3,DOI;PMID;TITLE_EXACT_NORM,AVAILABLE,1,3,DOI,article_like
B08273,3,3,DOI;PMID;TITLE_EXACT_NORM,AVAILABLE,1,3,DOI,article_like
B08274,3,3,DOI;PMID;TITLE_EXACT_NORM,AVAILABLE,1,3,DOI,article_like
B08275,1,1,SINGLETON,AVAILABLE,1,1,SINGLETON,article_like
B08276,1,1,SINGLETON,AVAILABLE,1,1,SINGLETON,article_like
B08277,3,3,DOI;PMID;TITLE_EXACT_NORM,AVAILABLE,1,3,DOI,article_like
B08278,3,3,DOI;PMID;TITLE_EXACT_NORM,AVAILABLE,1,3,DOI,article_like
B08279,3,3,DOI;PMID;TITLE_EXACT_NORM,AVAILABLE,1,3,DOI,article_like
B08280,1,1,SINGLETON,TITLE_ONLY,0,1,SINGLETON,conference
B08281,1,1,SINGLETON,AVAILABLE,1,1,SINGLETON,article_like
B08282,1,1,SINGLETON,AVAILABLE,1,1,SINGLETON,article_like
B08283,1,1,SINGLETON,AVAILABLE,1,1,SINGLETON,article_like
B08284,1,1,SINGLETON,AVAILABLE,1,1,SINGLETON,article_like
B08285,1,1,SINGLETON,AVAILABLE,1,1,SINGLETON,article_like
B08286,1,1,SINGLETON,AVAILABLE,1,1,SINGLETON,article_like
B08287,1,1,SINGLETON,AVAILABLE,1,1,SINGLETON,article_like
B08288,1,1,SINGLETON,AVAILABLE,1,1,SINGLETON,article_like
B08289,3,3,DOI;PMID;TITLE_EXACT_NORM,AVAILABLE,1,3,DOI,article_like
B08290,1,1,SINGLETON,AVAILABLE,1,1,SINGLETON,article_like
B08291,3,3,DOI;PMID;TITLE_EXACT_NORM,AVAILABLE,1,3,DOI,article_like
B08292,3,3,DOI;PMID;TITLE_EXACT_NORM,AVAILABLE,1,3,DOI,article_like
B08293,1,1,SINGLETON,AVAILABLE,1,1,SINGLETON,article_like
B08294,1,1,SINGLETON,AVAILABLE,1,1,SINGLETON,article_like
B08295,3,3,DOI;PMID;TITLE_EXACT_NORM,AVAILABLE,1,3,DOI,article_like
B08296,1,1,SINGLETON,AVAILABLE,1,1,SINGLETON,article_like
B08297,1,1,SINGLETON,AVAILABLE,1,1,SINGLETON,article_like
B08298,1,1,SINGLETON,TITLE_ONLY,0,1,SINGLETON,article_like
B08299,1,1,SINGLETON,AVAILABLE,1,1,SINGLETON,article_like
B08300,1,1,SINGLETON,AVAILABLE,1,1,SINGLETON,article_like
B08301,1,1,SINGLETON,AVAILABLE,1,1,SINGLETON,article_like
B08302,2,2,DOI;TITLE_EXACT_NORM,AVAILABLE,1,2,DOI,article_like
B08303,1,1,SINGLETON,AVAILABLE,1,1,SINGLETON,article_like
B08304,3,3,DOI;PMID;TITLE_EXACT_NORM,AVAILABLE,1,3,DOI,article_like
B08305,1,1,SINGLETON,AVAILABLE,1,1,SINGLETON,article_like
B08306,3,3,DOI;PMID;TITLE_EXACT_NORM,AVAILABLE,1,3,DOI,article_like
B08307,1,1,SINGLETON,AVAILABLE,1,1,SINGLETON,article_like
B08308,1,1,SINGLETON,AVAILABLE,1,1,SINGLETON,article_like
B08309,1,1,SINGLETON,AVAILABLE,1,1,SINGLETON,article_like
B08310,1,1,SINGLETON,AVAILABLE,1,1,SINGLETON,article_like
B08311,3,3,DOI;PMID;TITLE_EXACT_NORM,AVAILABLE,1,3,DOI,article_like
B08312,1,1,SINGLETON,AVAILABLE,1,1,SINGLETON,article_like
B08313,3,3,DOI;PMID;TITLE_EXACT_NORM,AVAILABLE,1,3,DOI,article_like
B08314,1,1,SINGLETON,AVAILABLE,1,1,SINGLETON,article_like
B08315,1,1,SINGLETON,AVAILABLE,1,1,SINGLETON,article_like
B08316,1,1,SINGLETON,AVAILABLE,1,1,SINGLETON,article_like
B08317,1,1,SINGLETON,AVAILABLE,1,1,SINGLETON,article_like
B08318,1,1,SINGLETON,AVAILABLE,1,1,SINGLETON,article_like
B08319,1,1,SINGLETON,AVAILABLE,1,1,SINGLETON,article_like
B08320,1,1,SINGLETON,AVAILABLE,1,1,SINGLETON,article_like
B08321,3,3,DOI;PMID;TITLE_EXACT_NORM,AVAILABLE,1,3,DOI,article_like
B08322,1,1,SINGLETON,AVAILABLE,1,1,SINGLETON,article_like
B08323,1,1,SINGLETON,AVAILABLE,1,1,SINGLETON,article_like
B08324,3,3,DOI;PMID;TITLE_EXACT_NORM,AVAILABLE,1,3,DOI,article_like
B08325,1,1,SINGLETON,AVAILABLE,1,1,SINGLETON,article_like
B08326,1,1,SINGLETON,AVAILABLE,1,1,SINGLETON,article_like
B08327,1,1,SINGLETON,AVAILABLE,1,1,SINGLETON,article_like
B08328,2,2,DOI;TITLE_EXACT_NORM,AVAILABLE,1,2,DOI,article_like
B08329,3,3,DOI;PMID;TITLE_EXACT_NORM,TITLE_ONLY,0,3,DOI,article_like
B08330,3,3,DOI;PMID;TITLE_EXACT_NORM,AVAILABLE,1,3,DOI,article_like
B08331,1,1,SINGLETON,AVAILABLE,1,1,SINGLETON,article_like
B08332,3,3,DOI;PMID;TITLE_EXACT_NORM,AVAILABLE,1,3,DOI,article_like
B08333,3,3,DOI;PMID;TITLE_EXACT_NORM,AVAILABLE,1,3,DOI,article_like
B08334,3,3,DOI;PMID;TITLE_EXACT_NORM,AVAILABLE,1,3,DOI,article_like
B08335,1,1,SINGLETON,AVAILABLE,1,1,SINGLETON,article_like
B08336,2,2,DOI;PMID;TITLE_EXACT_NORM,AVAILABLE,1,2,DOI,article_like
B08337,1,1,SINGLETON,TITLE_ONLY,0,1,SINGLETON,article_like
B08338,3,3,DOI;PMID;TITLE_EXACT_NORM,AVAILABLE,1,3,DOI,article_like
B08339,3,3,DOI;PMID;TITLE_EXACT_NORM,AVAILABLE,1,3,DOI,article_like
B08340,2,2,DOI;PMID;TITLE_EXACT_NORM,AVAILABLE,1,2,DOI,article_like
B08341,1,1,SINGLETON,AVAILABLE,1,1,SINGLETON,article_like
B08342,1,1,SINGLETON,AVAILABLE,1,1,SINGLETON,article_like
B08343,1,1,SINGLETON,AVAILABLE,1,1,SINGLETON,article_like
B08344,1,1,SINGLETON,AVAILABLE,1,1,SINGLETON,article_like
B08345,1,1,SINGLETON,AVAILABLE,1,1,SINGLETON,article_like
B08346,1,1,SINGLETON,AVAILABLE,1,1,SINGLETON,article_like
B08347,2,2,DOI;TITLE_EXACT_NORM,AVAILABLE,1,2,DOI,article_like
B08348,1,1,SINGLETON,AVAILABLE,1,1,SINGLETON,article_like
B08349,1,1,SINGLETON,AVAILABLE,1,1,SINGLETON,article_like
B08350,3,3,DOI;PMID;TITLE_EXACT_NORM,AVAILABLE,1,3,DOI,article_like
B08351,1,1,SINGLETON,AVAILABLE,1,1,SINGLETON,article_like
B08352,2,2,DOI;PMID;TITLE_EXACT_NORM,TITLE_ONLY,0,2,DOI,article_like
B08353,1,1,SINGLETON,AVAILABLE,1,1,SINGLETON,article_like
B08354,1,1,SINGLETON,AVAILABLE,1,1,SINGLETON,article_like
B08355,1,1,SINGLETON,TITLE_ONLY,0,1,SINGLETON,conference
B08356,1,1,SINGLETON,TITLE_ONLY,0,1,SINGLETON,conference
B08357,1,1,SINGLETON,AVAILABLE,1,1,SINGLETON,article_like
B08358,1,1,SINGLETON,TITLE_ONLY,0,1,SINGLETON,article_like
B08359,1,1,SINGLETON,AVAILABLE,1,1,SINGLETON,article_like
B08360,2,2,DOI;PMID;TITLE_EXACT_NORM,AVAILABLE,1,2,DOI,article_like
B08361,1,1,SINGLETON,AVAILABLE,1,1,SINGLETON,article_like
B08362,1,1,SINGLETON,AVAILABLE,1,1,SINGLETON,article_like
B08363,1,1,SINGLETON,AVAILABLE,1,1,SINGLETON,article_like
B08364,1,1,SINGLETON,AVAILABLE,1,1,SINGLETON,article_like
B08365,3,3,DOI;PMID;TITLE_EXACT_NORM,AVAILABLE,1,3,DOI,article_like
B08366,3,3,DOI;PMID;TITLE_EXACT_NORM,AVAILABLE,1,3,DOI,article_like
B08367,1,1,SINGLETON,AVAILABLE,1,1,SINGLETON,article_like
B08368,1,1,SINGLETON,AVAILABLE,1,1,SINGLETON,article_like
B08369,1,1,SINGLETON,AVAILABLE,1,1,SINGLETON,article_like
B08370,1,1,SINGLETON,AVAILABLE,1,1,SINGLETON,article_like
B08371,1,1,SINGLETON,AVAILABLE,1,1,SINGLETON,article_like
B08372,3,3,DOI;PMID;TITLE_EXACT_NORM,AVAILABLE,1,3,DOI,article_like
B08373,1,1,SINGLETON,AVAILABLE,1,1,SINGLETON,article_like
B08374,1,1,SINGLETON,AVAILABLE,1,1,SINGLETON,article_like
B08375,1,1,SINGLETON,AVAILABLE,1,1,SINGLETON,article_like
B08376,1,1,SINGLETON,TITLE_ONLY,0,1,SINGLETON,article_like
B08377,1,1,SINGLETON,TITLE_ONLY,0,1,SINGLETON,article_like
B08378,1,1,SINGLETON,AVAILABLE,1,1,SINGLETON,article_like
B08379,1,1,SINGLETON,AVAILABLE,1,1,SINGLETON,article_like
B08380,1,1,SINGLETON,AVAILABLE,1,1,SINGLETON,article_like
B08381,3,3,DOI;PMID;TITLE_EXACT_NORM,AVAILABLE,1,3,DOI,article_like
B08382,3,3,DOI;PMID;TITLE_EXACT_NORM,AVAILABLE,1,3,DOI,article_like
B08383,2,2,DOI;PMID;TITLE_EXACT_NORM,AVAILABLE,1,2,DOI,article_like
B08384,1,1,SINGLETON,AVAILABLE,1,1,SINGLETON,article_like
B08385,1,1,SINGLETON,AVAILABLE,1,1,SINGLETON,article_like
B08386,1,1,SINGLETON,AVAILABLE,1,1,SINGLETON,article_like
B08387,1,1,SINGLETON,AVAILABLE,1,1,SINGLETON,article_like
B08388,3,3,DOI;PMID;TITLE_EXACT_NORM,AVAILABLE,1,3,DOI,article_like
B08389,1,1,SINGLETON,AVAILABLE,1,1,SINGLETON,article_like
B08390,3,3,DOI;PMID;TITLE_EXACT_NORM,AVAILABLE,1,3,DOI,article_like
B08391,1,1,SINGLETON,AVAILABLE,1,1,SINGLETON,article_like
B08392,1,1,SINGLETON,AVAILABLE,1,1,SINGLETON,article_like
B08393,1,1,SINGLETON,AVAILABLE,1,1,SINGLETON,article_like
B08394,1,1,SINGLETON,AVAILABLE,1,1,SINGLETON,article_like
B08395,1,1,SINGLETON,AVAILABLE,1,1,SINGLETON,article_like
B08396,1,1,SINGLETON,AVAILABLE,1,1,SINGLETON,article_like
B08397,1,1,SINGLETON,AVAILABLE,1,1,SINGLETON,article_like
B08398,1,1,SINGLETON,AVAILABLE,1,1,SINGLETON,article_like
B08399,3,3,DOI;PMID;TITLE_EXACT_NORM,AVAILABLE,1,3,DOI,article_like
B08400,1,1,SINGLETON,AVAILABLE,1,1,SINGLETON,article_like
B08401,1,1,SINGLETON,AVAILABLE,1,1,SINGLETON,article_like
B08402,1,1,SINGLETON,AVAILABLE,1,1,SINGLETON,article_like
B08403,1,1,SINGLETON,AVAILABLE,1,1,SINGLETON,article_like
B08404,1,1,SINGLETON,AVAILABLE,1,1,SINGLETON,article_like
B08405,1,1,SINGLETON,AVAILABLE,1,1,SINGLETON,article_like
B08406,1,1,SINGLETON,AVAILABLE,1,1,SINGLETON,article_like
B08407,3,3,DOI;PMID;TITLE_EXACT_NORM,AVAILABLE,1,3,DOI,article_like
B08408,1,1,SINGLETON,AVAILABLE,1,1,SINGLETON,article_like
B08409,1,1,SINGLETON,AVAILABLE,1,1,SINGLETON,article_like
B08410,1,1,SINGLETON,AVAILABLE,1,1,SINGLETON,article_like
B08411,1,1,SINGLETON,AVAILABLE,1,1,SINGLETON,article_like
B08412,1,1,SINGLETON,AVAILABLE,1,1,SINGLETON,article_like
B08413,3,3,DOI;PMID;TITLE_EXACT_NORM,AVAILABLE,1,3,DOI,article_like
B08414,2,2,DOI;TITLE_EXACT_NORM,AVAILABLE,1,2,DOI,article_like
B08415,3,3,DOI;PMID;TITLE_EXACT_NORM,AVAILABLE,1,3,DOI,article_like
B08416,1,1,SINGLETON,AVAILABLE,1,1,SINGLETON,article_like
B08417,2,2,DOI;TITLE_EXACT_NORM,AVAILABLE,1,2,DOI,article_like
B08418,1,1,SINGLETON,AVAILABLE,1,1,SINGLETON,article_like
B08419,1,1,SINGLETON,AVAILABLE,1,1,SINGLETON,article_like
B08420,2,2,DOI;PMID;TITLE_EXACT_NORM,AVAILABLE,1,2,DOI,article_like
B08421,1,1,SINGLETON,AVAILABLE,1,1,SINGLETON,article_like
B08422,1,1,SINGLETON,TITLE_ONLY,0,1,SINGLETON,article_like
B08423,3,3,DOI;PMID;TITLE_EXACT_NORM,AVAILABLE,1,3,DOI,article_like
B08424,1,1,SINGLETON,AVAILABLE,1,1,SINGLETON,article_like
B08425,3,3,DOI;PMID;TITLE_EXACT_NORM,AVAILABLE,1,3,DOI,article_like
B08426,1,1,SINGLETON,AVAILABLE,1,1,SINGLETON,article_like
B08427,3,3,DOI;PMID;TITLE_EXACT_NORM,AVAILABLE,1,3,DOI,article_like
B08428,2,2,DOI;PMID;TITLE_EXACT_NORM,AVAILABLE,1,2,DOI,article_like
B08429,1,1,SINGLETON,AVAILABLE,1,1,SINGLETON,article_like
B08430,1,1,SINGLETON,AVAILABLE,1,1,SINGLETON,article_like
B08431,1,1,SINGLETON,AVAILABLE,1,1,SINGLETON,article_like
B08432,1,1,SINGLETON,AVAILABLE,1,1,SINGLETON,article_like
B08433,3,3,DOI;PMID;TITLE_EXACT_NORM,AVAILABLE,1,3,DOI,article_like
B08434,1,1,SINGLETON,AVAILABLE,1,1,SINGLETON,article_like
B08435,3,3,DOI;PMID;TITLE_EXACT_NORM,AVAILABLE,1,3,DOI,article_like
B08436,3,3,DOI;PMID;TITLE_EXACT_NORM,AVAILABLE,1,3,DOI,article_like
B08437,2,2,DOI;PMID;TITLE_EXACT_NORM,AVAILABLE,1,2,DOI,article_like
B08438,3,3,DOI;PMID;TITLE_EXACT_NORM,AVAILABLE,1,3,DOI,article_like
B08439,1,1,SINGLETON,AVAILABLE,1,1,SINGLETON,article_like
B08440,1,1,SINGLETON,AVAILABLE,1,1,SINGLETON,article_like
B08441,1,1,SINGLETON,AVAILABLE,1,1,SINGLETON,article_like
B08442,1,1,SINGLETON,AVAILABLE,1,1,SINGLETON,article_like
B08443,3,3,DOI;PMID;TITLE_EXACT_NORM,AVAILABLE,1,3,DOI,article_like
B08444,1,1,SINGLETON,AVAILABLE,1,1,SINGLETON,article_like
B08445,1,1,SINGLETON,TITLE_ONLY,0,1,SINGLETON,conference
B08446,1,1,SINGLETON,AVAILABLE,1,1,SINGLETON,article_like
B08447,1,1,SINGLETON,AVAILABLE,1,1,SINGLETON,article_like
B08448,3,3,DOI;PMID;TITLE_EXACT_NORM,AVAILABLE,1,3,DOI,article_like
B08449,1,1,SINGLETON,AVAILABLE,1,1,SINGLETON,article_like
B08450,3,3,DOI;PMID;TITLE_EXACT_NORM,AVAILABLE,1,3,DOI,article_like
B08451,1,1,SINGLETON,AVAILABLE,1,1,SINGLETON,article_like
B08452,3,3,DOI;PMID;TITLE_EXACT_NORM,AVAILABLE,1,3,DOI,article_like
B08453,3,3,DOI;PMID;TITLE_EXACT_NORM,AVAILABLE,1,3,DOI,article_like
B08454,3,3,DOI;PMID;TITLE_EXACT_NORM,AVAILABLE,1,3,DOI,article_like
B08455,3,3,DOI;PMID;TITLE_EXACT_NORM,AVAILABLE,1,3,DOI,article_like
B08456,3,3,DOI;PMID;TITLE_EXACT_NORM,AVAILABLE,1,3,DOI,article_like
B08457,1,1,SINGLETON,AVAILABLE,1,1,SINGLETON,article_like
B08458,1,1,SINGLETON,AVAILABLE,1,1,SINGLETON,article_like
B08459,1,1,SINGLETON,AVAILABLE,1,1,SINGLETON,article_like
B08460,2,2,DOI;PMID;TITLE_EXACT_NORM,AVAILABLE,1,2,DOI,article_like
B08461,3,3,DOI;PMID;TITLE_EXACT_NORM,AVAILABLE,1,3,DOI,article_like
B08462,3,3,DOI;PMID;TITLE_EXACT_NORM,AVAILABLE,1,3,DOI,article_like
B08463,1,1,SINGLETON,AVAILABLE,1,1,SINGLETON,article_like
B08464,3,3,DOI;PMID;TITLE_EXACT_NORM,AVAILABLE,1,3,DOI,article_like
B08465,3,3,DOI;PMID;TITLE_EXACT_NORM,AVAILABLE,1,3,DOI,article_like
B08466,3,3,DOI;PMID;TITLE_EXACT_NORM,AVAILABLE,1,3,DOI,article_like
B08467,1,1,SINGLETON,AVAILABLE,1,1,SINGLETON,article_like
B08468,3,3,DOI;PMID;TITLE_EXACT_NORM,AVAILABLE,1,3,DOI,article_like
B08469,1,1,SINGLETON,AVAILABLE,1,1,SINGLETON,article_like
B08470,3,3,DOI;PMID;TITLE_EXACT_NORM,AVAILABLE,1,3,DOI,article_like
B08471,3,3,DOI;PMID;TITLE_EXACT_NORM,AVAILABLE,1,3,DOI,article_like
B08472,3,3,DOI;PMID;TITLE_EXACT_NORM,AVAILABLE,1,3,DOI,article_like
B08473,1,1,SINGLETON,AVAILABLE,1,1,SINGLETON,article_like
B08474,1,1,SINGLETON,AVAILABLE,1,1,SINGLETON,article_like
B08475,3,3,DOI;PMID;TITLE_EXACT_NORM,AVAILABLE,1,3,DOI,article_like
B08476,1,1,SINGLETON,AVAILABLE,1,1,SINGLETON,article_like
B08477,2,2,DOI;TITLE_EXACT_NORM,AVAILABLE,1,2,DOI,article_like
B08478,1,1,SINGLETON,AVAILABLE,1,1,SINGLETON,article_like
B08479,1,1,SINGLETON,AVAILABLE,1,1,SINGLETON,article_like
B08480,1,1,SINGLETON,AVAILABLE,1,1,SINGLETON,article_like
B08481,3,3,DOI;PMID;TITLE_EXACT_NORM,AVAILABLE,1,3,DOI,article_like
B08482,3,3,DOI;PMID;TITLE_EXACT_NORM,AVAILABLE,1,3,DOI,article_like
B08483,3,3,DOI;PMID;TITLE_EXACT_NORM,AVAILABLE,1,3,DOI,article_like
B08484,2,2,DOI;PMID;TITLE_EXACT_NORM,AVAILABLE,1,2,DOI,article_like
B08485,3,3,DOI;PMID;TITLE_EXACT_NORM,AVAILABLE,1,3,DOI,article_like
B08486,1,1,SINGLETON,AVAILABLE,1,1,SINGLETON,article_like
B08487,1,1,SINGLETON,TITLE_ONLY,0,1,SINGLETON,conference
B08488,1,1,SINGLETON,AVAILABLE,1,1,SINGLETON,article_like
B08489,1,1,SINGLETON,AVAILABLE,1,1,SINGLETON,article_like
B08490,3,3,DOI;PMID;TITLE_EXACT_NORM,AVAILABLE,1,3,DOI,article_like
B08491,3,3,DOI;PMID;TITLE_EXACT_NORM,AVAILABLE,1,3,DOI,article_like
B08492,1,1,SINGLETON,AVAILABLE,1,1,SINGLETON,article_like
B08493,1,1,SINGLETON,TITLE_ONLY,0,1,SINGLETON,article_like
B08494,1,1,SINGLETON,TITLE_ONLY,0,1,SINGLETON,article_like
B08495,1,1,SINGLETON,TITLE_ONLY,0,1,SINGLETON,conference
B08496,1,1,SINGLETON,TITLE_ONLY,0,1,SINGLETON,article_like
B08497,1,1,SINGLETON,TITLE_ONLY,0,1,SINGLETON,conference
B08498,1,1,SINGLETON,AVAILABLE,1,1,SINGLETON,article_like
B08499,1,1,SINGLETON,AVAILABLE,1,1,SINGLETON,article_like
B08500,1,1,SINGLETON,TITLE_ONLY,0,1,SINGLETON,conference
B08501,2,2,DOI;PMID;TITLE_EXACT_NORM,AVAILABLE,1,2,DOI,article_like
B08502,1,1,SINGLETON,TITLE_ONLY,0,1,SINGLETON,article_like
B08503,1,1,SINGLETON,AVAILABLE,1,1,SINGLETON,article_like
B08504,3,3,DOI;PMID;TITLE_EXACT_NORM,AVAILABLE,1,3,DOI,article_like
B08505,1,1,SINGLETON,AVAILABLE,1,1,SINGLETON,article_like
B08506,3,3,DOI;PMID;TITLE_EXACT_NORM,AVAILABLE,1,3,DOI,article_like
B08507,3,3,DOI;PMID;TITLE_EXACT_NORM,AVAILABLE,1,3,DOI,article_like
B08508,1,1,SINGLETON,AVAILABLE,1,1,SINGLETON,article_like
B08509,1,1,SINGLETON,AVAILABLE,1,1,SINGLETON,article_like
B08510,1,1,SINGLETON,TITLE_ONLY,0,1,SINGLETON,conference
B08511,1,1,SINGLETON,AVAILABLE,1,1,SINGLETON,article_like
B08512,1,1,SINGLETON,AVAILABLE,1,1,SINGLETON,article_like
B08513,1,1,SINGLETON,AVAILABLE,1,1,SINGLETON,article_like
B08514,1,1,SINGLETON,AVAILABLE,1,1,SINGLETON,article_like
B08515,1,1,SINGLETON,AVAILABLE,1,1,SINGLETON,article_like
B08516,1,1,SINGLETON,AVAILABLE,1,1,SINGLETON,article_like
B08517,1,1,SINGLETON,AVAILABLE,1,1,SINGLETON,article_like
B08518,1,1,SINGLETON,AVAILABLE,1,1,SINGLETON,article_like
B08519,1,1,SINGLETON,AVAILABLE,1,1,SINGLETON,article_like
B08520,2,2,DOI;PMID;TITLE_EXACT_NORM,AVAILABLE,1,2,DOI,article_like
B08521,1,1,SINGLETON,AVAILABLE,1,1,SINGLETON,article_like
B08522,3,3,DOI;PMID;TITLE_EXACT_NORM,AVAILABLE,1,3,DOI,article_like
B08523,3,3,DOI;PMID;TITLE_EXACT_NORM,AVAILABLE,1,3,DOI,article_like
B08524,1,1,SINGLETON,AVAILABLE,1,1,SINGLETON,article_like
B08525,3,3,DOI;PMID;TITLE_EXACT_NORM,AVAILABLE,1,3,DOI,article_like
B08526,2,2,DOI;PMID;TITLE_EXACT_NORM,AVAILABLE,1,2,DOI,article_like
B08527,1,1,SINGLETON,AVAILABLE,1,1,SINGLETON,article_like
B08528,3,3,DOI;PMID;TITLE_EXACT_NORM,AVAILABLE,1,3,DOI,article_like
B08529,3,3,DOI;PMID;TITLE_EXACT_NORM,AVAILABLE,1,3,DOI,article_like
B08530,3,3,DOI;PMID;TITLE_EXACT_NORM,AVAILABLE,1,3,DOI,article_like
B08531,3,3,DOI;PMID;TITLE_EXACT_NORM,AVAILABLE,1,3,DOI,article_like
B08532,2,2,TITLE_EXACT_NORM,AVAILABLE,1,2,TITLE_EXACT_NORM,article_like
B08533,1,1,SINGLETON,TITLE_ONLY,0,1,SINGLETON,conference
B08534,3,3,DOI;PMID;TITLE_EXACT_NORM,AVAILABLE,1,3,DOI,article_like
B08535,1,1,SINGLETON,AVAILABLE,1,1,SINGLETON,article_like
B08536,1,1,SINGLETON,AVAILABLE,1,1,SINGLETON,article_like
B08537,3,3,DOI;PMID;TITLE_EXACT_NORM,AVAILABLE,1,3,DOI,article_like
B08538,1,1,SINGLETON,AVAILABLE,1,1,SINGLETON,article_like
B08539,1,1,SINGLETON,TITLE_ONLY,0,1,SINGLETON,article_like
B08540,3,3,DOI;PMID;TITLE_EXACT_NORM,AVAILABLE,1,3,DOI,article_like
B08541,3,3,DOI;PMID;TITLE_EXACT_NORM,AVAILABLE,1,3,DOI,article_like
B08542,3,3,DOI;PMID;TITLE_EXACT_NORM,AVAILABLE,1,3,DOI,article_like
B08543,3,3,DOI;PMID,AVAILABLE,1,3,DOI,correction
B08544,3,3,DOI;PMID;TITLE_EXACT_NORM,AVAILABLE,1,3,DOI,article_like
B08545,3,3,DOI;PMID;TITLE_EXACT_NORM,AVAILABLE,1,3,DOI,article_like
B08546,2,2,DOI;PMID;TITLE_EXACT_NORM,AVAILABLE,1,2,DOI,article_like
B08547,1,1,SINGLETON,AVAILABLE,1,1,SINGLETON,article_like
B08548,1,1,SINGLETON,AVAILABLE,1,1,SINGLETON,article_like
B08549,2,2,DOI;PMID;TITLE_EXACT_NORM,AVAILABLE,1,2,DOI,article_like
B08550,1,1,SINGLETON,AVAILABLE,1,1,SINGLETON,article_like
B08551,1,1,SINGLETON,AVAILABLE,1,1,SINGLETON,article_like
B08552,1,1,SINGLETON,AVAILABLE,1,1,SINGLETON,article_like
B08553,3,3,DOI;PMID;TITLE_EXACT_NORM,AVAILABLE,1,3,DOI,article_like
B08554,3,3,DOI;PMID;TITLE_EXACT_NORM,AVAILABLE,1,3,DOI,article_like
B08555,1,1,SINGLETON,TITLE_ONLY,0,1,SINGLETON,conference
B08556,3,3,DOI;PMID;TITLE_EXACT_NORM,AVAILABLE,1,3,DOI,article_like
B08557,1,1,SINGLETON,AVAILABLE,1,1,SINGLETON,article_like
B08558,1,1,SINGLETON,AVAILABLE,1,1,SINGLETON,article_like
B08559,3,3,DOI;PMID;TITLE_EXACT_NORM,AVAILABLE,1,3,DOI,article_like
B08560,1,1,SINGLETON,AVAILABLE,1,1,SINGLETON,article_like
B08561,3,3,DOI;PMID;TITLE_EXACT_NORM,AVAILABLE,1,3,DOI,article_like
B08562,3,3,DOI;PMID;TITLE_EXACT_NORM,AVAILABLE,1,3,DOI,article_like
B08563,1,1,SINGLETON,AVAILABLE,1,1,SINGLETON,article_like
B08564,3,3,DOI;PMID;TITLE_EXACT_NORM,AVAILABLE,1,3,DOI,article_like
B08565,1,1,SINGLETON,AVAILABLE,1,1,SINGLETON,article_like
B08566,1,1,SINGLETON,AVAILABLE,1,1,SINGLETON,article_like
B08567,1,1,SINGLETON,AVAILABLE,1,1,SINGLETON,article_like
B08568,3,3,DOI;PMID;TITLE_EXACT_NORM,AVAILABLE,1,3,DOI,article_like
B08569,1,1,SINGLETON,TITLE_ONLY,0,1,SINGLETON,article_like
B08570,3,3,DOI;PMID;TITLE_EXACT_NORM,AVAILABLE,1,3,DOI,article_like
B08571,3,3,DOI;PMID;TITLE_EXACT_NORM,AVAILABLE,1,3,DOI,article_like
B08572,1,1,SINGLETON,TITLE_ONLY,0,1,SINGLETON,article_like
B08573,1,1,SINGLETON,AVAILABLE,1,1,SINGLETON,article_like
B08574,1,1,SINGLETON,AVAILABLE,1,1,SINGLETON,article_like
B08575,1,1,SINGLETON,AVAILABLE,1,1,SINGLETON,article_like
B08576,1,1,SINGLETON,AVAILABLE,1,1,SINGLETON,article_like
B08577,1,1,SINGLETON,AVAILABLE,1,1,SINGLETON,article_like
B08578,3,3,DOI;PMID;TITLE_EXACT_NORM,AVAILABLE,1,3,DOI,article_like
B08579,1,1,SINGLETON,AVAILABLE,1,1,SINGLETON,article_like
B08580,3,3,DOI;PMID;TITLE_EXACT_NORM,AVAILABLE,1,3,DOI,article_like
B08581,3,3,DOI;PMID;TITLE_EXACT_NORM,AVAILABLE,1,3,DOI,article_like
B08582,3,3,DOI;PMID;TITLE_EXACT_NORM,AVAILABLE,1,3,DOI,article_like
B08583,3,3,DOI;PMID;TITLE_EXACT_NORM,AVAILABLE,1,3,DOI,article_like
B08584,1,1,SINGLETON,AVAILABLE,1,1,SINGLETON,article_like
B08585,2,2,DOI;PMID;TITLE_EXACT_NORM,AVAILABLE,1,2,DOI,article_like
B08586,2,2,DOI;PMID;TITLE_EXACT_NORM,AVAILABLE,1,2,DOI,article_like
B08587,1,1,SINGLETON,AVAILABLE,1,1,SINGLETON,article_like
B08588,1,1,SINGLETON,AVAILABLE,1,1,SINGLETON,article_like
B08589,2,2,DOI;PMID;TITLE_EXACT_NORM,AVAILABLE,1,2,DOI,article_like
B08590,1,1,SINGLETON,TITLE_ONLY,0,1,SINGLETON,article_like
B08591,1,1,SINGLETON,AVAILABLE,1,1,SINGLETON,article_like
B08592,1,1,SINGLETON,TITLE_ONLY,0,1,SINGLETON,article_like
B08593,3,3,DOI;PMID;TITLE_EXACT_NORM,AVAILABLE,1,3,DOI,article_like
B08594,1,1,SINGLETON,AVAILABLE,1,1,SINGLETON,article_like
B08595,3,3,DOI;PMID;TITLE_EXACT_NORM,AVAILABLE,1,3,DOI,article_like
B08596,2,2,DOI;PMID;TITLE_EXACT_NORM,AVAILABLE,1,2,DOI,article_like
B08597,1,1,SINGLETON,AVAILABLE,1,1,SINGLETON,article_like
B08598,1,1,SINGLETON,AVAILABLE,1,1,SINGLETON,article_like
B08599,1,1,SINGLETON,AVAILABLE,1,1,SINGLETON,article_like
B08600,3,3,DOI;PMID;TITLE_EXACT_NORM,AVAILABLE,1,3,DOI,article_like
B08601,1,1,SINGLETON,AVAILABLE,1,1,SINGLETON,article_like
B08602,3,3,DOI;PMID;TITLE_EXACT_NORM,AVAILABLE,1,3,DOI,article_like
B08603,1,1,SINGLETON,AVAILABLE,1,1,SINGLETON,article_like
B08604,1,1,SINGLETON,TITLE_ONLY,0,1,SINGLETON,article_like
B08605,1,1,SINGLETON,AVAILABLE,1,1,SINGLETON,article_like
B08606,3,3,DOI;PMID;TITLE_EXACT_NORM,AVAILABLE,1,3,DOI,article_like
B08607,2,2,DOI;PMID;TITLE_EXACT_NORM,AVAILABLE,1,2,DOI,article_like
B08608,1,1,SINGLETON,AVAILABLE,1,1,SINGLETON,article_like
B08609,1,1,SINGLETON,AVAILABLE,1,1,SINGLETON,article_like
B08610,1,1,SINGLETON,AVAILABLE,1,1,SINGLETON,article_like
B08611,1,1,SINGLETON,AVAILABLE,1,1,SINGLETON,article_like
B08612,1,1,SINGLETON,TITLE_ONLY,0,1,SINGLETON,article_like
B08613,3,3,DOI;PMID;TITLE_EXACT_NORM,TITLE_ONLY,0,3,DOI,article_like
B08614,2,2,DOI;PMID;TITLE_EXACT_NORM,AVAILABLE,1,2,DOI,article_like
B08615,1,1,SINGLETON,AVAILABLE,1,1,SINGLETON,article_like
B08616,1,1,SINGLETON,AVAILABLE,1,1,SINGLETON,article_like
B08617,3,3,DOI;PMID;TITLE_EXACT_NORM,AVAILABLE,1,3,DOI,article_like
B08618,3,3,DOI;PMID;TITLE_EXACT_NORM,AVAILABLE,1,3,DOI,article_like
B08619,1,1,SINGLETON,TITLE_ONLY,0,1,SINGLETON,conference
B08620,1,1,SINGLETON,AVAILABLE,1,1,SINGLETON,article_like
B08621,1,1,SINGLETON,AVAILABLE,1,1,SINGLETON,article_like
B08622,1,1,SINGLETON,AVAILABLE,1,1,SINGLETON,article_like
B08623,3,3,DOI;PMID;TITLE_EXACT_NORM,AVAILABLE,1,3,DOI,article_like
B08624,1,1,SINGLETON,AVAILABLE,1,1,SINGLETON,article_like
B08625,1,1,SINGLETON,AVAILABLE,1,1,SINGLETON,article_like
B08626,1,1,SINGLETON,AVAILABLE,1,1,SINGLETON,article_like
B08627,1,1,SINGLETON,AVAILABLE,1,1,SINGLETON,article_like
B08628,1,1,SINGLETON,AVAILABLE,1,1,SINGLETON,article_like
B08629,1,1,SINGLETON,AVAILABLE,1,1,SINGLETON,article_like
B08630,1,1,SINGLETON,AVAILABLE,1,1,SINGLETON,article_like
B08631,3,3,DOI;PMID;TITLE_EXACT_NORM,AVAILABLE,1,3,DOI,article_like
B08632,1,1,SINGLETON,AVAILABLE,1,1,SINGLETON,article_like
B08633,1,1,SINGLETON,AVAILABLE,1,1,SINGLETON,article_like
B08634,3,3,DOI;PMID;TITLE_EXACT_NORM,AVAILABLE,1,3,DOI,article_like
B08635,3,3,DOI;PMID;TITLE_EXACT_NORM,AVAILABLE,1,3,DOI,article_like
B08636,3,3,DOI;PMID;TITLE_EXACT_NORM,TITLE_ONLY,0,3,DOI,article_like
B08637,3,3,DOI;PMID;TITLE_EXACT_NORM,AVAILABLE,1,3,DOI,article_like
B08638,3,3,DOI;PMID;TITLE_EXACT_NORM,AVAILABLE,1,3,DOI,article_like
B08639,1,1,SINGLETON,AVAILABLE,1,1,SINGLETON,article_like
B08640,3,3,DOI;PMID;TITLE_EXACT_NORM,AVAILABLE,1,3,DOI,article_like
B08641,3,3,DOI;PMID;TITLE_EXACT_NORM,AVAILABLE,1,3,DOI,article_like
B08642,3,3,DOI;PMID;TITLE_EXACT_NORM,AVAILABLE,1,3,DOI,article_like
B08643,3,3,DOI;PMID;TITLE_EXACT_NORM,AVAILABLE,1,3,DOI,article_like
B08644,2,1,TITLE_EXACT_NORM,TITLE_ONLY,0,2,TITLE_EXACT_NORM,conference
B08645,3,3,DOI;PMID,AVAILABLE,1,3,DOI,correction
B08646,1,1,SINGLETON,AVAILABLE,1,1,SINGLETON,article_like
B08647,1,1,SINGLETON,AVAILABLE,1,1,SINGLETON,article_like
B08648,1,1,SINGLETON,AVAILABLE,1,1,SINGLETON,article_like
B08649,2,2,DOI;PMID;TITLE_EXACT_NORM,AVAILABLE,1,2,DOI,article_like
B08650,3,3,DOI;PMID;TITLE_EXACT_NORM,AVAILABLE,1,3,DOI,article_like
B08651,3,3,DOI;PMID;TITLE_EXACT_NORM,AVAILABLE,1,3,DOI,article_like
B08652,3,3,DOI;PMID;TITLE_EXACT_NORM,AVAILABLE,1,3,DOI,article_like
B08653,3,3,DOI;PMID;TITLE_EXACT_NORM,AVAILABLE,1,3,DOI,article_like
B08654,1,1,SINGLETON,AVAILABLE,1,1,SINGLETON,article_like
B08655,1,1,SINGLETON,TITLE_ONLY,0,1,SINGLETON,article_like
B08656,1,1,SINGLETON,AVAILABLE,1,1,SINGLETON,article_like
B08657,1,1,SINGLETON,AVAILABLE,1,1,SINGLETON,article_like
B08658,1,1,SINGLETON,AVAILABLE,1,1,SINGLETON,article_like
B08659,1,1,SINGLETON,AVAILABLE,1,1,SINGLETON,article_like
B08660,3,3,DOI;PMID;TITLE_EXACT_NORM,AVAILABLE,1,3,DOI,article_like
B08661,1,1,SINGLETON,AVAILABLE,1,1,SINGLETON,article_like
B08662,1,1,SINGLETON,AVAILABLE,1,1,SINGLETON,article_like
B08663,2,2,DOI;PMID;TITLE_EXACT_NORM,TITLE_ONLY,0,2,DOI,article_like
B08664,3,3,DOI;PMID;TITLE_EXACT_NORM,AVAILABLE,1,3,DOI,article_like
B08665,3,3,DOI;PMID;TITLE_EXACT_NORM,AVAILABLE,1,3,DOI,article_like
B08666,3,3,DOI;PMID;TITLE_EXACT_NORM,AVAILABLE,1,3,DOI,article_like
B08667,2,2,DOI;PMID;TITLE_EXACT_NORM,AVAILABLE,1,2,DOI,article_like
B08668,2,2,DOI;PMID;TITLE_EXACT_NORM,AVAILABLE,1,2,DOI,article_like
B08669,1,1,SINGLETON,AVAILABLE,1,1,SINGLETON,article_like
B08670,3,3,DOI;PMID;TITLE_EXACT_NORM,AVAILABLE,1,3,DOI,article_like
B08671,1,1,SINGLETON,AVAILABLE,1,1,SINGLETON,article_like
B08672,2,2,DOI;TITLE_EXACT_NORM,AVAILABLE,1,2,DOI,article_like
B08673,1,1,SINGLETON,AVAILABLE,1,1,SINGLETON,article_like
B08674,1,1,SINGLETON,AVAILABLE,1,1,SINGLETON,article_like
B08675,1,1,SINGLETON,AVAILABLE,1,1,SINGLETON,article_like
B08676,1,1,SINGLETON,AVAILABLE,1,1,SINGLETON,article_like
B08677,1,1,SINGLETON,AVAILABLE,1,1,SINGLETON,article_like
B08678,1,1,SINGLETON,AVAILABLE,1,1,SINGLETON,article_like
B08679,1,1,SINGLETON,TITLE_ONLY,0,1,SINGLETON,conference
B08680,1,1,SINGLETON,TITLE_ONLY,0,1,SINGLETON,article_like
B08681,3,3,DOI;PMID;TITLE_EXACT_NORM,AVAILABLE,1,3,DOI,article_like
B08682,3,3,DOI;PMID;TITLE_EXACT_NORM,AVAILABLE,1,3,DOI,article_like
B08683,2,2,PMID;TITLE_EXACT_NORM,AVAILABLE,1,2,PMID,article_like
B08684,3,3,DOI;PMID;TITLE_EXACT_NORM,AVAILABLE,1,3,DOI,article_like
B08685,3,3,DOI;PMID;TITLE_EXACT_NORM,AVAILABLE,1,3,DOI,article_like
B08686,3,3,DOI;PMID;TITLE_EXACT_NORM,AVAILABLE,1,3,DOI,article_like
B08687,3,3,DOI;PMID;TITLE_EXACT_NORM,AVAILABLE,1,3,DOI,article_like
B08688,1,1,SINGLETON,AVAILABLE,1,1,SINGLETON,article_like
B08689,1,1,SINGLETON,AVAILABLE,1,1,SINGLETON,article_like
B08690,1,1,SINGLETON,AVAILABLE,1,1,SINGLETON,article_like
B08691,3,3,DOI;PMID;TITLE_EXACT_NORM,AVAILABLE,1,3,DOI,article_like
B08692,3,3,DOI;PMID;TITLE_EXACT_NORM,AVAILABLE,1,3,DOI,article_like
B08693,3,3,DOI;PMID;TITLE_EXACT_NORM,AVAILABLE,1,3,DOI,article_like
B08694,3,3,DOI;PMID;TITLE_EXACT_NORM,AVAILABLE,1,3,DOI,article_like
B08695,3,3,DOI;PMID;TITLE_EXACT_NORM,AVAILABLE,1,3,DOI,article_like
B08696,3,3,DOI;PMID;TITLE_EXACT_NORM,AVAILABLE,1,3,DOI,article_like
B08697,3,3,DOI;PMID;TITLE_EXACT_NORM,AVAILABLE,1,3,DOI,article_like
B08698,3,3,DOI;PMID;TITLE_EXACT_NORM,AVAILABLE,1,3,DOI,article_like
B08699,3,3,DOI;PMID;TITLE_EXACT_NORM,AVAILABLE,1,3,DOI,article_like
B08700,2,2,DOI;PMID;TITLE_EXACT_NORM,AVAILABLE,1,2,DOI,article_like
B08701,1,1,SINGLETON,AVAILABLE,1,1,SINGLETON,article_like
B08702,1,1,SINGLETON,AVAILABLE,1,1,SINGLETON,article_like
B08703,3,3,DOI;PMID;TITLE_EXACT_NORM,AVAILABLE,1,3,DOI,article_like
B08704,3,3,DOI;PMID;TITLE_EXACT_NORM,AVAILABLE,1,3,DOI,article_like
B08705,3,3,DOI;PMID;TITLE_EXACT_NORM,AVAILABLE,1,3,DOI,article_like
B08706,1,1,SINGLETON,AVAILABLE,1,1,SINGLETON,article_like
B08707,1,1,SINGLETON,AVAILABLE,1,1,SINGLETON,article_like
B08708,3,3,DOI;PMID;TITLE_EXACT_NORM,AVAILABLE,1,3,DOI,article_like
B08709,3,3,DOI;PMID;TITLE_EXACT_NORM,AVAILABLE,1,3,DOI,article_like
B08710,2,2,DOI;PMID;TITLE_EXACT_NORM,AVAILABLE,1,2,DOI,article_like
B08711,1,1,SINGLETON,AVAILABLE,1,1,SINGLETON,article_like
B08712,3,3,DOI;PMID;TITLE_EXACT_NORM,AVAILABLE,1,3,DOI,article_like
B08713,1,1,SINGLETON,AVAILABLE,1,1,SINGLETON,article_like
B08714,1,1,SINGLETON,TITLE_ONLY,0,1,SINGLETON,article_like
B08715,3,3,DOI;PMID;TITLE_EXACT_NORM,AVAILABLE,1,3,DOI,article_like
B08716,1,1,SINGLETON,AVAILABLE,1,1,SINGLETON,article_like
B08717,1,1,SINGLETON,AVAILABLE,1,1,SINGLETON,article_like
B08718,1,1,SINGLETON,AVAILABLE,1,1,SINGLETON,article_like
B08719,1,1,SINGLETON,TITLE_ONLY,0,1,SINGLETON,article_like
B08720,1,1,SINGLETON,AVAILABLE,1,1,SINGLETON,article_like
B08721,3,3,DOI;PMID;TITLE_EXACT_NORM,AVAILABLE,1,3,DOI,article_like
B08722,1,1,SINGLETON,AVAILABLE,1,1,SINGLETON,article_like
B08723,1,1,SINGLETON,TITLE_ONLY,0,1,SINGLETON,article_like
B08724,3,3,DOI;PMID;TITLE_EXACT_NORM,AVAILABLE,1,3,DOI,article_like
B08725,1,1,SINGLETON,AVAILABLE,1,1,SINGLETON,article_like
B08726,1,1,SINGLETON,AVAILABLE,1,1,SINGLETON,article_like
B08727,3,3,DOI;PMID;TITLE_EXACT_NORM,AVAILABLE,1,3,DOI,article_like
B08728,3,3,DOI;PMID;TITLE_EXACT_NORM,AVAILABLE,1,3,DOI,article_like
B08729,1,1,SINGLETON,AVAILABLE,1,1,SINGLETON,article_like
B08730,1,1,SINGLETON,AVAILABLE,1,1,SINGLETON,article_like
B08731,3,3,DOI;PMID;TITLE_EXACT_NORM,AVAILABLE,1,3,DOI,article_like
B08732,1,1,SINGLETON,AVAILABLE,1,1,SINGLETON,article_like
B08733,2,2,DOI;PMID;TITLE_EXACT_NORM,AVAILABLE,1,2,DOI,article_like
B08734,1,1,SINGLETON,AVAILABLE,1,1,SINGLETON,article_like
B08735,1,1,SINGLETON,TITLE_ONLY,0,1,SINGLETON,conference
B08736,3,3,DOI;PMID;TITLE_EXACT_NORM,AVAILABLE,1,3,DOI,article_like
B08737,3,3,DOI;PMID;TITLE_EXACT_NORM,AVAILABLE,1,3,DOI,article_like
B08738,1,1,SINGLETON,TITLE_ONLY,0,1,SINGLETON,conference
B08739,1,1,SINGLETON,TITLE_ONLY,0,1,SINGLETON,conference
B08740,3,3,DOI;PMID;TITLE_EXACT_NORM,AVAILABLE,1,3,DOI,article_like
B08741,2,2,DOI;PMID;TITLE_EXACT_NORM,AVAILABLE,1,2,DOI,article_like
B08742,3,3,DOI;PMID;TITLE_EXACT_NORM,AVAILABLE,1,3,DOI,article_like
B08743,3,3,DOI;PMID;TITLE_EXACT_NORM,AVAILABLE,1,3,DOI,article_like
B08744,1,1,SINGLETON,TITLE_ONLY,0,1,SINGLETON,conference
B08745,1,1,SINGLETON,AVAILABLE,1,1,SINGLETON,article_like
B08746,2,2,DOI;TITLE_EXACT_NORM,AVAILABLE,1,2,DOI,article_like
B08747,3,3,DOI;PMID;TITLE_EXACT_NORM,AVAILABLE,1,3,DOI,article_like
B08748,3,3,DOI;PMID;TITLE_EXACT_NORM,AVAILABLE,1,3,DOI,article_like
B08749,3,3,DOI;PMID;TITLE_EXACT_NORM,AVAILABLE,1,3,DOI,article_like
B08750,1,1,SINGLETON,AVAILABLE,1,1,SINGLETON,article_like
B08751,1,1,SINGLETON,AVAILABLE,1,1,SINGLETON,article_like
B08752,3,3,DOI;PMID;TITLE_EXACT_NORM,AVAILABLE,1,3,DOI,article_like
B08753,1,1,SINGLETON,AVAILABLE,1,1,SINGLETON,article_like
B08754,3,3,DOI;PMID;TITLE_EXACT_NORM,AVAILABLE,1,3,DOI,article_like
B08755,1,1,SINGLETON,AVAILABLE,1,1,SINGLETON,article_like
B08756,1,1,SINGLETON,AVAILABLE,1,1,SINGLETON,article_like
B08757,3,3,DOI;PMID;TITLE_EXACT_NORM,AVAILABLE,1,3,DOI,article_like
B08758,3,3,DOI;PMID;TITLE_EXACT_NORM,AVAILABLE,1,3,DOI,article_like
B08759,3,3,DOI;PMID;TITLE_EXACT_NORM,AVAILABLE,1,3,DOI,article_like
B08760,3,3,DOI;PMID;TITLE_EXACT_NORM,AVAILABLE,1,3,DOI,article_like
B08761,3,3,DOI;PMID;TITLE_EXACT_NORM,AVAILABLE,1,3,DOI,article_like
B08762,3,3,DOI;PMID;TITLE_EXACT_NORM,AVAILABLE,1,3,DOI,article_like
B08763,3,3,DOI;PMID;TITLE_EXACT_NORM,AVAILABLE,1,3,DOI,article_like
B08764,1,1,SINGLETON,TITLE_ONLY,0,1,SINGLETON,article_like
B08765,3,3,DOI;PMID;TITLE_EXACT_NORM,AVAILABLE,1,3,DOI,article_like
B08766,3,3,DOI;PMID;TITLE_EXACT_NORM,AVAILABLE,1,3,DOI,article_like
B08767,3,3,DOI;PMID;TITLE_EXACT_NORM,AVAILABLE,1,3,DOI,article_like
B08768,1,1,SINGLETON,AVAILABLE,1,1,SINGLETON,article_like
B08769,3,3,DOI;PMID;TITLE_EXACT_NORM,AVAILABLE,1,3,DOI,article_like
B08770,3,3,DOI;PMID;TITLE_EXACT_NORM,AVAILABLE,1,3,DOI,article_like
B08771,1,1,SINGLETON,AVAILABLE,1,1,SINGLETON,article_like
B08772,1,1,SINGLETON,AVAILABLE,1,1,SINGLETON,article_like
B08773,1,1,SINGLETON,AVAILABLE,1,1,SINGLETON,article_like
B08774,1,1,SINGLETON,AVAILABLE,1,1,SINGLETON,article_like
B08775,1,1,SINGLETON,AVAILABLE,1,1,SINGLETON,article_like
B08776,1,1,SINGLETON,AVAILABLE,1,1,SINGLETON,article_like
B08777,1,1,SINGLETON,AVAILABLE,1,1,SINGLETON,article_like
B08778,3,3,DOI;PMID;TITLE_EXACT_NORM,AVAILABLE,1,3,DOI,article_like
B08779,1,1,SINGLETON,AVAILABLE,1,1,SINGLETON,article_like
B08780,3,3,DOI;PMID;TITLE_EXACT_NORM,AVAILABLE,1,3,DOI,article_like
B08781,1,1,SINGLETON,AVAILABLE,1,1,SINGLETON,article_like
B08782,3,3,DOI;PMID;TITLE_EXACT_NORM,AVAILABLE,1,3,DOI,article_like
B08783,3,3,DOI;PMID;TITLE_EXACT_NORM,AVAILABLE,1,3,DOI,article_like
B08784,3,3,DOI;PMID;TITLE_EXACT_NORM,AVAILABLE,1,3,DOI,article_like
B08785,2,2,DOI;PMID;TITLE_EXACT_NORM,AVAILABLE,1,2,DOI,article_like
B08786,1,1,SINGLETON,AVAILABLE,1,1,SINGLETON,article_like
B08787,1,1,SINGLETON,AVAILABLE,1,1,SINGLETON,article_like
B08788,3,3,DOI;PMID;TITLE_EXACT_NORM,AVAILABLE,1,3,DOI,article_like
B08789,3,3,DOI;PMID;TITLE_EXACT_NORM,AVAILABLE,1,3,DOI,article_like
B08790,3,3,DOI;PMID;TITLE_EXACT_NORM,AVAILABLE,1,3,DOI,article_like
B08791,3,3,DOI;PMID;TITLE_EXACT_NORM,AVAILABLE,1,3,DOI,article_like
B08792,1,1,SINGLETON,AVAILABLE,1,1,SINGLETON,article_like
B08793,1,1,SINGLETON,TITLE_ONLY,0,1,SINGLETON,article_like
B08794,3,3,DOI;PMID;TITLE_EXACT_NORM,AVAILABLE,1,3,DOI,article_like
B08795,3,3,DOI;PMID;TITLE_EXACT_NORM,TITLE_ONLY,0,3,DOI,article_like
B08796,3,3,DOI;PMID;TITLE_EXACT_NORM,TITLE_ONLY,0,3,DOI,article_like
B08797,1,1,SINGLETON,TITLE_ONLY,0,1,SINGLETON,article_like
B08798,3,3,DOI;PMID;TITLE_EXACT_NORM,AVAILABLE,1,3,DOI,article_like
B08799,1,1,SINGLETON,AVAILABLE,1,1,SINGLETON,article_like
B08800,3,3,DOI;PMID;TITLE_EXACT_NORM,AVAILABLE,1,3,DOI,article_like
B08801,1,1,SINGLETON,TITLE_ONLY,0,1,SINGLETON,conference
B08802,2,2,DOI;PMID;TITLE_EXACT_NORM,AVAILABLE,1,2,DOI,article_like
B08803,2,2,DOI;TITLE_EXACT_NORM,AVAILABLE,1,2,DOI,article_like
B08804,3,3,DOI;PMID;TITLE_EXACT_NORM,AVAILABLE,1,3,DOI,article_like
B08805,3,3,DOI;PMID;TITLE_EXACT_NORM,AVAILABLE,1,3,DOI,article_like
B08806,2,2,DOI;TITLE_EXACT_NORM,AVAILABLE,1,2,DOI,article_like
B08807,3,3,DOI;PMID;TITLE_EXACT_NORM,AVAILABLE,1,3,DOI,article_like
B08808,1,1,SINGLETON,AVAILABLE,1,1,SINGLETON,article_like
B08809,3,3,DOI;PMID;TITLE_EXACT_NORM,AVAILABLE,1,3,DOI,article_like
B08810,1,1,SINGLETON,AVAILABLE,1,1,SINGLETON,article_like
B08811,1,1,SINGLETON,AVAILABLE,1,1,SINGLETON,article_like
B08812,1,1,SINGLETON,AVAILABLE,1,1,SINGLETON,article_like
B08813,1,1,SINGLETON,AVAILABLE,1,1,SINGLETON,article_like
B08814,3,3,DOI;PMID;TITLE_EXACT_NORM,AVAILABLE,1,3,DOI,article_like
B08815,3,3,DOI;PMID,AVAILABLE,1,3,DOI,correction
B08816,3,3,DOI;PMID,AVAILABLE,1,3,DOI,correction
B08817,3,3,DOI;PMID,AVAILABLE,1,3,DOI,correction
B08818,2,2,DOI;PMID;TITLE_EXACT_NORM,AVAILABLE,1,2,DOI,article_like
B08819,3,3,DOI;PMID;TITLE_EXACT_NORM,AVAILABLE,1,3,DOI,article_like
B08820,1,1,SINGLETON,AVAILABLE,1,1,SINGLETON,correction
B08821,3,3,DOI;PMID;TITLE_EXACT_NORM,AVAILABLE,1,3,DOI,article_like
B08822,2,2,DOI;PMID;TITLE_EXACT_NORM,AVAILABLE,1,2,DOI,article_like
B08823,3,3,DOI;PMID;TITLE_EXACT_NORM,AVAILABLE,1,3,DOI,article_like
B08824,1,1,SINGLETON,AVAILABLE,1,1,SINGLETON,article_like
B08825,3,3,DOI;PMID;TITLE_EXACT_NORM,AVAILABLE,1,3,DOI,article_like
B08826,1,1,SINGLETON,AVAILABLE,1,1,SINGLETON,article_like
B08827,1,1,SINGLETON,AVAILABLE,1,1,SINGLETON,article_like
B08828,1,1,SINGLETON,AVAILABLE,1,1,SINGLETON,article_like
B08829,1,1,SINGLETON,AVAILABLE,1,1,SINGLETON,article_like
B08830,3,3,DOI;PMID;TITLE_EXACT_NORM,AVAILABLE,1,3,DOI,article_like
B08831,1,1,SINGLETON,AVAILABLE,1,1,SINGLETON,article_like
B08832,1,1,SINGLETON,AVAILABLE,1,1,SINGLETON,article_like
B08833,3,3,DOI;PMID;TITLE_EXACT_NORM,AVAILABLE,1,3,DOI,article_like
B08834,1,1,SINGLETON,AVAILABLE,1,1,SINGLETON,article_like
B08835,1,1,SINGLETON,AVAILABLE,1,1,SINGLETON,article_like
B08836,2,2,DOI;PMID;TITLE_EXACT_NORM,AVAILABLE,1,2,DOI,article_like
B08837,1,1,SINGLETON,AVAILABLE,1,1,SINGLETON,article_like
B08838,1,1,SINGLETON,AVAILABLE,1,1,SINGLETON,article_like
B08839,3,3,DOI;PMID;TITLE_EXACT_NORM,AVAILABLE,1,3,DOI,article_like
B08840,1,1,SINGLETON,AVAILABLE,1,1,SINGLETON,article_like
B08841,3,3,DOI;PMID;TITLE_EXACT_NORM,AVAILABLE,1,3,DOI,article_like
B08842,1,1,SINGLETON,AVAILABLE,1,1,SINGLETON,article_like
B08843,1,1,SINGLETON,AVAILABLE,1,1,SINGLETON,article_like
B08844,3,3,DOI;PMID;TITLE_EXACT_NORM,AVAILABLE,1,3,DOI,article_like
B08845,1,1,SINGLETON,AVAILABLE,1,1,SINGLETON,article_like
B08846,1,1,SINGLETON,AVAILABLE,1,1,SINGLETON,article_like
B08847,3,3,DOI;PMID;TITLE_EXACT_NORM,AVAILABLE,1,3,DOI,article_like
B08848,1,1,SINGLETON,AVAILABLE,1,1,SINGLETON,article_like
B08849,3,3,DOI;PMID;TITLE_EXACT_NORM,AVAILABLE,1,3,DOI,article_like
B08850,2,2,DOI;PMID;TITLE_EXACT_NORM,AVAILABLE,1,2,DOI,article_like
B08851,3,3,DOI;PMID;TITLE_EXACT_NORM,AVAILABLE,1,3,DOI,article_like
B08852,3,3,DOI;PMID;TITLE_EXACT_NORM,AVAILABLE,1,3,DOI,article_like
B08853,3,3,DOI;PMID;TITLE_EXACT_NORM,AVAILABLE,1,3,DOI,article_like
B08854,1,1,SINGLETON,AVAILABLE,1,1,SINGLETON,article_like
B08855,1,1,SINGLETON,AVAILABLE,1,1,SINGLETON,article_like
B08856,1,1,SINGLETON,AVAILABLE,1,1,SINGLETON,article_like
B08857,1,1,SINGLETON,AVAILABLE,1,1,SINGLETON,article_like
B08858,3,3,DOI;PMID;TITLE_EXACT_NORM,TITLE_ONLY,0,3,DOI,article_like
B08859,2,2,DOI;PMID;TITLE_EXACT_NORM,AVAILABLE,1,2,DOI,article_like
B08860,3,3,DOI;PMID;TITLE_EXACT_NORM,AVAILABLE,1,3,DOI,article_like
B08861,1,1,SINGLETON,AVAILABLE,1,1,SINGLETON,article_like
B08862,1,1,SINGLETON,AVAILABLE,1,1,SINGLETON,article_like
B08863,3,3,DOI;PMID;TITLE_EXACT_NORM,AVAILABLE,1,3,DOI,article_like
B08864,1,1,SINGLETON,AVAILABLE,1,1,SINGLETON,article_like
B08865,3,3,DOI;PMID;TITLE_EXACT_NORM,AVAILABLE,1,3,DOI,article_like
B08866,2,2,DOI;PMID;TITLE_EXACT_NORM,AVAILABLE,1,2,DOI,article_like
B08867,3,3,DOI;PMID;TITLE_EXACT_NORM,AVAILABLE,1,3,DOI,article_like
B08868,1,1,SINGLETON,TITLE_ONLY,0,1,SINGLETON,conference
B08869,1,1,SINGLETON,AVAILABLE,1,1,SINGLETON,article_like
B08870,1,1,SINGLETON,AVAILABLE,1,1,SINGLETON,article_like
B08871,2,2,DOI;PMID;TITLE_EXACT_NORM,AVAILABLE,1,2,DOI,article_like
B08872,3,3,DOI;PMID;TITLE_EXACT_NORM,AVAILABLE,1,3,DOI,article_like
B08873,2,2,DOI;PMID;TITLE_EXACT_NORM,AVAILABLE,1,2,DOI,article_like
B08874,1,1,SINGLETON,AVAILABLE,1,1,SINGLETON,article_like
B08875,3,3,DOI;PMID;TITLE_EXACT_NORM,AVAILABLE,1,3,DOI,article_like
B08876,1,1,SINGLETON,AVAILABLE,1,1,SINGLETON,article_like
B08877,3,3,DOI;PMID;TITLE_EXACT_NORM,AVAILABLE,1,3,DOI,article_like
B08878,3,3,DOI;PMID;TITLE_EXACT_NORM,AVAILABLE,1,3,DOI,article_like
B08879,3,3,DOI;PMID;TITLE_EXACT_NORM,AVAILABLE,1,3,DOI,article_like
B08880,1,1,SINGLETON,AVAILABLE,1,1,SINGLETON,article_like
B08881,1,1,SINGLETON,TITLE_ONLY,0,1,SINGLETON,conference
B08882,1,1,SINGLETON,AVAILABLE,1,1,SINGLETON,article_like
B08883,3,3,DOI;PMID;TITLE_EXACT_NORM,AVAILABLE,1,3,DOI,article_like
B08884,3,3,DOI;PMID;TITLE_EXACT_NORM,AVAILABLE,1,3,DOI,article_like
B08885,3,1,TITLE_EXACT_NORM,TITLE_ONLY,0,3,TITLE_EXACT_NORM,conference
B08886,1,1,SINGLETON,AVAILABLE,1,1,SINGLETON,article_like
B08887,3,3,DOI;PMID;TITLE_EXACT_NORM,AVAILABLE,1,3,DOI,article_like
B08888,3,3,DOI;PMID;TITLE_EXACT_NORM,AVAILABLE,1,3,DOI,article_like
B08889,2,2,DOI;PMID;TITLE_EXACT_NORM,AVAILABLE,1,2,DOI,article_like
B08890,3,3,DOI;PMID;TITLE_EXACT_NORM,AVAILABLE,1,3,DOI,article_like
B08891,3,3,DOI;PMID;TITLE_EXACT_NORM,AVAILABLE,1,3,DOI,article_like
B08892,3,3,DOI;PMID;TITLE_EXACT_NORM,AVAILABLE,1,3,DOI,article_like
B08893,1,1,SINGLETON,AVAILABLE,1,1,SINGLETON,article_like
B08894,1,1,SINGLETON,AVAILABLE,1,1,SINGLETON,article_like
B08895,1,1,SINGLETON,AVAILABLE,1,1,SINGLETON,article_like
B08896,1,1,SINGLETON,AVAILABLE,1,1,SINGLETON,article_like
B08897,3,3,DOI;PMID;TITLE_EXACT_NORM,AVAILABLE,1,3,DOI,article_like
B08898,1,1,SINGLETON,AVAILABLE,1,1,SINGLETON,article_like
B08899,1,1,SINGLETON,AVAILABLE,1,1,SINGLETON,article_like
B08900,3,3,DOI;PMID;TITLE_EXACT_NORM,AVAILABLE,1,3,DOI,article_like
B08901,3,3,DOI;PMID;TITLE_EXACT_NORM,AVAILABLE,1,3,DOI,article_like
B08902,1,1,SINGLETON,AVAILABLE,1,1,SINGLETON,article_like
B08903,3,3,DOI;PMID;TITLE_EXACT_NORM,AVAILABLE,1,3,DOI,article_like
B08904,1,1,SINGLETON,TITLE_ONLY,0,1,SINGLETON,conference
B08905,1,1,SINGLETON,AVAILABLE,1,1,SINGLETON,article_like
B08906,1,1,SINGLETON,AVAILABLE,1,1,SINGLETON,article_like
B08907,3,3,DOI;PMID;TITLE_EXACT_NORM,AVAILABLE,1,3,DOI,article_like
B08908,3,3,DOI;PMID;TITLE_EXACT_NORM,AVAILABLE,1,3,DOI,article_like
B08909,3,3,DOI;PMID;TITLE_EXACT_NORM,AVAILABLE,1,3,DOI,article_like
B08910,1,1,SINGLETON,TITLE_ONLY,0,1,SINGLETON,article_like
B08911,1,1,SINGLETON,TITLE_ONLY,0,1,SINGLETON,article_like
B08912,1,1,SINGLETON,TITLE_ONLY,0,1,SINGLETON,article_like
B08913,1,1,SINGLETON,TITLE_ONLY,0,1,SINGLETON,article_like
B08914,1,1,SINGLETON,TITLE_ONLY,0,1,SINGLETON,article_like
B08915,1,1,SINGLETON,AVAILABLE,1,1,SINGLETON,article_like
B08916,1,1,SINGLETON,AVAILABLE,1,1,SINGLETON,article_like
B08917,3,3,DOI;PMID;TITLE_EXACT_NORM,AVAILABLE,1,3,DOI,article_like
B08918,3,3,DOI;PMID;TITLE_EXACT_NORM,AVAILABLE,1,3,DOI,article_like
B08919,1,1,SINGLETON,AVAILABLE,1,1,SINGLETON,article_like
B08920,1,1,SINGLETON,AVAILABLE,1,1,SINGLETON,article_like
B08921,3,3,DOI;PMID;TITLE_EXACT_NORM,AVAILABLE,1,3,DOI,article_like
B08922,3,3,DOI;PMID;TITLE_EXACT_NORM,AVAILABLE,1,3,DOI,article_like
B08923,2,2,DOI;PMID;TITLE_EXACT_NORM,AVAILABLE,1,2,DOI,article_like
B08924,1,1,SINGLETON,AVAILABLE,1,1,SINGLETON,article_like
B08925,3,3,DOI;PMID;TITLE_EXACT_NORM,AVAILABLE,1,3,DOI,article_like
B08926,3,3,DOI;PMID;TITLE_EXACT_NORM,AVAILABLE,1,3,DOI,article_like
B08927,3,3,DOI;PMID;TITLE_EXACT_NORM,AVAILABLE,1,3,DOI,article_like
B08928,3,3,DOI;PMID;TITLE_EXACT_NORM,AVAILABLE,1,3,DOI,article_like
B08929,1,1,SINGLETON,AVAILABLE,1,1,SINGLETON,article_like
B08930,1,1,SINGLETON,AVAILABLE,1,1,SINGLETON,article_like
B08931,3,3,DOI;PMID;TITLE_EXACT_NORM,AVAILABLE,1,3,DOI,article_like
B08932,1,1,SINGLETON,AVAILABLE,1,1,SINGLETON,article_like
B08933,3,3,DOI;PMID;TITLE_EXACT_NORM,AVAILABLE,1,3,DOI,article_like
B08934,1,1,SINGLETON,AVAILABLE,1,1,SINGLETON,article_like
B08935,1,1,SINGLETON,AVAILABLE,1,1,SINGLETON,article_like
B08936,3,3,DOI;PMID;TITLE_EXACT_NORM,AVAILABLE,1,3,DOI,article_like
B08937,1,1,SINGLETON,AVAILABLE,1,1,SINGLETON,article_like
B08938,3,3,DOI;PMID;TITLE_EXACT_NORM,AVAILABLE,1,3,DOI,article_like
B08939,1,1,SINGLETON,AVAILABLE,1,1,SINGLETON,article_like
B08940,3,3,DOI;PMID;TITLE_EXACT_NORM,AVAILABLE,1,3,DOI,article_like
B08941,3,3,DOI;PMID;TITLE_EXACT_NORM,AVAILABLE,1,3,DOI,article_like
B08942,3,3,DOI;PMID;TITLE_EXACT_NORM,AVAILABLE,1,3,DOI,article_like
B08943,3,3,DOI;PMID;TITLE_EXACT_NORM,AVAILABLE,1,3,DOI,article_like
B08944,3,3,DOI;PMID;TITLE_EXACT_NORM,AVAILABLE,1,3,DOI,article_like
B08945,3,3,DOI;PMID;TITLE_EXACT_NORM,AVAILABLE,1,3,DOI,article_like
B08946,1,1,SINGLETON,AVAILABLE,1,1,SINGLETON,article_like
B08947,1,1,SINGLETON,AVAILABLE,1,1,SINGLETON,article_like
B08948,3,3,DOI;PMID;TITLE_EXACT_NORM,AVAILABLE,1,3,DOI,article_like
B08949,3,3,DOI;PMID;TITLE_EXACT_NORM,AVAILABLE,1,3,DOI,article_like
B08950,1,1,SINGLETON,AVAILABLE,1,1,SINGLETON,article_like
B08951,1,1,SINGLETON,AVAILABLE,1,1,SINGLETON,article_like
B08952,3,3,DOI;PMID;TITLE_EXACT_NORM,AVAILABLE,1,3,DOI,article_like
B08953,2,2,DOI;PMID;TITLE_EXACT_NORM,AVAILABLE,1,2,DOI,article_like
B08954,3,3,DOI;PMID;TITLE_EXACT_NORM,AVAILABLE,1,3,DOI,article_like
B08955,1,1,SINGLETON,AVAILABLE,1,1,SINGLETON,article_like
B08956,3,3,DOI;PMID;TITLE_EXACT_NORM,AVAILABLE,1,3,DOI,article_like
B08957,3,3,DOI;PMID;TITLE_EXACT_NORM,AVAILABLE,1,3,DOI,article_like
B08958,3,3,DOI;PMID;TITLE_EXACT_NORM,AVAILABLE,1,3,DOI,article_like
B08959,3,3,DOI;PMID;TITLE_EXACT_NORM,AVAILABLE,1,3,DOI,article_like
B08960,3,3,DOI;PMID;TITLE_EXACT_NORM,AVAILABLE,1,3,DOI,article_like
B08961,3,3,DOI;PMID;TITLE_EXACT_NORM,AVAILABLE,1,3,DOI,article_like
B08962,3,3,DOI;PMID;TITLE_EXACT_NORM,AVAILABLE,1,3,DOI,article_like
B08963,3,3,DOI;PMID;TITLE_EXACT_NORM,AVAILABLE,1,3,DOI,article_like
B08964,3,3,DOI;PMID;TITLE_EXACT_NORM,AVAILABLE,1,3,DOI,article_like
B08965,3,3,DOI;PMID;TITLE_EXACT_NORM,AVAILABLE,1,3,DOI,article_like
B08966,1,1,SINGLETON,AVAILABLE,1,1,SINGLETON,article_like
B08967,3,3,DOI,AVAILABLE,1,3,DOI,correction
B08968,1,1,SINGLETON,AVAILABLE,1,1,SINGLETON,article_like
B08969,1,1,SINGLETON,AVAILABLE,1,1,SINGLETON,article_like
B08970,3,3,DOI;PMID;TITLE_EXACT_NORM,AVAILABLE,1,3,DOI,article_like
B08971,3,3,DOI;PMID;TITLE_EXACT_NORM,AVAILABLE,1,3,DOI,article_like
B08972,3,3,DOI;PMID;TITLE_EXACT_NORM,AVAILABLE,1,3,DOI,article_like
B08973,3,3,DOI;PMID;TITLE_EXACT_NORM,AVAILABLE,1,3,DOI,article_like
B08974,1,1,SINGLETON,AVAILABLE,1,1,SINGLETON,article_like
B08975,2,2,DOI;TITLE_EXACT_NORM,AVAILABLE,1,2,DOI,article_like
B08976,3,3,DOI;PMID;TITLE_EXACT_NORM,AVAILABLE,1,3,DOI,article_like
B08977,3,3,DOI;PMID;TITLE_EXACT_NORM,AVAILABLE,1,3,DOI,article_like
B08978,3,3,DOI;PMID;TITLE_EXACT_NORM,AVAILABLE,1,3,DOI,article_like
B08979,3,3,DOI;PMID;TITLE_EXACT_NORM,AVAILABLE,1,3,DOI,article_like
B08980,1,1,SINGLETON,TITLE_ONLY,0,1,SINGLETON,conference
B08981,3,3,DOI;PMID;TITLE_EXACT_NORM,AVAILABLE,1,3,DOI,article_like
B08982,3,3,DOI;PMID;TITLE_EXACT_NORM,AVAILABLE,1,3,DOI,article_like
B08983,3,3,DOI;PMID;TITLE_EXACT_NORM,AVAILABLE,1,3,DOI,article_like
B08984,3,3,DOI;PMID;TITLE_EXACT_NORM,AVAILABLE,1,3,DOI,article_like
B08985,3,3,DOI;PMID;TITLE_EXACT_NORM,AVAILABLE,1,3,DOI,article_like
B08986,3,3,DOI;PMID;TITLE_EXACT_NORM,AVAILABLE,1,3,DOI,article_like
B08987,1,1,SINGLETON,AVAILABLE,1,1,SINGLETON,article_like
B08988,3,3,DOI;PMID;TITLE_EXACT_NORM,AVAILABLE,1,3,DOI,article_like
B08989,3,3,DOI;PMID;TITLE_EXACT_NORM,AVAILABLE,1,3,DOI,article_like
B08990,1,1,SINGLETON,AVAILABLE,1,1,SINGLETON,article_like
B08991,3,3,DOI;PMID;TITLE_EXACT_NORM,AVAILABLE,1,3,DOI,article_like
B08992,1,1,SINGLETON,AVAILABLE,1,1,SINGLETON,article_like
B08993,3,3,DOI;PMID;TITLE_EXACT_NORM,AVAILABLE,1,3,DOI,article_like
B08994,3,3,DOI;PMID;TITLE_EXACT_NORM,AVAILABLE,1,3,DOI,article_like
B08995,3,3,DOI;PMID;TITLE_EXACT_NORM,AVAILABLE,1,3,DOI,article_like
B08996,3,3,DOI;PMID;TITLE_EXACT_NORM,AVAILABLE,1,3,DOI,article_like
B08997,3,3,DOI;PMID;TITLE_EXACT_NORM,AVAILABLE,1,3,DOI,article_like
B08998,3,3,DOI;PMID;TITLE_EXACT_NORM,AVAILABLE,1,3,DOI,article_like
B08999,3,3,DOI;PMID;TITLE_EXACT_NORM,AVAILABLE,1,3,DOI,article_like
B09000,3,3,DOI;PMID;TITLE_EXACT_NORM,AVAILABLE,1,3,DOI,article_like
B09001,1,1,SINGLETON,AVAILABLE,1,1,SINGLETON,article_like
B09002,3,3,DOI;PMID;TITLE_EXACT_NORM,AVAILABLE,1,3,DOI,article_like
B09003,3,3,DOI;PMID;TITLE_EXACT_NORM,AVAILABLE,1,3,DOI,article_like
B09004,3,3,DOI;PMID;TITLE_EXACT_NORM,AVAILABLE,1,3,DOI,article_like
B09005,3,3,DOI;PMID;TITLE_EXACT_NORM,AVAILABLE,1,3,DOI,article_like
B09006,3,3,DOI;PMID;TITLE_EXACT_NORM,AVAILABLE,1,3,DOI,article_like
B09007,3,3,DOI;PMID;TITLE_EXACT_NORM,AVAILABLE,1,3,DOI,article_like
B09008,3,3,DOI;PMID;TITLE_EXACT_NORM,AVAILABLE,1,3,DOI,article_like
B09009,1,1,SINGLETON,TITLE_ONLY,0,1,SINGLETON,conference
B09010,3,3,DOI;PMID;TITLE_EXACT_NORM,AVAILABLE,1,3,DOI,article_like
B09011,1,1,SINGLETON,AVAILABLE,1,1,SINGLETON,article_like
B09012,3,3,DOI;PMID;TITLE_EXACT_NORM,AVAILABLE,1,3,DOI,article_like
B09013,1,1,SINGLETON,AVAILABLE,1,1,SINGLETON,article_like
B09014,1,1,SINGLETON,AVAILABLE,1,1,SINGLETON,article_like
B09015,3,3,DOI;PMID;TITLE_EXACT_NORM,AVAILABLE,1,3,DOI,article_like
B09016,1,1,SINGLETON,AVAILABLE,1,1,SINGLETON,article_like
B09017,3,3,DOI;PMID;TITLE_EXACT_NORM,AVAILABLE,1,3,DOI,article_like
B09018,3,3,DOI;PMID;TITLE_EXACT_NORM,AVAILABLE,1,3,DOI,article_like
B09019,1,1,SINGLETON,AVAILABLE,1,1,SINGLETON,article_like
B09020,1,1,SINGLETON,AVAILABLE,1,1,SINGLETON,article_like
B09021,1,1,SINGLETON,AVAILABLE,1,1,SINGLETON,article_like
B09022,1,1,SINGLETON,AVAILABLE,1,1,SINGLETON,article_like
B09023,1,1,SINGLETON,AVAILABLE,1,1,SINGLETON,article_like
B09024,3,3,DOI;PMID;TITLE_EXACT_NORM,AVAILABLE,1,3,DOI,article_like
B09025,1,1,SINGLETON,AVAILABLE,1,1,SINGLETON,article_like
B09026,1,1,SINGLETON,AVAILABLE,1,1,SINGLETON,article_like
B09027,3,3,DOI;PMID;TITLE_EXACT_NORM,AVAILABLE,1,3,DOI,article_like
B09028,3,3,DOI;PMID;TITLE_EXACT_NORM,AVAILABLE,1,3,DOI,article_like
B09029,3,3,DOI;PMID;TITLE_EXACT_NORM,AVAILABLE,1,3,DOI,article_like
B09030,3,3,DOI;PMID;TITLE_EXACT_NORM,AVAILABLE,1,3,DOI,article_like
B09031,1,1,SINGLETON,AVAILABLE,1,1,SINGLETON,article_like
B09032,2,2,DOI;PMID;TITLE_EXACT_NORM,AVAILABLE,1,2,DOI,article_like
B09033,1,1,SINGLETON,AVAILABLE,1,1,SINGLETON,article_like
B09034,3,3,DOI;PMID;TITLE_EXACT_NORM,AVAILABLE,1,3,DOI,article_like
B09035,3,3,DOI;PMID;TITLE_EXACT_NORM,AVAILABLE,1,3,DOI,article_like
B09036,3,3,DOI;PMID;TITLE_EXACT_NORM,AVAILABLE,1,3,DOI,article_like
B09037,3,3,DOI;PMID;TITLE_EXACT_NORM,AVAILABLE,1,3,DOI,article_like
B09038,1,1,SINGLETON,AVAILABLE,1,1,SINGLETON,article_like
B09039,2,2,DOI;TITLE_EXACT_NORM,AVAILABLE,1,2,DOI,article_like
B09040,3,3,DOI;PMID;TITLE_EXACT_NORM,AVAILABLE,1,3,DOI,article_like
B09041,2,2,DOI;PMID;TITLE_EXACT_NORM,AVAILABLE,1,2,DOI,article_like
B09042,3,3,DOI;PMID;TITLE_EXACT_NORM,AVAILABLE,1,3,DOI,article_like
B09043,3,3,DOI;PMID;TITLE_EXACT_NORM,AVAILABLE,1,3,DOI,article_like
B09044,2,2,DOI;PMID;TITLE_EXACT_NORM,AVAILABLE,1,2,DOI,article_like
B09045,1,1,SINGLETON,AVAILABLE,1,1,SINGLETON,article_like
B09046,3,3,DOI;PMID;TITLE_EXACT_NORM,AVAILABLE,1,3,DOI,article_like
B09047,1,1,SINGLETON,AVAILABLE,1,1,SINGLETON,article_like
B09048,2,2,DOI;PMID,TITLE_ONLY,0,2,DOI,article_like
B09049,1,1,SINGLETON,AVAILABLE,1,1,SINGLETON,article_like
B09050,3,3,DOI;PMID;TITLE_EXACT_NORM,AVAILABLE,1,3,DOI,article_like
B09051,1,1,SINGLETON,AVAILABLE,1,1,SINGLETON,article_like
B09052,3,3,DOI;PMID;TITLE_EXACT_NORM,AVAILABLE,1,3,DOI,article_like
B09053,1,1,SINGLETON,AVAILABLE,1,1,SINGLETON,article_like
B09054,3,3,DOI;PMID;TITLE_EXACT_NORM,AVAILABLE,1,3,DOI,article_like
B09055,3,3,PMID;TITLE_EXACT_NORM,AVAILABLE,1,3,PMID,article_like
B09056,3,3,DOI;PMID;TITLE_EXACT_NORM,AVAILABLE,1,3,DOI,article_like
B09057,2,2,DOI;PMID;TITLE_EXACT_NORM,AVAILABLE,1,2,DOI,article_like
B09058,1,1,SINGLETON,AVAILABLE,1,1,SINGLETON,conference
B09059,2,2,TITLE_EXACT_NORM,AVAILABLE,1,2,TITLE_EXACT_NORM,article_like
B09060,3,3,DOI;PMID;TITLE_EXACT_NORM,AVAILABLE,1,3,DOI,article_like
B09061,1,1,SINGLETON,AVAILABLE,1,1,SINGLETON,article_like
B09062,1,1,SINGLETON,TITLE_ONLY,0,1,SINGLETON,conference
B09063,3,3,DOI;PMID;TITLE_EXACT_NORM,AVAILABLE,1,3,DOI,article_like
B09064,1,1,SINGLETON,AVAILABLE,1,1,SINGLETON,article_like
B09065,3,3,DOI;PMID;TITLE_EXACT_NORM,AVAILABLE,1,3,DOI,article_like
B09066,1,1,SINGLETON,AVAILABLE,1,1,SINGLETON,article_like
B09067,1,1,SINGLETON,AVAILABLE,1,1,SINGLETON,article_like
B09068,1,1,SINGLETON,AVAILABLE,1,1,SINGLETON,article_like
B09069,3,3,DOI;PMID;TITLE_EXACT_NORM,AVAILABLE,1,3,DOI,article_like
B09070,3,3,DOI;PMID;TITLE_EXACT_NORM,AVAILABLE,1,3,DOI,article_like
B09071,3,3,DOI;PMID;TITLE_EXACT_NORM,AVAILABLE,1,3,DOI,article_like
B09072,1,1,SINGLETON,AVAILABLE,1,1,SINGLETON,article_like
B09073,3,3,DOI;PMID;TITLE_EXACT_NORM,AVAILABLE,1,3,DOI,article_like
B09074,1,1,SINGLETON,AVAILABLE,1,1,SINGLETON,article_like
B09075,3,3,DOI;PMID;TITLE_EXACT_NORM,AVAILABLE,1,3,DOI,article_like
B09076,1,1,SINGLETON,AVAILABLE,1,1,SINGLETON,article_like
B09077,3,3,DOI;PMID;TITLE_EXACT_NORM,AVAILABLE,1,3,DOI,article_like
B09078,3,3,DOI;PMID;TITLE_EXACT_NORM,AVAILABLE,1,3,DOI,article_like
B09079,3,3,DOI;PMID;TITLE_EXACT_NORM,AVAILABLE,1,3,DOI,article_like
B09080,1,1,SINGLETON,AVAILABLE,1,1,SINGLETON,article_like
B09081,3,3,DOI;PMID;TITLE_EXACT_NORM,AVAILABLE,1,3,DOI,article_like
B09082,3,3,DOI;PMID;TITLE_EXACT_NORM,AVAILABLE,1,3,DOI,article_like
B09083,3,3,DOI;PMID;TITLE_EXACT_NORM,AVAILABLE,1,3,DOI,article_like
B09084,1,1,SINGLETON,AVAILABLE,1,1,SINGLETON,article_like
B09085,3,3,DOI;PMID;TITLE_EXACT_NORM,AVAILABLE,1,3,DOI,article_like
B09086,2,2,DOI;PMID;TITLE_EXACT_NORM,AVAILABLE,1,2,DOI,article_like
B09087,3,3,DOI;PMID;TITLE_EXACT_NORM,AVAILABLE,1,3,DOI,article_like
B09088,1,1,SINGLETON,AVAILABLE,1,1,SINGLETON,article_like
B09089,2,2,DOI;TITLE_EXACT_NORM,AVAILABLE,1,2,DOI,article_like
B09090,1,1,SINGLETON,AVAILABLE,1,1,SINGLETON,article_like
B09091,3,3,DOI;PMID;TITLE_EXACT_NORM,AVAILABLE,1,3,DOI,article_like
B09092,1,1,SINGLETON,AVAILABLE,1,1,SINGLETON,article_like
B09093,1,1,SINGLETON,AVAILABLE,1,1,SINGLETON,article_like
B09094,3,3,DOI;PMID;TITLE_EXACT_NORM,AVAILABLE,1,3,DOI,article_like
B09095,1,1,SINGLETON,AVAILABLE,1,1,SINGLETON,article_like
B09096,3,3,DOI;PMID;TITLE_EXACT_NORM,AVAILABLE,1,3,DOI,article_like
B09097,1,1,SINGLETON,AVAILABLE,1,1,SINGLETON,article_like
B09098,1,1,SINGLETON,AVAILABLE,1,1,SINGLETON,article_like
B09099,3,3,DOI;PMID;TITLE_EXACT_NORM,AVAILABLE,1,3,DOI,article_like
B09100,3,3,DOI;PMID;TITLE_EXACT_NORM,AVAILABLE,1,3,DOI,article_like
B09101,3,3,DOI;PMID;TITLE_EXACT_NORM,AVAILABLE,1,3,DOI,article_like
B09102,1,1,SINGLETON,AVAILABLE,1,1,SINGLETON,article_like
B09103,3,3,DOI;PMID;TITLE_EXACT_NORM,AVAILABLE,1,3,DOI,article_like
B09104,3,3,DOI;PMID;TITLE_EXACT_NORM,TITLE_ONLY,0,3,DOI,article_like
B09105,1,1,SINGLETON,AVAILABLE,1,1,SINGLETON,article_like
B09106,3,3,DOI;PMID;TITLE_EXACT_NORM,AVAILABLE,1,3,DOI,article_like
B09107,1,1,SINGLETON,AVAILABLE,1,1,SINGLETON,article_like
B09108,1,1,SINGLETON,AVAILABLE,1,1,SINGLETON,article_like
B09109,3,3,DOI;PMID;TITLE_EXACT_NORM,AVAILABLE,1,3,DOI,article_like
B09110,2,2,DOI;PMID;TITLE_EXACT_NORM,AVAILABLE,1,2,DOI,article_like
B09111,2,2,DOI;TITLE_EXACT_NORM,AVAILABLE,1,2,DOI,article_like
B09112,3,3,DOI;PMID;TITLE_EXACT_NORM,AVAILABLE,1,3,DOI,article_like
B09113,3,3,DOI;PMID;TITLE_EXACT_NORM,AVAILABLE,1,3,DOI,article_like
B09114,3,3,DOI;PMID;TITLE_EXACT_NORM,AVAILABLE,1,3,DOI,article_like
B09115,2,2,DOI;PMID;TITLE_EXACT_NORM,AVAILABLE,1,2,DOI,article_like
B09116,3,3,DOI;PMID;TITLE_EXACT_NORM,AVAILABLE,1,3,DOI,article_like
B09117,2,2,DOI;TITLE_EXACT_NORM,AVAILABLE,1,2,DOI,article_like
B09118,3,3,DOI;PMID;TITLE_EXACT_NORM,AVAILABLE,1,3,DOI,article_like
B09119,2,1,TITLE_EXACT_NORM,TITLE_ONLY,0,2,TITLE_EXACT_NORM,conference
B09120,1,1,SINGLETON,AVAILABLE,1,1,SINGLETON,article_like
B09121,1,1,SINGLETON,AVAILABLE,1,1,SINGLETON,article_like
B09122,1,1,SINGLETON,AVAILABLE,1,1,SINGLETON,article_like
B09123,3,3,DOI;PMID;TITLE_EXACT_NORM,AVAILABLE,1,3,DOI,article_like
B09124,3,3,DOI;PMID;TITLE_EXACT_NORM,AVAILABLE,1,3,DOI,article_like
B09125,3,3,DOI;PMID;TITLE_EXACT_NORM,AVAILABLE,1,3,DOI,article_like
B09126,3,3,DOI;PMID;TITLE_EXACT_NORM,TITLE_ONLY,0,3,DOI,article_like
B09127,3,3,DOI;PMID;TITLE_EXACT_NORM,AVAILABLE,1,3,DOI,article_like
B09128,1,1,SINGLETON,AVAILABLE,1,1,SINGLETON,article_like
B09129,3,3,DOI;PMID;TITLE_EXACT_NORM,AVAILABLE,1,3,DOI,article_like
B09130,1,1,SINGLETON,AVAILABLE,1,1,SINGLETON,article_like
B09131,2,2,DOI;TITLE_EXACT_NORM,AVAILABLE,1,2,DOI,article_like
B09132,3,3,DOI;PMID;TITLE_EXACT_NORM,AVAILABLE,1,3,DOI,article_like
B09133,3,3,DOI;PMID;TITLE_EXACT_NORM,AVAILABLE,1,3,DOI,article_like
B09134,3,3,DOI;PMID;TITLE_EXACT_NORM,AVAILABLE,1,3,DOI,article_like
B09135,1,1,SINGLETON,AVAILABLE,1,1,SINGLETON,article_like
B09136,1,1,SINGLETON,AVAILABLE,1,1,SINGLETON,article_like
B09137,3,3,DOI;PMID;TITLE_EXACT_NORM,AVAILABLE,1,3,DOI,article_like
B09138,2,2,DOI;TITLE_EXACT_NORM,AVAILABLE,1,2,DOI,article_like
B09139,3,3,DOI;PMID;TITLE_EXACT_NORM,AVAILABLE,1,3,DOI,article_like
B09140,1,1,SINGLETON,AVAILABLE,1,1,SINGLETON,article_like
B09141,1,1,SINGLETON,AVAILABLE,1,1,SINGLETON,article_like
B09142,3,3,DOI;PMID;TITLE_EXACT_NORM,AVAILABLE,1,3,DOI,article_like
B09143,1,1,SINGLETON,AVAILABLE,1,1,SINGLETON,article_like
B09144,1,1,SINGLETON,AVAILABLE,1,1,SINGLETON,article_like
B09145,3,3,DOI;PMID;TITLE_EXACT_NORM,AVAILABLE,1,3,DOI,article_like
B09146,3,3,DOI;PMID;TITLE_EXACT_NORM,AVAILABLE,1,3,DOI,article_like
B09147,1,1,SINGLETON,AVAILABLE,1,1,SINGLETON,article_like
B09148,3,3,DOI;PMID;TITLE_EXACT_NORM,AVAILABLE,1,3,DOI,article_like
B09149,3,3,DOI;PMID;TITLE_EXACT_NORM,AVAILABLE,1,3,DOI,article_like
B09150,1,1,SINGLETON,AVAILABLE,1,1,SINGLETON,article_like
B09151,3,3,DOI;PMID;TITLE_EXACT_NORM,AVAILABLE,1,3,DOI,article_like
B09152,3,3,DOI;PMID;TITLE_EXACT_NORM,AVAILABLE,1,3,DOI,article_like
B09153,1,1,SINGLETON,AVAILABLE,1,1,SINGLETON,article_like
B09154,3,3,DOI;PMID;TITLE_EXACT_NORM,AVAILABLE,1,3,DOI,article_like
B09155,2,2,DOI;PMID;TITLE_EXACT_NORM,AVAILABLE,1,2,DOI,article_like
B09156,3,3,DOI;PMID;TITLE_EXACT_NORM,AVAILABLE,1,3,DOI,article_like
B09157,1,1,SINGLETON,AVAILABLE,1,1,SINGLETON,article_like
B09158,3,3,DOI;PMID;TITLE_EXACT_NORM,AVAILABLE,1,3,DOI,article_like
B09159,3,3,DOI;PMID;TITLE_EXACT_NORM,AVAILABLE,1,3,DOI,article_like
B09160,3,3,DOI;PMID;TITLE_EXACT_NORM,AVAILABLE,1,3,DOI,article_like
B09161,3,3,DOI;PMID;TITLE_EXACT_NORM,AVAILABLE,1,3,DOI,article_like
B09162,3,3,DOI;PMID;TITLE_EXACT_NORM,AVAILABLE,1,3,DOI,article_like
B09163,3,3,DOI;PMID;TITLE_EXACT_NORM,AVAILABLE,1,3,DOI,article_like
B09164,3,3,DOI;PMID;TITLE_EXACT_NORM,AVAILABLE,1,3,DOI,article_like
B09165,1,1,SINGLETON,TITLE_ONLY,0,1,SINGLETON,conference
B09166,3,3,DOI;PMID;TITLE_EXACT_NORM,TITLE_ONLY,0,3,DOI,article_like
B09167,3,3,DOI;PMID;TITLE_EXACT_NORM,AVAILABLE,1,3,DOI,article_like
B09168,3,3,DOI;PMID;TITLE_EXACT_NORM,AVAILABLE,1,3,DOI,article_like
B09169,3,3,DOI;PMID;TITLE_EXACT_NORM,AVAILABLE,1,3,DOI,article_like
B09170,3,3,DOI;PMID;TITLE_EXACT_NORM,AVAILABLE,1,3,DOI,article_like
B09171,3,3,DOI;PMID;TITLE_EXACT_NORM,AVAILABLE,1,3,DOI,article_like
B09172,3,3,DOI;PMID;TITLE_EXACT_NORM,AVAILABLE,1,3,DOI,article_like
B09173,1,1,SINGLETON,AVAILABLE,1,1,SINGLETON,article_like
B09174,3,3,DOI;PMID;TITLE_EXACT_NORM,AVAILABLE,1,3,DOI,article_like
B09175,1,1,SINGLETON,AVAILABLE,1,1,SINGLETON,article_like
B09176,1,1,SINGLETON,AVAILABLE,1,1,SINGLETON,article_like
B09177,2,2,DOI;TITLE_EXACT_NORM,AVAILABLE,1,2,DOI,article_like
B09178,1,1,SINGLETON,AVAILABLE,1,1,SINGLETON,article_like
B09179,3,3,DOI;PMID;TITLE_EXACT_NORM,AVAILABLE,1,3,DOI,article_like
B09180,1,1,SINGLETON,AVAILABLE,1,1,SINGLETON,article_like
B09181,3,3,DOI;PMID;TITLE_EXACT_NORM,AVAILABLE,1,3,DOI,article_like
B09182,3,3,DOI;PMID;TITLE_EXACT_NORM,AVAILABLE,1,3,DOI,article_like
B09183,3,3,DOI;PMID;TITLE_EXACT_NORM,AVAILABLE,1,3,DOI,article_like
B09184,3,3,DOI;PMID;TITLE_EXACT_NORM,AVAILABLE,1,3,DOI,article_like
B09185,1,1,SINGLETON,AVAILABLE,1,1,SINGLETON,article_like
B09186,1,1,SINGLETON,AVAILABLE,1,1,SINGLETON,article_like
B09187,1,1,SINGLETON,TITLE_ONLY,0,1,SINGLETON,article_like
B09188,1,1,SINGLETON,AVAILABLE,1,1,SINGLETON,article_like
B09189,1,1,SINGLETON,TITLE_ONLY,0,1,SINGLETON,article_like
B09190,1,1,SINGLETON,AVAILABLE,1,1,SINGLETON,article_like
B09191,1,1,SINGLETON,TITLE_ONLY,0,1,SINGLETON,article_like
B09192,3,3,DOI;PMID;TITLE_EXACT_NORM,AVAILABLE,1,3,DOI,article_like
B09193,1,1,SINGLETON,AVAILABLE,1,1,SINGLETON,article_like
B09194,3,3,DOI;PMID;TITLE_EXACT_NORM,AVAILABLE,1,3,DOI,article_like
B09195,2,2,DOI;PMID;TITLE_EXACT_NORM,AVAILABLE,1,2,DOI,article_like
B09196,1,1,SINGLETON,AVAILABLE,1,1,SINGLETON,conference
B09197,1,1,SINGLETON,AVAILABLE,1,1,SINGLETON,article_like
B09198,1,1,SINGLETON,AVAILABLE,1,1,SINGLETON,article_like
B09199,3,3,DOI;PMID;TITLE_EXACT_NORM,AVAILABLE,1,3,DOI,article_like
B09200,1,1,SINGLETON,TITLE_ONLY,0,1,SINGLETON,article_like
B09201,1,1,SINGLETON,AVAILABLE,1,1,SINGLETON,article_like
B09202,2,2,DOI;PMID;TITLE_EXACT_NORM,AVAILABLE,1,2,DOI,article_like
B09203,3,3,DOI;PMID;TITLE_EXACT_NORM,AVAILABLE,1,3,DOI,article_like
B09204,3,3,DOI;PMID;TITLE_EXACT_NORM,AVAILABLE,1,3,DOI,article_like
B09205,1,1,SINGLETON,TITLE_ONLY,0,1,SINGLETON,article_like
B09206,1,1,SINGLETON,AVAILABLE,1,1,SINGLETON,article_like
B09207,3,3,DOI;PMID;TITLE_EXACT_NORM,AVAILABLE,1,3,DOI,article_like
B09208,3,3,DOI;PMID;TITLE_EXACT_NORM,AVAILABLE,1,3,DOI,article_like
B09209,1,1,SINGLETON,AVAILABLE,1,1,SINGLETON,article_like
B09210,3,3,DOI;PMID;TITLE_EXACT_NORM,AVAILABLE,1,3,DOI,article_like
B09211,1,1,SINGLETON,AVAILABLE,1,1,SINGLETON,article_like
B09212,1,1,SINGLETON,AVAILABLE,1,1,SINGLETON,article_like
B09213,3,3,DOI;PMID;TITLE_EXACT_NORM,AVAILABLE,1,3,DOI,article_like
B09214,3,3,DOI;PMID;TITLE_EXACT_NORM,AVAILABLE,1,3,DOI,article_like
B09215,1,1,SINGLETON,AVAILABLE,1,1,SINGLETON,article_like
B09216,1,1,SINGLETON,AVAILABLE,1,1,SINGLETON,article_like
B09217,3,3,DOI;PMID;TITLE_EXACT_NORM,AVAILABLE,1,3,DOI,article_like
B09218,1,1,SINGLETON,AVAILABLE,1,1,SINGLETON,article_like
B09219,1,1,SINGLETON,AVAILABLE,1,1,SINGLETON,article_like
B09220,1,1,SINGLETON,AVAILABLE,1,1,SINGLETON,article_like
B09221,3,3,DOI;PMID;TITLE_EXACT_NORM,AVAILABLE,1,3,DOI,article_like
B09222,1,1,SINGLETON,AVAILABLE,1,1,SINGLETON,article_like
B09223,1,1,SINGLETON,AVAILABLE,1,1,SINGLETON,article_like
B09224,3,3,DOI;PMID;TITLE_EXACT_NORM,AVAILABLE,1,3,DOI,article_like
B09225,3,3,DOI;PMID;TITLE_EXACT_NORM,AVAILABLE,1,3,DOI,article_like
B09226,3,3,DOI;PMID;TITLE_EXACT_NORM,AVAILABLE,1,3,DOI,article_like
B09227,1,1,SINGLETON,AVAILABLE,1,1,SINGLETON,article_like
B09228,3,3,DOI;PMID;TITLE_EXACT_NORM,AVAILABLE,1,3,DOI,article_like
B09229,3,3,DOI;PMID;TITLE_EXACT_NORM,AVAILABLE,1,3,DOI,article_like
B09230,2,1,TITLE_EXACT_NORM,TITLE_ONLY,0,2,TITLE_EXACT_NORM,conference
B09231,1,1,SINGLETON,AVAILABLE,1,1,SINGLETON,article_like
B09232,1,1,SINGLETON,AVAILABLE,1,1,SINGLETON,article_like
B09233,3,3,DOI;PMID;TITLE_EXACT_NORM,AVAILABLE,1,3,DOI,article_like
B09234,1,1,SINGLETON,AVAILABLE,1,1,SINGLETON,article_like
B09235,1,1,SINGLETON,TITLE_ONLY,0,1,SINGLETON,article_like
B09236,1,1,SINGLETON,AVAILABLE,1,1,SINGLETON,article_like
B09237,1,1,SINGLETON,AVAILABLE,1,1,SINGLETON,article_like
B09238,3,3,DOI;PMID;TITLE_EXACT_NORM,AVAILABLE,1,3,DOI,article_like
B09239,3,3,DOI;PMID;TITLE_EXACT_NORM,AVAILABLE,1,3,DOI,article_like
B09240,1,1,SINGLETON,AVAILABLE,1,1,SINGLETON,article_like
B09241,1,1,SINGLETON,AVAILABLE,1,1,SINGLETON,article_like
B09242,3,3,DOI;PMID;TITLE_EXACT_NORM,AVAILABLE,1,3,DOI,article_like
B09243,3,3,DOI;PMID;TITLE_EXACT_NORM,AVAILABLE,1,3,DOI,article_like
B09244,3,3,DOI;PMID;TITLE_EXACT_NORM,AVAILABLE,1,3,DOI,article_like
B09245,3,3,DOI;PMID;TITLE_EXACT_NORM,AVAILABLE,1,3,DOI,article_like
B09246,3,3,DOI;PMID;TITLE_EXACT_NORM,AVAILABLE,1,3,DOI,article_like
B09247,3,3,DOI;PMID;TITLE_EXACT_NORM,AVAILABLE,1,3,DOI,article_like
B09248,3,3,DOI;PMID;TITLE_EXACT_NORM,AVAILABLE,1,3,DOI,article_like
B09249,3,3,DOI;PMID;TITLE_EXACT_NORM,AVAILABLE,1,3,DOI,article_like
B09250,1,1,SINGLETON,AVAILABLE,1,1,SINGLETON,article_like
B09251,2,2,DOI;PMID;TITLE_EXACT_NORM,AVAILABLE,1,2,DOI,article_like
B09252,3,3,DOI;PMID;TITLE_EXACT_NORM,AVAILABLE,1,3,DOI,article_like
B09253,3,3,DOI;PMID;TITLE_EXACT_NORM,AVAILABLE,1,3,DOI,article_like
B09254,1,1,SINGLETON,AVAILABLE,1,1,SINGLETON,article_like
B09255,3,3,DOI;PMID;TITLE_EXACT_NORM,AVAILABLE,1,3,DOI,article_like
B09256,3,3,DOI;PMID;TITLE_EXACT_NORM,AVAILABLE,1,3,DOI,article_like
B09257,3,3,DOI;PMID;TITLE_EXACT_NORM,AVAILABLE,1,3,DOI,article_like
B09258,3,3,DOI;PMID;TITLE_EXACT_NORM,AVAILABLE,1,3,DOI,article_like
B09259,1,1,SINGLETON,AVAILABLE,1,1,SINGLETON,article_like
B09260,3,3,DOI;PMID;TITLE_EXACT_NORM,AVAILABLE,1,3,DOI,article_like
B09261,1,1,SINGLETON,AVAILABLE,1,1,SINGLETON,article_like
B09262,1,1,SINGLETON,AVAILABLE,1,1,SINGLETON,article_like
B09263,1,1,SINGLETON,AVAILABLE,1,1,SINGLETON,article_like
B09264,1,1,SINGLETON,AVAILABLE,1,1,SINGLETON,article_like
B09265,1,1,SINGLETON,AVAILABLE,1,1,SINGLETON,article_like
B09266,2,2,PMID,AVAILABLE,1,2,PMID,article_like
B09267,1,1,SINGLETON,TITLE_ONLY,0,1,SINGLETON,article_like
B09268,3,3,DOI;PMID;TITLE_EXACT_NORM,AVAILABLE,1,3,DOI,article_like
B09269,1,1,SINGLETON,AVAILABLE,1,1,SINGLETON,article_like
B09270,1,1,SINGLETON,AVAILABLE,1,1,SINGLETON,article_like
B09271,1,1,SINGLETON,AVAILABLE,1,1,SINGLETON,article_like
B09272,1,1,SINGLETON,AVAILABLE,1,1,SINGLETON,article_like
B09273,3,3,DOI;PMID;TITLE_EXACT_NORM,AVAILABLE,1,3,DOI,article_like
B09274,1,1,SINGLETON,AVAILABLE,1,1,SINGLETON,article_like
B09275,1,1,SINGLETON,AVAILABLE,1,1,SINGLETON,article_like
B09276,1,1,SINGLETON,TITLE_ONLY,0,1,SINGLETON,article_like
B09277,1,1,SINGLETON,AVAILABLE,1,1,SINGLETON,article_like
B09278,3,3,DOI;PMID;TITLE_EXACT_NORM,AVAILABLE,1,3,DOI,article_like
B09279,3,3,DOI;PMID;TITLE_EXACT_NORM,AVAILABLE,1,3,DOI,article_like
B09280,1,1,SINGLETON,AVAILABLE,1,1,SINGLETON,article_like
B09281,1,1,SINGLETON,AVAILABLE,1,1,SINGLETON,article_like
B09282,1,1,SINGLETON,AVAILABLE,1,1,SINGLETON,article_like
B09283,3,3,DOI;PMID;TITLE_EXACT_NORM,AVAILABLE,1,3,DOI,article_like
B09284,3,3,DOI;PMID;TITLE_EXACT_NORM,AVAILABLE,1,3,DOI,article_like
B09285,1,1,SINGLETON,AVAILABLE,1,1,SINGLETON,article_like
B09286,1,1,SINGLETON,AVAILABLE,1,1,SINGLETON,article_like
B09287,1,1,SINGLETON,AVAILABLE,1,1,SINGLETON,article_like
B09288,3,3,DOI;PMID;TITLE_EXACT_NORM,AVAILABLE,1,3,DOI,article_like
B09289,1,1,SINGLETON,AVAILABLE,1,1,SINGLETON,article_like
B09290,1,1,SINGLETON,AVAILABLE,1,1,SINGLETON,article_like
B09291,1,1,SINGLETON,TITLE_ONLY,0,1,SINGLETON,article_like
B09292,3,3,DOI;PMID,AVAILABLE,1,3,DOI,article_like
B09293,3,3,DOI;PMID;TITLE_EXACT_NORM,AVAILABLE,1,3,DOI,article_like
B09294,2,2,DOI;PMID;TITLE_EXACT_NORM,AVAILABLE,1,2,DOI,article_like
B09295,3,3,DOI;PMID;TITLE_EXACT_NORM,AVAILABLE,1,3,DOI,article_like
B09296,3,3,DOI;PMID;TITLE_EXACT_NORM,AVAILABLE,1,3,DOI,article_like
B09297,3,3,DOI;PMID;TITLE_EXACT_NORM,AVAILABLE,1,3,DOI,article_like
B09298,1,1,SINGLETON,AVAILABLE,1,1,SINGLETON,article_like
B09299,1,1,SINGLETON,AVAILABLE,1,1,SINGLETON,article_like
B09300,1,1,SINGLETON,AVAILABLE,1,1,SINGLETON,article_like
B09301,1,1,SINGLETON,TITLE_ONLY,0,1,SINGLETON,conference
B09302,1,1,SINGLETON,AVAILABLE,1,1,SINGLETON,article_like
B09303,1,1,SINGLETON,AVAILABLE,1,1,SINGLETON,article_like
B09304,1,1,SINGLETON,AVAILABLE,1,1,SINGLETON,article_like
B09305,3,3,DOI;PMID;TITLE_EXACT_NORM,AVAILABLE,1,3,DOI,article_like
B09306,1,1,SINGLETON,AVAILABLE,1,1,SINGLETON,article_like
B09307,1,1,SINGLETON,AVAILABLE,1,1,SINGLETON,article_like
B09308,3,3,DOI;PMID;TITLE_EXACT_NORM,AVAILABLE,1,3,DOI,article_like
B09309,1,1,SINGLETON,AVAILABLE,1,1,SINGLETON,article_like
B09310,1,1,SINGLETON,AVAILABLE,1,1,SINGLETON,article_like
B09311,3,3,DOI;PMID;TITLE_EXACT_NORM,AVAILABLE,1,3,DOI,article_like
B09312,1,1,SINGLETON,AVAILABLE,1,1,SINGLETON,article_like
B09313,1,1,SINGLETON,AVAILABLE,1,1,SINGLETON,article_like
B09314,1,1,SINGLETON,AVAILABLE,1,1,SINGLETON,article_like
B09315,3,3,DOI;PMID;TITLE_EXACT_NORM,AVAILABLE,1,3,DOI,article_like
B09316,1,1,SINGLETON,AVAILABLE,1,1,SINGLETON,article_like
B09317,3,3,DOI;PMID;TITLE_EXACT_NORM,AVAILABLE,1,3,DOI,article_like
B09318,1,1,SINGLETON,AVAILABLE,1,1,SINGLETON,article_like
B09319,3,3,DOI;PMID;TITLE_EXACT_NORM,AVAILABLE,1,3,DOI,article_like
B09320,1,1,SINGLETON,AVAILABLE,1,1,SINGLETON,article_like
B09321,3,3,DOI;PMID;TITLE_EXACT_NORM,AVAILABLE,1,3,DOI,article_like
B09322,1,1,SINGLETON,TITLE_ONLY,0,1,SINGLETON,conference
B09323,3,3,DOI;PMID;TITLE_EXACT_NORM,AVAILABLE,1,3,DOI,article_like
B09324,1,1,SINGLETON,AVAILABLE,1,1,SINGLETON,article_like
B09325,1,1,SINGLETON,AVAILABLE,1,1,SINGLETON,article_like
B09326,1,1,SINGLETON,AVAILABLE,1,1,SINGLETON,article_like
B09327,3,3,DOI;PMID;TITLE_EXACT_NORM,AVAILABLE,1,3,DOI,article_like
B09328,3,3,DOI;PMID;TITLE_EXACT_NORM,AVAILABLE,1,3,DOI,article_like
B09329,3,3,DOI;PMID;TITLE_EXACT_NORM,AVAILABLE,1,3,DOI,article_like
B09330,3,3,DOI;PMID;TITLE_EXACT_NORM,AVAILABLE,1,3,DOI,article_like
B09331,3,3,DOI;PMID;TITLE_EXACT_NORM,AVAILABLE,1,3,DOI,article_like
B09332,1,1,SINGLETON,AVAILABLE,1,1,SINGLETON,article_like
B09333,1,1,SINGLETON,AVAILABLE,1,1,SINGLETON,article_like
B09334,3,3,DOI;PMID;TITLE_EXACT_NORM,AVAILABLE,1,3,DOI,article_like
B09335,2,2,DOI;PMID;TITLE_EXACT_NORM,AVAILABLE,1,2,DOI,article_like
B09336,2,2,DOI;PMID;TITLE_EXACT_NORM,AVAILABLE,1,2,DOI,article_like
B09337,1,1,SINGLETON,TITLE_ONLY,0,1,SINGLETON,conference
B09338,3,3,DOI;PMID;TITLE_EXACT_NORM,AVAILABLE,1,3,DOI,article_like
B09339,3,3,DOI;PMID;TITLE_EXACT_NORM,AVAILABLE,1,3,DOI,article_like
B09340,2,2,DOI;PMID;TITLE_EXACT_NORM,AVAILABLE,1,2,DOI,article_like
B09341,2,2,DOI;PMID;TITLE_EXACT_NORM,AVAILABLE,1,2,DOI,article_like
B09342,3,3,DOI;PMID;TITLE_EXACT_NORM,AVAILABLE,1,3,DOI,article_like
B09343,3,3,DOI;PMID;TITLE_EXACT_NORM,AVAILABLE,1,3,DOI,article_like
B09344,1,1,SINGLETON,AVAILABLE,1,1,SINGLETON,article_like
B09345,3,3,DOI;PMID;TITLE_EXACT_NORM,AVAILABLE,1,3,DOI,article_like
B09346,1,1,SINGLETON,AVAILABLE,1,1,SINGLETON,article_like
B09347,1,1,SINGLETON,AVAILABLE,1,1,SINGLETON,article_like
B09348,3,3,DOI;PMID;TITLE_EXACT_NORM,AVAILABLE,1,3,DOI,article_like
B09349,3,3,DOI;PMID;TITLE_EXACT_NORM,AVAILABLE,1,3,DOI,article_like
B09350,3,3,DOI;PMID;TITLE_EXACT_NORM,AVAILABLE,1,3,DOI,article_like
B09351,1,1,SINGLETON,TITLE_ONLY,0,1,SINGLETON,article_like
B09352,2,2,DOI;PMID;TITLE_EXACT_NORM,AVAILABLE,1,2,DOI,article_like
B09353,1,1,SINGLETON,AVAILABLE,1,1,SINGLETON,article_like
B09354,1,1,SINGLETON,TITLE_ONLY,0,1,SINGLETON,conference
B09355,3,3,DOI;PMID;TITLE_EXACT_NORM,AVAILABLE,1,3,DOI,article_like
B09356,1,1,SINGLETON,AVAILABLE,1,1,SINGLETON,article_like
B09357,3,3,DOI;PMID;TITLE_EXACT_NORM,AVAILABLE,1,3,DOI,article_like
B09358,3,3,DOI;PMID;TITLE_EXACT_NORM,AVAILABLE,1,3,DOI,article_like
B09359,3,3,DOI;PMID;TITLE_EXACT_NORM,AVAILABLE,1,3,DOI,article_like
B09360,2,2,DOI;PMID;TITLE_EXACT_NORM,AVAILABLE,1,2,DOI,article_like
B09361,1,1,SINGLETON,AVAILABLE,1,1,SINGLETON,article_like
B09362,2,2,DOI;PMID;TITLE_EXACT_NORM,AVAILABLE,1,2,DOI,article_like
B09363,1,1,SINGLETON,AVAILABLE,1,1,SINGLETON,article_like
B09364,1,1,SINGLETON,AVAILABLE,1,1,SINGLETON,article_like
B09365,1,1,SINGLETON,AVAILABLE,1,1,SINGLETON,article_like
B09366,3,3,DOI;PMID;TITLE_EXACT_NORM,AVAILABLE,1,3,DOI,article_like
B09367,1,1,SINGLETON,AVAILABLE,1,1,SINGLETON,article_like
B09368,3,3,DOI;PMID;TITLE_EXACT_NORM,AVAILABLE,1,3,DOI,article_like
B09369,3,3,DOI;PMID;TITLE_EXACT_NORM,AVAILABLE,1,3,DOI,article_like
B09370,1,1,SINGLETON,AVAILABLE,1,1,SINGLETON,article_like
B09371,1,1,SINGLETON,AVAILABLE,1,1,SINGLETON,article_like
B09372,1,1,SINGLETON,AVAILABLE,1,1,SINGLETON,article_like
B09373,1,1,SINGLETON,AVAILABLE,1,1,SINGLETON,article_like
B09374,1,1,SINGLETON,AVAILABLE,1,1,SINGLETON,article_like
B09375,1,1,SINGLETON,AVAILABLE,1,1,SINGLETON,article_like
B09376,1,1,SINGLETON,AVAILABLE,1,1,SINGLETON,article_like
B09377,2,1,TITLE_EXACT_NORM,TITLE_ONLY,0,2,TITLE_EXACT_NORM,conference
B09378,3,3,DOI;PMID;TITLE_EXACT_NORM,AVAILABLE,1,3,DOI,article_like
B09379,1,1,SINGLETON,AVAILABLE,1,1,SINGLETON,article_like
B09380,3,3,DOI;PMID;TITLE_EXACT_NORM,AVAILABLE,1,3,DOI,article_like
B09381,1,1,SINGLETON,AVAILABLE,1,1,SINGLETON,article_like
B09382,3,3,DOI;PMID;TITLE_EXACT_NORM,AVAILABLE,1,3,DOI,article_like
B09383,1,1,SINGLETON,AVAILABLE,1,1,SINGLETON,article_like
B09384,3,3,DOI;PMID;TITLE_EXACT_NORM,AVAILABLE,1,3,DOI,article_like
B09385,3,3,DOI;PMID;TITLE_EXACT_NORM,AVAILABLE,1,3,DOI,article_like
B09386,1,1,SINGLETON,AVAILABLE,1,1,SINGLETON,article_like
B09387,1,1,SINGLETON,AVAILABLE,1,1,SINGLETON,article_like
B09388,1,1,SINGLETON,TITLE_ONLY,0,1,SINGLETON,conference
B09389,1,1,SINGLETON,AVAILABLE,1,1,SINGLETON,article_like
B09390,3,3,DOI;PMID;TITLE_EXACT_NORM,AVAILABLE,1,3,DOI,article_like
B09391,1,1,SINGLETON,AVAILABLE,1,1,SINGLETON,article_like
B09392,3,3,DOI;PMID;TITLE_EXACT_NORM,AVAILABLE,1,3,DOI,article_like
B09393,3,3,DOI;PMID;TITLE_EXACT_NORM,AVAILABLE,1,3,DOI,article_like
B09394,3,3,DOI;PMID;TITLE_EXACT_NORM,AVAILABLE,1,3,DOI,article_like
B09395,3,3,DOI;PMID;TITLE_EXACT_NORM,AVAILABLE,1,3,DOI,article_like
B09396,3,3,DOI;PMID;TITLE_EXACT_NORM,AVAILABLE,1,3,DOI,article_like
B09397,1,1,SINGLETON,AVAILABLE,1,1,SINGLETON,article_like
B09398,2,2,DOI;PMID;TITLE_EXACT_NORM,AVAILABLE,1,2,DOI,article_like
B09399,3,3,DOI;PMID;TITLE_EXACT_NORM,AVAILABLE,1,3,DOI,article_like
B09400,1,1,SINGLETON,AVAILABLE,1,1,SINGLETON,article_like
B09401,3,3,DOI;PMID;TITLE_EXACT_NORM,AVAILABLE,1,3,DOI,article_like
B09402,1,1,SINGLETON,TITLE_ONLY,0,1,SINGLETON,article_like
B09403,3,3,DOI;PMID;TITLE_EXACT_NORM,AVAILABLE,1,3,DOI,article_like
B09404,3,3,DOI;PMID;TITLE_EXACT_NORM,AVAILABLE,1,3,DOI,article_like
B09405,2,2,DOI;PMID;TITLE_EXACT_NORM,AVAILABLE,1,2,DOI,article_like
B09406,1,1,SINGLETON,TITLE_ONLY,0,1,SINGLETON,conference
B09407,1,1,SINGLETON,AVAILABLE,1,1,SINGLETON,article_like
B09408,3,3,DOI;PMID;TITLE_EXACT_NORM,AVAILABLE,1,3,DOI,article_like
B09409,1,1,SINGLETON,AVAILABLE,1,1,SINGLETON,article_like
B09410,1,1,SINGLETON,AVAILABLE,1,1,SINGLETON,article_like
B09411,2,2,DOI;PMID;TITLE_EXACT_NORM,AVAILABLE,1,2,DOI,article_like
B09412,3,3,DOI;PMID;TITLE_EXACT_NORM,AVAILABLE,1,3,DOI,article_like
B09413,1,1,SINGLETON,AVAILABLE,1,1,SINGLETON,article_like
B09414,1,1,SINGLETON,AVAILABLE,1,1,SINGLETON,article_like
B09415,1,1,SINGLETON,AVAILABLE,1,1,SINGLETON,article_like
B09416,3,3,DOI;PMID;TITLE_EXACT_NORM,AVAILABLE,1,3,DOI,article_like
B09417,1,1,SINGLETON,AVAILABLE,1,1,SINGLETON,article_like
B09418,1,1,SINGLETON,AVAILABLE,1,1,SINGLETON,article_like
B09419,2,2,DOI;PMID;TITLE_EXACT_NORM,AVAILABLE,1,2,DOI,article_like
B09420,3,3,DOI;PMID;TITLE_EXACT_NORM,AVAILABLE,1,3,DOI,article_like
B09421,3,3,DOI;PMID;TITLE_EXACT_NORM,AVAILABLE,1,3,DOI,article_like
B09422,1,1,SINGLETON,AVAILABLE,1,1,SINGLETON,article_like
B09423,1,1,SINGLETON,AVAILABLE,1,1,SINGLETON,article_like
B09424,1,1,SINGLETON,AVAILABLE,1,1,SINGLETON,article_like
B09425,1,1,SINGLETON,AVAILABLE,1,1,SINGLETON,article_like
B09426,3,3,DOI;PMID;TITLE_EXACT_NORM,AVAILABLE,1,3,DOI,article_like
B09427,1,1,SINGLETON,AVAILABLE,1,1,SINGLETON,article_like
B09428,3,3,DOI;PMID;TITLE_EXACT_NORM,AVAILABLE,1,3,DOI,article_like
B09429,3,3,DOI;PMID;TITLE_EXACT_NORM,AVAILABLE,1,3,DOI,article_like
B09430,3,3,DOI;PMID;TITLE_EXACT_NORM,AVAILABLE,1,3,DOI,article_like
B09431,1,1,SINGLETON,AVAILABLE,1,1,SINGLETON,article_like
B09432,1,1,SINGLETON,AVAILABLE,1,1,SINGLETON,article_like
B09433,3,3,DOI;PMID;TITLE_EXACT_NORM,AVAILABLE,1,3,DOI,article_like
B09434,1,1,SINGLETON,AVAILABLE,1,1,SINGLETON,article_like
B09435,2,2,DOI;PMID;TITLE_EXACT_NORM,AVAILABLE,1,2,DOI,article_like
B09436,1,1,SINGLETON,AVAILABLE,1,1,SINGLETON,article_like
B09437,3,3,DOI;PMID;TITLE_EXACT_NORM,AVAILABLE,1,3,DOI,article_like
B09438,1,1,SINGLETON,AVAILABLE,1,1,SINGLETON,article_like
B09439,1,1,SINGLETON,AVAILABLE,1,1,SINGLETON,article_like
B09440,3,3,DOI;PMID;TITLE_EXACT_NORM,AVAILABLE,1,3,DOI,article_like
B09441,3,3,DOI;PMID;TITLE_EXACT_NORM,AVAILABLE,1,3,DOI,article_like
B09442,3,3,DOI;PMID;TITLE_EXACT_NORM,AVAILABLE,1,3,DOI,article_like
B09443,3,3,DOI;PMID;TITLE_EXACT_NORM,AVAILABLE,1,3,DOI,article_like
B09444,1,1,SINGLETON,TITLE_ONLY,0,1,SINGLETON,conference
B09445,1,1,SINGLETON,AVAILABLE,1,1,SINGLETON,article_like
B09446,1,1,SINGLETON,AVAILABLE,1,1,SINGLETON,article_like
B09447,1,1,SINGLETON,AVAILABLE,1,1,SINGLETON,article_like
B09448,3,3,DOI;PMID;TITLE_EXACT_NORM,AVAILABLE,1,3,DOI,article_like
B09449,1,1,SINGLETON,AVAILABLE,1,1,SINGLETON,article_like
B09450,1,1,SINGLETON,AVAILABLE,1,1,SINGLETON,article_like
B09451,1,1,SINGLETON,AVAILABLE,1,1,SINGLETON,article_like
B09452,3,3,DOI;PMID;TITLE_EXACT_NORM,AVAILABLE,1,3,DOI,article_like
B09453,2,2,DOI;PMID;TITLE_EXACT_NORM,AVAILABLE,1,2,DOI,article_like
B09454,1,1,SINGLETON,AVAILABLE,1,1,SINGLETON,article_like
B09455,1,1,SINGLETON,AVAILABLE,1,1,SINGLETON,article_like
B09456,1,1,SINGLETON,AVAILABLE,1,1,SINGLETON,article_like
B09457,3,3,DOI;PMID;TITLE_EXACT_NORM,AVAILABLE,1,3,DOI,article_like
B09458,1,1,SINGLETON,AVAILABLE,1,1,SINGLETON,article_like
B09459,1,1,SINGLETON,AVAILABLE,1,1,SINGLETON,article_like
B09460,1,1,SINGLETON,AVAILABLE,1,1,SINGLETON,article_like
B09461,3,3,DOI;PMID;TITLE_EXACT_NORM,AVAILABLE,1,3,DOI,article_like
B09462,1,1,SINGLETON,AVAILABLE,1,1,SINGLETON,article_like
B09463,1,1,SINGLETON,AVAILABLE,1,1,SINGLETON,article_like
B09464,1,1,SINGLETON,AVAILABLE,1,1,SINGLETON,article_like
B09465,3,3,DOI;PMID;TITLE_EXACT_NORM,AVAILABLE,1,3,DOI,article_like
B09466,1,1,SINGLETON,AVAILABLE,1,1,SINGLETON,article_like
B09467,3,3,DOI;PMID;TITLE_EXACT_NORM,AVAILABLE,1,3,DOI,article_like
B09468,1,1,SINGLETON,AVAILABLE,1,1,SINGLETON,article_like
B09469,3,3,DOI;PMID;TITLE_EXACT_NORM,AVAILABLE,1,3,DOI,article_like
B09470,3,3,DOI;PMID;TITLE_EXACT_NORM,AVAILABLE,1,3,DOI,article_like
B09471,3,3,DOI;PMID;TITLE_EXACT_NORM,AVAILABLE,1,3,DOI,article_like
B09472,3,3,DOI;PMID;TITLE_EXACT_NORM,AVAILABLE,1,3,DOI,article_like
B09473,3,3,DOI;PMID;TITLE_EXACT_NORM,AVAILABLE,1,3,DOI,article_like
B09474,3,3,DOI;PMID;TITLE_EXACT_NORM,AVAILABLE,1,3,DOI,article_like
B09475,3,3,DOI;PMID;TITLE_EXACT_NORM,AVAILABLE,1,3,DOI,article_like
B09476,3,3,DOI;PMID;TITLE_EXACT_NORM,AVAILABLE,1,3,DOI,article_like
B09477,3,3,DOI;PMID;TITLE_EXACT_NORM,AVAILABLE,1,3,DOI,article_like
B09478,3,3,DOI;PMID;TITLE_EXACT_NORM,AVAILABLE,1,3,DOI,article_like
B09479,1,1,SINGLETON,AVAILABLE,1,1,SINGLETON,article_like
B09480,3,3,DOI;PMID;TITLE_EXACT_NORM,AVAILABLE,1,3,DOI,article_like
B09481,3,3,DOI;PMID;TITLE_EXACT_NORM,AVAILABLE,1,3,DOI,article_like
B09482,3,3,DOI;PMID;TITLE_EXACT_NORM,AVAILABLE,1,3,DOI,article_like
B09483,3,3,DOI;PMID;TITLE_EXACT_NORM,AVAILABLE,1,3,DOI,article_like
B09484,2,2,DOI;PMID;TITLE_EXACT_NORM,AVAILABLE,1,2,DOI,article_like
B09485,3,3,DOI;PMID;TITLE_EXACT_NORM,AVAILABLE,1,3,DOI,article_like
B09486,3,3,DOI;PMID;TITLE_EXACT_NORM,AVAILABLE,1,3,DOI,article_like
B09487,2,2,DOI;PMID;TITLE_EXACT_NORM,AVAILABLE,1,2,DOI,article_like
B09488,1,1,SINGLETON,AVAILABLE,1,1,SINGLETON,article_like
B09489,1,1,SINGLETON,AVAILABLE,1,1,SINGLETON,article_like
B09490,1,1,SINGLETON,AVAILABLE,1,1,SINGLETON,article_like
B09491,1,1,SINGLETON,AVAILABLE,1,1,SINGLETON,article_like
B09492,1,1,SINGLETON,AVAILABLE,1,1,SINGLETON,article_like
B09493,1,1,SINGLETON,AVAILABLE,1,1,SINGLETON,article_like
B09494,1,1,SINGLETON,AVAILABLE,1,1,SINGLETON,article_like
B09495,2,2,DOI,AVAILABLE,1,2,DOI,article_like
B09496,3,3,DOI;PMID;TITLE_EXACT_NORM,AVAILABLE,1,3,DOI,article_like
B09497,3,3,DOI;PMID;TITLE_EXACT_NORM,AVAILABLE,1,3,DOI,article_like
B09498,3,3,DOI;PMID;TITLE_EXACT_NORM,AVAILABLE,1,3,DOI,article_like
B09499,3,3,DOI;PMID;TITLE_EXACT_NORM,AVAILABLE,1,3,DOI,article_like
B09500,3,3,PMID;TITLE_EXACT_NORM,AVAILABLE,1,3,PMID,article_like
B09501,1,1,SINGLETON,TITLE_ONLY,0,1,SINGLETON,article_like
B09502,2,2,DOI;PMID;TITLE_EXACT_NORM,AVAILABLE,1,2,DOI,article_like
B09503,3,3,DOI;PMID;TITLE_EXACT_NORM,AVAILABLE,1,3,DOI,article_like
B09504,3,3,DOI;PMID;TITLE_EXACT_NORM,AVAILABLE,1,3,DOI,article_like
B09505,3,3,DOI;PMID;TITLE_EXACT_NORM,AVAILABLE,1,3,DOI,article_like
B09506,1,1,SINGLETON,AVAILABLE,1,1,SINGLETON,article_like
B09507,1,1,SINGLETON,TITLE_ONLY,0,1,SINGLETON,article_like
B09508,1,1,SINGLETON,AVAILABLE,1,1,SINGLETON,article_like
B09509,1,1,SINGLETON,AVAILABLE,1,1,SINGLETON,article_like
B09510,3,3,DOI;PMID;TITLE_EXACT_NORM,AVAILABLE,1,3,DOI,article_like
B09511,3,3,DOI;PMID;TITLE_EXACT_NORM,AVAILABLE,1,3,DOI,article_like
B09512,3,3,DOI;PMID;TITLE_EXACT_NORM,AVAILABLE,1,3,DOI,article_like
B09513,3,3,DOI;PMID;TITLE_EXACT_NORM,AVAILABLE,1,3,DOI,article_like
B09514,3,3,DOI;PMID;TITLE_EXACT_NORM,AVAILABLE,1,3,DOI,article_like
B09515,3,3,DOI;PMID;TITLE_EXACT_NORM,AVAILABLE,1,3,DOI,article_like
B09516,1,1,SINGLETON,AVAILABLE,1,1,SINGLETON,article_like
B09517,3,3,DOI;PMID;TITLE_EXACT_NORM,AVAILABLE,1,3,DOI,article_like
B09518,1,1,SINGLETON,AVAILABLE,1,1,SINGLETON,article_like
B09519,3,3,DOI;PMID;TITLE_EXACT_NORM,AVAILABLE,1,3,DOI,article_like
B09520,1,1,SINGLETON,AVAILABLE,1,1,SINGLETON,article_like
B09521,1,1,SINGLETON,AVAILABLE,1,1,SINGLETON,article_like
B09522,1,1,SINGLETON,AVAILABLE,1,1,SINGLETON,article_like
B09523,3,3,DOI;PMID;TITLE_EXACT_NORM,AVAILABLE,1,3,DOI,article_like
B09524,3,3,DOI;PMID;TITLE_EXACT_NORM,AVAILABLE,1,3,DOI,article_like
B09525,3,3,DOI;PMID;TITLE_EXACT_NORM,AVAILABLE,1,3,DOI,article_like
B09526,1,1,SINGLETON,AVAILABLE,1,1,SINGLETON,article_like
B09527,1,1,SINGLETON,AVAILABLE,1,1,SINGLETON,article_like
B09528,3,3,DOI;PMID;TITLE_EXACT_NORM,AVAILABLE,1,3,DOI,article_like
B09529,1,1,SINGLETON,AVAILABLE,1,1,SINGLETON,article_like
B09530,3,3,DOI;PMID;TITLE_EXACT_NORM,AVAILABLE,1,3,DOI,article_like
B09531,1,1,SINGLETON,AVAILABLE,1,1,SINGLETON,article_like
B09532,3,3,DOI;PMID;TITLE_EXACT_NORM,AVAILABLE,1,3,DOI,article_like
B09533,1,1,SINGLETON,TITLE_ONLY,0,1,SINGLETON,conference
B09534,3,3,DOI;PMID;TITLE_EXACT_NORM,AVAILABLE,1,3,DOI,article_like
B09535,1,1,SINGLETON,AVAILABLE,1,1,SINGLETON,article_like
B09536,1,1,SINGLETON,TITLE_ONLY,0,1,SINGLETON,conference
B09537,1,1,SINGLETON,AVAILABLE,1,1,SINGLETON,article_like
B09538,1,1,SINGLETON,AVAILABLE,1,1,SINGLETON,article_like
B09539,1,1,SINGLETON,TITLE_ONLY,0,1,SINGLETON,article_like
B09540,1,1,SINGLETON,AVAILABLE,1,1,SINGLETON,article_like
B09541,3,3,DOI;PMID;TITLE_EXACT_NORM,AVAILABLE,1,3,DOI,article_like
B09542,1,1,SINGLETON,AVAILABLE,1,1,SINGLETON,article_like
B09543,1,1,SINGLETON,AVAILABLE,1,1,SINGLETON,article_like
B09544,1,1,SINGLETON,AVAILABLE,1,1,SINGLETON,article_like
B09545,1,1,SINGLETON,TITLE_ONLY,0,1,SINGLETON,article_like
B09546,1,1,SINGLETON,AVAILABLE,1,1,SINGLETON,article_like
B09547,1,1,SINGLETON,TITLE_ONLY,0,1,SINGLETON,conference
B09548,1,1,SINGLETON,AVAILABLE,1,1,SINGLETON,article_like
B09549,2,2,DOI;TITLE_EXACT_NORM,AVAILABLE,1,2,DOI,article_like
B09550,2,2,DOI;TITLE_EXACT_NORM,AVAILABLE,1,2,DOI,article_like
B09551,1,1,SINGLETON,AVAILABLE,1,1,SINGLETON,article_like
B09552,3,3,DOI;PMID;TITLE_EXACT_NORM,AVAILABLE,1,3,DOI,article_like
B09553,1,1,SINGLETON,AVAILABLE,1,1,SINGLETON,article_like
B09554,1,1,SINGLETON,AVAILABLE,1,1,SINGLETON,article_like
B09555,2,2,DOI;PMID;TITLE_EXACT_NORM,AVAILABLE,1,2,DOI,conference
B09556,3,3,DOI;PMID;TITLE_EXACT_NORM,AVAILABLE,1,3,DOI,article_like
B09557,1,1,SINGLETON,AVAILABLE,1,1,SINGLETON,article_like
B09558,1,1,SINGLETON,AVAILABLE,1,1,SINGLETON,article_like
B09559,3,3,DOI;PMID;TITLE_EXACT_NORM,AVAILABLE,1,3,DOI,article_like
B09560,3,3,DOI;PMID;TITLE_EXACT_NORM,AVAILABLE,1,3,DOI,article_like
B09561,3,3,DOI;PMID;TITLE_EXACT_NORM,AVAILABLE,1,3,DOI,article_like
B09562,1,1,SINGLETON,AVAILABLE,1,1,SINGLETON,article_like
B09563,1,1,SINGLETON,TITLE_ONLY,0,1,SINGLETON,conference
B09564,3,3,DOI;PMID;TITLE_EXACT_NORM,AVAILABLE,1,3,DOI,article_like
B09565,1,1,SINGLETON,AVAILABLE,1,1,SINGLETON,article_like
B09566,3,3,DOI;PMID;TITLE_EXACT_NORM,AVAILABLE,1,3,DOI,article_like
B09567,1,1,SINGLETON,AVAILABLE,1,1,SINGLETON,article_like
B09568,1,1,SINGLETON,AVAILABLE,1,1,SINGLETON,article_like
B09569,3,3,DOI;PMID;TITLE_EXACT_NORM,AVAILABLE,1,3,DOI,article_like
B09570,3,3,DOI;PMID;TITLE_EXACT_NORM,AVAILABLE,1,3,DOI,article_like
B09571,1,1,SINGLETON,AVAILABLE,1,1,SINGLETON,article_like
B09572,1,1,SINGLETON,AVAILABLE,1,1,SINGLETON,article_like
B09573,1,1,SINGLETON,AVAILABLE,1,1,SINGLETON,article_like
B09574,1,1,SINGLETON,AVAILABLE,1,1,SINGLETON,article_like
B09575,1,1,SINGLETON,AVAILABLE,1,1,SINGLETON,article_like
B09576,1,1,SINGLETON,AVAILABLE,1,1,SINGLETON,article_like
B09577,3,3,DOI;PMID;TITLE_EXACT_NORM,AVAILABLE,1,3,DOI,article_like
B09578,1,1,SINGLETON,AVAILABLE,1,1,SINGLETON,article_like
B09579,1,1,SINGLETON,AVAILABLE,1,1,SINGLETON,article_like
B09580,1,1,SINGLETON,AVAILABLE,1,1,SINGLETON,article_like
B09581,1,1,SINGLETON,TITLE_ONLY,0,1,SINGLETON,conference
B09582,1,1,SINGLETON,AVAILABLE,1,1,SINGLETON,article_like
B09583,1,1,SINGLETON,AVAILABLE,1,1,SINGLETON,article_like
B09584,1,1,SINGLETON,AVAILABLE,1,1,SINGLETON,article_like
B09585,3,3,DOI;PMID;TITLE_EXACT_NORM,AVAILABLE,1,3,DOI,article_like
B09586,1,1,SINGLETON,TITLE_ONLY,0,1,SINGLETON,conference
B09587,1,1,SINGLETON,AVAILABLE,1,1,SINGLETON,article_like
B09588,1,1,SINGLETON,AVAILABLE,1,1,SINGLETON,article_like
B09589,1,1,SINGLETON,AVAILABLE,1,1,SINGLETON,article_like
B09590,1,1,SINGLETON,AVAILABLE,1,1,SINGLETON,article_like
B09591,1,1,SINGLETON,AVAILABLE,1,1,SINGLETON,article_like
B09592,1,1,SINGLETON,AVAILABLE,1,1,SINGLETON,article_like
B09593,2,2,DOI;PMID;TITLE_EXACT_NORM,AVAILABLE,1,2,DOI,article_like
B09594,3,3,DOI;PMID;TITLE_EXACT_NORM,AVAILABLE,1,3,DOI,article_like
B09595,3,3,DOI;PMID;TITLE_EXACT_NORM,AVAILABLE,1,3,DOI,article_like
B09596,3,3,DOI;PMID;TITLE_EXACT_NORM,AVAILABLE,1,3,DOI,article_like
B09597,3,3,DOI;PMID;TITLE_EXACT_NORM,AVAILABLE,1,3,DOI,article_like
B09598,3,3,DOI;PMID;TITLE_EXACT_NORM,AVAILABLE,1,3,DOI,article_like
B09599,1,1,SINGLETON,AVAILABLE,1,1,SINGLETON,article_like
B09600,1,1,SINGLETON,AVAILABLE,1,1,SINGLETON,article_like
B09601,1,1,SINGLETON,AVAILABLE,1,1,SINGLETON,article_like
B09602,3,3,DOI;PMID;TITLE_EXACT_NORM,TITLE_ONLY,0,3,DOI,article_like
B09603,1,1,SINGLETON,AVAILABLE,1,1,SINGLETON,article_like
B09604,1,1,SINGLETON,TITLE_ONLY,0,1,SINGLETON,article_like
B09605,3,3,DOI;PMID;TITLE_EXACT_NORM,AVAILABLE,1,3,DOI,article_like
B09606,1,1,SINGLETON,AVAILABLE,1,1,SINGLETON,article_like
B09607,1,1,SINGLETON,AVAILABLE,1,1,SINGLETON,article_like
B09608,1,1,SINGLETON,AVAILABLE,1,1,SINGLETON,article_like
B09609,1,1,SINGLETON,AVAILABLE,1,1,SINGLETON,article_like
B09610,1,1,SINGLETON,TITLE_ONLY,0,1,SINGLETON,article_like
B09611,1,1,SINGLETON,AVAILABLE,1,1,SINGLETON,article_like
B09612,1,1,SINGLETON,AVAILABLE,1,1,SINGLETON,article_like
B09613,1,1,SINGLETON,TITLE_ONLY,0,1,SINGLETON,article_like
B09614,2,2,DOI;TITLE_EXACT_NORM,AVAILABLE,1,2,DOI,article_like
B09615,1,1,SINGLETON,AVAILABLE,1,1,SINGLETON,article_like
B09616,3,3,DOI;PMID;TITLE_EXACT_NORM,AVAILABLE,1,3,DOI,article_like
B09617,3,3,DOI;PMID;TITLE_EXACT_NORM,AVAILABLE,1,3,DOI,article_like
B09618,2,2,DOI;TITLE_EXACT_NORM,AVAILABLE,1,2,DOI,article_like
B09619,1,1,SINGLETON,AVAILABLE,1,1,SINGLETON,article_like
B09620,3,3,DOI;PMID;TITLE_EXACT_NORM,AVAILABLE,1,3,DOI,article_like
B09621,1,1,SINGLETON,TITLE_ONLY,0,1,SINGLETON,article_like
B09622,1,1,SINGLETON,AVAILABLE,1,1,SINGLETON,article_like
B09623,3,3,DOI;PMID;TITLE_EXACT_NORM,AVAILABLE,1,3,DOI,article_like
B09624,1,1,SINGLETON,TITLE_ONLY,0,1,SINGLETON,conference
B09625,1,1,SINGLETON,AVAILABLE,1,1,SINGLETON,article_like
B09626,1,1,SINGLETON,AVAILABLE,1,1,SINGLETON,article_like
B09627,3,3,DOI;PMID;TITLE_EXACT_NORM,AVAILABLE,1,3,DOI,article_like
B09628,3,3,DOI;PMID;TITLE_EXACT_NORM,AVAILABLE,1,3,DOI,article_like
B09629,3,3,DOI;PMID;TITLE_EXACT_NORM,AVAILABLE,1,3,DOI,article_like
B09630,2,2,DOI;PMID;TITLE_EXACT_NORM,AVAILABLE,1,2,DOI,article_like
B09631,3,3,DOI;PMID;TITLE_EXACT_NORM,AVAILABLE,1,3,DOI,article_like
B09632,1,1,SINGLETON,AVAILABLE,1,1,SINGLETON,article_like
B09633,1,1,SINGLETON,AVAILABLE,1,1,SINGLETON,article_like
B09634,1,1,SINGLETON,AVAILABLE,1,1,SINGLETON,article_like
B09635,3,3,DOI;PMID;TITLE_EXACT_NORM,AVAILABLE,1,3,DOI,article_like
B09636,3,3,DOI;PMID;TITLE_EXACT_NORM,AVAILABLE,1,3,DOI,article_like
B09637,3,3,DOI;PMID;TITLE_EXACT_NORM,AVAILABLE,1,3,DOI,article_like
B09638,3,3,DOI;PMID;TITLE_EXACT_NORM,AVAILABLE,1,3,DOI,article_like
B09639,3,3,DOI;PMID;TITLE_EXACT_NORM,AVAILABLE,1,3,DOI,article_like
B09640,1,1,SINGLETON,AVAILABLE,1,1,SINGLETON,article_like
B09641,3,3,DOI;PMID;TITLE_EXACT_NORM,AVAILABLE,1,3,DOI,article_like
B09642,2,2,DOI;PMID;TITLE_EXACT_NORM,AVAILABLE,1,2,DOI,article_like
B09643,1,1,SINGLETON,AVAILABLE,1,1,SINGLETON,article_like
B09644,1,1,SINGLETON,AVAILABLE,1,1,SINGLETON,article_like
B09645,1,1,SINGLETON,AVAILABLE,1,1,SINGLETON,article_like
B09646,3,3,DOI;PMID;TITLE_EXACT_NORM,AVAILABLE,1,3,DOI,article_like
B09647,3,3,DOI;PMID;TITLE_EXACT_NORM,AVAILABLE,1,3,DOI,article_like
B09648,1,1,SINGLETON,AVAILABLE,1,1,SINGLETON,article_like
B09649,1,1,SINGLETON,AVAILABLE,1,1,SINGLETON,article_like
B09650,1,1,SINGLETON,AVAILABLE,1,1,SINGLETON,article_like
B09651,3,3,DOI;PMID;TITLE_EXACT_NORM,AVAILABLE,1,3,DOI,article_like
B09652,1,1,SINGLETON,AVAILABLE,1,1,SINGLETON,article_like
B09653,1,1,SINGLETON,AVAILABLE,1,1,SINGLETON,article_like
B09654,1,1,SINGLETON,AVAILABLE,1,1,SINGLETON,article_like
B09655,1,1,SINGLETON,AVAILABLE,1,1,SINGLETON,article_like
B09656,1,1,SINGLETON,AVAILABLE,1,1,SINGLETON,article_like
B09657,2,2,DOI;PMID;TITLE_EXACT_NORM,AVAILABLE,1,2,DOI,article_like
B09658,1,1,SINGLETON,AVAILABLE,1,1,SINGLETON,article_like
B09659,1,1,SINGLETON,TITLE_ONLY,0,1,SINGLETON,conference
B09660,3,3,DOI;PMID;TITLE_EXACT_NORM,AVAILABLE,1,3,DOI,article_like
B09661,1,1,SINGLETON,AVAILABLE,1,1,SINGLETON,article_like
B09662,3,3,DOI;PMID;TITLE_EXACT_NORM,AVAILABLE,1,3,DOI,article_like
B09663,1,1,SINGLETON,AVAILABLE,1,1,SINGLETON,article_like
B09664,3,3,DOI;PMID;TITLE_EXACT_NORM,AVAILABLE,1,3,DOI,article_like
B09665,3,3,DOI;PMID;TITLE_EXACT_NORM,AVAILABLE,1,3,DOI,article_like
B09666,3,3,DOI;PMID;TITLE_EXACT_NORM,AVAILABLE,1,3,DOI,article_like
B09667,1,1,SINGLETON,AVAILABLE,1,1,SINGLETON,article_like
B09668,1,1,SINGLETON,AVAILABLE,1,1,SINGLETON,article_like
B09669,1,1,SINGLETON,AVAILABLE,1,1,SINGLETON,article_like
B09670,3,3,DOI;PMID;TITLE_EXACT_NORM,AVAILABLE,1,3,DOI,article_like
B09671,3,3,DOI;PMID;TITLE_EXACT_NORM,AVAILABLE,1,3,DOI,article_like
B09672,3,3,DOI;PMID;TITLE_EXACT_NORM,AVAILABLE,1,3,DOI,article_like
B09673,1,1,SINGLETON,TITLE_ONLY,0,1,SINGLETON,conference
B09674,3,3,DOI;PMID;TITLE_EXACT_NORM,AVAILABLE,1,3,DOI,article_like
B09675,2,1,TITLE_EXACT_NORM,TITLE_ONLY,0,2,TITLE_EXACT_NORM,conference
B09676,1,1,SINGLETON,TITLE_ONLY,0,1,SINGLETON,conference
B09677,3,3,DOI;PMID;TITLE_EXACT_NORM,AVAILABLE,1,3,DOI,article_like
B09678,3,3,DOI;PMID;TITLE_EXACT_NORM,AVAILABLE,1,3,DOI,article_like
B09679,3,3,DOI;PMID;TITLE_EXACT_NORM,AVAILABLE,1,3,DOI,article_like
B09680,3,3,DOI;PMID;TITLE_EXACT_NORM,AVAILABLE,1,3,DOI,article_like
B09681,3,3,DOI;PMID;TITLE_EXACT_NORM,AVAILABLE,1,3,DOI,article_like
B09682,1,1,SINGLETON,AVAILABLE,1,1,SINGLETON,article_like
B09683,3,3,DOI;PMID;TITLE_EXACT_NORM,AVAILABLE,1,3,DOI,article_like
B09684,3,3,DOI;PMID;TITLE_EXACT_NORM,AVAILABLE,1,3,DOI,article_like
B09685,1,1,SINGLETON,AVAILABLE,1,1,SINGLETON,article_like
B09686,3,3,DOI;PMID;TITLE_EXACT_NORM,AVAILABLE,1,3,DOI,article_like
B09687,2,2,DOI;PMID;TITLE_EXACT_NORM,AVAILABLE,1,2,DOI,article_like
B09688,1,1,SINGLETON,AVAILABLE,1,1,SINGLETON,article_like
B09689,1,1,SINGLETON,AVAILABLE,1,1,SINGLETON,article_like
B09690,3,3,DOI;PMID;TITLE_EXACT_NORM,AVAILABLE,1,3,DOI,article_like
B09691,3,3,DOI;PMID;TITLE_EXACT_NORM,AVAILABLE,1,3,DOI,article_like
B09692,1,1,SINGLETON,AVAILABLE,1,1,SINGLETON,article_like
B09693,1,1,SINGLETON,AVAILABLE,1,1,SINGLETON,article_like
B09694,3,3,DOI;PMID;TITLE_EXACT_NORM,AVAILABLE,1,3,DOI,article_like
B09695,1,1,SINGLETON,AVAILABLE,1,1,SINGLETON,article_like
B09696,1,1,SINGLETON,AVAILABLE,1,1,SINGLETON,article_like
B09697,3,3,DOI;PMID;TITLE_EXACT_NORM,AVAILABLE,1,3,DOI,article_like
B09698,3,3,DOI;PMID;TITLE_EXACT_NORM,AVAILABLE,1,3,DOI,article_like
B09699,3,3,DOI;PMID;TITLE_EXACT_NORM,AVAILABLE,1,3,DOI,article_like
B09700,3,3,DOI;PMID;TITLE_EXACT_NORM,AVAILABLE,1,3,DOI,article_like
B09701,1,1,SINGLETON,AVAILABLE,1,1,SINGLETON,article_like
B09702,1,1,SINGLETON,TITLE_ONLY,0,1,SINGLETON,article_like
B09703,1,1,SINGLETON,AVAILABLE,1,1,SINGLETON,article_like
B09704,1,1,SINGLETON,AVAILABLE,1,1,SINGLETON,article_like
B09705,1,1,SINGLETON,AVAILABLE,1,1,SINGLETON,article_like
B09706,1,1,SINGLETON,AVAILABLE,1,1,SINGLETON,article_like
B09707,3,3,DOI;PMID;TITLE_EXACT_NORM,AVAILABLE,1,3,DOI,article_like
B09708,1,1,SINGLETON,AVAILABLE,1,1,SINGLETON,article_like
B09709,1,1,SINGLETON,AVAILABLE,1,1,SINGLETON,article_like
B09710,1,1,SINGLETON,AVAILABLE,1,1,SINGLETON,article_like
B09711,3,3,DOI;PMID;TITLE_EXACT_NORM,AVAILABLE,1,3,DOI,article_like
B09712,3,3,DOI;PMID;TITLE_EXACT_NORM,AVAILABLE,1,3,DOI,article_like
B09713,1,1,SINGLETON,AVAILABLE,1,1,SINGLETON,article_like
B09714,1,1,SINGLETON,AVAILABLE,1,1,SINGLETON,article_like
B09715,3,3,DOI;PMID;TITLE_EXACT_NORM,AVAILABLE,1,3,DOI,article_like
B09716,3,3,DOI;PMID;TITLE_EXACT_NORM,AVAILABLE,1,3,DOI,article_like
B09717,1,1,SINGLETON,AVAILABLE,1,1,SINGLETON,article_like
B09718,3,3,DOI;PMID;TITLE_EXACT_NORM,AVAILABLE,1,3,DOI,article_like
B09719,3,3,DOI;PMID;TITLE_EXACT_NORM,AVAILABLE,1,3,DOI,article_like
B09720,1,1,SINGLETON,AVAILABLE,1,1,SINGLETON,article_like
B09721,3,3,DOI;PMID;TITLE_EXACT_NORM,AVAILABLE,1,3,DOI,article_like
B09722,1,1,SINGLETON,AVAILABLE,1,1,SINGLETON,article_like
B09723,2,2,DOI;TITLE_EXACT_NORM,AVAILABLE,1,2,DOI,article_like
B09724,2,2,DOI;PMID,AVAILABLE,1,2,DOI,article_like
B09725,1,1,SINGLETON,AVAILABLE,1,1,SINGLETON,article_like
B09726,1,1,SINGLETON,AVAILABLE,1,1,SINGLETON,article_like
B09727,1,1,SINGLETON,AVAILABLE,1,1,SINGLETON,article_like
B09728,1,1,SINGLETON,TITLE_ONLY,0,1,SINGLETON,article_like
B09729,1,1,SINGLETON,AVAILABLE,1,1,SINGLETON,article_like
B09730,1,1,SINGLETON,AVAILABLE,1,1,SINGLETON,article_like
B09731,3,3,DOI;PMID;TITLE_EXACT_NORM,AVAILABLE,1,3,DOI,article_like
B09732,1,1,SINGLETON,AVAILABLE,1,1,SINGLETON,article_like
B09733,1,1,SINGLETON,AVAILABLE,1,1,SINGLETON,article_like
B09734,2,2,DOI;PMID;TITLE_EXACT_NORM,AVAILABLE,1,2,DOI,article_like
B09735,1,1,SINGLETON,TITLE_ONLY,0,1,SINGLETON,article_like
B09736,3,3,DOI;PMID;TITLE_EXACT_NORM,AVAILABLE,1,3,DOI,article_like
B09737,2,2,DOI;PMID;TITLE_EXACT_NORM,AVAILABLE,1,2,DOI,article_like
B09738,3,3,DOI;PMID;TITLE_EXACT_NORM,AVAILABLE,1,3,DOI,article_like
B09739,2,2,DOI;PMID;TITLE_EXACT_NORM,AVAILABLE,1,2,DOI,article_like
B09740,3,3,DOI;PMID;TITLE_EXACT_NORM,AVAILABLE,1,3,DOI,article_like
B09741,1,1,SINGLETON,AVAILABLE,1,1,SINGLETON,article_like
B09742,4,3,DOI;PMID;TITLE_EXACT_NORM,AVAILABLE,1,4,DOI,article_like
B09743,3,3,DOI;PMID;TITLE_EXACT_NORM,AVAILABLE,1,3,DOI,article_like
B09744,3,3,DOI;PMID;TITLE_EXACT_NORM,AVAILABLE,1,3,DOI,article_like
B09745,3,3,DOI;PMID;TITLE_EXACT_NORM,AVAILABLE,1,3,DOI,article_like
B09746,1,1,SINGLETON,AVAILABLE,1,1,SINGLETON,article_like
B09747,3,3,DOI;PMID;TITLE_EXACT_NORM,AVAILABLE,1,3,DOI,article_like
B09748,3,3,DOI;PMID;TITLE_EXACT_NORM,AVAILABLE,1,3,DOI,article_like
B09749,3,3,DOI;PMID;TITLE_EXACT_NORM,AVAILABLE,1,3,DOI,article_like
B09750,3,3,DOI;PMID;TITLE_EXACT_NORM,AVAILABLE,1,3,DOI,article_like
B09751,2,1,TITLE_EXACT_NORM,TITLE_ONLY,0,2,TITLE_EXACT_NORM,conference
B09752,3,3,DOI;PMID;TITLE_EXACT_NORM,AVAILABLE,1,3,DOI,article_like
B09753,3,3,DOI;PMID;TITLE_EXACT_NORM,AVAILABLE,1,3,DOI,article_like
B09754,2,1,TITLE_EXACT_NORM,TITLE_ONLY,0,2,TITLE_EXACT_NORM,conference
B09755,3,3,DOI;PMID;TITLE_EXACT_NORM,AVAILABLE,1,3,DOI,article_like
B09756,3,3,DOI;PMID;TITLE_EXACT_NORM,AVAILABLE,1,3,DOI,article_like
B09757,3,3,DOI;PMID;TITLE_EXACT_NORM,AVAILABLE,1,3,DOI,article_like
B09758,3,3,DOI;PMID;TITLE_EXACT_NORM,AVAILABLE,1,3,DOI,article_like
B09759,3,3,DOI;PMID;TITLE_EXACT_NORM,AVAILABLE,1,3,DOI,article_like
B09760,1,1,SINGLETON,AVAILABLE,1,1,SINGLETON,article_like
B09761,1,1,SINGLETON,AVAILABLE,1,1,SINGLETON,article_like
B09762,3,3,DOI;PMID;TITLE_EXACT_NORM,AVAILABLE,1,3,DOI,article_like
B09763,3,3,DOI;PMID;TITLE_EXACT_NORM,AVAILABLE,1,3,DOI,article_like
B09764,3,3,DOI;PMID;TITLE_EXACT_NORM,AVAILABLE,1,3,DOI,article_like
B09765,3,3,DOI;PMID;TITLE_EXACT_NORM,AVAILABLE,1,3,DOI,article_like
B09766,3,3,DOI;PMID;TITLE_EXACT_NORM,AVAILABLE,1,3,DOI,article_like
B09767,3,3,DOI;PMID;TITLE_EXACT_NORM,AVAILABLE,1,3,DOI,article_like
B09768,1,1,SINGLETON,AVAILABLE,1,1,SINGLETON,article_like
B09769,1,1,SINGLETON,AVAILABLE,1,1,SINGLETON,article_like
B09770,1,1,SINGLETON,AVAILABLE,1,1,SINGLETON,article_like
B09771,3,3,DOI;PMID;TITLE_EXACT_NORM,AVAILABLE,1,3,DOI,article_like
B09772,1,1,SINGLETON,AVAILABLE,1,1,SINGLETON,article_like
B09773,1,1,SINGLETON,AVAILABLE,1,1,SINGLETON,article_like
B09774,3,3,DOI;PMID;TITLE_EXACT_NORM,AVAILABLE,1,3,DOI,article_like
B09775,1,1,SINGLETON,AVAILABLE,1,1,SINGLETON,article_like
B09776,1,1,SINGLETON,AVAILABLE,1,1,SINGLETON,article_like
B09777,1,1,SINGLETON,AVAILABLE,1,1,SINGLETON,article_like
B09778,3,3,DOI;PMID;TITLE_EXACT_NORM,AVAILABLE,1,3,DOI,article_like
B09779,3,3,DOI;PMID;TITLE_EXACT_NORM,AVAILABLE,1,3,DOI,article_like
B09780,2,2,PMID;TITLE_EXACT_NORM,AVAILABLE,1,2,PMID,article_like
B09781,3,3,DOI;PMID;TITLE_EXACT_NORM,AVAILABLE,1,3,DOI,article_like
B09782,3,3,DOI;PMID;TITLE_EXACT_NORM,AVAILABLE,1,3,DOI,article_like
B09783,2,2,DOI;PMID;TITLE_EXACT_NORM,AVAILABLE,1,2,DOI,article_like
B09784,1,1,SINGLETON,AVAILABLE,1,1,SINGLETON,article_like
B09785,1,1,SINGLETON,AVAILABLE,1,1,SINGLETON,article_like
B09786,3,3,DOI;PMID;TITLE_EXACT_NORM,AVAILABLE,1,3,DOI,article_like
B09787,1,1,SINGLETON,AVAILABLE,1,1,SINGLETON,article_like
B09788,1,1,SINGLETON,AVAILABLE,1,1,SINGLETON,article_like
B09789,1,1,SINGLETON,AVAILABLE,1,1,SINGLETON,article_like
B09790,3,3,DOI;PMID;TITLE_EXACT_NORM,AVAILABLE,1,3,DOI,article_like
B09791,3,3,DOI;PMID;TITLE_EXACT_NORM,AVAILABLE,1,3,DOI,article_like
B09792,1,1,SINGLETON,AVAILABLE,1,1,SINGLETON,article_like
B09793,1,1,SINGLETON,AVAILABLE,1,1,SINGLETON,article_like
B09794,3,3,DOI;PMID;TITLE_EXACT_NORM,AVAILABLE,1,3,DOI,article_like
B09795,2,2,DOI;TITLE_EXACT_NORM,AVAILABLE,1,2,DOI,article_like
B09796,1,1,SINGLETON,AVAILABLE,1,1,SINGLETON,article_like
B09797,2,2,DOI;PMID,AVAILABLE,1,2,DOI,article_like
B09798,2,2,DOI;PMID;TITLE_EXACT_NORM,AVAILABLE,1,2,DOI,article_like
B09799,1,1,SINGLETON,AVAILABLE,1,1,SINGLETON,article_like
B09800,2,2,DOI;PMID;TITLE_EXACT_NORM,AVAILABLE,1,2,DOI,article_like
B09801,1,1,SINGLETON,AVAILABLE,1,1,SINGLETON,article_like
B09802,1,1,SINGLETON,AVAILABLE,1,1,SINGLETON,article_like
B09803,1,1,SINGLETON,TITLE_ONLY,0,1,SINGLETON,article_like
B09804,1,1,SINGLETON,AVAILABLE,1,1,SINGLETON,article_like
B09805,3,3,DOI;PMID;TITLE_EXACT_NORM,AVAILABLE,1,3,DOI,article_like
B09806,3,3,DOI;PMID;TITLE_EXACT_NORM,AVAILABLE,1,3,DOI,article_like
B09807,1,1,SINGLETON,AVAILABLE,1,1,SINGLETON,article_like
B09808,3,3,DOI;PMID;TITLE_EXACT_NORM,AVAILABLE,1,3,DOI,article_like
B09809,3,3,DOI;PMID,AVAILABLE,1,3,DOI,article_like
B09810,3,3,DOI;PMID,AVAILABLE,1,3,DOI,article_like
B09811,3,3,DOI;PMID;TITLE_EXACT_NORM,AVAILABLE,1,3,DOI,article_like
B09812,3,3,DOI;PMID;TITLE_EXACT_NORM,AVAILABLE,1,3,DOI,article_like
B09813,3,3,DOI;PMID;TITLE_EXACT_NORM,AVAILABLE,1,3,DOI,article_like
B09814,3,3,DOI;PMID;TITLE_EXACT_NORM,AVAILABLE,1,3,DOI,article_like
B09815,3,3,DOI;PMID;TITLE_EXACT_NORM,AVAILABLE,1,3,DOI,article_like
B09816,4,3,DOI;PMID;TITLE_EXACT_NORM,AVAILABLE,1,4,DOI,article_like;correction
B09817,3,3,DOI;PMID,AVAILABLE,1,3,DOI,correction
B09818,3,3,DOI;PMID,AVAILABLE,1,3,DOI,correction
B09819,2,2,DOI,AVAILABLE,1,2,DOI,correction
B09820,1,1,SINGLETON,AVAILABLE,1,1,SINGLETON,article_like
B09821,3,3,DOI;PMID;TITLE_EXACT_NORM,AVAILABLE,1,3,DOI,article_like
B09822,3,3,DOI;PMID;TITLE_EXACT_NORM,AVAILABLE,1,3,DOI,article_like
B09823,3,3,DOI;PMID;TITLE_EXACT_NORM,AVAILABLE,1,3,DOI,article_like
B09824,1,1,SINGLETON,AVAILABLE,1,1,SINGLETON,article_like
B09825,3,3,DOI;PMID;TITLE_EXACT_NORM,TITLE_ONLY,0,3,DOI,article_like
B09826,3,3,DOI;PMID;TITLE_EXACT_NORM,AVAILABLE,1,3,DOI,article_like
B09827,1,1,SINGLETON,AVAILABLE,1,1,SINGLETON,article_like
B09828,3,3,DOI;PMID;TITLE_EXACT_NORM,AVAILABLE,1,3,DOI,article_like
B09829,2,2,DOI;PMID;TITLE_EXACT_NORM,AVAILABLE,1,2,DOI,article_like
B09830,3,3,DOI;PMID;TITLE_EXACT_NORM,AVAILABLE,1,3,DOI,article_like
B09831,2,2,DOI;PMID;TITLE_EXACT_NORM,AVAILABLE,1,2,DOI,article_like
B09832,1,1,SINGLETON,TITLE_ONLY,0,1,SINGLETON,article_like
B09833,1,1,SINGLETON,AVAILABLE,1,1,SINGLETON,article_like
B09834,1,1,SINGLETON,AVAILABLE,1,1,SINGLETON,article_like
B09835,1,1,SINGLETON,AVAILABLE,1,1,SINGLETON,article_like
B09836,3,3,DOI;PMID;TITLE_EXACT_NORM,TITLE_ONLY,0,3,DOI,article_like
B09837,3,3,DOI;PMID;TITLE_EXACT_NORM,AVAILABLE,1,3,DOI,article_like
B09838,3,3,DOI;PMID;TITLE_EXACT_NORM,AVAILABLE,1,3,DOI,article_like
B09839,3,3,DOI;PMID;TITLE_EXACT_NORM,AVAILABLE,1,3,DOI,article_like
B09840,3,3,DOI;PMID;TITLE_EXACT_NORM,AVAILABLE,1,3,DOI,article_like
B09841,1,1,SINGLETON,AVAILABLE,1,1,SINGLETON,article_like
B09842,1,1,SINGLETON,AVAILABLE,1,1,SINGLETON,article_like
B09843,1,1,SINGLETON,AVAILABLE,1,1,SINGLETON,article_like
B09844,1,1,SINGLETON,AVAILABLE,1,1,SINGLETON,article_like
B09845,2,2,DOI;PMID;TITLE_EXACT_NORM,AVAILABLE,1,2,DOI,article_like
B09846,2,2,DOI;PMID;TITLE_EXACT_NORM,AVAILABLE,1,2,DOI,article_like
B09847,1,1,SINGLETON,AVAILABLE,1,1,SINGLETON,article_like
B09848,1,1,SINGLETON,AVAILABLE,1,1,SINGLETON,article_like
B09849,1,1,SINGLETON,AVAILABLE,1,1,SINGLETON,article_like
B09850,2,2,DOI;PMID;TITLE_EXACT_NORM,AVAILABLE,1,2,DOI,article_like
B09851,1,1,SINGLETON,AVAILABLE,1,1,SINGLETON,article_like
B09852,1,1,SINGLETON,AVAILABLE,1,1,SINGLETON,article_like
B09853,1,1,SINGLETON,AVAILABLE,1,1,SINGLETON,article_like
B09854,3,3,DOI;PMID;TITLE_EXACT_NORM,AVAILABLE,1,3,DOI,article_like
B09855,1,1,SINGLETON,AVAILABLE,1,1,SINGLETON,article_like
B09856,3,3,DOI;PMID;TITLE_EXACT_NORM,AVAILABLE,1,3,DOI,article_like
B09857,3,3,DOI;PMID;TITLE_EXACT_NORM,AVAILABLE,1,3,DOI,article_like
B09858,1,1,SINGLETON,AVAILABLE,1,1,SINGLETON,article_like
B09859,2,2,DOI;PMID;TITLE_EXACT_NORM,TITLE_ONLY,0,2,DOI,article_like
B09860,3,3,DOI;PMID;TITLE_EXACT_NORM,AVAILABLE,1,3,DOI,article_like
B09861,3,3,DOI;PMID;TITLE_EXACT_NORM,AVAILABLE,1,3,DOI,article_like
B09862,3,3,DOI;PMID;TITLE_EXACT_NORM,AVAILABLE,1,3,DOI,article_like
B09863,1,1,SINGLETON,AVAILABLE,1,1,SINGLETON,article_like
B09864,1,1,SINGLETON,AVAILABLE,1,1,SINGLETON,article_like
B09865,1,1,SINGLETON,TITLE_ONLY,0,1,SINGLETON,conference
B09866,2,2,DOI;PMID;TITLE_EXACT_NORM,AVAILABLE,1,2,DOI,article_like
B09867,1,1,SINGLETON,AVAILABLE,1,1,SINGLETON,article_like
B09868,1,1,SINGLETON,AVAILABLE,1,1,SINGLETON,article_like
B09869,3,3,DOI;PMID;TITLE_EXACT_NORM,AVAILABLE,1,3,DOI,article_like
B09870,3,3,DOI;PMID;TITLE_EXACT_NORM,AVAILABLE,1,3,DOI,article_like
B09871,1,1,SINGLETON,AVAILABLE,1,1,SINGLETON,article_like
B09872,3,3,DOI;PMID;TITLE_EXACT_NORM,AVAILABLE,1,3,DOI,article_like
B09873,1,1,SINGLETON,AVAILABLE,1,1,SINGLETON,article_like
B09874,1,1,SINGLETON,TITLE_ONLY,0,1,SINGLETON,article_like
B09875,3,3,DOI;PMID;TITLE_EXACT_NORM,AVAILABLE,1,3,DOI,article_like
B09876,1,1,SINGLETON,TITLE_ONLY,0,1,SINGLETON,conference
B09877,3,3,DOI;PMID;TITLE_EXACT_NORM,AVAILABLE,1,3,DOI,article_like
B09878,3,3,DOI;PMID;TITLE_EXACT_NORM,AVAILABLE,1,3,DOI,article_like
B09879,1,1,SINGLETON,AVAILABLE,1,1,SINGLETON,article_like
B09880,3,3,DOI;PMID;TITLE_EXACT_NORM,AVAILABLE,1,3,DOI,article_like
B09881,3,3,DOI;PMID;TITLE_EXACT_NORM,AVAILABLE,1,3,DOI,article_like
B09882,3,3,DOI;PMID;TITLE_EXACT_NORM,AVAILABLE,1,3,DOI,article_like
B09883,3,3,DOI;PMID;TITLE_EXACT_NORM,AVAILABLE,1,3,DOI,article_like
B09884,2,2,DOI;PMID,AVAILABLE,1,2,DOI,article_like
B09885,1,1,SINGLETON,AVAILABLE,1,1,SINGLETON,article_like
B09886,3,3,DOI;PMID;TITLE_EXACT_NORM,AVAILABLE,1,3,DOI,article_like
B09887,1,1,SINGLETON,AVAILABLE,1,1,SINGLETON,article_like
B09888,1,1,SINGLETON,AVAILABLE,1,1,SINGLETON,article_like
B09889,3,3,DOI;PMID;TITLE_EXACT_NORM,AVAILABLE,1,3,DOI,article_like
B09890,1,1,SINGLETON,AVAILABLE,1,1,SINGLETON,article_like
B09891,1,1,SINGLETON,AVAILABLE,1,1,SINGLETON,article_like
B09892,1,1,SINGLETON,AVAILABLE,1,1,SINGLETON,article_like
B09893,2,2,DOI;PMID;TITLE_EXACT_NORM,AVAILABLE,1,2,DOI,article_like
B09894,3,3,DOI;PMID;TITLE_EXACT_NORM,AVAILABLE,1,3,DOI,article_like
B09895,3,3,DOI;PMID;TITLE_EXACT_NORM,AVAILABLE,1,3,DOI,article_like
B09896,1,1,SINGLETON,AVAILABLE,1,1,SINGLETON,article_like
B09897,3,3,DOI;PMID;TITLE_EXACT_NORM,AVAILABLE,1,3,DOI,article_like
B09898,1,1,SINGLETON,AVAILABLE,1,1,SINGLETON,article_like
B09899,1,1,SINGLETON,AVAILABLE,1,1,SINGLETON,article_like
B09900,1,1,SINGLETON,AVAILABLE,1,1,SINGLETON,article_like
B09901,3,3,DOI;PMID;TITLE_EXACT_NORM,AVAILABLE,1,3,DOI,article_like
B09902,3,3,DOI;PMID;TITLE_EXACT_NORM,AVAILABLE,1,3,DOI,article_like
B09903,1,1,SINGLETON,AVAILABLE,1,1,SINGLETON,article_like
B09904,3,3,DOI;PMID;TITLE_EXACT_NORM,AVAILABLE,1,3,DOI,article_like
B09905,1,1,SINGLETON,AVAILABLE,1,1,SINGLETON,article_like
B09906,1,1,SINGLETON,AVAILABLE,1,1,SINGLETON,article_like
B09907,3,3,DOI;PMID;TITLE_EXACT_NORM,AVAILABLE,1,3,DOI,article_like
B09908,2,2,DOI;PMID;TITLE_EXACT_NORM,AVAILABLE,1,2,DOI,article_like
B09909,3,3,DOI;PMID;TITLE_EXACT_NORM,AVAILABLE,1,3,DOI,article_like
B09910,1,1,SINGLETON,TITLE_ONLY,0,1,SINGLETON,article_like
B09911,3,3,DOI;PMID;TITLE_EXACT_NORM,AVAILABLE,1,3,DOI,article_like
B09912,1,1,SINGLETON,AVAILABLE,1,1,SINGLETON,article_like
B09913,3,3,DOI;PMID;TITLE_EXACT_NORM,AVAILABLE,1,3,DOI,article_like
B09914,1,1,SINGLETON,AVAILABLE,1,1,SINGLETON,article_like
B09915,1,1,SINGLETON,AVAILABLE,1,1,SINGLETON,article_like
B09916,3,3,DOI;PMID;TITLE_EXACT_NORM,AVAILABLE,1,3,DOI,article_like
B09917,1,1,SINGLETON,TITLE_ONLY,0,1,SINGLETON,article_like
B09918,2,2,DOI;PMID;TITLE_EXACT_NORM,AVAILABLE,1,2,DOI,article_like
B09919,1,1,SINGLETON,AVAILABLE,1,1,SINGLETON,article_like
B09920,2,2,DOI;PMID;TITLE_EXACT_NORM,AVAILABLE,1,2,DOI,article_like
B09921,1,1,SINGLETON,AVAILABLE,1,1,SINGLETON,article_like
B09922,1,1,SINGLETON,AVAILABLE,1,1,SINGLETON,article_like
B09923,3,3,DOI;PMID;TITLE_EXACT_NORM,AVAILABLE,1,3,DOI,article_like
B09924,1,1,SINGLETON,AVAILABLE,1,1,SINGLETON,article_like
B09925,1,1,SINGLETON,TITLE_ONLY,0,1,SINGLETON,article_like
B09926,3,3,DOI;PMID;TITLE_EXACT_NORM,AVAILABLE,1,3,DOI,article_like
B09927,3,3,DOI;PMID;TITLE_EXACT_NORM,AVAILABLE,1,3,DOI,article_like
B09928,3,3,DOI;PMID;TITLE_EXACT_NORM,AVAILABLE,1,3,DOI,article_like
B09929,3,3,DOI;PMID;TITLE_EXACT_NORM,AVAILABLE,1,3,DOI,article_like
B09930,1,1,SINGLETON,AVAILABLE,1,1,SINGLETON,article_like
B09931,3,3,DOI;PMID;TITLE_EXACT_NORM,AVAILABLE,1,3,DOI,article_like
B09932,1,1,SINGLETON,AVAILABLE,1,1,SINGLETON,article_like
B09933,1,1,SINGLETON,AVAILABLE,1,1,SINGLETON,article_like
B09934,1,1,SINGLETON,AVAILABLE,1,1,SINGLETON,article_like
B09935,1,1,SINGLETON,AVAILABLE,1,1,SINGLETON,article_like
B09936,1,1,SINGLETON,AVAILABLE,1,1,SINGLETON,article_like
B09937,3,3,DOI;PMID;TITLE_EXACT_NORM,AVAILABLE,1,3,DOI,article_like
B09938,2,2,DOI;TITLE_EXACT_NORM,AVAILABLE,1,2,DOI,article_like
B09939,3,3,DOI;PMID;TITLE_EXACT_NORM,AVAILABLE,1,3,DOI,article_like
B09940,1,1,SINGLETON,AVAILABLE,1,1,SINGLETON,article_like
B09941,3,3,DOI;PMID;TITLE_EXACT_NORM,AVAILABLE,1,3,DOI,article_like
B09942,3,3,DOI;PMID;TITLE_EXACT_NORM,AVAILABLE,1,3,DOI,article_like
B09943,3,3,DOI;PMID;TITLE_EXACT_NORM,AVAILABLE,1,3,DOI,article_like
B09944,3,3,DOI;PMID;TITLE_EXACT_NORM,AVAILABLE,1,3,DOI,article_like
B09945,3,3,DOI;PMID;TITLE_EXACT_NORM,AVAILABLE,1,3,DOI,article_like
B09946,3,3,DOI;PMID;TITLE_EXACT_NORM,AVAILABLE,1,3,DOI,article_like
B09947,3,3,DOI;PMID;TITLE_EXACT_NORM,AVAILABLE,1,3,DOI,article_like
B09948,1,1,SINGLETON,AVAILABLE,1,1,SINGLETON,article_like
B09949,1,1,SINGLETON,TITLE_ONLY,0,1,SINGLETON,article_like
B09950,1,1,SINGLETON,AVAILABLE,1,1,SINGLETON,article_like
B09951,2,2,DOI;TITLE_EXACT_NORM,AVAILABLE,1,2,DOI,article_like
B09952,1,1,SINGLETON,AVAILABLE,1,1,SINGLETON,article_like
B09953,1,1,SINGLETON,AVAILABLE,1,1,SINGLETON,article_like
B09954,2,2,DOI;PMID;TITLE_EXACT_NORM,TITLE_ONLY,0,2,DOI,article_like
B09955,1,1,SINGLETON,AVAILABLE,1,1,SINGLETON,article_like
B09956,3,3,DOI;PMID;TITLE_EXACT_NORM,AVAILABLE,1,3,DOI,article_like
B09957,1,1,SINGLETON,AVAILABLE,1,1,SINGLETON,article_like
B09958,1,1,SINGLETON,AVAILABLE,1,1,SINGLETON,article_like
B09959,3,3,DOI;PMID;TITLE_EXACT_NORM,AVAILABLE,1,3,DOI,article_like
B09960,1,1,SINGLETON,AVAILABLE,1,1,SINGLETON,article_like
B09961,3,3,DOI;PMID;TITLE_EXACT_NORM,AVAILABLE,1,3,DOI,article_like
B09962,1,1,SINGLETON,AVAILABLE,1,1,SINGLETON,article_like
B09963,1,1,SINGLETON,AVAILABLE,1,1,SINGLETON,article_like
B09964,1,1,SINGLETON,AVAILABLE,1,1,SINGLETON,article_like
B09965,1,1,SINGLETON,AVAILABLE,1,1,SINGLETON,article_like
B09966,1,1,SINGLETON,AVAILABLE,1,1,SINGLETON,article_like
B09967,3,3,DOI;PMID;TITLE_EXACT_NORM,AVAILABLE,1,3,DOI,article_like
B09968,1,1,SINGLETON,AVAILABLE,1,1,SINGLETON,article_like
B09969,3,3,DOI;PMID;TITLE_EXACT_NORM,AVAILABLE,1,3,DOI,article_like
B09970,2,2,DOI;PMID;TITLE_EXACT_NORM,AVAILABLE,1,2,DOI,article_like
B09971,1,1,SINGLETON,AVAILABLE,1,1,SINGLETON,article_like
B09972,1,1,SINGLETON,AVAILABLE,1,1,SINGLETON,article_like
B09973,3,3,DOI;PMID;TITLE_EXACT_NORM,AVAILABLE,1,3,DOI,article_like
B09974,1,1,SINGLETON,AVAILABLE,1,1,SINGLETON,article_like
B09975,1,1,SINGLETON,AVAILABLE,1,1,SINGLETON,article_like
B09976,3,3,DOI;PMID;TITLE_EXACT_NORM,AVAILABLE,1,3,DOI,article_like
B09977,3,3,DOI;PMID;TITLE_EXACT_NORM,AVAILABLE,1,3,DOI,article_like
B09978,1,1,SINGLETON,AVAILABLE,1,1,SINGLETON,article_like
B09979,1,1,SINGLETON,AVAILABLE,1,1,SINGLETON,article_like
B09980,3,3,DOI;PMID;TITLE_EXACT_NORM,AVAILABLE,1,3,DOI,article_like
B09981,1,1,SINGLETON,AVAILABLE,1,1,SINGLETON,article_like
B09982,3,3,DOI;PMID;TITLE_EXACT_NORM,AVAILABLE,1,3,DOI,article_like
B09983,1,1,SINGLETON,AVAILABLE,1,1,SINGLETON,article_like
B09984,3,3,DOI;PMID;TITLE_EXACT_NORM,AVAILABLE,1,3,DOI,article_like
B09985,3,3,DOI;PMID;TITLE_EXACT_NORM,AVAILABLE,1,3,DOI,article_like
B09986,1,1,SINGLETON,AVAILABLE,1,1,SINGLETON,article_like
B09987,1,1,SINGLETON,AVAILABLE,1,1,SINGLETON,article_like
B09988,1,1,SINGLETON,AVAILABLE,1,1,SINGLETON,article_like
B09989,1,1,SINGLETON,AVAILABLE,1,1,SINGLETON,article_like
B09990,1,1,SINGLETON,AVAILABLE,1,1,SINGLETON,article_like
B09991,3,3,DOI;PMID;TITLE_EXACT_NORM,AVAILABLE,1,3,DOI,article_like
B09992,1,1,SINGLETON,TITLE_ONLY,0,1,SINGLETON,article_like
B09993,1,1,SINGLETON,AVAILABLE,1,1,SINGLETON,article_like
B09994,3,3,DOI;PMID;TITLE_EXACT_NORM,AVAILABLE,1,3,DOI,article_like
B09995,1,1,SINGLETON,TITLE_ONLY,0,1,SINGLETON,article_like
B09996,1,1,SINGLETON,AVAILABLE,1,1,SINGLETON,article_like
B09997,1,1,SINGLETON,AVAILABLE,1,1,SINGLETON,article_like
B09998,3,3,DOI;PMID;TITLE_EXACT_NORM,AVAILABLE,1,3,DOI,article_like
B09999,3,3,DOI;PMID;TITLE_EXACT_NORM,AVAILABLE,1,3,DOI,article_like
B10000,1,1,SINGLETON,TITLE_ONLY,0,1,SINGLETON,article_like
B10001,1,1,SINGLETON,AVAILABLE,1,1,SINGLETON,article_like
B10002,1,1,SINGLETON,AVAILABLE,1,1,SINGLETON,article_like
B10003,1,1,SINGLETON,AVAILABLE,1,1,SINGLETON,article_like
B10004,3,3,DOI;PMID;TITLE_EXACT_NORM,AVAILABLE,1,3,DOI,article_like
B10005,1,1,SINGLETON,AVAILABLE,1,1,SINGLETON,article_like
B10006,1,1,SINGLETON,AVAILABLE,1,1,SINGLETON,article_like
B10007,2,2,DOI;PMID,AVAILABLE,1,2,DOI,article_like
B10008,2,2,DOI;TITLE_EXACT_NORM,AVAILABLE,1,2,DOI,article_like
B10009,1,1,SINGLETON,AVAILABLE,1,1,SINGLETON,article_like
B10010,3,3,DOI;PMID;TITLE_EXACT_NORM,AVAILABLE,1,3,DOI,article_like
B10011,1,1,SINGLETON,AVAILABLE,1,1,SINGLETON,article_like
B10012,1,1,SINGLETON,AVAILABLE,1,1,SINGLETON,article_like
B10013,1,1,SINGLETON,AVAILABLE,1,1,SINGLETON,article_like
B10014,1,1,SINGLETON,AVAILABLE,1,1,SINGLETON,article_like
B10015,1,1,SINGLETON,AVAILABLE,1,1,SINGLETON,article_like
B10016,1,1,SINGLETON,AVAILABLE,1,1,SINGLETON,article_like
B10017,3,3,DOI;PMID;TITLE_EXACT_NORM,AVAILABLE,1,3,DOI,article_like
B10018,1,1,SINGLETON,AVAILABLE,1,1,SINGLETON,article_like
B10019,1,1,SINGLETON,AVAILABLE,1,1,SINGLETON,article_like
B10020,2,2,PMID;TITLE_EXACT_NORM,AVAILABLE,1,2,PMID,article_like
B10021,2,2,DOI;PMID;TITLE_EXACT_NORM,AVAILABLE,1,2,DOI,article_like
B10022,1,1,SINGLETON,TITLE_ONLY,0,1,SINGLETON,conference
B10023,1,1,SINGLETON,AVAILABLE,1,1,SINGLETON,article_like
B10024,3,3,DOI;PMID;TITLE_EXACT_NORM,AVAILABLE,1,3,DOI,article_like
B10025,1,1,SINGLETON,AVAILABLE,1,1,SINGLETON,article_like
B10026,3,3,DOI;PMID;TITLE_EXACT_NORM,AVAILABLE,1,3,DOI,article_like
B10027,1,1,SINGLETON,AVAILABLE,1,1,SINGLETON,article_like
B10028,1,1,SINGLETON,AVAILABLE,1,1,SINGLETON,article_like
B10029,1,1,SINGLETON,AVAILABLE,1,1,SINGLETON,article_like
B10030,3,3,DOI;PMID;TITLE_EXACT_NORM,AVAILABLE,1,3,DOI,article_like
B10031,1,1,SINGLETON,AVAILABLE,1,1,SINGLETON,article_like
B10032,1,1,SINGLETON,AVAILABLE,1,1,SINGLETON,article_like
B10033,2,2,DOI;PMID;TITLE_EXACT_NORM,AVAILABLE,1,2,DOI,article_like
B10034,3,3,DOI;PMID;TITLE_EXACT_NORM,AVAILABLE,1,3,DOI,article_like
B10035,3,3,DOI;PMID;TITLE_EXACT_NORM,AVAILABLE,1,3,DOI,article_like
B10036,3,3,DOI;PMID;TITLE_EXACT_NORM,AVAILABLE,1,3,DOI,article_like
B10037,1,1,SINGLETON,AVAILABLE,1,1,SINGLETON,article_like
B10038,1,1,SINGLETON,AVAILABLE,1,1,SINGLETON,article_like
B10039,3,3,DOI;PMID;TITLE_EXACT_NORM,AVAILABLE,1,3,DOI,article_like
B10040,1,1,SINGLETON,AVAILABLE,1,1,SINGLETON,article_like
B10041,3,3,DOI;PMID;TITLE_EXACT_NORM,AVAILABLE,1,3,DOI,article_like
B10042,1,1,SINGLETON,AVAILABLE,1,1,SINGLETON,article_like
B10043,1,1,SINGLETON,AVAILABLE,1,1,SINGLETON,article_like
B10044,1,1,SINGLETON,AVAILABLE,1,1,SINGLETON,article_like
B10045,1,1,SINGLETON,AVAILABLE,1,1,SINGLETON,article_like
B10046,1,1,SINGLETON,AVAILABLE,1,1,SINGLETON,article_like
B10047,1,1,SINGLETON,AVAILABLE,1,1,SINGLETON,article_like
B10048,3,3,DOI;PMID;TITLE_EXACT_NORM,AVAILABLE,1,3,DOI,article_like
B10049,3,3,DOI;PMID;TITLE_EXACT_NORM,AVAILABLE,1,3,DOI,article_like
B10050,1,1,SINGLETON,AVAILABLE,1,1,SINGLETON,article_like
B10051,2,2,DOI;PMID;TITLE_EXACT_NORM,AVAILABLE,1,2,DOI,article_like
B10052,1,1,SINGLETON,AVAILABLE,1,1,SINGLETON,article_like
B10053,1,1,SINGLETON,AVAILABLE,1,1,SINGLETON,article_like
B10054,3,3,DOI;PMID;TITLE_EXACT_NORM,AVAILABLE,1,3,DOI,article_like
B10055,1,1,SINGLETON,TITLE_ONLY,0,1,SINGLETON,article_like
B10056,1,1,SINGLETON,AVAILABLE,1,1,SINGLETON,article_like
B10057,2,2,DOI;PMID;TITLE_EXACT_NORM,AVAILABLE,1,2,DOI,article_like
B10058,1,1,SINGLETON,AVAILABLE,1,1,SINGLETON,article_like
B10059,1,1,SINGLETON,TITLE_ONLY,0,1,SINGLETON,article_like
B10060,1,1,SINGLETON,AVAILABLE,1,1,SINGLETON,article_like
B10061,1,1,SINGLETON,AVAILABLE,1,1,SINGLETON,article_like
B10062,1,1,SINGLETON,AVAILABLE,1,1,SINGLETON,article_like
B10063,1,1,SINGLETON,AVAILABLE,1,1,SINGLETON,article_like
B10064,3,3,DOI;PMID;TITLE_EXACT_NORM,AVAILABLE,1,3,DOI,article_like
B10065,1,1,SINGLETON,AVAILABLE,1,1,SINGLETON,article_like
B10066,1,1,SINGLETON,AVAILABLE,1,1,SINGLETON,article_like
B10067,1,1,SINGLETON,AVAILABLE,1,1,SINGLETON,article_like
B10068,3,3,DOI;PMID;TITLE_EXACT_NORM,AVAILABLE,1,3,DOI,article_like
B10069,3,3,DOI;PMID;TITLE_EXACT_NORM,AVAILABLE,1,3,DOI,article_like
B10070,1,1,SINGLETON,AVAILABLE,1,1,SINGLETON,article_like
B10071,1,1,SINGLETON,AVAILABLE,1,1,SINGLETON,article_like
B10072,3,3,DOI;PMID;TITLE_EXACT_NORM,AVAILABLE,1,3,DOI,article_like
B10073,1,1,SINGLETON,AVAILABLE,1,1,SINGLETON,article_like
B10074,3,3,DOI;PMID;TITLE_EXACT_NORM,AVAILABLE,1,3,DOI,article_like
B10075,3,3,DOI;PMID;TITLE_EXACT_NORM,AVAILABLE,1,3,DOI,article_like
B10076,2,2,DOI;PMID;TITLE_EXACT_NORM,AVAILABLE,1,2,DOI,article_like
B10077,1,1,SINGLETON,AVAILABLE,1,1,SINGLETON,article_like
B10078,3,3,DOI;PMID;TITLE_EXACT_NORM,AVAILABLE,1,3,DOI,article_like
B10079,1,1,SINGLETON,AVAILABLE,1,1,SINGLETON,article_like
B10080,2,2,DOI;TITLE_EXACT_NORM,AVAILABLE,1,2,DOI,article_like
B10081,1,1,SINGLETON,AVAILABLE,1,1,SINGLETON,article_like
B10082,1,1,SINGLETON,AVAILABLE,1,1,SINGLETON,article_like
B10083,3,3,DOI;PMID;TITLE_EXACT_NORM,AVAILABLE,1,3,DOI,article_like
B10084,3,3,DOI;PMID;TITLE_EXACT_NORM,AVAILABLE,1,3,DOI,article_like
B10085,1,1,SINGLETON,AVAILABLE,1,1,SINGLETON,article_like
B10086,1,1,SINGLETON,AVAILABLE,1,1,SINGLETON,article_like
B10087,1,1,SINGLETON,AVAILABLE,1,1,SINGLETON,article_like
B10088,3,3,DOI;PMID;TITLE_EXACT_NORM,AVAILABLE,1,3,DOI,article_like
B10089,3,3,DOI;PMID;TITLE_EXACT_NORM,AVAILABLE,1,3,DOI,article_like
B10090,2,2,DOI;PMID;TITLE_EXACT_NORM,AVAILABLE,1,2,DOI,article_like
B10091,3,3,DOI;PMID;TITLE_EXACT_NORM,AVAILABLE,1,3,DOI,article_like
B10092,1,1,SINGLETON,AVAILABLE,1,1,SINGLETON,article_like
B10093,1,1,SINGLETON,AVAILABLE,1,1,SINGLETON,article_like
B10094,1,1,SINGLETON,AVAILABLE,1,1,SINGLETON,article_like
B10095,3,3,DOI;PMID;TITLE_EXACT_NORM,AVAILABLE,1,3,DOI,article_like
B10096,1,1,SINGLETON,AVAILABLE,1,1,SINGLETON,article_like
B10097,1,1,SINGLETON,AVAILABLE,1,1,SINGLETON,article_like
B10098,1,1,SINGLETON,AVAILABLE,1,1,SINGLETON,article_like
B10099,1,1,SINGLETON,AVAILABLE,1,1,SINGLETON,article_like
B10100,3,3,DOI;PMID;TITLE_EXACT_NORM,AVAILABLE,1,3,DOI,article_like
B10101,3,3,DOI;PMID;TITLE_EXACT_NORM,AVAILABLE,1,3,DOI,article_like
B10102,3,3,DOI;PMID;TITLE_EXACT_NORM,AVAILABLE,1,3,DOI,article_like
B10103,2,2,DOI;PMID;TITLE_EXACT_NORM,AVAILABLE,1,2,DOI,article_like
B10104,3,3,DOI;PMID;TITLE_EXACT_NORM,AVAILABLE,1,3,DOI,article_like
B10105,2,2,DOI;PMID;TITLE_EXACT_NORM,AVAILABLE,1,2,DOI,article_like
B10106,3,3,DOI;PMID;TITLE_EXACT_NORM,AVAILABLE,1,3,DOI,article_like
B10107,3,3,DOI;PMID;TITLE_EXACT_NORM,AVAILABLE,1,3,DOI,article_like
B10108,1,1,SINGLETON,TITLE_ONLY,0,1,SINGLETON,conference
B10109,3,3,DOI;PMID;TITLE_EXACT_NORM,AVAILABLE,1,3,DOI,article_like
B10110,3,3,DOI;PMID;TITLE_EXACT_NORM,AVAILABLE,1,3,DOI,article_like
B10111,1,1,SINGLETON,AVAILABLE,1,1,SINGLETON,article_like
B10112,3,3,DOI;PMID;TITLE_EXACT_NORM,AVAILABLE,1,3,DOI,article_like
B10113,3,3,DOI;PMID;TITLE_EXACT_NORM,AVAILABLE,1,3,DOI,article_like
B10114,3,3,DOI;PMID;TITLE_EXACT_NORM,AVAILABLE,1,3,DOI,article_like
B10115,1,1,SINGLETON,AVAILABLE,1,1,SINGLETON,article_like
B10116,1,1,SINGLETON,AVAILABLE,1,1,SINGLETON,article_like
B10117,3,3,DOI;PMID;TITLE_EXACT_NORM,AVAILABLE,1,3,DOI,article_like
B10118,1,1,SINGLETON,AVAILABLE,1,1,SINGLETON,article_like
B10119,2,2,DOI;PMID;TITLE_EXACT_NORM,AVAILABLE,1,2,DOI,article_like
B10120,3,3,PMID;TITLE_EXACT_NORM,AVAILABLE,1,3,PMID,article_like
B10121,1,1,SINGLETON,AVAILABLE,1,1,SINGLETON,article_like
B10122,1,1,SINGLETON,AVAILABLE,1,1,SINGLETON,article_like
B10123,3,3,DOI;PMID;TITLE_EXACT_NORM,AVAILABLE,1,3,DOI,article_like
B10124,1,1,SINGLETON,AVAILABLE,1,1,SINGLETON,article_like
B10125,1,1,SINGLETON,TITLE_ONLY,0,1,SINGLETON,article_like
B10126,3,3,DOI;PMID;TITLE_EXACT_NORM,AVAILABLE,1,3,DOI,article_like
B10127,3,3,DOI;PMID;TITLE_EXACT_NORM,AVAILABLE,1,3,DOI,article_like
B10128,3,3,DOI;PMID;TITLE_EXACT_NORM,AVAILABLE,1,3,DOI,article_like
B10129,2,2,DOI;TITLE_EXACT_NORM,AVAILABLE,1,2,DOI,conference
B10130,2,2,DOI;PMID;TITLE_EXACT_NORM,AVAILABLE,1,2,DOI,article_like
B10131,3,3,DOI;PMID;TITLE_EXACT_NORM,AVAILABLE,1,3,DOI,article_like
B10132,1,1,SINGLETON,AVAILABLE,1,1,SINGLETON,article_like
B10133,3,3,DOI;PMID;TITLE_EXACT_NORM,AVAILABLE,1,3,DOI,article_like
B10134,1,1,SINGLETON,AVAILABLE,1,1,SINGLETON,article_like
B10135,1,1,SINGLETON,AVAILABLE,1,1,SINGLETON,article_like
B10136,1,1,SINGLETON,AVAILABLE,1,1,SINGLETON,article_like
B10137,2,2,DOI;TITLE_EXACT_NORM,AVAILABLE,1,2,DOI,article_like
B10138,3,3,DOI;PMID;TITLE_EXACT_NORM,AVAILABLE,1,3,DOI,article_like
B10139,1,1,SINGLETON,AVAILABLE,1,1,SINGLETON,article_like
B10140,3,3,DOI;PMID;TITLE_EXACT_NORM,AVAILABLE,1,3,DOI,article_like
B10141,1,1,SINGLETON,AVAILABLE,1,1,SINGLETON,article_like
B10142,3,3,DOI;PMID;TITLE_EXACT_NORM,AVAILABLE,1,3,DOI,article_like
B10143,3,3,DOI;PMID;TITLE_EXACT_NORM,AVAILABLE,1,3,DOI,article_like
B10144,3,3,DOI;PMID;TITLE_EXACT_NORM,AVAILABLE,1,3,DOI,article_like
B10145,3,3,DOI;PMID;TITLE_EXACT_NORM,AVAILABLE,1,3,DOI,article_like
B10146,1,1,SINGLETON,TITLE_ONLY,0,1,SINGLETON,article_like
B10147,3,3,DOI;PMID;TITLE_EXACT_NORM,AVAILABLE,1,3,DOI,article_like
B10148,1,1,SINGLETON,AVAILABLE,1,1,SINGLETON,article_like
B10149,1,1,SINGLETON,AVAILABLE,1,1,SINGLETON,article_like
B10150,1,1,SINGLETON,TITLE_ONLY,0,1,SINGLETON,conference
B10151,3,3,DOI;PMID;TITLE_EXACT_NORM,AVAILABLE,1,3,DOI,article_like
B10152,3,3,DOI;PMID;TITLE_EXACT_NORM,AVAILABLE,1,3,DOI,article_like
B10153,3,3,DOI;PMID;TITLE_EXACT_NORM,AVAILABLE,1,3,DOI,article_like
B10154,1,1,SINGLETON,AVAILABLE,1,1,SINGLETON,article_like
B10155,3,3,DOI;PMID;TITLE_EXACT_NORM,AVAILABLE,1,3,DOI,article_like
B10156,3,3,DOI;PMID;TITLE_EXACT_NORM,AVAILABLE,1,3,DOI,article_like
B10157,3,3,DOI;PMID;TITLE_EXACT_NORM,AVAILABLE,1,3,DOI,article_like
B10158,1,1,SINGLETON,TITLE_ONLY,0,1,SINGLETON,conference
B10159,3,3,DOI;PMID;TITLE_EXACT_NORM,AVAILABLE,1,3,DOI,article_like
B10160,1,1,SINGLETON,AVAILABLE,1,1,SINGLETON,article_like
B10161,1,1,SINGLETON,TITLE_ONLY,0,1,SINGLETON,article_like
B10162,3,3,DOI;PMID;TITLE_EXACT_NORM,AVAILABLE,1,3,DOI,article_like
B10163,2,2,DOI;PMID;TITLE_EXACT_NORM,TITLE_ONLY,0,2,DOI,article_like
B10164,1,1,SINGLETON,AVAILABLE,1,1,SINGLETON,article_like
B10165,1,1,SINGLETON,TITLE_ONLY,0,1,SINGLETON,conference
B10166,1,1,SINGLETON,AVAILABLE,1,1,SINGLETON,article_like
B10167,3,3,DOI;PMID;TITLE_EXACT_NORM,AVAILABLE,1,3,DOI,article_like
B10168,2,2,DOI;PMID;TITLE_EXACT_NORM,AVAILABLE,1,2,DOI,article_like
B10169,1,1,SINGLETON,TITLE_ONLY,0,1,SINGLETON,conference
B10170,3,3,DOI;PMID;TITLE_EXACT_NORM,AVAILABLE,1,3,DOI,article_like
B10171,2,2,DOI;PMID;TITLE_EXACT_NORM,AVAILABLE,1,2,DOI,article_like
B10172,3,3,DOI;PMID;TITLE_EXACT_NORM,AVAILABLE,1,3,DOI,article_like
B10173,3,3,DOI;PMID;TITLE_EXACT_NORM,AVAILABLE,1,3,DOI,article_like
B10174,3,3,DOI;PMID;TITLE_EXACT_NORM,AVAILABLE,1,3,DOI,article_like
B10175,3,3,DOI;PMID;TITLE_EXACT_NORM,AVAILABLE,1,3,DOI,article_like
B10176,1,1,SINGLETON,TITLE_ONLY,0,1,SINGLETON,conference
B10177,3,3,DOI;PMID;TITLE_EXACT_NORM,AVAILABLE,1,3,DOI,article_like
B10178,1,1,SINGLETON,AVAILABLE,1,1,SINGLETON,article_like
B10179,3,3,DOI;PMID;TITLE_EXACT_NORM,AVAILABLE,1,3,DOI,article_like
B10180,1,1,SINGLETON,TITLE_ONLY,0,1,SINGLETON,article_like
B10181,1,1,SINGLETON,AVAILABLE,1,1,SINGLETON,article_like
B10182,1,1,SINGLETON,TITLE_ONLY,0,1,SINGLETON,article_like
B10183,3,1,TITLE_EXACT_NORM,AVAILABLE,1,3,TITLE_EXACT_NORM,article_like
B10184,1,1,SINGLETON,AVAILABLE,1,1,SINGLETON,article_like
B10185,2,2,PMID,AVAILABLE,1,2,PMID,article_like
B10186,2,2,DOI;PMID;TITLE_EXACT_NORM,AVAILABLE,1,2,DOI,article_like
B10187,1,1,SINGLETON,AVAILABLE,1,1,SINGLETON,article_like
B10188,1,1,SINGLETON,AVAILABLE,1,1,SINGLETON,article_like
B10189,1,1,SINGLETON,AVAILABLE,1,1,SINGLETON,article_like
B10190,3,3,DOI;PMID;TITLE_EXACT_NORM,AVAILABLE,1,3,DOI,article_like
B10191,1,1,SINGLETON,AVAILABLE,1,1,SINGLETON,conference
B10192,3,3,DOI;PMID;TITLE_EXACT_NORM,AVAILABLE,1,3,DOI,article_like
B10193,1,1,SINGLETON,AVAILABLE,1,1,SINGLETON,article_like
B10194,1,1,SINGLETON,AVAILABLE,1,1,SINGLETON,article_like
B10195,2,2,DOI;PMID;TITLE_EXACT_NORM,AVAILABLE,1,2,DOI,article_like
B10196,1,1,SINGLETON,AVAILABLE,1,1,SINGLETON,article_like
B10197,1,1,SINGLETON,AVAILABLE,1,1,SINGLETON,article_like
B10198,2,2,DOI;PMID;TITLE_EXACT_NORM,AVAILABLE,1,2,DOI,article_like
B10199,3,3,DOI;PMID;TITLE_EXACT_NORM,AVAILABLE,1,3,DOI,article_like
B10200,3,3,DOI;PMID;TITLE_EXACT_NORM,AVAILABLE,1,3,DOI,article_like
B10201,3,3,DOI;PMID;TITLE_EXACT_NORM,AVAILABLE,1,3,DOI,article_like
B10202,3,3,DOI;PMID;TITLE_EXACT_NORM,AVAILABLE,1,3,DOI,article_like
B10203,1,1,SINGLETON,TITLE_ONLY,0,1,SINGLETON,conference
B10204,3,3,DOI;PMID;TITLE_EXACT_NORM,AVAILABLE,1,3,DOI,article_like
B10205,1,1,SINGLETON,AVAILABLE,1,1,SINGLETON,article_like
B10206,1,1,SINGLETON,AVAILABLE,1,1,SINGLETON,article_like
B10207,1,1,SINGLETON,AVAILABLE,1,1,SINGLETON,article_like
B10208,1,1,SINGLETON,TITLE_ONLY,0,1,SINGLETON,conference
B10209,3,3,DOI;PMID;TITLE_EXACT_NORM,AVAILABLE,1,3,DOI,article_like
B10210,2,2,DOI;PMID;TITLE_EXACT_NORM,AVAILABLE,1,2,DOI,article_like
B10211,3,3,DOI;PMID;TITLE_EXACT_NORM,AVAILABLE,1,3,DOI,article_like
B10212,3,3,DOI;PMID;TITLE_EXACT_NORM,AVAILABLE,1,3,DOI,article_like
B10213,3,3,DOI;PMID;TITLE_EXACT_NORM,AVAILABLE,1,3,DOI,article_like
B10214,1,1,SINGLETON,TITLE_ONLY,0,1,SINGLETON,conference
B10215,1,1,SINGLETON,AVAILABLE,1,1,SINGLETON,article_like
B10216,3,3,DOI;PMID;TITLE_EXACT_NORM,AVAILABLE,1,3,DOI,article_like
B10217,1,1,SINGLETON,AVAILABLE,1,1,SINGLETON,article_like
B10218,3,3,DOI;PMID;TITLE_EXACT_NORM,AVAILABLE,1,3,DOI,article_like
B10219,1,1,SINGLETON,AVAILABLE,1,1,SINGLETON,article_like
B10220,1,1,SINGLETON,TITLE_ONLY,0,1,SINGLETON,conference
B10221,1,1,SINGLETON,AVAILABLE,1,1,SINGLETON,article_like
B10222,1,1,SINGLETON,TITLE_ONLY,0,1,SINGLETON,conference
B10223,1,1,SINGLETON,AVAILABLE,1,1,SINGLETON,article_like
B10224,3,3,DOI;PMID;TITLE_EXACT_NORM,AVAILABLE,1,3,DOI,article_like
B10225,1,1,SINGLETON,TITLE_ONLY,0,1,SINGLETON,conference
B10226,1,1,SINGLETON,TITLE_ONLY,0,1,SINGLETON,article_like
B10227,1,1,SINGLETON,AVAILABLE,1,1,SINGLETON,article_like
B10228,3,3,DOI;PMID;TITLE_EXACT_NORM,AVAILABLE,1,3,DOI,article_like
B10229,3,3,DOI;PMID;TITLE_EXACT_NORM,AVAILABLE,1,3,DOI,article_like
B10230,3,3,DOI;PMID;TITLE_EXACT_NORM,AVAILABLE,1,3,DOI,article_like
B10231,1,1,SINGLETON,TITLE_ONLY,0,1,SINGLETON,article_like
B10232,1,1,SINGLETON,AVAILABLE,1,1,SINGLETON,article_like
B10233,2,2,DOI;PMID;TITLE_EXACT_NORM,AVAILABLE,1,2,DOI,article_like
B10234,1,1,SINGLETON,AVAILABLE,1,1,SINGLETON,article_like
B10235,3,3,DOI;PMID;TITLE_EXACT_NORM,AVAILABLE,1,3,DOI,article_like
B10236,3,3,DOI;PMID;TITLE_EXACT_NORM,AVAILABLE,1,3,DOI,article_like
B10237,1,1,SINGLETON,AVAILABLE,1,1,SINGLETON,article_like
B10238,3,3,DOI;PMID;TITLE_EXACT_NORM,AVAILABLE,1,3,DOI,article_like
B10239,3,3,DOI;PMID;TITLE_EXACT_NORM,AVAILABLE,1,3,DOI,article_like
B10240,1,1,SINGLETON,AVAILABLE,1,1,SINGLETON,article_like
B10241,1,1,SINGLETON,TITLE_ONLY,0,1,SINGLETON,article_like
B10242,3,3,DOI;PMID,AVAILABLE,1,3,DOI,correction
B10243,3,3,DOI;PMID;TITLE_EXACT_NORM,AVAILABLE,1,3,DOI,article_like
B10244,1,1,SINGLETON,AVAILABLE,1,1,SINGLETON,article_like
B10245,1,1,SINGLETON,AVAILABLE,1,1,SINGLETON,article_like
B10246,3,3,DOI;PMID;TITLE_EXACT_NORM,AVAILABLE,1,3,DOI,article_like
B10247,3,3,DOI;PMID;TITLE_EXACT_NORM,AVAILABLE,1,3,DOI,article_like
B10248,1,1,SINGLETON,TITLE_ONLY,0,1,SINGLETON,conference
B10249,1,1,SINGLETON,AVAILABLE,1,1,SINGLETON,article_like
B10250,1,1,SINGLETON,AVAILABLE,1,1,SINGLETON,article_like
B10251,1,1,SINGLETON,TITLE_ONLY,0,1,SINGLETON,article_like
B10252,1,1,SINGLETON,AVAILABLE,1,1,SINGLETON,article_like
B10253,3,3,DOI;PMID;TITLE_EXACT_NORM,AVAILABLE,1,3,DOI,article_like
B10254,1,1,SINGLETON,AVAILABLE,1,1,SINGLETON,article_like
B10255,2,2,DOI;TITLE_EXACT_NORM,AVAILABLE,1,2,DOI,article_like
B10256,1,1,SINGLETON,AVAILABLE,1,1,SINGLETON,article_like
B10257,1,1,SINGLETON,AVAILABLE,1,1,SINGLETON,article_like
B10258,3,3,DOI;PMID;TITLE_EXACT_NORM,AVAILABLE,1,3,DOI,article_like
B10259,1,1,SINGLETON,AVAILABLE,1,1,SINGLETON,article_like
B10260,1,1,SINGLETON,AVAILABLE,1,1,SINGLETON,article_like
B10261,1,1,SINGLETON,AVAILABLE,1,1,SINGLETON,article_like
B10262,1,1,SINGLETON,TITLE_ONLY,0,1,SINGLETON,article_like
B10263,3,3,DOI;PMID;TITLE_EXACT_NORM,AVAILABLE,1,3,DOI,article_like
B10264,1,1,SINGLETON,AVAILABLE,1,1,SINGLETON,article_like
B10265,1,1,SINGLETON,AVAILABLE,1,1,SINGLETON,article_like
B10266,3,3,DOI;PMID;TITLE_EXACT_NORM,AVAILABLE,1,3,DOI,article_like
B10267,3,3,DOI;PMID;TITLE_EXACT_NORM,AVAILABLE,1,3,DOI,article_like
B10268,3,3,DOI;PMID;TITLE_EXACT_NORM,AVAILABLE,1,3,DOI,article_like
B10269,3,3,DOI;PMID;TITLE_EXACT_NORM,AVAILABLE,1,3,DOI,article_like
B10270,1,1,SINGLETON,TITLE_ONLY,0,1,SINGLETON,article_like
B10271,3,3,DOI;PMID;TITLE_EXACT_NORM,AVAILABLE,1,3,DOI,article_like
B10272,3,3,DOI;PMID;TITLE_EXACT_NORM,AVAILABLE,1,3,DOI,article_like
B10273,3,3,DOI;PMID;TITLE_EXACT_NORM,AVAILABLE,1,3,DOI,article_like
B10274,3,3,DOI;PMID;TITLE_EXACT_NORM,AVAILABLE,1,3,DOI,article_like
B10275,3,3,DOI;PMID;TITLE_EXACT_NORM,AVAILABLE,1,3,DOI,article_like
B10276,1,1,SINGLETON,AVAILABLE,1,1,SINGLETON,article_like
B10277,3,3,DOI;PMID;TITLE_EXACT_NORM,AVAILABLE,1,3,DOI,article_like
B10278,1,1,SINGLETON,AVAILABLE,1,1,SINGLETON,article_like
B10279,3,3,DOI;PMID;TITLE_EXACT_NORM,AVAILABLE,1,3,DOI,article_like
B10280,3,3,DOI;PMID;TITLE_EXACT_NORM,AVAILABLE,1,3,DOI,article_like
B10281,3,3,DOI;PMID;TITLE_EXACT_NORM,AVAILABLE,1,3,DOI,article_like
B10282,2,2,DOI;PMID;TITLE_EXACT_NORM,TITLE_ONLY,0,2,DOI,article_like
B10283,1,1,SINGLETON,AVAILABLE,1,1,SINGLETON,article_like
B10284,1,1,SINGLETON,AVAILABLE,1,1,SINGLETON,article_like
B10285,1,1,SINGLETON,AVAILABLE,1,1,SINGLETON,article_like
B10286,1,1,SINGLETON,AVAILABLE,1,1,SINGLETON,article_like
B10287,3,3,DOI;PMID;TITLE_EXACT_NORM,AVAILABLE,1,3,DOI,article_like
B10288,1,1,SINGLETON,AVAILABLE,1,1,SINGLETON,article_like
B10289,1,1,SINGLETON,AVAILABLE,1,1,SINGLETON,article_like
B10290,3,3,DOI;PMID;TITLE_EXACT_NORM,AVAILABLE,1,3,DOI,article_like
B10291,1,1,SINGLETON,AVAILABLE,1,1,SINGLETON,article_like
B10292,3,3,DOI;PMID;TITLE_EXACT_NORM,AVAILABLE,1,3,DOI,article_like
B10293,1,1,SINGLETON,AVAILABLE,1,1,SINGLETON,article_like
B10294,1,1,SINGLETON,AVAILABLE,1,1,SINGLETON,article_like
B10295,3,3,DOI;PMID;TITLE_EXACT_NORM,AVAILABLE,1,3,DOI,article_like
B10296,1,1,SINGLETON,AVAILABLE,1,1,SINGLETON,article_like
B10297,1,1,SINGLETON,AVAILABLE,1,1,SINGLETON,article_like
B10298,1,1,SINGLETON,AVAILABLE,1,1,SINGLETON,article_like
B10299,3,3,DOI;PMID;TITLE_EXACT_NORM,TITLE_ONLY,0,3,DOI,article_like
B10300,1,1,SINGLETON,AVAILABLE,1,1,SINGLETON,article_like
B10301,1,1,SINGLETON,AVAILABLE,1,1,SINGLETON,article_like
B10302,2,2,DOI;PMID;TITLE_EXACT_NORM,AVAILABLE,1,2,DOI,article_like
B10303,1,1,SINGLETON,AVAILABLE,1,1,SINGLETON,article_like
B10304,3,3,DOI;PMID;TITLE_EXACT_NORM,TITLE_ONLY,0,3,DOI,article_like
B10305,3,3,DOI;PMID;TITLE_EXACT_NORM,AVAILABLE,1,3,DOI,article_like
B10306,1,1,SINGLETON,TITLE_ONLY,0,1,SINGLETON,conference
B10307,1,1,SINGLETON,TITLE_ONLY,0,1,SINGLETON,conference
B10308,3,3,DOI;PMID;TITLE_EXACT_NORM,AVAILABLE,1,3,DOI,article_like
B10309,3,3,DOI;PMID;TITLE_EXACT_NORM,AVAILABLE,1,3,DOI,article_like
B10310,2,2,DOI;PMID;TITLE_EXACT_NORM,AVAILABLE,1,2,DOI,article_like
B10311,3,3,DOI;PMID;TITLE_EXACT_NORM,AVAILABLE,1,3,DOI,article_like
B10312,1,1,SINGLETON,AVAILABLE,1,1,SINGLETON,article_like
B10313,1,1,SINGLETON,AVAILABLE,1,1,SINGLETON,article_like
B10314,3,3,DOI;PMID;TITLE_EXACT_NORM,AVAILABLE,1,3,DOI,article_like
B10315,3,3,DOI;PMID;TITLE_EXACT_NORM,AVAILABLE,1,3,DOI,article_like
B10316,3,3,DOI;PMID;TITLE_EXACT_NORM,AVAILABLE,1,3,DOI,article_like
B10317,1,1,SINGLETON,AVAILABLE,1,1,SINGLETON,article_like
B10318,2,2,DOI;PMID;TITLE_EXACT_NORM,AVAILABLE,1,2,DOI,article_like
B10319,3,3,DOI;PMID;TITLE_EXACT_NORM,AVAILABLE,1,3,DOI,article_like
B10320,1,1,SINGLETON,AVAILABLE,1,1,SINGLETON,article_like
B10321,1,1,SINGLETON,AVAILABLE,1,1,SINGLETON,article_like
B10322,1,1,SINGLETON,AVAILABLE,1,1,SINGLETON,article_like
B10323,1,1,SINGLETON,TITLE_ONLY,0,1,SINGLETON,conference
B10324,1,1,SINGLETON,TITLE_ONLY,0,1,SINGLETON,conference
B10325,1,1,SINGLETON,TITLE_ONLY,0,1,SINGLETON,conference
B10326,3,3,DOI;PMID;TITLE_EXACT_NORM,AVAILABLE,1,3,DOI,article_like
B10327,1,1,SINGLETON,TITLE_ONLY,0,1,SINGLETON,conference
B10328,1,1,SINGLETON,TITLE_ONLY,0,1,SINGLETON,conference
B10329,3,3,DOI;PMID;TITLE_EXACT_NORM,AVAILABLE,1,3,DOI,article_like
B10330,1,1,SINGLETON,TITLE_ONLY,0,1,SINGLETON,conference
B10331,1,1,SINGLETON,AVAILABLE,1,1,SINGLETON,article_like
B10332,3,3,DOI;PMID;TITLE_EXACT_NORM,AVAILABLE,1,3,DOI,article_like
B10333,1,1,SINGLETON,AVAILABLE,1,1,SINGLETON,article_like
B10334,3,3,DOI;PMID;TITLE_EXACT_NORM,AVAILABLE,1,3,DOI,article_like
B10335,2,2,DOI;PMID;TITLE_EXACT_NORM,AVAILABLE,1,2,DOI,article_like
B10336,1,1,SINGLETON,AVAILABLE,1,1,SINGLETON,article_like
B10337,1,1,SINGLETON,AVAILABLE,1,1,SINGLETON,article_like
B10338,1,1,SINGLETON,AVAILABLE,1,1,SINGLETON,article_like
B10339,1,1,SINGLETON,TITLE_ONLY,0,1,SINGLETON,conference
B10340,3,3,DOI;PMID;TITLE_EXACT_NORM,AVAILABLE,1,3,DOI,article_like
B10341,3,3,DOI;PMID;TITLE_EXACT_NORM,AVAILABLE,1,3,DOI,article_like
B10342,1,1,SINGLETON,TITLE_ONLY,0,1,SINGLETON,article_like
B10343,1,1,SINGLETON,TITLE_ONLY,0,1,SINGLETON,conference
B10344,3,3,DOI;PMID;TITLE_EXACT_NORM,AVAILABLE,1,3,DOI,article_like
B10345,1,1,SINGLETON,AVAILABLE,1,1,SINGLETON,article_like
B10346,1,1,SINGLETON,AVAILABLE,1,1,SINGLETON,article_like
B10347,1,1,SINGLETON,AVAILABLE,1,1,SINGLETON,article_like
B10348,3,3,DOI;PMID;TITLE_EXACT_NORM,AVAILABLE,1,3,DOI,article_like
B10349,3,3,DOI;PMID;TITLE_EXACT_NORM,AVAILABLE,1,3,DOI,article_like
B10350,1,1,SINGLETON,AVAILABLE,1,1,SINGLETON,article_like
B10351,1,1,SINGLETON,AVAILABLE,1,1,SINGLETON,article_like
B10352,1,1,SINGLETON,AVAILABLE,1,1,SINGLETON,article_like
B10353,3,3,DOI;PMID;TITLE_EXACT_NORM,AVAILABLE,1,3,DOI,article_like
B10354,3,3,DOI;PMID;TITLE_EXACT_NORM,AVAILABLE,1,3,DOI,article_like
B10355,1,1,SINGLETON,AVAILABLE,1,1,SINGLETON,article_like
B10356,3,3,DOI;PMID;TITLE_EXACT_NORM,AVAILABLE,1,3,DOI,article_like
B10357,3,3,DOI;PMID;TITLE_EXACT_NORM,AVAILABLE,1,3,DOI,article_like
B10358,3,3,DOI;PMID;TITLE_EXACT_NORM,TITLE_ONLY,0,3,DOI,article_like
B10359,1,1,SINGLETON,AVAILABLE,1,1,SINGLETON,article_like
B10360,3,3,DOI;PMID;TITLE_EXACT_NORM,AVAILABLE,1,3,DOI,article_like
B10361,2,2,DOI;PMID;TITLE_EXACT_NORM,TITLE_ONLY,0,2,DOI,article_like
B10362,3,3,DOI;PMID;TITLE_EXACT_NORM,AVAILABLE,1,3,DOI,article_like
B10363,2,2,DOI;PMID;TITLE_EXACT_NORM,AVAILABLE,1,2,DOI,article_like
B10364,1,1,SINGLETON,AVAILABLE,1,1,SINGLETON,article_like
B10365,2,2,DOI;PMID;TITLE_EXACT_NORM,AVAILABLE,1,2,DOI,article_like
B10366,1,1,SINGLETON,AVAILABLE,1,1,SINGLETON,article_like
B10367,2,2,DOI;PMID;TITLE_EXACT_NORM,AVAILABLE,1,2,DOI,article_like
B10368,3,3,DOI;PMID;TITLE_EXACT_NORM,AVAILABLE,1,3,DOI,article_like
B10369,3,3,DOI;PMID,AVAILABLE,1,3,DOI,correction
B10370,3,3,DOI;PMID,AVAILABLE,1,3,DOI,correction
B10371,3,3,DOI;PMID,AVAILABLE,1,3,DOI,correction
B10372,3,3,DOI;PMID,AVAILABLE,1,3,DOI,correction
B10373,1,1,SINGLETON,TITLE_ONLY,0,1,SINGLETON,conference
B10374,3,3,DOI;PMID;TITLE_EXACT_NORM,AVAILABLE,1,3,DOI,article_like
B10375,1,1,SINGLETON,AVAILABLE,1,1,SINGLETON,correction
B10376,3,3,DOI;PMID,AVAILABLE,1,3,DOI,correction
B10377,2,2,DOI,AVAILABLE,1,2,DOI,correction
B10378,3,3,DOI;PMID;TITLE_EXACT_NORM,AVAILABLE,1,3,DOI,article_like
B10379,3,3,DOI;PMID;TITLE_EXACT_NORM,AVAILABLE,1,3,DOI,article_like
B10380,2,2,DOI;PMID;TITLE_EXACT_NORM,TITLE_ONLY,0,2,DOI,article_like
B10381,1,1,SINGLETON,AVAILABLE,1,1,SINGLETON,article_like
B10382,1,1,SINGLETON,AVAILABLE,1,1,SINGLETON,article_like
B10383,1,1,SINGLETON,AVAILABLE,1,1,SINGLETON,article_like
B10384,3,3,DOI;PMID;TITLE_EXACT_NORM,AVAILABLE,1,3,DOI,article_like
B10385,1,1,SINGLETON,AVAILABLE,1,1,SINGLETON,conference
B10386,3,3,DOI;PMID;TITLE_EXACT_NORM,AVAILABLE,1,3,DOI,article_like
B10387,1,1,SINGLETON,AVAILABLE,1,1,SINGLETON,article_like
B10388,3,3,DOI;PMID;TITLE_EXACT_NORM,AVAILABLE,1,3,DOI,article_like
B10389,1,1,SINGLETON,AVAILABLE,1,1,SINGLETON,article_like
B10390,1,1,SINGLETON,AVAILABLE,1,1,SINGLETON,article_like
B10391,1,1,SINGLETON,AVAILABLE,1,1,SINGLETON,article_like
B10392,1,1,SINGLETON,AVAILABLE,1,1,SINGLETON,article_like
B10393,1,1,SINGLETON,AVAILABLE,1,1,SINGLETON,article_like
B10394,1,1,SINGLETON,AVAILABLE,1,1,SINGLETON,article_like
B10395,3,3,DOI;PMID;TITLE_EXACT_NORM,AVAILABLE,1,3,DOI,article_like
B10396,1,1,SINGLETON,AVAILABLE,1,1,SINGLETON,article_like
B10397,1,1,SINGLETON,AVAILABLE,1,1,SINGLETON,article_like
B10398,2,2,DOI;PMID;TITLE_EXACT_NORM,AVAILABLE,1,2,DOI,article_like
B10399,1,1,SINGLETON,AVAILABLE,1,1,SINGLETON,article_like
B10400,1,1,SINGLETON,AVAILABLE,1,1,SINGLETON,article_like
B10401,3,3,DOI;PMID;TITLE_EXACT_NORM,AVAILABLE,1,3,DOI,article_like
B10402,1,1,SINGLETON,AVAILABLE,1,1,SINGLETON,article_like
B10403,1,1,SINGLETON,TITLE_ONLY,0,1,SINGLETON,conference
B10404,3,3,DOI;PMID;TITLE_EXACT_NORM,AVAILABLE,1,3,DOI,article_like
B10405,1,1,SINGLETON,TITLE_ONLY,0,1,SINGLETON,article_like
B10406,1,1,SINGLETON,AVAILABLE,1,1,SINGLETON,article_like
B10407,3,3,DOI;PMID;TITLE_EXACT_NORM,AVAILABLE,1,3,DOI,article_like
B10408,1,1,SINGLETON,AVAILABLE,1,1,SINGLETON,article_like
B10409,3,3,DOI;PMID;TITLE_EXACT_NORM,AVAILABLE,1,3,DOI,article_like
B10410,3,3,DOI;PMID;TITLE_EXACT_NORM,AVAILABLE,1,3,DOI,article_like
B10411,1,1,SINGLETON,AVAILABLE,1,1,SINGLETON,article_like
B10412,3,3,DOI;PMID;TITLE_EXACT_NORM,AVAILABLE,1,3,DOI,article_like
B10413,1,1,SINGLETON,AVAILABLE,1,1,SINGLETON,article_like
B10414,2,2,DOI;PMID;TITLE_EXACT_NORM,AVAILABLE,1,2,DOI,article_like
B10415,1,1,SINGLETON,AVAILABLE,1,1,SINGLETON,article_like
B10416,1,1,SINGLETON,AVAILABLE,1,1,SINGLETON,article_like
B10417,3,3,DOI;PMID;TITLE_EXACT_NORM,AVAILABLE,1,3,DOI,article_like
B10418,1,1,SINGLETON,AVAILABLE,1,1,SINGLETON,article_like
B10419,2,2,DOI;PMID;TITLE_EXACT_NORM,AVAILABLE,1,2,DOI,article_like
B10420,3,3,DOI;PMID;TITLE_EXACT_NORM,AVAILABLE,1,3,DOI,article_like
B10421,3,3,DOI;PMID;TITLE_EXACT_NORM,AVAILABLE,1,3,DOI,article_like
B10422,1,1,SINGLETON,AVAILABLE,1,1,SINGLETON,article_like
B10423,1,1,SINGLETON,AVAILABLE,1,1,SINGLETON,article_like
B10424,3,3,DOI;PMID;TITLE_EXACT_NORM,AVAILABLE,1,3,DOI,article_like
B10425,3,3,DOI;PMID;TITLE_EXACT_NORM,AVAILABLE,1,3,DOI,article_like
B10426,2,2,DOI;TITLE_EXACT_NORM,AVAILABLE,1,2,DOI,article_like
B10427,3,3,DOI;PMID;TITLE_EXACT_NORM,AVAILABLE,1,3,DOI,article_like
B10428,1,1,SINGLETON,AVAILABLE,1,1,SINGLETON,article_like
B10429,3,3,DOI;PMID;TITLE_EXACT_NORM,AVAILABLE,1,3,DOI,article_like
B10430,1,1,SINGLETON,AVAILABLE,1,1,SINGLETON,article_like
B10431,2,2,DOI;PMID;TITLE_EXACT_NORM,AVAILABLE,1,2,DOI,article_like
B10432,3,3,DOI;PMID;TITLE_EXACT_NORM,AVAILABLE,1,3,DOI,article_like
B10433,3,3,DOI;PMID;TITLE_EXACT_NORM,AVAILABLE,1,3,DOI,article_like
B10434,1,1,SINGLETON,TITLE_ONLY,0,1,SINGLETON,conference
B10435,1,1,SINGLETON,AVAILABLE,1,1,SINGLETON,article_like
B10436,1,1,SINGLETON,AVAILABLE,1,1,SINGLETON,article_like
B10437,1,1,SINGLETON,AVAILABLE,1,1,SINGLETON,article_like
B10438,3,3,DOI;PMID;TITLE_EXACT_NORM,AVAILABLE,1,3,DOI,article_like
B10439,1,1,SINGLETON,TITLE_ONLY,0,1,SINGLETON,conference
B10440,3,3,DOI;PMID;TITLE_EXACT_NORM,AVAILABLE,1,3,DOI,article_like
B10441,1,1,SINGLETON,TITLE_ONLY,0,1,SINGLETON,article_like
B10442,3,3,DOI;PMID;TITLE_EXACT_NORM,AVAILABLE,1,3,DOI,article_like
B10443,1,1,SINGLETON,AVAILABLE,1,1,SINGLETON,article_like
B10444,3,3,DOI;PMID;TITLE_EXACT_NORM,AVAILABLE,1,3,DOI,article_like
B10445,1,1,SINGLETON,AVAILABLE,1,1,SINGLETON,article_like
B10446,1,1,SINGLETON,AVAILABLE,1,1,SINGLETON,article_like
B10447,3,3,DOI;PMID;TITLE_EXACT_NORM,AVAILABLE,1,3,DOI,article_like
B10448,1,1,SINGLETON,TITLE_ONLY,0,1,SINGLETON,conference
B10449,1,1,SINGLETON,AVAILABLE,1,1,SINGLETON,article_like
B10450,3,3,DOI;PMID;TITLE_EXACT_NORM,AVAILABLE,1,3,DOI,article_like
B10451,1,1,SINGLETON,AVAILABLE,1,1,SINGLETON,conference
B10452,3,3,DOI;PMID;TITLE_EXACT_NORM,AVAILABLE,1,3,DOI,article_like
B10453,1,1,SINGLETON,TITLE_ONLY,0,1,SINGLETON,article_like
B10454,1,1,SINGLETON,TITLE_ONLY,0,1,SINGLETON,article_like
B10455,1,1,SINGLETON,TITLE_ONLY,0,1,SINGLETON,article_like
B10456,1,1,SINGLETON,AVAILABLE,1,1,SINGLETON,article_like
B10457,1,1,SINGLETON,AVAILABLE,1,1,SINGLETON,article_like
B10458,1,1,SINGLETON,AVAILABLE,1,1,SINGLETON,article_like
B10459,3,3,DOI;PMID;TITLE_EXACT_NORM,AVAILABLE,1,3,DOI,article_like
B10460,3,3,DOI;PMID;TITLE_EXACT_NORM,AVAILABLE,1,3,DOI,article_like
B10461,1,1,SINGLETON,AVAILABLE,1,1,SINGLETON,article_like
B10462,3,3,DOI;PMID;TITLE_EXACT_NORM,AVAILABLE,1,3,DOI,article_like
B10463,3,3,DOI;PMID;TITLE_EXACT_NORM,AVAILABLE,1,3,DOI,article_like
B10464,2,2,DOI;PMID;TITLE_EXACT_NORM,AVAILABLE,1,2,DOI,article_like
B10465,1,1,SINGLETON,AVAILABLE,1,1,SINGLETON,article_like
B10466,1,1,SINGLETON,AVAILABLE,1,1,SINGLETON,article_like
B10467,1,1,SINGLETON,AVAILABLE,1,1,SINGLETON,article_like
B10468,1,1,SINGLETON,AVAILABLE,1,1,SINGLETON,article_like
B10469,1,1,SINGLETON,AVAILABLE,1,1,SINGLETON,article_like
B10470,1,1,SINGLETON,AVAILABLE,1,1,SINGLETON,article_like
B10471,3,3,DOI;PMID;TITLE_EXACT_NORM,AVAILABLE,1,3,DOI,article_like
B10472,1,1,SINGLETON,AVAILABLE,1,1,SINGLETON,article_like
B10473,1,1,SINGLETON,AVAILABLE,1,1,SINGLETON,article_like
B10474,1,1,SINGLETON,AVAILABLE,1,1,SINGLETON,article_like
B10475,1,1,SINGLETON,AVAILABLE,1,1,SINGLETON,article_like
B10476,1,1,SINGLETON,AVAILABLE,1,1,SINGLETON,article_like
B10477,3,3,DOI;PMID;TITLE_EXACT_NORM,AVAILABLE,1,3,DOI,article_like
B10478,3,3,DOI;PMID;TITLE_EXACT_NORM,AVAILABLE,1,3,DOI,article_like
B10479,3,3,DOI;PMID;TITLE_EXACT_NORM,AVAILABLE,1,3,DOI,article_like
B10480,1,1,SINGLETON,AVAILABLE,1,1,SINGLETON,article_like
B10481,1,1,SINGLETON,AVAILABLE,1,1,SINGLETON,article_like
B10482,1,1,SINGLETON,AVAILABLE,1,1,SINGLETON,article_like
B10483,1,1,SINGLETON,AVAILABLE,1,1,SINGLETON,article_like
B10484,3,3,DOI;PMID;TITLE_EXACT_NORM,AVAILABLE,1,3,DOI,article_like
B10485,3,3,DOI;PMID;TITLE_EXACT_NORM,AVAILABLE,1,3,DOI,article_like
B10486,1,1,SINGLETON,AVAILABLE,1,1,SINGLETON,article_like
B10487,1,1,SINGLETON,AVAILABLE,1,1,SINGLETON,article_like
B10488,1,1,SINGLETON,AVAILABLE,1,1,SINGLETON,article_like
B10489,1,1,SINGLETON,AVAILABLE,1,1,SINGLETON,article_like
B10490,1,1,SINGLETON,AVAILABLE,1,1,SINGLETON,article_like
B10491,3,3,DOI;PMID;TITLE_EXACT_NORM,AVAILABLE,1,3,DOI,article_like
B10492,1,1,SINGLETON,AVAILABLE,1,1,SINGLETON,article_like
B10493,2,2,DOI;PMID;TITLE_EXACT_NORM,AVAILABLE,1,2,DOI,article_like
B10494,1,1,SINGLETON,AVAILABLE,1,1,SINGLETON,article_like
B10495,3,3,DOI;PMID,TITLE_ONLY,0,3,DOI,correction
B10496,3,3,DOI;PMID;TITLE_EXACT_NORM,AVAILABLE,1,3,DOI,article_like
B10497,1,1,SINGLETON,TITLE_ONLY,0,1,SINGLETON,article_like
B10498,1,1,SINGLETON,TITLE_ONLY,0,1,SINGLETON,article_like
B10499,3,3,DOI;PMID;TITLE_EXACT_NORM,AVAILABLE,1,3,DOI,article_like
B10500,3,3,DOI;PMID;TITLE_EXACT_NORM,AVAILABLE,1,3,DOI,article_like
B10501,1,1,SINGLETON,AVAILABLE,1,1,SINGLETON,article_like
B10502,3,3,DOI;PMID;TITLE_EXACT_NORM,AVAILABLE,1,3,DOI,article_like
B10503,1,1,SINGLETON,AVAILABLE,1,1,SINGLETON,article_like
B10504,3,3,DOI;PMID;TITLE_EXACT_NORM,AVAILABLE,1,3,DOI,article_like
B10505,3,3,DOI;PMID;TITLE_EXACT_NORM,AVAILABLE,1,3,DOI,article_like
B10506,1,1,SINGLETON,AVAILABLE,1,1,SINGLETON,article_like
B10507,3,3,DOI;PMID;TITLE_EXACT_NORM,AVAILABLE,1,3,DOI,article_like
B10508,3,3,DOI;PMID;TITLE_EXACT_NORM,AVAILABLE,1,3,DOI,article_like
B10509,3,3,DOI;PMID;TITLE_EXACT_NORM,TITLE_ONLY,0,3,DOI,article_like
B10510,2,2,DOI;PMID;TITLE_EXACT_NORM,AVAILABLE,1,2,DOI,article_like
B10511,1,1,SINGLETON,AVAILABLE,1,1,SINGLETON,article_like
B10512,1,1,SINGLETON,AVAILABLE,1,1,SINGLETON,article_like
B10513,3,3,DOI;PMID;TITLE_EXACT_NORM,AVAILABLE,1,3,DOI,article_like
B10514,2,2,DOI;PMID;TITLE_EXACT_NORM,AVAILABLE,1,2,DOI,article_like
B10515,3,3,DOI;PMID;TITLE_EXACT_NORM,AVAILABLE,1,3,DOI,article_like
B10516,3,3,DOI;PMID;TITLE_EXACT_NORM,AVAILABLE,1,3,DOI,article_like
B10517,3,3,DOI;PMID;TITLE_EXACT_NORM,AVAILABLE,1,3,DOI,article_like
B10518,3,3,DOI;PMID;TITLE_EXACT_NORM,AVAILABLE,1,3,DOI,article_like
B10519,2,2,DOI;TITLE_EXACT_NORM,AVAILABLE,1,2,DOI,article_like
B10520,3,3,DOI;PMID;TITLE_EXACT_NORM,AVAILABLE,1,3,DOI,article_like
B10521,3,3,DOI;PMID;TITLE_EXACT_NORM,AVAILABLE,1,3,DOI,article_like
B10522,3,3,DOI;PMID;TITLE_EXACT_NORM,AVAILABLE,1,3,DOI,article_like
B10523,1,1,SINGLETON,TITLE_ONLY,0,1,SINGLETON,article_like
B10524,1,1,SINGLETON,TITLE_ONLY,0,1,SINGLETON,conference
B10525,1,1,SINGLETON,AVAILABLE,1,1,SINGLETON,article_like
B10526,1,1,SINGLETON,TITLE_ONLY,0,1,SINGLETON,conference
B10527,3,3,DOI;PMID;TITLE_EXACT_NORM,AVAILABLE,1,3,DOI,article_like
B10528,3,3,DOI;PMID;TITLE_EXACT_NORM,AVAILABLE,1,3,DOI,article_like
B10529,3,3,DOI;PMID;TITLE_EXACT_NORM,AVAILABLE,1,3,DOI,article_like
B10530,3,3,DOI;PMID;TITLE_EXACT_NORM,AVAILABLE,1,3,DOI,article_like
B10531,1,1,SINGLETON,AVAILABLE,1,1,SINGLETON,article_like
B10532,3,3,DOI;PMID;TITLE_EXACT_NORM,AVAILABLE,1,3,DOI,article_like
B10533,1,1,SINGLETON,AVAILABLE,1,1,SINGLETON,article_like
B10534,3,3,DOI;PMID;TITLE_EXACT_NORM,AVAILABLE,1,3,DOI,article_like
B10535,3,3,DOI;PMID;TITLE_EXACT_NORM,AVAILABLE,1,3,DOI,article_like
B10536,3,3,DOI;PMID;TITLE_EXACT_NORM,AVAILABLE,1,3,DOI,article_like
B10537,3,3,DOI;PMID;TITLE_EXACT_NORM,AVAILABLE,1,3,DOI,article_like
B10538,3,3,DOI;PMID;TITLE_EXACT_NORM,AVAILABLE,1,3,DOI,article_like
B10539,1,1,SINGLETON,AVAILABLE,1,1,SINGLETON,article_like
B10540,1,1,SINGLETON,TITLE_ONLY,0,1,SINGLETON,article_like
B10541,3,3,DOI;PMID;TITLE_EXACT_NORM,AVAILABLE,1,3,DOI,article_like
B10542,1,1,SINGLETON,TITLE_ONLY,0,1,SINGLETON,conference
B10543,1,1,SINGLETON,AVAILABLE,1,1,SINGLETON,article_like
B10544,1,1,SINGLETON,TITLE_ONLY,0,1,SINGLETON,conference
B10545,1,1,SINGLETON,AVAILABLE,1,1,SINGLETON,article_like
B10546,2,2,DOI;TITLE_EXACT_NORM,AVAILABLE,1,2,DOI,article_like
B10547,3,3,DOI;PMID;TITLE_EXACT_NORM,AVAILABLE,1,3,DOI,article_like
B10548,1,1,SINGLETON,AVAILABLE,1,1,SINGLETON,article_like
B10549,1,1,SINGLETON,AVAILABLE,1,1,SINGLETON,article_like
B10550,3,3,DOI;PMID;TITLE_EXACT_NORM,AVAILABLE,1,3,DOI,article_like
B10551,3,3,DOI;PMID;TITLE_EXACT_NORM,AVAILABLE,1,3,DOI,article_like
B10552,1,1,SINGLETON,AVAILABLE,1,1,SINGLETON,article_like
B10553,1,1,SINGLETON,AVAILABLE,1,1,SINGLETON,article_like
B10554,1,1,SINGLETON,TITLE_ONLY,0,1,SINGLETON,article_like
B10555,1,1,SINGLETON,AVAILABLE,1,1,SINGLETON,article_like
B10556,3,3,DOI;PMID;TITLE_EXACT_NORM,AVAILABLE,1,3,DOI,article_like
B10557,1,1,SINGLETON,TITLE_ONLY,0,1,SINGLETON,conference
B10558,3,3,DOI;PMID;TITLE_EXACT_NORM,AVAILABLE,1,3,DOI,article_like
B10559,3,3,DOI;PMID;TITLE_EXACT_NORM,AVAILABLE,1,3,DOI,article_like
B10560,1,1,SINGLETON,AVAILABLE,1,1,SINGLETON,article_like
B10561,3,3,DOI;PMID;TITLE_EXACT_NORM,AVAILABLE,1,3,DOI,article_like
B10562,3,3,DOI;PMID;TITLE_EXACT_NORM,AVAILABLE,1,3,DOI,article_like
B10563,3,3,DOI;PMID;TITLE_EXACT_NORM,AVAILABLE,1,3,DOI,article_like
B10564,3,3,DOI;PMID;TITLE_EXACT_NORM,AVAILABLE,1,3,DOI,article_like
B10565,3,3,DOI;PMID;TITLE_EXACT_NORM,AVAILABLE,1,3,DOI,article_like
B10566,3,3,DOI;PMID;TITLE_EXACT_NORM,AVAILABLE,1,3,DOI,article_like
B10567,3,3,DOI;PMID;TITLE_EXACT_NORM,AVAILABLE,1,3,DOI,article_like
B10568,3,3,DOI;PMID;TITLE_EXACT_NORM,AVAILABLE,1,3,DOI,article_like
B10569,1,1,SINGLETON,TITLE_ONLY,0,1,SINGLETON,conference
B10570,3,3,DOI;PMID;TITLE_EXACT_NORM,AVAILABLE,1,3,DOI,article_like
B10571,1,1,SINGLETON,TITLE_ONLY,0,1,SINGLETON,conference
B10572,1,1,SINGLETON,AVAILABLE,1,1,SINGLETON,article_like
B10573,1,1,SINGLETON,AVAILABLE,1,1,SINGLETON,article_like
B10574,3,3,DOI;PMID;TITLE_EXACT_NORM,AVAILABLE,1,3,DOI,article_like
B10575,1,1,SINGLETON,AVAILABLE,1,1,SINGLETON,article_like
B10576,1,1,SINGLETON,AVAILABLE,1,1,SINGLETON,article_like
B10577,3,3,DOI;PMID;TITLE_EXACT_NORM,AVAILABLE,1,3,DOI,article_like
B10578,3,3,DOI;PMID;TITLE_EXACT_NORM,AVAILABLE,1,3,DOI,article_like
B10579,1,1,SINGLETON,AVAILABLE,1,1,SINGLETON,article_like
B10580,3,3,DOI;PMID;TITLE_EXACT_NORM,AVAILABLE,1,3,DOI,article_like
B10581,3,3,DOI;PMID;TITLE_EXACT_NORM,AVAILABLE,1,3,DOI,article_like
B10582,1,1,SINGLETON,AVAILABLE,1,1,SINGLETON,article_like
B10583,1,1,SINGLETON,AVAILABLE,1,1,SINGLETON,article_like
B10584,2,2,DOI,AVAILABLE,1,2,DOI,article_like
B10585,1,1,SINGLETON,TITLE_ONLY,0,1,SINGLETON,article_like
B10586,3,3,DOI;PMID;TITLE_EXACT_NORM,AVAILABLE,1,3,DOI,article_like
B10587,1,1,SINGLETON,AVAILABLE,1,1,SINGLETON,article_like
B10588,1,1,SINGLETON,TITLE_ONLY,0,1,SINGLETON,conference
B10589,3,3,DOI;PMID;TITLE_EXACT_NORM,AVAILABLE,1,3,DOI,article_like
B10590,1,1,SINGLETON,AVAILABLE,1,1,SINGLETON,article_like
B10591,3,3,DOI;PMID;TITLE_EXACT_NORM,AVAILABLE,1,3,DOI,article_like
B10592,3,3,DOI;PMID;TITLE_EXACT_NORM,AVAILABLE,1,3,DOI,article_like
B10593,3,3,DOI;PMID;TITLE_EXACT_NORM,AVAILABLE,1,3,DOI,article_like
B10594,1,1,SINGLETON,AVAILABLE,1,1,SINGLETON,article_like
B10595,3,3,DOI;PMID;TITLE_EXACT_NORM,AVAILABLE,1,3,DOI,article_like
B10596,3,3,DOI;PMID;TITLE_EXACT_NORM,AVAILABLE,1,3,DOI,article_like
B10597,3,3,DOI;PMID;TITLE_EXACT_NORM,AVAILABLE,1,3,DOI,article_like
B10598,3,3,DOI;PMID;TITLE_EXACT_NORM,AVAILABLE,1,3,DOI,article_like
B10599,1,1,SINGLETON,AVAILABLE,1,1,SINGLETON,article_like
B10600,2,2,DOI;PMID;TITLE_EXACT_NORM,AVAILABLE,1,2,DOI,article_like
B10601,3,3,DOI;PMID;TITLE_EXACT_NORM,AVAILABLE,1,3,DOI,article_like
B10602,1,1,SINGLETON,AVAILABLE,1,1,SINGLETON,article_like
B10603,1,1,SINGLETON,AVAILABLE,1,1,SINGLETON,article_like
B10604,3,3,DOI;PMID;TITLE_EXACT_NORM,AVAILABLE,1,3,DOI,article_like
B10605,1,1,SINGLETON,AVAILABLE,1,1,SINGLETON,article_like
B10606,1,1,SINGLETON,AVAILABLE,1,1,SINGLETON,article_like
B10607,3,3,DOI;PMID;TITLE_EXACT_NORM,AVAILABLE,1,3,DOI,article_like
B10608,2,2,DOI;TITLE_EXACT_NORM,AVAILABLE,1,2,DOI,article_like
B10609,1,1,SINGLETON,AVAILABLE,1,1,SINGLETON,article_like
B10610,3,3,DOI;PMID;TITLE_EXACT_NORM,AVAILABLE,1,3,DOI,article_like
B10611,3,3,DOI;PMID;TITLE_EXACT_NORM,AVAILABLE,1,3,DOI,article_like
B10612,3,3,DOI;PMID;TITLE_EXACT_NORM,AVAILABLE,1,3,DOI,article_like
B10613,1,1,SINGLETON,TITLE_ONLY,0,1,SINGLETON,article_like
B10614,1,1,SINGLETON,AVAILABLE,1,1,SINGLETON,article_like
B10615,3,3,DOI;PMID;TITLE_EXACT_NORM,AVAILABLE,1,3,DOI,article_like
B10616,3,3,DOI;PMID;TITLE_EXACT_NORM,AVAILABLE,1,3,DOI,article_like
B10617,3,3,DOI;PMID;TITLE_EXACT_NORM,AVAILABLE,1,3,DOI,article_like
B10618,3,3,DOI;PMID;TITLE_EXACT_NORM,AVAILABLE,1,3,DOI,article_like
B10619,1,1,SINGLETON,AVAILABLE,1,1,SINGLETON,article_like
B10620,1,1,SINGLETON,AVAILABLE,1,1,SINGLETON,article_like
B10621,3,3,DOI;PMID;TITLE_EXACT_NORM,AVAILABLE,1,3,DOI,article_like
B10622,3,3,DOI;PMID;TITLE_EXACT_NORM,AVAILABLE,1,3,DOI,article_like
B10623,1,1,SINGLETON,AVAILABLE,1,1,SINGLETON,article_like
B10624,3,3,DOI;PMID;TITLE_EXACT_NORM,TITLE_ONLY,0,3,DOI,article_like
B10625,1,1,SINGLETON,AVAILABLE,1,1,SINGLETON,article_like
B10626,1,1,SINGLETON,TITLE_ONLY,0,1,SINGLETON,article_like
B10627,3,3,DOI;TITLE_EXACT_NORM,AVAILABLE,1,3,DOI,article_like
B10628,2,2,DOI;TITLE_EXACT_NORM,AVAILABLE,1,2,DOI,article_like
B10629,1,1,SINGLETON,AVAILABLE,1,1,SINGLETON,article_like
B10630,1,1,SINGLETON,AVAILABLE,1,1,SINGLETON,article_like
B10631,3,3,DOI;PMID;TITLE_EXACT_NORM,AVAILABLE,1,3,DOI,article_like
B10632,1,1,SINGLETON,AVAILABLE,1,1,SINGLETON,article_like
B10633,1,1,SINGLETON,TITLE_ONLY,0,1,SINGLETON,conference
B10634,2,1,TITLE_EXACT_NORM,TITLE_ONLY,0,2,TITLE_EXACT_NORM,conference
B10635,3,3,DOI;PMID;TITLE_EXACT_NORM,AVAILABLE,1,3,DOI,article_like
B10636,1,1,SINGLETON,AVAILABLE,1,1,SINGLETON,article_like
B10637,3,3,DOI;PMID;TITLE_EXACT_NORM,AVAILABLE,1,3,DOI,article_like
B10638,3,3,DOI;PMID;TITLE_EXACT_NORM,AVAILABLE,1,3,DOI,article_like
B10639,3,3,DOI;PMID;TITLE_EXACT_NORM,AVAILABLE,1,3,DOI,article_like
B10640,3,3,DOI;PMID;TITLE_EXACT_NORM,AVAILABLE,1,3,DOI,article_like
B10641,3,3,DOI;PMID;TITLE_EXACT_NORM,AVAILABLE,1,3,DOI,article_like
B10642,2,2,DOI;PMID;TITLE_EXACT_NORM,TITLE_ONLY,0,2,DOI,article_like
B10643,1,1,SINGLETON,TITLE_ONLY,0,1,SINGLETON,conference
B10644,2,2,DOI;PMID;TITLE_EXACT_NORM,AVAILABLE,1,2,DOI,article_like
B10645,1,1,SINGLETON,AVAILABLE,1,1,SINGLETON,article_like
B10646,1,1,SINGLETON,AVAILABLE,1,1,SINGLETON,article_like
B10647,1,1,SINGLETON,AVAILABLE,1,1,SINGLETON,article_like
B10648,1,1,SINGLETON,TITLE_ONLY,0,1,SINGLETON,conference
B10649,1,1,SINGLETON,AVAILABLE,1,1,SINGLETON,article_like
B10650,1,1,SINGLETON,AVAILABLE,1,1,SINGLETON,article_like
B10651,1,1,SINGLETON,AVAILABLE,1,1,SINGLETON,article_like
B10652,3,3,DOI;PMID;TITLE_EXACT_NORM,AVAILABLE,1,3,DOI,article_like
B10653,3,3,DOI;PMID;TITLE_EXACT_NORM,AVAILABLE,1,3,DOI,article_like
B10654,1,1,SINGLETON,AVAILABLE,1,1,SINGLETON,article_like
B10655,1,1,SINGLETON,TITLE_ONLY,0,1,SINGLETON,conference
B10656,3,3,DOI;PMID;TITLE_EXACT_NORM,AVAILABLE,1,3,DOI,article_like
B10657,3,3,DOI;PMID;TITLE_EXACT_NORM,AVAILABLE,1,3,DOI,article_like
B10658,1,1,SINGLETON,AVAILABLE,1,1,SINGLETON,article_like
B10659,3,3,DOI;PMID;TITLE_EXACT_NORM,AVAILABLE,1,3,DOI,article_like
B10660,3,3,DOI;PMID;TITLE_EXACT_NORM,AVAILABLE,1,3,DOI,article_like
B10661,3,3,DOI;PMID;TITLE_EXACT_NORM,AVAILABLE,1,3,DOI,article_like
B10662,3,3,DOI;PMID;TITLE_EXACT_NORM,AVAILABLE,1,3,DOI,article_like
B10663,1,1,SINGLETON,AVAILABLE,1,1,SINGLETON,article_like
B10664,1,1,SINGLETON,TITLE_ONLY,0,1,SINGLETON,conference
B10665,1,1,SINGLETON,AVAILABLE,1,1,SINGLETON,article_like
B10666,3,3,DOI;PMID;TITLE_EXACT_NORM,AVAILABLE,1,3,DOI,article_like
B10667,1,1,SINGLETON,TITLE_ONLY,0,1,SINGLETON,article_like
B10668,1,1,SINGLETON,AVAILABLE,1,1,SINGLETON,article_like
B10669,3,3,DOI;PMID;TITLE_EXACT_NORM,AVAILABLE,1,3,DOI,article_like
B10670,3,3,DOI;PMID;TITLE_EXACT_NORM,AVAILABLE,1,3,DOI,article_like
B10671,2,2,DOI;PMID;TITLE_EXACT_NORM,AVAILABLE,1,2,DOI,article_like
B10672,3,3,DOI;PMID;TITLE_EXACT_NORM,AVAILABLE,1,3,DOI,article_like
B10673,3,3,DOI;PMID;TITLE_EXACT_NORM,AVAILABLE,1,3,DOI,article_like
B10674,3,3,DOI;PMID;TITLE_EXACT_NORM,AVAILABLE,1,3,DOI,article_like
B10675,1,1,SINGLETON,AVAILABLE,1,1,SINGLETON,article_like
B10676,2,2,DOI;PMID;TITLE_EXACT_NORM,AVAILABLE,1,2,DOI,article_like
B10677,1,1,SINGLETON,AVAILABLE,1,1,SINGLETON,article_like
B10678,1,1,SINGLETON,AVAILABLE,1,1,SINGLETON,article_like
B10679,2,2,DOI;TITLE_EXACT_NORM,AVAILABLE,1,2,DOI,article_like
B10680,3,3,DOI;PMID;TITLE_EXACT_NORM,AVAILABLE,1,3,DOI,article_like
B10681,1,1,SINGLETON,AVAILABLE,1,1,SINGLETON,article_like
B10682,3,3,DOI;PMID;TITLE_EXACT_NORM,AVAILABLE,1,3,DOI,article_like
B10683,3,3,DOI;PMID;TITLE_EXACT_NORM,AVAILABLE,1,3,DOI,article_like
B10684,1,1,SINGLETON,AVAILABLE,1,1,SINGLETON,article_like
B10685,1,1,SINGLETON,AVAILABLE,1,1,SINGLETON,conference
B10686,1,1,SINGLETON,AVAILABLE,1,1,SINGLETON,article_like
B10687,1,1,SINGLETON,AVAILABLE,1,1,SINGLETON,article_like
B10688,3,3,DOI;PMID;TITLE_EXACT_NORM,AVAILABLE,1,3,DOI,article_like
B10689,3,3,DOI;PMID;TITLE_EXACT_NORM,AVAILABLE,1,3,DOI,article_like
B10690,3,3,DOI;PMID;TITLE_EXACT_NORM,AVAILABLE,1,3,DOI,article_like
B10691,2,2,DOI;PMID;TITLE_EXACT_NORM,AVAILABLE,1,2,DOI,article_like
B10692,1,1,SINGLETON,TITLE_ONLY,0,1,SINGLETON,article_like
B10693,1,1,SINGLETON,AVAILABLE,1,1,SINGLETON,article_like
B10694,1,1,SINGLETON,AVAILABLE,1,1,SINGLETON,article_like
B10695,2,2,DOI;PMID;TITLE_EXACT_NORM,AVAILABLE,1,2,DOI,article_like
B10696,1,1,SINGLETON,AVAILABLE,1,1,SINGLETON,article_like
B10697,3,3,DOI;PMID;TITLE_EXACT_NORM,AVAILABLE,1,3,DOI,article_like
B10698,1,1,SINGLETON,AVAILABLE,1,1,SINGLETON,article_like
B10699,1,1,SINGLETON,AVAILABLE,1,1,SINGLETON,article_like
B10700,3,3,DOI;PMID;TITLE_EXACT_NORM,AVAILABLE,1,3,DOI,article_like
B10701,3,3,DOI;PMID;TITLE_EXACT_NORM,AVAILABLE,1,3,DOI,article_like
B10702,3,3,DOI;PMID;TITLE_EXACT_NORM,AVAILABLE,1,3,DOI,article_like
B10703,1,1,SINGLETON,AVAILABLE,1,1,SINGLETON,article_like
B10704,1,1,SINGLETON,AVAILABLE,1,1,SINGLETON,article_like
B10705,1,1,SINGLETON,AVAILABLE,1,1,SINGLETON,article_like
B10706,1,1,SINGLETON,AVAILABLE,1,1,SINGLETON,article_like
B10707,1,1,SINGLETON,AVAILABLE,1,1,SINGLETON,article_like
B10708,3,3,DOI;PMID;TITLE_EXACT_NORM,AVAILABLE,1,3,DOI,article_like
B10709,3,3,PMID;TITLE_EXACT_NORM,AVAILABLE,1,3,PMID,article_like
B10710,1,1,SINGLETON,AVAILABLE,1,1,SINGLETON,article_like
B10711,1,1,SINGLETON,AVAILABLE,1,1,SINGLETON,article_like
B10712,2,2,DOI;PMID;TITLE_EXACT_NORM,AVAILABLE,1,2,DOI,article_like
B10713,3,3,DOI;PMID;TITLE_EXACT_NORM,AVAILABLE,1,3,DOI,article_like
B10714,2,2,DOI;PMID;TITLE_EXACT_NORM,AVAILABLE,1,2,DOI,article_like
B10715,3,3,DOI;PMID;TITLE_EXACT_NORM,AVAILABLE,1,3,DOI,article_like
B10716,3,3,DOI;PMID;TITLE_EXACT_NORM,AVAILABLE,1,3,DOI,article_like
B10717,3,3,DOI;PMID;TITLE_EXACT_NORM,AVAILABLE,1,3,DOI,article_like
B10718,1,1,SINGLETON,AVAILABLE,1,1,SINGLETON,article_like
B10719,1,1,SINGLETON,TITLE_ONLY,0,1,SINGLETON,article_like
B10720,2,2,DOI;PMID;TITLE_EXACT_NORM,AVAILABLE,1,2,DOI,article_like
B10721,3,3,DOI;PMID;TITLE_EXACT_NORM,AVAILABLE,1,3,DOI,article_like
B10722,3,3,DOI;PMID;TITLE_EXACT_NORM,AVAILABLE,1,3,DOI,article_like
B10723,1,1,SINGLETON,AVAILABLE,1,1,SINGLETON,article_like
B10724,1,1,SINGLETON,AVAILABLE,1,1,SINGLETON,article_like
B10725,3,3,DOI;PMID;TITLE_EXACT_NORM,AVAILABLE,1,3,DOI,article_like
B10726,1,1,SINGLETON,AVAILABLE,1,1,SINGLETON,article_like
B10727,1,1,SINGLETON,TITLE_ONLY,0,1,SINGLETON,conference
B10728,3,3,DOI;PMID;TITLE_EXACT_NORM,AVAILABLE,1,3,DOI,article_like
B10729,3,3,DOI;PMID;TITLE_EXACT_NORM,AVAILABLE,1,3,DOI,article_like
B10730,3,3,DOI;PMID;TITLE_EXACT_NORM,AVAILABLE,1,3,DOI,article_like
B10731,1,1,SINGLETON,TITLE_ONLY,0,1,SINGLETON,conference
B10732,3,3,DOI;PMID;TITLE_EXACT_NORM,AVAILABLE,1,3,DOI,article_like
B10733,2,2,DOI;PMID;TITLE_EXACT_NORM,AVAILABLE,1,2,DOI,article_like
B10734,1,1,SINGLETON,AVAILABLE,1,1,SINGLETON,article_like
B10735,1,1,SINGLETON,AVAILABLE,1,1,SINGLETON,article_like
B10736,3,3,DOI;PMID;TITLE_EXACT_NORM,AVAILABLE,1,3,DOI,article_like
B10737,3,3,DOI;PMID;TITLE_EXACT_NORM,AVAILABLE,1,3,DOI,article_like
B10738,1,1,SINGLETON,AVAILABLE,1,1,SINGLETON,article_like
B10739,2,2,DOI;PMID;TITLE_EXACT_NORM,AVAILABLE,1,2,DOI,article_like
B10740,3,3,DOI;PMID;TITLE_EXACT_NORM,AVAILABLE,1,3,DOI,article_like
B10741,2,2,DOI;PMID;TITLE_EXACT_NORM,AVAILABLE,1,2,DOI,article_like
B10742,3,3,DOI;PMID;TITLE_EXACT_NORM,AVAILABLE,1,3,DOI,article_like
B10743,3,3,DOI;PMID;TITLE_EXACT_NORM,AVAILABLE,1,3,DOI,article_like
B10744,2,2,DOI;PMID;TITLE_EXACT_NORM,TITLE_ONLY,0,2,DOI,article_like
B10745,3,3,DOI;PMID;TITLE_EXACT_NORM,AVAILABLE,1,3,DOI,article_like
B10746,3,3,DOI;PMID;TITLE_EXACT_NORM,AVAILABLE,1,3,DOI,article_like
B10747,1,1,SINGLETON,TITLE_ONLY,0,1,SINGLETON,article_like
B10748,1,1,SINGLETON,AVAILABLE,1,1,SINGLETON,article_like
B10749,3,3,DOI;PMID;TITLE_EXACT_NORM,AVAILABLE,1,3,DOI,article_like
B10750,1,1,SINGLETON,AVAILABLE,1,1,SINGLETON,article_like
B10751,1,1,SINGLETON,AVAILABLE,1,1,SINGLETON,article_like
B10752,3,3,DOI;PMID;TITLE_EXACT_NORM,AVAILABLE,1,3,DOI,article_like
B10753,1,1,SINGLETON,AVAILABLE,1,1,SINGLETON,article_like
B10754,3,3,DOI;PMID;TITLE_EXACT_NORM,AVAILABLE,1,3,DOI,article_like
B10755,3,3,DOI;PMID;TITLE_EXACT_NORM,AVAILABLE,1,3,DOI,article_like
B10756,3,3,DOI;TITLE_EXACT_NORM,AVAILABLE,1,3,DOI,article_like
B10757,1,1,SINGLETON,AVAILABLE,1,1,SINGLETON,article_like
B10758,1,1,SINGLETON,AVAILABLE,1,1,SINGLETON,article_like
B10759,3,3,DOI;PMID;TITLE_EXACT_NORM,AVAILABLE,1,3,DOI,article_like
B10760,1,1,SINGLETON,AVAILABLE,1,1,SINGLETON,article_like
B10761,3,3,DOI;PMID;TITLE_EXACT_NORM,TITLE_ONLY,0,3,DOI,article_like
B10762,3,3,DOI;PMID;TITLE_EXACT_NORM,AVAILABLE,1,3,DOI,article_like
B10763,3,3,DOI;PMID;TITLE_EXACT_NORM,AVAILABLE,1,3,DOI,article_like
B10764,3,3,DOI;PMID;TITLE_EXACT_NORM,AVAILABLE,1,3,DOI,article_like
B10765,1,1,SINGLETON,AVAILABLE,1,1,SINGLETON,article_like
B10766,3,3,DOI;PMID;TITLE_EXACT_NORM,AVAILABLE,1,3,DOI,article_like
B10767,1,1,SINGLETON,AVAILABLE,1,1,SINGLETON,article_like
B10768,3,3,DOI;PMID;TITLE_EXACT_NORM,AVAILABLE,1,3,DOI,article_like
B10769,1,1,SINGLETON,TITLE_ONLY,0,1,SINGLETON,conference
B10770,1,1,SINGLETON,AVAILABLE,1,1,SINGLETON,article_like
B10771,1,1,SINGLETON,AVAILABLE,1,1,SINGLETON,article_like
B10772,3,3,DOI;PMID;TITLE_EXACT_NORM,AVAILABLE,1,3,DOI,article_like
B10773,2,2,DOI;PMID;TITLE_EXACT_NORM,TITLE_ONLY,0,2,DOI,article_like
B10774,1,1,SINGLETON,AVAILABLE,1,1,SINGLETON,article_like
B10775,2,2,DOI;PMID;TITLE_EXACT_NORM,AVAILABLE,1,2,DOI,article_like
B10776,1,1,SINGLETON,AVAILABLE,1,1,SINGLETON,article_like
B10777,1,1,SINGLETON,TITLE_ONLY,0,1,SINGLETON,conference
B10778,3,3,DOI;PMID;TITLE_EXACT_NORM,AVAILABLE,1,3,DOI,article_like
B10779,1,1,SINGLETON,AVAILABLE,1,1,SINGLETON,article_like
B10780,3,3,DOI;PMID;TITLE_EXACT_NORM,AVAILABLE,1,3,DOI,article_like
B10781,1,1,SINGLETON,AVAILABLE,1,1,SINGLETON,article_like
B10782,1,1,SINGLETON,AVAILABLE,1,1,SINGLETON,article_like
B10783,1,1,SINGLETON,AVAILABLE,1,1,SINGLETON,article_like
B10784,3,3,DOI;PMID;TITLE_EXACT_NORM,AVAILABLE,1,3,DOI,article_like
B10785,3,3,DOI;PMID;TITLE_EXACT_NORM,AVAILABLE,1,3,DOI,article_like
B10786,1,1,SINGLETON,AVAILABLE,1,1,SINGLETON,article_like
B10787,1,1,SINGLETON,TITLE_ONLY,0,1,SINGLETON,conference
B10788,3,3,DOI;PMID;TITLE_EXACT_NORM,AVAILABLE,1,3,DOI,article_like
B10789,2,2,DOI;PMID;TITLE_EXACT_NORM,AVAILABLE,1,2,DOI,article_like
B10790,1,1,SINGLETON,AVAILABLE,1,1,SINGLETON,article_like
B10791,1,1,SINGLETON,TITLE_ONLY,0,1,SINGLETON,conference
B10792,3,3,DOI;PMID;TITLE_EXACT_NORM,AVAILABLE,1,3,DOI,article_like
B10793,1,1,SINGLETON,TITLE_ONLY,0,1,SINGLETON,conference
B10794,1,1,SINGLETON,TITLE_ONLY,0,1,SINGLETON,article_like
B10795,3,3,DOI;PMID;TITLE_EXACT_NORM,AVAILABLE,1,3,DOI,article_like
B10796,3,3,DOI;PMID;TITLE_EXACT_NORM,AVAILABLE,1,3,DOI,article_like
B10797,1,1,SINGLETON,AVAILABLE,1,1,SINGLETON,article_like
B10798,1,1,SINGLETON,AVAILABLE,1,1,SINGLETON,article_like
B10799,1,1,SINGLETON,AVAILABLE,1,1,SINGLETON,article_like
B10800,1,1,SINGLETON,TITLE_ONLY,0,1,SINGLETON,article_like
B10801,1,1,SINGLETON,AVAILABLE,1,1,SINGLETON,article_like
B10802,1,1,SINGLETON,AVAILABLE,1,1,SINGLETON,article_like
B10803,1,1,SINGLETON,AVAILABLE,1,1,SINGLETON,article_like
B10804,3,3,DOI;PMID;TITLE_EXACT_NORM,AVAILABLE,1,3,DOI,article_like
B10805,1,1,SINGLETON,AVAILABLE,1,1,SINGLETON,article_like
B10806,1,1,SINGLETON,AVAILABLE,1,1,SINGLETON,article_like
B10807,2,2,DOI;TITLE_EXACT_NORM,AVAILABLE,1,2,DOI,article_like
B10808,1,1,SINGLETON,AVAILABLE,1,1,SINGLETON,article_like
B10809,1,1,SINGLETON,AVAILABLE,1,1,SINGLETON,article_like
B10810,1,1,SINGLETON,TITLE_ONLY,0,1,SINGLETON,conference
B10811,1,1,SINGLETON,AVAILABLE,1,1,SINGLETON,article_like
B10812,1,1,SINGLETON,AVAILABLE,1,1,SINGLETON,article_like
B10813,1,1,SINGLETON,AVAILABLE,1,1,SINGLETON,article_like
B10814,3,3,DOI;PMID;TITLE_EXACT_NORM,AVAILABLE,1,3,DOI,article_like
B10815,1,1,SINGLETON,AVAILABLE,1,1,SINGLETON,article_like
B10816,1,1,SINGLETON,AVAILABLE,1,1,SINGLETON,conference
B10817,3,3,DOI;PMID;TITLE_EXACT_NORM,AVAILABLE,1,3,DOI,article_like
B10818,3,3,DOI;PMID;TITLE_EXACT_NORM,AVAILABLE,1,3,DOI,article_like
B10819,3,3,DOI;PMID;TITLE_EXACT_NORM,AVAILABLE,1,3,DOI,article_like
B10820,3,3,DOI;PMID;TITLE_EXACT_NORM,AVAILABLE,1,3,DOI,article_like
B10821,3,3,DOI;PMID;TITLE_EXACT_NORM,AVAILABLE,1,3,DOI,article_like
B10822,3,3,DOI;PMID;TITLE_EXACT_NORM,AVAILABLE,1,3,DOI,article_like
B10823,1,1,SINGLETON,AVAILABLE,1,1,SINGLETON,article_like
B10824,1,1,SINGLETON,TITLE_ONLY,0,1,SINGLETON,article_like
B10825,2,2,DOI;PMID;TITLE_EXACT_NORM,AVAILABLE,1,2,DOI,article_like
B10826,3,3,DOI;PMID;TITLE_EXACT_NORM,AVAILABLE,1,3,DOI,article_like
B10827,1,1,SINGLETON,TITLE_ONLY,0,1,SINGLETON,conference
B10828,1,1,SINGLETON,AVAILABLE,1,1,SINGLETON,article_like
B10829,1,1,SINGLETON,AVAILABLE,1,1,SINGLETON,article_like
B10830,3,3,DOI;PMID;TITLE_EXACT_NORM,AVAILABLE,1,3,DOI,article_like
B10831,3,3,DOI;PMID;TITLE_EXACT_NORM,AVAILABLE,1,3,DOI,article_like
B10832,1,1,SINGLETON,TITLE_ONLY,0,1,SINGLETON,conference
B10833,3,3,DOI;PMID;TITLE_EXACT_NORM,AVAILABLE,1,3,DOI,article_like
B10834,3,3,DOI;PMID;TITLE_EXACT_NORM,AVAILABLE,1,3,DOI,article_like
B10835,3,3,DOI;PMID;TITLE_EXACT_NORM,AVAILABLE,1,3,DOI,article_like
B10836,3,3,DOI;PMID;TITLE_EXACT_NORM,AVAILABLE,1,3,DOI,article_like
B10837,3,3,DOI;PMID;TITLE_EXACT_NORM,AVAILABLE,1,3,DOI,article_like
B10838,1,1,SINGLETON,AVAILABLE,1,1,SINGLETON,article_like
B10839,3,3,DOI;PMID;TITLE_EXACT_NORM,AVAILABLE,1,3,DOI,article_like
B10840,1,1,SINGLETON,AVAILABLE,1,1,SINGLETON,article_like
B10841,3,3,DOI;PMID;TITLE_EXACT_NORM,AVAILABLE,1,3,DOI,article_like
B10842,1,1,SINGLETON,TITLE_ONLY,0,1,SINGLETON,conference
B10843,3,3,DOI;PMID;TITLE_EXACT_NORM,AVAILABLE,1,3,DOI,article_like
B10844,3,3,DOI;PMID;TITLE_EXACT_NORM,AVAILABLE,1,3,DOI,article_like
B10845,1,1,SINGLETON,AVAILABLE,1,1,SINGLETON,article_like
B10846,1,1,SINGLETON,AVAILABLE,1,1,SINGLETON,article_like
B10847,2,2,DOI;PMID;TITLE_EXACT_NORM,AVAILABLE,1,2,DOI,article_like
B10848,3,3,DOI;PMID;TITLE_EXACT_NORM,AVAILABLE,1,3,DOI,article_like
B10849,1,1,SINGLETON,AVAILABLE,1,1,SINGLETON,article_like
B10850,1,1,SINGLETON,TITLE_ONLY,0,1,SINGLETON,article_like
B10851,1,1,SINGLETON,AVAILABLE,1,1,SINGLETON,article_like
B10852,1,1,SINGLETON,AVAILABLE,1,1,SINGLETON,article_like
B10853,1,1,SINGLETON,AVAILABLE,1,1,SINGLETON,article_like
B10854,1,1,SINGLETON,AVAILABLE,1,1,SINGLETON,article_like
B10855,1,1,SINGLETON,AVAILABLE,1,1,SINGLETON,article_like
B10856,3,3,DOI;PMID;TITLE_EXACT_NORM,AVAILABLE,1,3,DOI,article_like
B10857,3,3,DOI;PMID;TITLE_EXACT_NORM,AVAILABLE,1,3,DOI,article_like
B10858,3,3,DOI;PMID;TITLE_EXACT_NORM,AVAILABLE,1,3,DOI,article_like
B10859,1,1,SINGLETON,TITLE_ONLY,0,1,SINGLETON,conference
B10860,1,1,SINGLETON,AVAILABLE,1,1,SINGLETON,article_like
B10861,1,1,SINGLETON,AVAILABLE,1,1,SINGLETON,article_like
B10862,3,3,DOI;PMID;TITLE_EXACT_NORM,AVAILABLE,1,3,DOI,article_like
B10863,1,1,SINGLETON,AVAILABLE,1,1,SINGLETON,article_like
B10864,1,1,SINGLETON,AVAILABLE,1,1,SINGLETON,article_like
B10865,3,3,DOI;PMID;TITLE_EXACT_NORM,TITLE_ONLY,0,3,DOI,article_like
B10866,1,1,SINGLETON,AVAILABLE,1,1,SINGLETON,article_like
B10867,3,3,DOI;PMID;TITLE_EXACT_NORM,AVAILABLE,1,3,DOI,article_like
B10868,3,3,DOI;PMID;TITLE_EXACT_NORM,AVAILABLE,1,3,DOI,article_like
B10869,3,3,DOI;PMID;TITLE_EXACT_NORM,AVAILABLE,1,3,DOI,article_like
B10870,3,3,DOI;PMID;TITLE_EXACT_NORM,AVAILABLE,1,3,DOI,article_like
B10871,3,3,DOI;PMID;TITLE_EXACT_NORM,AVAILABLE,1,3,DOI,article_like
B10872,3,3,DOI;PMID;TITLE_EXACT_NORM,TITLE_ONLY,0,3,DOI,article_like
B10873,2,2,DOI;PMID;TITLE_EXACT_NORM,AVAILABLE,1,2,DOI,article_like
B10874,1,1,SINGLETON,AVAILABLE,1,1,SINGLETON,article_like
B10875,3,3,DOI;PMID;TITLE_EXACT_NORM,AVAILABLE,1,3,DOI,article_like
B10876,3,3,DOI;PMID;TITLE_EXACT_NORM,AVAILABLE,1,3,DOI,article_like
B10877,3,3,DOI;PMID;TITLE_EXACT_NORM,AVAILABLE,1,3,DOI,article_like
B10878,3,3,DOI;PMID;TITLE_EXACT_NORM,AVAILABLE,1,3,DOI,article_like
B10879,3,3,DOI;PMID;TITLE_EXACT_NORM,AVAILABLE,1,3,DOI,article_like
B10880,1,1,SINGLETON,AVAILABLE,1,1,SINGLETON,article_like
B10881,3,3,DOI;PMID;TITLE_EXACT_NORM,AVAILABLE,1,3,DOI,article_like
B10882,3,3,DOI;PMID;TITLE_EXACT_NORM,AVAILABLE,1,3,DOI,article_like
B10883,1,1,SINGLETON,AVAILABLE,1,1,SINGLETON,article_like
B10884,3,3,DOI;PMID;TITLE_EXACT_NORM,AVAILABLE,1,3,DOI,article_like
B10885,3,3,DOI;PMID;TITLE_EXACT_NORM,AVAILABLE,1,3,DOI,article_like
B10886,1,1,SINGLETON,AVAILABLE,1,1,SINGLETON,article_like
B10887,2,2,DOI;PMID;TITLE_EXACT_NORM,TITLE_ONLY,0,2,DOI,article_like
B10888,1,1,SINGLETON,AVAILABLE,1,1,SINGLETON,article_like
B10889,3,3,DOI;PMID;TITLE_EXACT_NORM,AVAILABLE,1,3,DOI,article_like
B10890,1,1,SINGLETON,TITLE_ONLY,0,1,SINGLETON,article_like
B10891,3,3,DOI;PMID;TITLE_EXACT_NORM,AVAILABLE,1,3,DOI,article_like
B10892,3,3,DOI;PMID;TITLE_EXACT_NORM,AVAILABLE,1,3,DOI,article_like
B10893,3,3,DOI;PMID;TITLE_EXACT_NORM,AVAILABLE,1,3,DOI,article_like
B10894,3,3,DOI;PMID;TITLE_EXACT_NORM,AVAILABLE,1,3,DOI,article_like
B10895,3,3,DOI;PMID;TITLE_EXACT_NORM,AVAILABLE,1,3,DOI,article_like
B10896,3,3,DOI;PMID;TITLE_EXACT_NORM,AVAILABLE,1,3,DOI,article_like
B10897,1,1,SINGLETON,AVAILABLE,1,1,SINGLETON,article_like
B10898,1,1,SINGLETON,AVAILABLE,1,1,SINGLETON,article_like
B10899,1,1,SINGLETON,AVAILABLE,1,1,SINGLETON,article_like
B10900,1,1,SINGLETON,AVAILABLE,1,1,SINGLETON,article_like
B10901,3,3,DOI;PMID;TITLE_EXACT_NORM,AVAILABLE,1,3,DOI,article_like
B10902,1,1,SINGLETON,AVAILABLE,1,1,SINGLETON,article_like
B10903,3,3,DOI;PMID;TITLE_EXACT_NORM,AVAILABLE,1,3,DOI,article_like
B10904,1,1,SINGLETON,AVAILABLE,1,1,SINGLETON,article_like
B10905,1,1,SINGLETON,TITLE_ONLY,0,1,SINGLETON,conference
B10906,1,1,SINGLETON,AVAILABLE,1,1,SINGLETON,article_like
B10907,3,3,DOI;PMID;TITLE_EXACT_NORM,AVAILABLE,1,3,DOI,article_like
B10908,3,3,DOI;PMID;TITLE_EXACT_NORM,AVAILABLE,1,3,DOI,article_like
B10909,1,1,SINGLETON,AVAILABLE,1,1,SINGLETON,article_like
B10910,3,3,DOI;PMID;TITLE_EXACT_NORM,AVAILABLE,1,3,DOI,article_like
B10911,3,3,DOI;PMID;TITLE_EXACT_NORM,AVAILABLE,1,3,DOI,article_like
B10912,3,3,DOI;PMID;TITLE_EXACT_NORM,AVAILABLE,1,3,DOI,article_like
B10913,3,3,DOI;PMID;TITLE_EXACT_NORM,AVAILABLE,1,3,DOI,article_like
B10914,3,3,DOI;PMID;TITLE_EXACT_NORM,AVAILABLE,1,3,DOI,article_like
B10915,1,1,SINGLETON,AVAILABLE,1,1,SINGLETON,article_like
B10916,2,2,DOI;PMID;TITLE_EXACT_NORM,AVAILABLE,1,2,DOI,article_like
B10917,1,1,SINGLETON,AVAILABLE,1,1,SINGLETON,article_like
B10918,1,1,SINGLETON,AVAILABLE,1,1,SINGLETON,article_like
B10919,1,1,SINGLETON,AVAILABLE,1,1,SINGLETON,article_like
B10920,1,1,SINGLETON,AVAILABLE,1,1,SINGLETON,article_like
B10921,3,3,DOI;PMID;TITLE_EXACT_NORM,AVAILABLE,1,3,DOI,article_like
B10922,1,1,SINGLETON,AVAILABLE,1,1,SINGLETON,article_like
B10923,3,3,DOI;PMID;TITLE_EXACT_NORM,AVAILABLE,1,3,DOI,article_like
B10924,3,3,DOI;PMID;TITLE_EXACT_NORM,AVAILABLE,1,3,DOI,article_like
B10925,3,3,DOI;PMID;TITLE_EXACT_NORM,AVAILABLE,1,3,DOI,article_like
B10926,3,3,DOI;PMID;TITLE_EXACT_NORM,AVAILABLE,1,3,DOI,article_like
B10927,3,3,DOI;PMID;TITLE_EXACT_NORM,AVAILABLE,1,3,DOI,article_like
B10928,3,3,DOI;PMID;TITLE_EXACT_NORM,AVAILABLE,1,3,DOI,article_like
B10929,3,3,DOI;PMID;TITLE_EXACT_NORM,AVAILABLE,1,3,DOI,article_like
B10930,3,3,DOI;PMID;TITLE_EXACT_NORM,AVAILABLE,1,3,DOI,article_like
B10931,3,3,DOI;PMID;TITLE_EXACT_NORM,AVAILABLE,1,3,DOI,article_like
B10932,3,3,DOI;PMID;TITLE_EXACT_NORM,AVAILABLE,1,3,DOI,article_like
B10933,1,1,SINGLETON,AVAILABLE,1,1,SINGLETON,article_like
B10934,3,3,DOI;PMID;TITLE_EXACT_NORM,AVAILABLE,1,3,DOI,article_like
B10935,1,1,SINGLETON,TITLE_ONLY,0,1,SINGLETON,article_like
B10936,1,1,SINGLETON,AVAILABLE,1,1,SINGLETON,article_like
B10937,1,1,SINGLETON,AVAILABLE,1,1,SINGLETON,article_like
B10938,3,3,DOI;PMID;TITLE_EXACT_NORM,AVAILABLE,1,3,DOI,article_like
B10939,1,1,SINGLETON,AVAILABLE,1,1,SINGLETON,article_like
B10940,3,3,DOI;PMID;TITLE_EXACT_NORM,AVAILABLE,1,3,DOI,article_like
B10941,3,3,DOI;PMID;TITLE_EXACT_NORM,AVAILABLE,1,3,DOI,article_like
B10942,3,3,DOI;PMID;TITLE_EXACT_NORM,AVAILABLE,1,3,DOI,article_like
B10943,1,1,SINGLETON,AVAILABLE,1,1,SINGLETON,article_like
B10944,3,3,DOI;PMID;TITLE_EXACT_NORM,AVAILABLE,1,3,DOI,article_like
B10945,1,1,SINGLETON,AVAILABLE,1,1,SINGLETON,article_like
B10946,3,3,DOI;PMID;TITLE_EXACT_NORM,AVAILABLE,1,3,DOI,article_like
B10947,1,1,SINGLETON,TITLE_ONLY,0,1,SINGLETON,article_like
B10948,3,3,DOI;PMID;TITLE_EXACT_NORM,AVAILABLE,1,3,DOI,article_like
B10949,3,3,DOI;PMID;TITLE_EXACT_NORM,AVAILABLE,1,3,DOI,article_like
B10950,3,3,DOI;PMID;TITLE_EXACT_NORM,AVAILABLE,1,3,DOI,article_like
B10951,3,3,DOI;PMID;TITLE_EXACT_NORM,AVAILABLE,1,3,DOI,article_like
B10952,3,3,DOI;PMID;TITLE_EXACT_NORM,AVAILABLE,1,3,DOI,article_like
B10953,1,1,SINGLETON,AVAILABLE,1,1,SINGLETON,article_like
B10954,3,3,DOI;PMID;TITLE_EXACT_NORM,AVAILABLE,1,3,DOI,article_like
B10955,3,3,DOI;PMID;TITLE_EXACT_NORM,AVAILABLE,1,3,DOI,article_like
B10956,3,3,DOI;PMID;TITLE_EXACT_NORM,AVAILABLE,1,3,DOI,article_like
B10957,3,3,DOI;PMID;TITLE_EXACT_NORM,AVAILABLE,1,3,DOI,article_like
B10958,2,2,DOI;PMID;TITLE_EXACT_NORM,AVAILABLE,1,2,DOI,article_like
B10959,2,2,DOI;PMID,AVAILABLE,1,2,DOI,article_like
B10960,1,1,SINGLETON,AVAILABLE,1,1,SINGLETON,article_like
B10961,3,3,DOI;PMID;TITLE_EXACT_NORM,AVAILABLE,1,3,DOI,article_like
B10962,2,2,DOI;PMID;TITLE_EXACT_NORM,AVAILABLE,1,2,DOI,article_like
B10963,3,3,DOI;PMID;TITLE_EXACT_NORM,AVAILABLE,1,3,DOI,article_like
B10964,1,1,SINGLETON,AVAILABLE,1,1,SINGLETON,article_like
B10965,2,2,DOI;PMID;TITLE_EXACT_NORM,AVAILABLE,1,2,DOI,article_like
B10966,3,3,DOI;PMID;TITLE_EXACT_NORM,AVAILABLE,1,3,DOI,article_like
B10967,3,3,DOI;PMID;TITLE_EXACT_NORM,AVAILABLE,1,3,DOI,article_like
B10968,1,1,SINGLETON,TITLE_ONLY,0,1,SINGLETON,conference
B10969,1,1,SINGLETON,AVAILABLE,1,1,SINGLETON,article_like
B10970,3,3,DOI;PMID;TITLE_EXACT_NORM,AVAILABLE,1,3,DOI,article_like
B10971,1,1,SINGLETON,AVAILABLE,1,1,SINGLETON,article_like
B10972,3,3,DOI;PMID;TITLE_EXACT_NORM,AVAILABLE,1,3,DOI,article_like
B10973,1,1,SINGLETON,TITLE_ONLY,0,1,SINGLETON,conference
B10974,1,1,SINGLETON,AVAILABLE,1,1,SINGLETON,article_like
B10975,1,1,SINGLETON,AVAILABLE,1,1,SINGLETON,article_like
B10976,1,1,SINGLETON,AVAILABLE,1,1,SINGLETON,article_like
B10977,1,1,SINGLETON,AVAILABLE,1,1,SINGLETON,article_like
B10978,3,3,DOI;PMID;TITLE_EXACT_NORM,AVAILABLE,1,3,DOI,article_like
B10979,3,3,DOI;PMID;TITLE_EXACT_NORM,AVAILABLE,1,3,DOI,article_like
B10980,3,3,DOI;PMID;TITLE_EXACT_NORM,AVAILABLE,1,3,DOI,article_like
B10981,3,3,DOI;PMID;TITLE_EXACT_NORM,AVAILABLE,1,3,DOI,article_like
B10982,1,1,SINGLETON,AVAILABLE,1,1,SINGLETON,article_like
B10983,1,1,SINGLETON,AVAILABLE,1,1,SINGLETON,article_like
B10984,3,3,DOI;PMID;TITLE_EXACT_NORM,AVAILABLE,1,3,DOI,article_like
B10985,1,1,SINGLETON,AVAILABLE,1,1,SINGLETON,article_like
B10986,1,1,SINGLETON,TITLE_ONLY,0,1,SINGLETON,conference
B10987,1,1,SINGLETON,AVAILABLE,1,1,SINGLETON,article_like
B10988,1,1,SINGLETON,TITLE_ONLY,0,1,SINGLETON,article_like
B10989,1,1,SINGLETON,AVAILABLE,1,1,SINGLETON,article_like
B10990,1,1,SINGLETON,AVAILABLE,1,1,SINGLETON,article_like
B10991,1,1,SINGLETON,AVAILABLE,1,1,SINGLETON,article_like
B10992,1,1,SINGLETON,AVAILABLE,1,1,SINGLETON,article_like
B10993,1,1,SINGLETON,AVAILABLE,1,1,SINGLETON,article_like
B10994,3,3,DOI;PMID;TITLE_EXACT_NORM,AVAILABLE,1,3,DOI,article_like
B10995,1,1,SINGLETON,TITLE_ONLY,0,1,SINGLETON,article_like
B10996,3,3,DOI;PMID;TITLE_EXACT_NORM,AVAILABLE,1,3,DOI,article_like
B10997,2,2,DOI;TITLE_EXACT_NORM,AVAILABLE,1,2,DOI,conference
B10998,1,1,SINGLETON,AVAILABLE,1,1,SINGLETON,article_like
B10999,3,3,DOI;PMID;TITLE_EXACT_NORM,AVAILABLE,1,3,DOI,article_like
B11000,1,1,SINGLETON,TITLE_ONLY,0,1,SINGLETON,article_like
B11001,3,3,DOI;PMID;TITLE_EXACT_NORM,AVAILABLE,1,3,DOI,article_like
B11002,2,2,PMID,AVAILABLE,1,2,PMID,article_like
B11003,3,3,DOI;PMID;TITLE_EXACT_NORM,AVAILABLE,1,3,DOI,article_like
B11004,2,2,DOI;PMID;TITLE_EXACT_NORM,AVAILABLE,1,2,DOI,article_like
B11005,2,2,DOI;PMID;TITLE_EXACT_NORM,AVAILABLE,1,2,DOI,article_like
B11006,1,1,SINGLETON,AVAILABLE,1,1,SINGLETON,article_like
B11007,1,1,SINGLETON,AVAILABLE,1,1,SINGLETON,article_like
B11008,1,1,SINGLETON,AVAILABLE,1,1,SINGLETON,article_like
B11009,3,3,DOI;PMID;TITLE_EXACT_NORM,AVAILABLE,1,3,DOI,article_like
B11010,2,2,DOI;PMID;TITLE_EXACT_NORM,AVAILABLE,1,2,DOI,article_like
B11011,1,1,SINGLETON,AVAILABLE,1,1,SINGLETON,article_like
B11012,1,1,SINGLETON,AVAILABLE,1,1,SINGLETON,article_like
B11013,1,1,SINGLETON,AVAILABLE,1,1,SINGLETON,article_like
B11014,1,1,SINGLETON,AVAILABLE,1,1,SINGLETON,article_like
B11015,1,1,SINGLETON,AVAILABLE,1,1,SINGLETON,article_like
B11016,3,3,DOI;PMID;TITLE_EXACT_NORM,AVAILABLE,1,3,DOI,article_like
B11017,1,1,SINGLETON,TITLE_ONLY,0,1,SINGLETON,conference
B11018,1,1,SINGLETON,AVAILABLE,1,1,SINGLETON,article_like
B11019,3,3,DOI;PMID;TITLE_EXACT_NORM,AVAILABLE,1,3,DOI,article_like
B11020,1,1,SINGLETON,AVAILABLE,1,1,SINGLETON,article_like
B11021,1,1,SINGLETON,AVAILABLE,1,1,SINGLETON,article_like
B11022,1,1,SINGLETON,AVAILABLE,1,1,SINGLETON,article_like
B11023,1,1,SINGLETON,AVAILABLE,1,1,SINGLETON,article_like
B11024,1,1,SINGLETON,AVAILABLE,1,1,SINGLETON,article_like
B11025,3,3,DOI;PMID;TITLE_EXACT_NORM,AVAILABLE,1,3,DOI,article_like
B11026,1,1,SINGLETON,AVAILABLE,1,1,SINGLETON,article_like
B11027,3,3,DOI;PMID;TITLE_EXACT_NORM,AVAILABLE,1,3,DOI,article_like
B11028,1,1,SINGLETON,AVAILABLE,1,1,SINGLETON,article_like
B11029,3,3,DOI;PMID;TITLE_EXACT_NORM,AVAILABLE,1,3,DOI,article_like
B11030,3,3,DOI;PMID;TITLE_EXACT_NORM,AVAILABLE,1,3,DOI,article_like
B11031,1,1,SINGLETON,TITLE_ONLY,0,1,SINGLETON,conference
B11032,3,3,DOI;PMID;TITLE_EXACT_NORM,AVAILABLE,1,3,DOI,article_like
B11033,1,1,SINGLETON,AVAILABLE,1,1,SINGLETON,article_like
B11034,3,3,DOI;PMID;TITLE_EXACT_NORM,AVAILABLE,1,3,DOI,article_like
B11035,1,1,SINGLETON,TITLE_ONLY,0,1,SINGLETON,conference
B11036,3,3,DOI;PMID;TITLE_EXACT_NORM,AVAILABLE,1,3,DOI,article_like
B11037,3,3,DOI;PMID;TITLE_EXACT_NORM,AVAILABLE,1,3,DOI,article_like
B11038,1,1,SINGLETON,TITLE_ONLY,0,1,SINGLETON,conference
B11039,3,3,DOI;PMID;TITLE_EXACT_NORM,AVAILABLE,1,3,DOI,article_like
B11040,3,3,DOI;PMID;TITLE_EXACT_NORM,AVAILABLE,1,3,DOI,article_like
B11041,1,1,SINGLETON,TITLE_ONLY,0,1,SINGLETON,conference
B11042,1,1,SINGLETON,AVAILABLE,1,1,SINGLETON,article_like
B11043,3,3,DOI;PMID;TITLE_EXACT_NORM,AVAILABLE,1,3,DOI,article_like
B11044,3,3,DOI;PMID;TITLE_EXACT_NORM,AVAILABLE,1,3,DOI,article_like
B11045,3,3,DOI;PMID;TITLE_EXACT_NORM,AVAILABLE,1,3,DOI,article_like
B11046,1,1,SINGLETON,AVAILABLE,1,1,SINGLETON,article_like
B11047,1,1,SINGLETON,AVAILABLE,1,1,SINGLETON,article_like
B11048,1,1,SINGLETON,AVAILABLE,1,1,SINGLETON,article_like
B11049,3,3,DOI;PMID;TITLE_EXACT_NORM,AVAILABLE,1,3,DOI,article_like
B11050,1,1,SINGLETON,AVAILABLE,1,1,SINGLETON,article_like
B11051,3,3,DOI;PMID;TITLE_EXACT_NORM,AVAILABLE,1,3,DOI,article_like
B11052,1,1,SINGLETON,AVAILABLE,1,1,SINGLETON,article_like
B11053,1,1,SINGLETON,TITLE_ONLY,0,1,SINGLETON,article_like
B11054,1,1,SINGLETON,TITLE_ONLY,0,1,SINGLETON,article_like
B11055,3,3,DOI;PMID;TITLE_EXACT_NORM,AVAILABLE,1,3,DOI,article_like
B11056,1,1,SINGLETON,AVAILABLE,1,1,SINGLETON,article_like
B11057,1,1,SINGLETON,AVAILABLE,1,1,SINGLETON,article_like
B11058,1,1,SINGLETON,AVAILABLE,1,1,SINGLETON,article_like
B11059,3,3,DOI;PMID;TITLE_EXACT_NORM,AVAILABLE,1,3,DOI,article_like
B11060,3,3,DOI;PMID;TITLE_EXACT_NORM,AVAILABLE,1,3,DOI,article_like
B11061,1,1,SINGLETON,TITLE_ONLY,0,1,SINGLETON,conference
B11062,3,3,DOI;PMID;TITLE_EXACT_NORM,AVAILABLE,1,3,DOI,article_like
B11063,3,3,DOI;PMID;TITLE_EXACT_NORM,AVAILABLE,1,3,DOI,article_like
B11064,2,2,DOI;PMID;TITLE_EXACT_NORM,AVAILABLE,1,2,DOI,article_like
B11065,2,2,DOI;PMID;TITLE_EXACT_NORM,AVAILABLE,1,2,DOI,article_like
B11066,1,1,SINGLETON,AVAILABLE,1,1,SINGLETON,article_like
B11067,3,3,DOI;PMID;TITLE_EXACT_NORM,AVAILABLE,1,3,DOI,article_like
B11068,1,1,SINGLETON,AVAILABLE,1,1,SINGLETON,article_like
B11069,1,1,SINGLETON,TITLE_ONLY,0,1,SINGLETON,conference
B11070,1,1,SINGLETON,AVAILABLE,1,1,SINGLETON,article_like
B11071,3,3,DOI;PMID;TITLE_EXACT_NORM,AVAILABLE,1,3,DOI,article_like
B11072,3,3,DOI;PMID;TITLE_EXACT_NORM,AVAILABLE,1,3,DOI,article_like
B11073,1,1,SINGLETON,TITLE_ONLY,0,1,SINGLETON,conference
B11074,3,3,DOI;PMID;TITLE_EXACT_NORM,AVAILABLE,1,3,DOI,article_like
B11075,1,1,SINGLETON,TITLE_ONLY,0,1,SINGLETON,conference
B11076,1,1,SINGLETON,AVAILABLE,1,1,SINGLETON,article_like
B11077,1,1,SINGLETON,TITLE_ONLY,0,1,SINGLETON,conference
B11078,3,3,DOI;PMID;TITLE_EXACT_NORM,AVAILABLE,1,3,DOI,article_like
B11079,3,3,DOI;PMID;TITLE_EXACT_NORM,AVAILABLE,1,3,DOI,article_like
B11080,3,3,DOI;PMID;TITLE_EXACT_NORM,AVAILABLE,1,3,DOI,article_like
B11081,1,1,SINGLETON,TITLE_ONLY,0,1,SINGLETON,conference
B11082,1,1,SINGLETON,AVAILABLE,1,1,SINGLETON,article_like
B11083,1,1,SINGLETON,AVAILABLE,1,1,SINGLETON,article_like
B11084,1,1,SINGLETON,TITLE_ONLY,0,1,SINGLETON,article_like
B11085,3,3,DOI;PMID;TITLE_EXACT_NORM,AVAILABLE,1,3,DOI,article_like
B11086,1,1,SINGLETON,AVAILABLE,1,1,SINGLETON,article_like
B11087,3,3,DOI;PMID;TITLE_EXACT_NORM,AVAILABLE,1,3,DOI,article_like
B11088,1,1,SINGLETON,AVAILABLE,1,1,SINGLETON,article_like
B11089,3,3,DOI;PMID;TITLE_EXACT_NORM,AVAILABLE,1,3,DOI,article_like
B11090,3,3,DOI;PMID;TITLE_EXACT_NORM,AVAILABLE,1,3,DOI,article_like
B11091,1,1,SINGLETON,AVAILABLE,1,1,SINGLETON,article_like
B11092,3,3,DOI;PMID;TITLE_EXACT_NORM,AVAILABLE,1,3,DOI,article_like
B11093,3,3,DOI;PMID;TITLE_EXACT_NORM,AVAILABLE,1,3,DOI,article_like
B11094,2,2,DOI;PMID;TITLE_EXACT_NORM,TITLE_ONLY,0,2,DOI,article_like
B11095,1,1,SINGLETON,AVAILABLE,1,1,SINGLETON,article_like
B11096,1,1,SINGLETON,AVAILABLE,1,1,SINGLETON,article_like
B11097,3,3,DOI;PMID;TITLE_EXACT_NORM,AVAILABLE,1,3,DOI,article_like
B11098,1,1,SINGLETON,AVAILABLE,1,1,SINGLETON,article_like
B11099,1,1,SINGLETON,AVAILABLE,1,1,SINGLETON,article_like
B11100,3,3,DOI;PMID;TITLE_EXACT_NORM,TITLE_ONLY,0,3,DOI,article_like
B11101,1,1,SINGLETON,AVAILABLE,1,1,SINGLETON,article_like
B11102,1,1,SINGLETON,AVAILABLE,1,1,SINGLETON,article_like
B11103,3,3,DOI;PMID;TITLE_EXACT_NORM,AVAILABLE,1,3,DOI,article_like
B11104,1,1,SINGLETON,AVAILABLE,1,1,SINGLETON,article_like
B11105,3,3,DOI;PMID,TITLE_ONLY,0,3,DOI,article_like
B11106,3,3,DOI;PMID;TITLE_EXACT_NORM,AVAILABLE,1,3,DOI,article_like
B11107,1,1,SINGLETON,AVAILABLE,1,1,SINGLETON,article_like
B11108,2,2,DOI;PMID;TITLE_EXACT_NORM,AVAILABLE,1,2,DOI,article_like
B11109,3,3,DOI;PMID;TITLE_EXACT_NORM,AVAILABLE,1,3,DOI,article_like
B11110,1,1,SINGLETON,AVAILABLE,1,1,SINGLETON,article_like
B11111,3,3,DOI;PMID;TITLE_EXACT_NORM,AVAILABLE,1,3,DOI,article_like
B11112,3,3,DOI;PMID;TITLE_EXACT_NORM,AVAILABLE,1,3,DOI,article_like
B11113,2,2,DOI;PMID;TITLE_EXACT_NORM,TITLE_ONLY,0,2,DOI,article_like
B11114,3,3,DOI;PMID;TITLE_EXACT_NORM,AVAILABLE,1,3,DOI,article_like
B11115,3,3,DOI;PMID;TITLE_EXACT_NORM,AVAILABLE,1,3,DOI,article_like
B11116,3,3,DOI;PMID;TITLE_EXACT_NORM,AVAILABLE,1,3,DOI,article_like
B11117,1,1,SINGLETON,AVAILABLE,1,1,SINGLETON,article_like
B11118,1,1,SINGLETON,AVAILABLE,1,1,SINGLETON,article_like
B11119,1,1,SINGLETON,AVAILABLE,1,1,SINGLETON,article_like
B11120,1,1,SINGLETON,AVAILABLE,1,1,SINGLETON,article_like
B11121,3,3,DOI;PMID;TITLE_EXACT_NORM,AVAILABLE,1,3,DOI,article_like
B11122,3,3,DOI;PMID;TITLE_EXACT_NORM,AVAILABLE,1,3,DOI,article_like
B11123,1,1,SINGLETON,TITLE_ONLY,0,1,SINGLETON,conference
B11124,3,3,DOI;PMID;TITLE_EXACT_NORM,AVAILABLE,1,3,DOI,article_like
B11125,1,1,SINGLETON,TITLE_ONLY,0,1,SINGLETON,conference
B11126,1,1,SINGLETON,AVAILABLE,1,1,SINGLETON,article_like
B11127,3,3,DOI;PMID;TITLE_EXACT_NORM,AVAILABLE,1,3,DOI,article_like
B11128,1,1,SINGLETON,AVAILABLE,1,1,SINGLETON,article_like
B11129,1,1,SINGLETON,AVAILABLE,1,1,SINGLETON,article_like
B11130,1,1,SINGLETON,AVAILABLE,1,1,SINGLETON,article_like
B11131,1,1,SINGLETON,AVAILABLE,1,1,SINGLETON,article_like
B11132,1,1,SINGLETON,AVAILABLE,1,1,SINGLETON,article_like
B11133,3,3,DOI;PMID;TITLE_EXACT_NORM,AVAILABLE,1,3,DOI,article_like
B11134,1,1,SINGLETON,AVAILABLE,1,1,SINGLETON,article_like
B11135,3,3,DOI;PMID;TITLE_EXACT_NORM,AVAILABLE,1,3,DOI,article_like
B11136,1,1,SINGLETON,AVAILABLE,1,1,SINGLETON,article_like
B11137,3,3,DOI;PMID;TITLE_EXACT_NORM,AVAILABLE,1,3,DOI,article_like
B11138,3,3,DOI;PMID;TITLE_EXACT_NORM,AVAILABLE,1,3,DOI,article_like
B11139,3,3,DOI;PMID;TITLE_EXACT_NORM,AVAILABLE,1,3,DOI,article_like
B11140,1,1,SINGLETON,TITLE_ONLY,0,1,SINGLETON,article_like
B11141,1,1,SINGLETON,AVAILABLE,1,1,SINGLETON,conference
B11142,3,3,DOI;PMID;TITLE_EXACT_NORM,AVAILABLE,1,3,DOI,article_like
B11143,3,3,DOI;PMID;TITLE_EXACT_NORM,AVAILABLE,1,3,DOI,article_like
B11144,1,1,SINGLETON,AVAILABLE,1,1,SINGLETON,article_like
B11145,1,1,SINGLETON,AVAILABLE,1,1,SINGLETON,article_like
B11146,3,3,DOI;PMID;TITLE_EXACT_NORM,AVAILABLE,1,3,DOI,article_like
B11147,1,1,SINGLETON,AVAILABLE,1,1,SINGLETON,article_like
B11148,3,3,DOI;PMID;TITLE_EXACT_NORM,AVAILABLE,1,3,DOI,article_like
B11149,3,3,DOI;PMID;TITLE_EXACT_NORM,AVAILABLE,1,3,DOI,article_like
B11150,3,3,DOI;PMID;TITLE_EXACT_NORM,AVAILABLE,1,3,DOI,article_like
B11151,3,3,DOI;PMID;TITLE_EXACT_NORM,AVAILABLE,1,3,DOI,article_like
B11152,3,3,DOI;PMID;TITLE_EXACT_NORM,AVAILABLE,1,3,DOI,article_like
B11153,1,1,SINGLETON,AVAILABLE,1,1,SINGLETON,article_like
B11154,2,2,DOI;PMID;TITLE_EXACT_NORM,TITLE_ONLY,0,2,DOI,article_like
B11155,1,1,SINGLETON,AVAILABLE,1,1,SINGLETON,article_like
B11156,3,3,DOI;PMID;TITLE_EXACT_NORM,AVAILABLE,1,3,DOI,article_like
B11157,1,1,SINGLETON,AVAILABLE,1,1,SINGLETON,article_like
B11158,1,1,SINGLETON,AVAILABLE,1,1,SINGLETON,article_like
B11159,1,1,SINGLETON,AVAILABLE,1,1,SINGLETON,article_like
B11160,3,3,DOI;PMID;TITLE_EXACT_NORM,AVAILABLE,1,3,DOI,article_like
B11161,3,3,DOI;PMID;TITLE_EXACT_NORM,AVAILABLE,1,3,DOI,article_like
B11162,3,3,DOI;PMID;TITLE_EXACT_NORM,AVAILABLE,1,3,DOI,article_like
B11163,3,3,DOI;PMID;TITLE_EXACT_NORM,AVAILABLE,1,3,DOI,article_like
B11164,3,3,DOI;PMID;TITLE_EXACT_NORM,AVAILABLE,1,3,DOI,article_like
B11165,3,3,DOI;PMID;TITLE_EXACT_NORM,AVAILABLE,1,3,DOI,article_like
B11166,3,3,DOI;PMID;TITLE_EXACT_NORM,AVAILABLE,1,3,DOI,article_like
B11167,3,3,DOI;PMID;TITLE_EXACT_NORM,AVAILABLE,1,3,DOI,article_like
B11168,3,3,DOI;PMID;TITLE_EXACT_NORM,AVAILABLE,1,3,DOI,article_like
B11169,3,3,DOI;PMID;TITLE_EXACT_NORM,AVAILABLE,1,3,DOI,article_like
B11170,1,1,SINGLETON,TITLE_ONLY,0,1,SINGLETON,article_like
B11171,1,1,SINGLETON,AVAILABLE,1,1,SINGLETON,article_like
B11172,3,3,DOI;PMID;TITLE_EXACT_NORM,AVAILABLE,1,3,DOI,article_like
B11173,1,1,SINGLETON,AVAILABLE,1,1,SINGLETON,article_like
B11174,3,3,DOI;PMID;TITLE_EXACT_NORM,AVAILABLE,1,3,DOI,article_like
B11175,1,1,SINGLETON,TITLE_ONLY,0,1,SINGLETON,conference
B11176,1,1,SINGLETON,AVAILABLE,1,1,SINGLETON,article_like
B11177,2,2,DOI;PMID;TITLE_EXACT_NORM,AVAILABLE,1,2,DOI,article_like
B11178,3,3,DOI;PMID;TITLE_EXACT_NORM,AVAILABLE,1,3,DOI,article_like
B11179,3,3,DOI;PMID;TITLE_EXACT_NORM,AVAILABLE,1,3,DOI,article_like
B11180,1,1,SINGLETON,AVAILABLE,1,1,SINGLETON,article_like
B11181,2,2,DOI;PMID;TITLE_EXACT_NORM,AVAILABLE,1,2,DOI,article_like
B11182,1,1,SINGLETON,TITLE_ONLY,0,1,SINGLETON,article_like
B11183,1,1,SINGLETON,AVAILABLE,1,1,SINGLETON,article_like
B11184,3,3,DOI;PMID;TITLE_EXACT_NORM,AVAILABLE,1,3,DOI,article_like
B11185,1,1,SINGLETON,AVAILABLE,1,1,SINGLETON,article_like
B11186,1,1,SINGLETON,AVAILABLE,1,1,SINGLETON,article_like
B11187,1,1,SINGLETON,AVAILABLE,1,1,SINGLETON,article_like
B11188,2,2,DOI;PMID;TITLE_EXACT_NORM,AVAILABLE,1,2,DOI,article_like
B11189,3,3,DOI;PMID;TITLE_EXACT_NORM,AVAILABLE,1,3,DOI,article_like
B11190,3,3,DOI;PMID;TITLE_EXACT_NORM,AVAILABLE,1,3,DOI,article_like
B11191,1,1,SINGLETON,AVAILABLE,1,1,SINGLETON,conference
B11192,1,1,SINGLETON,AVAILABLE,1,1,SINGLETON,article_like
B11193,1,1,SINGLETON,TITLE_ONLY,0,1,SINGLETON,conference
B11194,3,3,DOI;PMID;TITLE_EXACT_NORM,AVAILABLE,1,3,DOI,article_like
B11195,1,1,SINGLETON,TITLE_ONLY,0,1,SINGLETON,conference
B11196,2,2,DOI;PMID;TITLE_EXACT_NORM,AVAILABLE,1,2,DOI,article_like
B11197,3,3,DOI;PMID;TITLE_EXACT_NORM,AVAILABLE,1,3,DOI,article_like
B11198,3,3,DOI;PMID;TITLE_EXACT_NORM,AVAILABLE,1,3,DOI,article_like
B11199,3,3,DOI;PMID;TITLE_EXACT_NORM,AVAILABLE,1,3,DOI,article_like
B11200,1,1,SINGLETON,AVAILABLE,1,1,SINGLETON,article_like
B11201,1,1,SINGLETON,AVAILABLE,1,1,SINGLETON,article_like
B11202,1,1,SINGLETON,TITLE_ONLY,0,1,SINGLETON,conference
B11203,3,3,DOI;PMID;TITLE_EXACT_NORM,AVAILABLE,1,3,DOI,article_like
B11204,1,1,SINGLETON,AVAILABLE,1,1,SINGLETON,article_like
B11205,1,1,SINGLETON,AVAILABLE,1,1,SINGLETON,article_like
B11206,1,1,SINGLETON,AVAILABLE,1,1,SINGLETON,article_like
B11207,3,3,DOI;PMID;TITLE_EXACT_NORM,AVAILABLE,1,3,DOI,article_like
B11208,1,1,SINGLETON,AVAILABLE,1,1,SINGLETON,article_like
B11209,1,1,SINGLETON,AVAILABLE,1,1,SINGLETON,article_like
B11210,2,2,DOI;PMID;TITLE_EXACT_NORM,TITLE_ONLY,0,2,DOI,article_like
B11211,1,1,SINGLETON,AVAILABLE,1,1,SINGLETON,article_like
B11212,1,1,SINGLETON,AVAILABLE,1,1,SINGLETON,article_like
B11213,1,1,SINGLETON,AVAILABLE,1,1,SINGLETON,article_like
B11214,1,1,SINGLETON,AVAILABLE,1,1,SINGLETON,article_like
B11215,3,3,DOI;PMID;TITLE_EXACT_NORM,AVAILABLE,1,3,DOI,article_like
B11216,3,3,DOI;PMID;TITLE_EXACT_NORM,AVAILABLE,1,3,DOI,article_like
B11217,3,3,DOI;PMID;TITLE_EXACT_NORM,AVAILABLE,1,3,DOI,article_like
B11218,2,2,DOI;TITLE_EXACT_NORM,AVAILABLE,1,2,DOI,article_like
B11219,1,1,SINGLETON,AVAILABLE,1,1,SINGLETON,article_like
B11220,1,1,SINGLETON,AVAILABLE,1,1,SINGLETON,article_like
B11221,1,1,SINGLETON,TITLE_ONLY,0,1,SINGLETON,conference
B11222,1,1,SINGLETON,AVAILABLE,1,1,SINGLETON,article_like
B11223,1,1,SINGLETON,AVAILABLE,1,1,SINGLETON,article_like
B11224,2,2,DOI;PMID;TITLE_EXACT_NORM,AVAILABLE,1,2,DOI,article_like
B11225,1,1,SINGLETON,AVAILABLE,1,1,SINGLETON,article_like
B11226,1,1,SINGLETON,TITLE_ONLY,0,1,SINGLETON,conference
B11227,3,3,DOI;PMID;TITLE_EXACT_NORM,AVAILABLE,1,3,DOI,article_like
B11228,1,1,SINGLETON,AVAILABLE,1,1,SINGLETON,article_like
B11229,3,3,DOI;PMID;TITLE_EXACT_NORM,AVAILABLE,1,3,DOI,article_like
B11230,1,1,SINGLETON,AVAILABLE,1,1,SINGLETON,article_like
B11231,1,1,SINGLETON,AVAILABLE,1,1,SINGLETON,article_like
B11232,1,1,SINGLETON,AVAILABLE,1,1,SINGLETON,article_like
B11233,1,1,SINGLETON,AVAILABLE,1,1,SINGLETON,article_like
B11234,1,1,SINGLETON,AVAILABLE,1,1,SINGLETON,article_like
B11235,3,3,DOI;PMID;TITLE_EXACT_NORM,AVAILABLE,1,3,DOI,article_like
B11236,3,3,DOI;PMID;TITLE_EXACT_NORM,AVAILABLE,1,3,DOI,article_like
B11237,1,1,SINGLETON,AVAILABLE,1,1,SINGLETON,article_like
B11238,3,3,DOI;PMID;TITLE_EXACT_NORM,AVAILABLE,1,3,DOI,article_like
B11239,1,1,SINGLETON,AVAILABLE,1,1,SINGLETON,article_like
B11240,1,1,SINGLETON,AVAILABLE,1,1,SINGLETON,article_like
B11241,1,1,SINGLETON,AVAILABLE,1,1,SINGLETON,article_like
B11242,2,2,DOI;PMID;TITLE_EXACT_NORM,AVAILABLE,1,2,DOI,article_like
B11243,1,1,SINGLETON,AVAILABLE,1,1,SINGLETON,article_like
B11244,1,1,SINGLETON,AVAILABLE,1,1,SINGLETON,article_like
B11245,1,1,SINGLETON,AVAILABLE,1,1,SINGLETON,article_like
B11246,3,3,DOI;PMID;TITLE_EXACT_NORM,AVAILABLE,1,3,DOI,article_like
B11247,1,1,SINGLETON,AVAILABLE,1,1,SINGLETON,article_like
B11248,1,1,SINGLETON,AVAILABLE,1,1,SINGLETON,article_like
B11249,1,1,SINGLETON,AVAILABLE,1,1,SINGLETON,article_like
B11250,1,1,SINGLETON,AVAILABLE,1,1,SINGLETON,article_like
B11251,3,3,DOI;PMID;TITLE_EXACT_NORM,AVAILABLE,1,3,DOI,article_like
B11252,3,3,DOI;PMID;TITLE_EXACT_NORM,AVAILABLE,1,3,DOI,article_like
B11253,3,3,DOI;PMID;TITLE_EXACT_NORM,AVAILABLE,1,3,DOI,article_like
B11254,1,1,SINGLETON,AVAILABLE,1,1,SINGLETON,article_like
B11255,3,3,DOI;PMID;TITLE_EXACT_NORM,AVAILABLE,1,3,DOI,article_like
B11256,3,3,DOI;PMID;TITLE_EXACT_NORM,AVAILABLE,1,3,DOI,article_like
B11257,3,3,DOI;PMID;TITLE_EXACT_NORM,AVAILABLE,1,3,DOI,article_like
B11258,3,3,DOI;PMID;TITLE_EXACT_NORM,AVAILABLE,1,3,DOI,article_like
B11259,2,2,DOI;PMID;TITLE_EXACT_NORM,AVAILABLE,1,2,DOI,article_like
B11260,3,3,DOI;PMID;TITLE_EXACT_NORM,AVAILABLE,1,3,DOI,article_like
B11261,1,1,SINGLETON,AVAILABLE,1,1,SINGLETON,article_like
B11262,3,3,DOI;PMID;TITLE_EXACT_NORM,AVAILABLE,1,3,DOI,article_like
B11263,1,1,SINGLETON,AVAILABLE,1,1,SINGLETON,article_like
B11264,1,1,SINGLETON,AVAILABLE,1,1,SINGLETON,article_like
B11265,3,3,DOI;PMID;TITLE_EXACT_NORM,AVAILABLE,1,3,DOI,article_like
B11266,1,1,SINGLETON,AVAILABLE,1,1,SINGLETON,article_like
B11267,1,1,SINGLETON,AVAILABLE,1,1,SINGLETON,article_like
B11268,1,1,SINGLETON,AVAILABLE,1,1,SINGLETON,article_like
B11269,2,2,DOI;TITLE_EXACT_NORM,AVAILABLE,1,2,DOI,article_like
B11270,3,3,DOI;PMID;TITLE_EXACT_NORM,AVAILABLE,1,3,DOI,article_like
B11271,2,2,DOI;TITLE_EXACT_NORM,TITLE_ONLY,0,2,DOI,article_like
B11272,1,1,SINGLETON,TITLE_ONLY,0,1,SINGLETON,article_like
B11273,1,1,SINGLETON,AVAILABLE,1,1,SINGLETON,article_like
B11274,3,3,DOI;PMID;TITLE_EXACT_NORM,AVAILABLE,1,3,DOI,article_like
B11275,3,3,DOI;PMID;TITLE_EXACT_NORM,AVAILABLE,1,3,DOI,article_like
B11276,1,1,SINGLETON,TITLE_ONLY,0,1,SINGLETON,conference
B11277,1,1,SINGLETON,AVAILABLE,1,1,SINGLETON,article_like
B11278,1,1,SINGLETON,AVAILABLE,1,1,SINGLETON,conference
B11279,3,3,DOI;PMID;TITLE_EXACT_NORM,AVAILABLE,1,3,DOI,article_like
B11280,1,1,SINGLETON,TITLE_ONLY,0,1,SINGLETON,conference
B11281,1,1,SINGLETON,AVAILABLE,1,1,SINGLETON,article_like
B11282,2,2,DOI;PMID;TITLE_EXACT_NORM,AVAILABLE,1,2,DOI,article_like
B11283,1,1,SINGLETON,AVAILABLE,1,1,SINGLETON,article_like
B11284,3,3,DOI;PMID;TITLE_EXACT_NORM,AVAILABLE,1,3,DOI,article_like
B11285,1,1,SINGLETON,AVAILABLE,1,1,SINGLETON,article_like
B11286,1,1,SINGLETON,AVAILABLE,1,1,SINGLETON,article_like
B11287,1,1,SINGLETON,TITLE_ONLY,0,1,SINGLETON,article_like
B11288,1,1,SINGLETON,AVAILABLE,1,1,SINGLETON,article_like
B11289,1,1,SINGLETON,AVAILABLE,1,1,SINGLETON,article_like
B11290,1,1,SINGLETON,AVAILABLE,1,1,SINGLETON,article_like
B11291,3,3,DOI;PMID;TITLE_EXACT_NORM,TITLE_ONLY,0,3,DOI,article_like
B11292,3,3,DOI;PMID;TITLE_EXACT_NORM,AVAILABLE,1,3,DOI,article_like
B11293,3,3,DOI;PMID;TITLE_EXACT_NORM,AVAILABLE,1,3,DOI,article_like
B11294,1,1,SINGLETON,AVAILABLE,1,1,SINGLETON,article_like
B11295,1,1,SINGLETON,AVAILABLE,1,1,SINGLETON,article_like
B11296,1,1,SINGLETON,TITLE_ONLY,0,1,SINGLETON,conference
B11297,1,1,SINGLETON,AVAILABLE,1,1,SINGLETON,article_like
B11298,1,1,SINGLETON,AVAILABLE,1,1,SINGLETON,article_like
B11299,1,1,SINGLETON,TITLE_ONLY,0,1,SINGLETON,conference
B11300,3,3,DOI;PMID;TITLE_EXACT_NORM,AVAILABLE,1,3,DOI,article_like
B11301,3,3,DOI;PMID;TITLE_EXACT_NORM,AVAILABLE,1,3,DOI,article_like
B11302,3,3,DOI;PMID;TITLE_EXACT_NORM,AVAILABLE,1,3,DOI,article_like
B11303,3,3,DOI;PMID;TITLE_EXACT_NORM,AVAILABLE,1,3,DOI,article_like
B11304,1,1,SINGLETON,AVAILABLE,1,1,SINGLETON,article_like
B11305,3,3,DOI;PMID;TITLE_EXACT_NORM,AVAILABLE,1,3,DOI,article_like
B11306,3,3,DOI;PMID;TITLE_EXACT_NORM,AVAILABLE,1,3,DOI,article_like
B11307,3,3,DOI;PMID;TITLE_EXACT_NORM,AVAILABLE,1,3,DOI,article_like
B11308,1,1,SINGLETON,AVAILABLE,1,1,SINGLETON,article_like
B11309,1,1,SINGLETON,AVAILABLE,1,1,SINGLETON,article_like
B11310,1,1,SINGLETON,AVAILABLE,1,1,SINGLETON,article_like
B11311,3,3,DOI;PMID;TITLE_EXACT_NORM,AVAILABLE,1,3,DOI,article_like
B11312,1,1,SINGLETON,TITLE_ONLY,0,1,SINGLETON,article_like
B11313,2,2,DOI;PMID;TITLE_EXACT_NORM,TITLE_ONLY,0,2,DOI,article_like
B11314,1,1,SINGLETON,AVAILABLE,1,1,SINGLETON,article_like
B11315,1,1,SINGLETON,AVAILABLE,1,1,SINGLETON,article_like
B11316,3,3,DOI;PMID;TITLE_EXACT_NORM,AVAILABLE,1,3,DOI,article_like
B11317,1,1,SINGLETON,TITLE_ONLY,0,1,SINGLETON,conference
B11318,3,3,DOI;PMID;TITLE_EXACT_NORM,AVAILABLE,1,3,DOI,article_like
B11319,3,3,DOI;PMID;TITLE_EXACT_NORM,AVAILABLE,1,3,DOI,article_like
B11320,3,3,DOI;PMID;TITLE_EXACT_NORM,AVAILABLE,1,3,DOI,article_like
B11321,2,2,DOI;PMID;TITLE_EXACT_NORM,AVAILABLE,1,2,DOI,article_like
B11322,3,3,DOI;PMID;TITLE_EXACT_NORM,AVAILABLE,1,3,DOI,article_like
B11323,3,3,DOI;PMID;TITLE_EXACT_NORM,AVAILABLE,1,3,DOI,article_like
B11324,3,3,DOI;PMID;TITLE_EXACT_NORM,AVAILABLE,1,3,DOI,article_like
B11325,3,3,DOI;PMID;TITLE_EXACT_NORM,AVAILABLE,1,3,DOI,article_like
B11326,1,1,SINGLETON,AVAILABLE,1,1,SINGLETON,article_like
B11327,3,3,DOI;PMID;TITLE_EXACT_NORM,AVAILABLE,1,3,DOI,article_like
B11328,1,1,SINGLETON,AVAILABLE,1,1,SINGLETON,article_like
B11329,3,3,DOI;PMID;TITLE_EXACT_NORM,AVAILABLE,1,3,DOI,article_like
B11330,3,3,DOI;PMID;TITLE_EXACT_NORM,AVAILABLE,1,3,DOI,article_like
B11331,3,3,DOI;PMID;TITLE_EXACT_NORM,AVAILABLE,1,3,DOI,article_like
B11332,3,3,DOI;PMID;TITLE_EXACT_NORM,AVAILABLE,1,3,DOI,article_like
B11333,3,3,DOI;PMID;TITLE_EXACT_NORM,AVAILABLE,1,3,DOI,article_like
B11334,3,3,DOI;PMID;TITLE_EXACT_NORM,AVAILABLE,1,3,DOI,article_like
B11335,1,1,SINGLETON,AVAILABLE,1,1,SINGLETON,article_like
B11336,1,1,SINGLETON,AVAILABLE,1,1,SINGLETON,article_like
B11337,1,1,SINGLETON,AVAILABLE,1,1,SINGLETON,article_like
B11338,1,1,SINGLETON,AVAILABLE,1,1,SINGLETON,article_like
B11339,3,3,DOI;PMID;TITLE_EXACT_NORM,AVAILABLE,1,3,DOI,article_like
B11340,3,3,DOI;PMID;TITLE_EXACT_NORM,AVAILABLE,1,3,DOI,article_like
B11341,1,1,SINGLETON,TITLE_ONLY,0,1,SINGLETON,article_like
B11342,3,3,DOI;PMID;TITLE_EXACT_NORM,AVAILABLE,1,3,DOI,article_like
B11343,3,3,DOI;PMID;TITLE_EXACT_NORM,AVAILABLE,1,3,DOI,article_like
B11344,3,3,DOI;PMID;TITLE_EXACT_NORM,AVAILABLE,1,3,DOI,article_like
B11345,1,1,SINGLETON,AVAILABLE,1,1,SINGLETON,article_like
B11346,1,1,SINGLETON,AVAILABLE,1,1,SINGLETON,article_like
B11347,3,3,DOI;PMID;TITLE_EXACT_NORM,AVAILABLE,1,3,DOI,article_like
B11348,1,1,SINGLETON,AVAILABLE,1,1,SINGLETON,article_like
B11349,3,3,DOI;PMID;TITLE_EXACT_NORM,AVAILABLE,1,3,DOI,article_like
B11350,1,1,SINGLETON,AVAILABLE,1,1,SINGLETON,article_like
B11351,3,3,DOI;PMID;TITLE_EXACT_NORM,AVAILABLE,1,3,DOI,article_like
B11352,1,1,SINGLETON,TITLE_ONLY,0,1,SINGLETON,article_like
B11353,3,3,DOI;PMID;TITLE_EXACT_NORM,AVAILABLE,1,3,DOI,article_like
B11354,3,3,DOI;PMID;TITLE_EXACT_NORM,AVAILABLE,1,3,DOI,article_like
B11355,1,1,SINGLETON,AVAILABLE,1,1,SINGLETON,article_like
B11356,1,1,SINGLETON,AVAILABLE,1,1,SINGLETON,article_like
B11357,1,1,SINGLETON,AVAILABLE,1,1,SINGLETON,article_like
B11358,1,1,SINGLETON,AVAILABLE,1,1,SINGLETON,article_like
B11359,3,3,DOI;PMID;TITLE_EXACT_NORM,AVAILABLE,1,3,DOI,article_like
B11360,3,3,DOI;PMID;TITLE_EXACT_NORM,AVAILABLE,1,3,DOI,article_like
B11361,2,2,DOI;PMID;TITLE_EXACT_NORM,TITLE_ONLY,0,2,DOI,article_like
B11362,1,1,SINGLETON,TITLE_ONLY,0,1,SINGLETON,article_like
B11363,1,1,SINGLETON,AVAILABLE,1,1,SINGLETON,correction
B11364,1,1,SINGLETON,AVAILABLE,1,1,SINGLETON,article_like
B11365,1,1,SINGLETON,AVAILABLE,1,1,SINGLETON,article_like
B11366,2,2,DOI;PMID;TITLE_EXACT_NORM,AVAILABLE,1,2,DOI,article_like
B11367,1,1,SINGLETON,AVAILABLE,1,1,SINGLETON,article_like
B11368,1,1,SINGLETON,AVAILABLE,1,1,SINGLETON,article_like
B11369,3,3,DOI;PMID;TITLE_EXACT_NORM,AVAILABLE,1,3,DOI,article_like
B11370,1,1,SINGLETON,AVAILABLE,1,1,SINGLETON,article_like
B11371,3,3,DOI;PMID;TITLE_EXACT_NORM,AVAILABLE,1,3,DOI,article_like
B11372,1,1,SINGLETON,AVAILABLE,1,1,SINGLETON,article_like
B11373,1,1,SINGLETON,TITLE_ONLY,0,1,SINGLETON,article_like
B11374,3,3,DOI;PMID;TITLE_EXACT_NORM,AVAILABLE,1,3,DOI,article_like
B11375,3,3,DOI;PMID;TITLE_EXACT_NORM,AVAILABLE,1,3,DOI,article_like
B11376,2,2,DOI;PMID;TITLE_EXACT_NORM,AVAILABLE,1,2,DOI,article_like
B11377,1,1,SINGLETON,TITLE_ONLY,0,1,SINGLETON,conference
B11378,3,3,DOI;PMID;TITLE_EXACT_NORM,AVAILABLE,1,3,DOI,article_like
B11379,1,1,SINGLETON,TITLE_ONLY,0,1,SINGLETON,conference
B11380,1,1,SINGLETON,AVAILABLE,1,1,SINGLETON,article_like
B11381,3,3,DOI;PMID;TITLE_EXACT_NORM,AVAILABLE,1,3,DOI,article_like
B11382,3,3,DOI;PMID;TITLE_EXACT_NORM,AVAILABLE,1,3,DOI,article_like
B11383,3,3,DOI;PMID;TITLE_EXACT_NORM,AVAILABLE,1,3,DOI,article_like
B11384,3,3,DOI;PMID;TITLE_EXACT_NORM,AVAILABLE,1,3,DOI,article_like
B11385,3,3,DOI;PMID;TITLE_EXACT_NORM,AVAILABLE,1,3,DOI,article_like
B11386,1,1,SINGLETON,TITLE_ONLY,0,1,SINGLETON,conference
B11387,1,1,SINGLETON,AVAILABLE,1,1,SINGLETON,article_like
B11388,3,3,DOI;PMID;TITLE_EXACT_NORM,AVAILABLE,1,3,DOI,article_like
B11389,1,1,SINGLETON,AVAILABLE,1,1,SINGLETON,article_like
B11390,3,3,DOI;PMID;TITLE_EXACT_NORM,AVAILABLE,1,3,DOI,article_like
B11391,2,1,DOI;TITLE_EXACT_NORM,AVAILABLE,1,2,DOI,article_like
B11392,1,1,SINGLETON,AVAILABLE,1,1,SINGLETON,article_like
B11393,3,3,DOI;PMID;TITLE_EXACT_NORM,AVAILABLE,1,3,DOI,article_like
B11394,3,3,DOI;PMID;TITLE_EXACT_NORM,AVAILABLE,1,3,DOI,article_like
B11395,3,3,DOI;PMID;TITLE_EXACT_NORM,AVAILABLE,1,3,DOI,article_like
B11396,1,1,SINGLETON,TITLE_ONLY,0,1,SINGLETON,conference
B11397,1,1,SINGLETON,TITLE_ONLY,0,1,SINGLETON,conference
B11398,1,1,SINGLETON,TITLE_ONLY,0,1,SINGLETON,conference
B11399,2,2,DOI;TITLE_EXACT_NORM,AVAILABLE,1,2,DOI,article_like
B11400,1,1,SINGLETON,TITLE_ONLY,0,1,SINGLETON,conference
B11401,3,3,DOI;PMID;TITLE_EXACT_NORM,AVAILABLE,1,3,DOI,article_like
B11402,1,1,SINGLETON,AVAILABLE,1,1,SINGLETON,article_like
B11403,3,3,DOI;PMID;TITLE_EXACT_NORM,AVAILABLE,1,3,DOI,article_like
B11404,3,3,DOI;PMID;TITLE_EXACT_NORM,AVAILABLE,1,3,DOI,article_like
B11405,1,1,SINGLETON,AVAILABLE,1,1,SINGLETON,article_like
B11406,1,1,SINGLETON,TITLE_ONLY,0,1,SINGLETON,conference
B11407,1,1,SINGLETON,AVAILABLE,1,1,SINGLETON,article_like
B11408,1,1,SINGLETON,AVAILABLE,1,1,SINGLETON,article_like
B11409,1,1,SINGLETON,AVAILABLE,1,1,SINGLETON,article_like
B11410,3,3,DOI;PMID;TITLE_EXACT_NORM,AVAILABLE,1,3,DOI,article_like
B11411,3,3,DOI;PMID;TITLE_EXACT_NORM,AVAILABLE,1,3,DOI,article_like
B11412,3,3,DOI;PMID;TITLE_EXACT_NORM,AVAILABLE,1,3,DOI,article_like
B11413,3,3,DOI;PMID;TITLE_EXACT_NORM,AVAILABLE,1,3,DOI,article_like
B11414,1,1,SINGLETON,TITLE_ONLY,0,1,SINGLETON,article_like
B11415,1,1,SINGLETON,AVAILABLE,1,1,SINGLETON,article_like
B11416,3,3,DOI;PMID;TITLE_EXACT_NORM,AVAILABLE,1,3,DOI,article_like
B11417,3,3,DOI;PMID;TITLE_EXACT_NORM,AVAILABLE,1,3,DOI,article_like
B11418,1,1,SINGLETON,AVAILABLE,1,1,SINGLETON,article_like
B11419,3,3,DOI;PMID;TITLE_EXACT_NORM,AVAILABLE,1,3,DOI,article_like
B11420,1,1,SINGLETON,TITLE_ONLY,0,1,SINGLETON,conference
B11421,3,3,DOI;PMID;TITLE_EXACT_NORM,AVAILABLE,1,3,DOI,article_like
B11422,2,2,DOI;PMID;TITLE_EXACT_NORM,AVAILABLE,1,2,DOI,article_like
B11423,3,3,DOI;PMID;TITLE_EXACT_NORM,AVAILABLE,1,3,DOI,article_like
B11424,1,1,SINGLETON,AVAILABLE,1,1,SINGLETON,article_like
B11425,1,1,SINGLETON,AVAILABLE,1,1,SINGLETON,article_like
B11426,3,3,DOI;PMID;TITLE_EXACT_NORM,AVAILABLE,1,3,DOI,article_like
B11427,1,1,SINGLETON,AVAILABLE,1,1,SINGLETON,article_like
B11428,3,3,DOI;PMID;TITLE_EXACT_NORM,AVAILABLE,1,3,DOI,article_like
B11429,3,3,DOI;PMID;TITLE_EXACT_NORM,AVAILABLE,1,3,DOI,article_like
B11430,1,1,SINGLETON,AVAILABLE,1,1,SINGLETON,article_like
B11431,1,1,SINGLETON,AVAILABLE,1,1,SINGLETON,article_like
B11432,1,1,SINGLETON,AVAILABLE,1,1,SINGLETON,article_like
B11433,1,1,SINGLETON,TITLE_ONLY,0,1,SINGLETON,conference
B11434,3,3,DOI;PMID;TITLE_EXACT_NORM,AVAILABLE,1,3,DOI,article_like
B11435,3,3,DOI;PMID;TITLE_EXACT_NORM,AVAILABLE,1,3,DOI,article_like
B11436,1,1,SINGLETON,TITLE_ONLY,0,1,SINGLETON,conference
B11437,1,1,SINGLETON,AVAILABLE,1,1,SINGLETON,article_like
B11438,3,3,DOI;PMID;TITLE_EXACT_NORM,AVAILABLE,1,3,DOI,article_like
B11439,3,3,DOI;PMID;TITLE_EXACT_NORM,AVAILABLE,1,3,DOI,article_like
B11440,3,3,DOI;PMID;TITLE_EXACT_NORM,AVAILABLE,1,3,DOI,article_like
B11441,3,3,DOI;PMID;TITLE_EXACT_NORM,AVAILABLE,1,3,DOI,article_like
B11442,1,1,SINGLETON,TITLE_ONLY,0,1,SINGLETON,conference
B11443,1,1,SINGLETON,TITLE_ONLY,0,1,SINGLETON,conference
B11444,3,3,DOI;PMID;TITLE_EXACT_NORM,AVAILABLE,1,3,DOI,article_like
B11445,2,2,DOI;PMID;TITLE_EXACT_NORM,AVAILABLE,1,2,DOI,article_like
B11446,1,1,SINGLETON,AVAILABLE,1,1,SINGLETON,conference
B11447,3,3,DOI;PMID;TITLE_EXACT_NORM,AVAILABLE,1,3,DOI,article_like
B11448,1,1,SINGLETON,AVAILABLE,1,1,SINGLETON,article_like
B11449,1,1,SINGLETON,AVAILABLE,1,1,SINGLETON,article_like
B11450,3,3,PMID;TITLE_EXACT_NORM,AVAILABLE,1,3,PMID,article_like
B11451,3,3,DOI;PMID;TITLE_EXACT_NORM,AVAILABLE,1,3,DOI,article_like
B11452,1,1,SINGLETON,AVAILABLE,1,1,SINGLETON,article_like
B11453,2,2,DOI;PMID;TITLE_EXACT_NORM,AVAILABLE,1,2,DOI,article_like
B11454,3,3,DOI;PMID;TITLE_EXACT_NORM,AVAILABLE,1,3,DOI,article_like
B11455,1,1,SINGLETON,TITLE_ONLY,0,1,SINGLETON,conference
B11456,3,3,DOI;PMID;TITLE_EXACT_NORM,AVAILABLE,1,3,DOI,article_like
B11457,3,3,DOI;PMID;TITLE_EXACT_NORM,AVAILABLE,1,3,DOI,article_like
B11458,1,1,SINGLETON,AVAILABLE,1,1,SINGLETON,article_like
B11459,3,3,DOI;PMID;TITLE_EXACT_NORM,AVAILABLE,1,3,DOI,article_like
B11460,2,2,DOI;PMID;TITLE_EXACT_NORM,AVAILABLE,1,2,DOI,article_like
B11461,3,3,DOI;PMID;TITLE_EXACT_NORM,AVAILABLE,1,3,DOI,article_like
B11462,3,3,DOI;PMID;TITLE_EXACT_NORM,AVAILABLE,1,3,DOI,article_like
B11463,3,3,DOI;PMID;TITLE_EXACT_NORM,AVAILABLE,1,3,DOI,article_like
B11464,3,3,DOI;PMID;TITLE_EXACT_NORM,AVAILABLE,1,3,DOI,article_like
B11465,1,1,SINGLETON,TITLE_ONLY,0,1,SINGLETON,conference
B11466,3,3,DOI;PMID;TITLE_EXACT_NORM,AVAILABLE,1,3,DOI,article_like
B11467,1,1,SINGLETON,AVAILABLE,1,1,SINGLETON,article_like
B11468,3,3,DOI;PMID;TITLE_EXACT_NORM,AVAILABLE,1,3,DOI,article_like
B11469,3,3,DOI;PMID;TITLE_EXACT_NORM,AVAILABLE,1,3,DOI,article_like
B11470,3,3,DOI;PMID;TITLE_EXACT_NORM,AVAILABLE,1,3,DOI,article_like
B11471,3,3,DOI;PMID;TITLE_EXACT_NORM,AVAILABLE,1,3,DOI,article_like
B11472,3,3,DOI;PMID;TITLE_EXACT_NORM,AVAILABLE,1,3,DOI,article_like
B11473,3,3,DOI;PMID;TITLE_EXACT_NORM,AVAILABLE,1,3,DOI,article_like
B11474,3,3,DOI;PMID;TITLE_EXACT_NORM,AVAILABLE,1,3,DOI,article_like
B11475,1,1,SINGLETON,AVAILABLE,1,1,SINGLETON,article_like
B11476,1,1,SINGLETON,AVAILABLE,1,1,SINGLETON,article_like
B11477,3,3,DOI;PMID;TITLE_EXACT_NORM,AVAILABLE,1,3,DOI,article_like
B11478,1,1,SINGLETON,AVAILABLE,1,1,SINGLETON,article_like
B11479,1,1,SINGLETON,AVAILABLE,1,1,SINGLETON,article_like
B11480,1,1,SINGLETON,TITLE_ONLY,0,1,SINGLETON,conference
B11481,1,1,SINGLETON,TITLE_ONLY,0,1,SINGLETON,conference
B11482,1,1,SINGLETON,TITLE_ONLY,0,1,SINGLETON,conference
B11483,1,1,SINGLETON,TITLE_ONLY,0,1,SINGLETON,conference
B11484,1,1,SINGLETON,TITLE_ONLY,0,1,SINGLETON,conference
B11485,3,3,DOI;PMID;TITLE_EXACT_NORM,AVAILABLE,1,3,DOI,article_like
B11486,3,3,DOI;PMID;TITLE_EXACT_NORM,AVAILABLE,1,3,DOI,article_like
B11487,3,3,DOI;PMID;TITLE_EXACT_NORM,AVAILABLE,1,3,DOI,article_like
B11488,1,1,SINGLETON,AVAILABLE,1,1,SINGLETON,article_like
B11489,1,1,SINGLETON,AVAILABLE,1,1,SINGLETON,article_like
B11490,1,1,SINGLETON,AVAILABLE,1,1,SINGLETON,article_like
B11491,2,2,DOI;TITLE_EXACT_NORM,AVAILABLE,1,2,DOI,article_like
B11492,2,2,DOI;PMID;TITLE_EXACT_NORM,AVAILABLE,1,2,DOI,article_like
B11493,1,1,SINGLETON,AVAILABLE,1,1,SINGLETON,conference
B11494,3,3,DOI;PMID;TITLE_EXACT_NORM,AVAILABLE,1,3,DOI,article_like
B11495,3,3,DOI;PMID;TITLE_EXACT_NORM,AVAILABLE,1,3,DOI,article_like
B11496,1,1,SINGLETON,AVAILABLE,1,1,SINGLETON,article_like
B11497,3,3,DOI;PMID;TITLE_EXACT_NORM,AVAILABLE,1,3,DOI,article_like
B11498,1,1,SINGLETON,AVAILABLE,1,1,SINGLETON,article_like
B11499,3,3,DOI;PMID;TITLE_EXACT_NORM,AVAILABLE,1,3,DOI,article_like
B11500,3,3,DOI;PMID;TITLE_EXACT_NORM,AVAILABLE,1,3,DOI,article_like
B11501,1,1,SINGLETON,AVAILABLE,1,1,SINGLETON,article_like
B11502,1,1,SINGLETON,TITLE_ONLY,0,1,SINGLETON,article_like
B11503,1,1,SINGLETON,AVAILABLE,1,1,SINGLETON,article_like
B11504,1,1,SINGLETON,AVAILABLE,1,1,SINGLETON,article_like
B11505,1,1,SINGLETON,AVAILABLE,1,1,SINGLETON,article_like
B11506,1,1,SINGLETON,TITLE_ONLY,0,1,SINGLETON,article_like
B11507,1,1,SINGLETON,AVAILABLE,1,1,SINGLETON,article_like
B11508,3,3,DOI;PMID;TITLE_EXACT_NORM,AVAILABLE,1,3,DOI,article_like
B11509,3,3,DOI;PMID;TITLE_EXACT_NORM,AVAILABLE,1,3,DOI,article_like
B11510,2,2,DOI;PMID;TITLE_EXACT_NORM,AVAILABLE,1,2,DOI,article_like
B11511,2,2,DOI;PMID;TITLE_EXACT_NORM,AVAILABLE,1,2,DOI,article_like
B11512,1,1,SINGLETON,TITLE_ONLY,0,1,SINGLETON,conference
B11513,1,1,SINGLETON,AVAILABLE,1,1,SINGLETON,article_like
B11514,1,1,SINGLETON,AVAILABLE,1,1,SINGLETON,article_like
B11515,1,1,SINGLETON,AVAILABLE,1,1,SINGLETON,correction
B11516,3,3,DOI;PMID;TITLE_EXACT_NORM,AVAILABLE,1,3,DOI,article_like
B11517,3,3,DOI;PMID;TITLE_EXACT_NORM,AVAILABLE,1,3,DOI,article_like
B11518,1,1,SINGLETON,AVAILABLE,1,1,SINGLETON,article_like
B11519,1,1,SINGLETON,AVAILABLE,1,1,SINGLETON,article_like
B11520,3,3,DOI;PMID;TITLE_EXACT_NORM,AVAILABLE,1,3,DOI,article_like
B11521,3,3,DOI;PMID;TITLE_EXACT_NORM,AVAILABLE,1,3,DOI,article_like
B11522,3,3,DOI;PMID;TITLE_EXACT_NORM,AVAILABLE,1,3,DOI,article_like
B11523,3,3,DOI;PMID;TITLE_EXACT_NORM,AVAILABLE,1,3,DOI,article_like
B11524,3,3,DOI;PMID,AVAILABLE,1,3,DOI,article_like
B11525,1,1,SINGLETON,AVAILABLE,1,1,SINGLETON,article_like
B11526,1,1,SINGLETON,AVAILABLE,1,1,SINGLETON,article_like
B11527,2,2,DOI;PMID;TITLE_EXACT_NORM,AVAILABLE,1,2,DOI,article_like
B11528,1,1,SINGLETON,AVAILABLE,1,1,SINGLETON,article_like
B11529,3,3,DOI;PMID;TITLE_EXACT_NORM,AVAILABLE,1,3,DOI,article_like
B11530,1,1,SINGLETON,TITLE_ONLY,0,1,SINGLETON,conference
B11531,1,1,SINGLETON,TITLE_ONLY,0,1,SINGLETON,conference
B11532,3,3,DOI;PMID;TITLE_EXACT_NORM,AVAILABLE,1,3,DOI,article_like
B11533,3,3,DOI;PMID;TITLE_EXACT_NORM,AVAILABLE,1,3,DOI,article_like
B11534,1,1,SINGLETON,AVAILABLE,1,1,SINGLETON,article_like
B11535,3,3,DOI;PMID;TITLE_EXACT_NORM,AVAILABLE,1,3,DOI,article_like
B11536,3,3,DOI;PMID;TITLE_EXACT_NORM,AVAILABLE,1,3,DOI,article_like
B11537,3,3,DOI;PMID;TITLE_EXACT_NORM,TITLE_ONLY,0,3,DOI,article_like
B11538,1,1,SINGLETON,AVAILABLE,1,1,SINGLETON,article_like
B11539,1,1,SINGLETON,TITLE_ONLY,0,1,SINGLETON,article_like
B11540,1,1,SINGLETON,TITLE_ONLY,0,1,SINGLETON,article_like
B11541,1,1,SINGLETON,AVAILABLE,1,1,SINGLETON,article_like
B11542,3,3,DOI;PMID;TITLE_EXACT_NORM,AVAILABLE,1,3,DOI,article_like
B11543,2,2,DOI;PMID;TITLE_EXACT_NORM,AVAILABLE,1,2,DOI,article_like
B11544,3,3,DOI;PMID;TITLE_EXACT_NORM,AVAILABLE,1,3,DOI,article_like
B11545,3,3,DOI;PMID;TITLE_EXACT_NORM,AVAILABLE,1,3,DOI,article_like
B11546,1,1,SINGLETON,AVAILABLE,1,1,SINGLETON,article_like
B11547,3,3,DOI;PMID;TITLE_EXACT_NORM,AVAILABLE,1,3,DOI,article_like
B11548,3,3,DOI;PMID;TITLE_EXACT_NORM,AVAILABLE,1,3,DOI,article_like
B11549,1,1,SINGLETON,TITLE_ONLY,0,1,SINGLETON,article_like
B11550,3,3,DOI;PMID;TITLE_EXACT_NORM,AVAILABLE,1,3,DOI,article_like
B11551,2,2,DOI;TITLE_EXACT_NORM,AVAILABLE,1,2,DOI,article_like
B11552,3,3,DOI;PMID;TITLE_EXACT_NORM,AVAILABLE,1,3,DOI,article_like
B11553,1,1,SINGLETON,AVAILABLE,1,1,SINGLETON,article_like
B11554,1,1,SINGLETON,TITLE_ONLY,0,1,SINGLETON,conference
B11555,3,3,DOI;PMID;TITLE_EXACT_NORM,AVAILABLE,1,3,DOI,article_like
B11556,3,3,PMID;TITLE_EXACT_NORM,AVAILABLE,1,3,PMID,article_like
B11557,1,1,SINGLETON,TITLE_ONLY,0,1,SINGLETON,conference
B11558,1,1,SINGLETON,AVAILABLE,1,1,SINGLETON,article_like
B11559,1,1,SINGLETON,TITLE_ONLY,0,1,SINGLETON,conference
B11560,3,3,DOI;PMID;TITLE_EXACT_NORM,AVAILABLE,1,3,DOI,article_like
B11561,1,1,SINGLETON,AVAILABLE,1,1,SINGLETON,article_like
B11562,3,3,DOI;PMID;TITLE_EXACT_NORM,AVAILABLE,1,3,DOI,article_like
B11563,1,1,SINGLETON,AVAILABLE,1,1,SINGLETON,article_like
B11564,1,1,SINGLETON,AVAILABLE,1,1,SINGLETON,article_like
B11565,3,3,DOI;PMID;TITLE_EXACT_NORM,AVAILABLE,1,3,DOI,article_like
B11566,3,3,DOI;PMID;TITLE_EXACT_NORM,AVAILABLE,1,3,DOI,article_like
B11567,2,2,DOI;TITLE_EXACT_NORM,AVAILABLE,1,2,DOI,article_like
B11568,1,1,SINGLETON,AVAILABLE,1,1,SINGLETON,article_like
B11569,3,3,DOI;PMID;TITLE_EXACT_NORM,AVAILABLE,1,3,DOI,article_like
B11570,1,1,SINGLETON,TITLE_ONLY,0,1,SINGLETON,conference
B11571,3,3,DOI;PMID;TITLE_EXACT_NORM,AVAILABLE,1,3,DOI,article_like
B11572,3,3,DOI;PMID;TITLE_EXACT_NORM,AVAILABLE,1,3,DOI,article_like
B11573,1,1,SINGLETON,TITLE_ONLY,0,1,SINGLETON,conference
B11574,1,1,SINGLETON,AVAILABLE,1,1,SINGLETON,article_like
B11575,1,1,SINGLETON,TITLE_ONLY,0,1,SINGLETON,conference
B11576,1,1,SINGLETON,AVAILABLE,1,1,SINGLETON,article_like
B11577,3,3,DOI;PMID;TITLE_EXACT_NORM,AVAILABLE,1,3,DOI,article_like
B11578,3,3,DOI;PMID;TITLE_EXACT_NORM,AVAILABLE,1,3,DOI,article_like
B11579,1,1,SINGLETON,AVAILABLE,1,1,SINGLETON,article_like
B11580,2,2,DOI;PMID;TITLE_EXACT_NORM,AVAILABLE,1,2,DOI,article_like
B11581,3,3,DOI;PMID;TITLE_EXACT_NORM,AVAILABLE,1,3,DOI,article_like
B11582,3,3,DOI;PMID;TITLE_EXACT_NORM,AVAILABLE,1,3,DOI,article_like
B11583,3,3,PMID;TITLE_EXACT_NORM,AVAILABLE,1,3,PMID,article_like
B11584,3,3,DOI;PMID;TITLE_EXACT_NORM,AVAILABLE,1,3,DOI,article_like
B11585,1,1,SINGLETON,TITLE_ONLY,0,1,SINGLETON,conference
B11586,1,1,SINGLETON,AVAILABLE,1,1,SINGLETON,article_like
B11587,1,1,SINGLETON,TITLE_ONLY,0,1,SINGLETON,conference
B11588,3,3,DOI;PMID;TITLE_EXACT_NORM,AVAILABLE,1,3,DOI,article_like
B11589,3,3,DOI;PMID;TITLE_EXACT_NORM,AVAILABLE,1,3,DOI,article_like
B11590,1,1,SINGLETON,AVAILABLE,1,1,SINGLETON,article_like
B11591,3,3,DOI;PMID;TITLE_EXACT_NORM,AVAILABLE,1,3,DOI,article_like
B11592,1,1,SINGLETON,TITLE_ONLY,0,1,SINGLETON,article_like
B11593,3,3,DOI;PMID;TITLE_EXACT_NORM,AVAILABLE,1,3,DOI,article_like
B11594,2,2,DOI;PMID;TITLE_EXACT_NORM,AVAILABLE,1,2,DOI,article_like
B11595,3,3,DOI;PMID;TITLE_EXACT_NORM,AVAILABLE,1,3,DOI,article_like
B11596,3,3,DOI;PMID;TITLE_EXACT_NORM,AVAILABLE,1,3,DOI,article_like
B11597,3,3,DOI;PMID;TITLE_EXACT_NORM,AVAILABLE,1,3,DOI,article_like
B11598,1,1,SINGLETON,TITLE_ONLY,0,1,SINGLETON,conference
B11599,3,3,DOI;PMID;TITLE_EXACT_NORM,AVAILABLE,1,3,DOI,article_like
B11600,2,2,DOI;PMID;TITLE_EXACT_NORM,AVAILABLE,1,2,DOI,article_like
B11601,1,1,SINGLETON,AVAILABLE,1,1,SINGLETON,article_like
B11602,3,3,DOI;PMID;TITLE_EXACT_NORM,AVAILABLE,1,3,DOI,article_like
B11603,3,3,DOI;PMID;TITLE_EXACT_NORM,AVAILABLE,1,3,DOI,article_like
B11604,3,3,DOI;PMID;TITLE_EXACT_NORM,AVAILABLE,1,3,DOI,article_like
B11605,1,1,SINGLETON,AVAILABLE,1,1,SINGLETON,article_like
B11606,3,3,DOI;PMID;TITLE_EXACT_NORM,AVAILABLE,1,3,DOI,article_like
B11607,1,1,SINGLETON,AVAILABLE,1,1,SINGLETON,article_like
B11608,1,1,SINGLETON,TITLE_ONLY,0,1,SINGLETON,conference
B11609,3,3,DOI;PMID;TITLE_EXACT_NORM,AVAILABLE,1,3,DOI,article_like
B11610,1,1,SINGLETON,AVAILABLE,1,1,SINGLETON,article_like
B11611,3,3,DOI;PMID;TITLE_EXACT_NORM,AVAILABLE,1,3,DOI,article_like
B11612,1,1,SINGLETON,TITLE_ONLY,0,1,SINGLETON,conference
B11613,3,3,DOI;PMID,AVAILABLE,1,3,DOI,article_like
B11614,3,3,DOI;PMID;TITLE_EXACT_NORM,AVAILABLE,1,3,DOI,article_like
B11615,1,1,SINGLETON,TITLE_ONLY,0,1,SINGLETON,article_like
B11616,1,1,SINGLETON,TITLE_ONLY,0,1,SINGLETON,article_like
B11617,1,1,SINGLETON,AVAILABLE,1,1,SINGLETON,article_like
B11618,1,1,SINGLETON,TITLE_ONLY,0,1,SINGLETON,conference
B11619,3,3,DOI;PMID;TITLE_EXACT_NORM,AVAILABLE,1,3,DOI,article_like
B11620,3,3,DOI;PMID;TITLE_EXACT_NORM,AVAILABLE,1,3,DOI,article_like
B11621,1,1,SINGLETON,AVAILABLE,1,1,SINGLETON,article_like
B11622,3,3,DOI;PMID;TITLE_EXACT_NORM,AVAILABLE,1,3,DOI,article_like
B11623,1,1,SINGLETON,TITLE_ONLY,0,1,SINGLETON,conference
B11624,1,1,SINGLETON,AVAILABLE,1,1,SINGLETON,article_like
B11625,3,3,DOI;PMID;TITLE_EXACT_NORM,AVAILABLE,1,3,DOI,article_like
B11626,1,1,SINGLETON,AVAILABLE,1,1,SINGLETON,article_like
B11627,1,1,SINGLETON,TITLE_ONLY,0,1,SINGLETON,conference
B11628,1,1,SINGLETON,AVAILABLE,1,1,SINGLETON,article_like
B11629,2,2,DOI;PMID;TITLE_EXACT_NORM,AVAILABLE,1,2,DOI,article_like
B11630,1,1,SINGLETON,AVAILABLE,1,1,SINGLETON,article_like
B11631,1,1,SINGLETON,TITLE_ONLY,0,1,SINGLETON,conference
B11632,2,2,DOI;PMID;TITLE_EXACT_NORM,AVAILABLE,1,2,DOI,article_like
B11633,3,3,DOI;PMID;TITLE_EXACT_NORM,AVAILABLE,1,3,DOI,article_like
B11634,1,1,SINGLETON,AVAILABLE,1,1,SINGLETON,article_like
B11635,3,3,DOI;PMID;TITLE_EXACT_NORM,AVAILABLE,1,3,DOI,article_like
B11636,3,3,DOI;PMID;TITLE_EXACT_NORM,AVAILABLE,1,3,DOI,article_like
B11637,2,2,DOI;PMID;TITLE_EXACT_NORM,AVAILABLE,1,2,DOI,article_like
B11638,1,1,SINGLETON,AVAILABLE,1,1,SINGLETON,article_like
B11639,3,3,DOI;PMID;TITLE_EXACT_NORM,AVAILABLE,1,3,DOI,article_like
B11640,3,3,DOI;PMID;TITLE_EXACT_NORM,AVAILABLE,1,3,DOI,article_like
B11641,2,2,DOI;PMID;TITLE_EXACT_NORM,AVAILABLE,1,2,DOI,article_like
B11642,3,3,DOI;PMID;TITLE_EXACT_NORM,AVAILABLE,1,3,DOI,article_like
B11643,3,3,DOI;PMID;TITLE_EXACT_NORM,AVAILABLE,1,3,DOI,article_like
B11644,1,1,SINGLETON,AVAILABLE,1,1,SINGLETON,article_like
B11645,1,1,SINGLETON,AVAILABLE,1,1,SINGLETON,article_like
B11646,2,2,DOI,TITLE_ONLY,0,2,DOI,article_like
B11647,1,1,SINGLETON,AVAILABLE,1,1,SINGLETON,article_like
B11648,3,3,DOI;PMID;TITLE_EXACT_NORM,AVAILABLE,1,3,DOI,article_like
B11649,3,3,DOI;PMID;TITLE_EXACT_NORM,AVAILABLE,1,3,DOI,article_like
B11650,1,1,SINGLETON,AVAILABLE,1,1,SINGLETON,article_like
B11651,1,1,SINGLETON,AVAILABLE,1,1,SINGLETON,article_like
B11652,1,1,SINGLETON,AVAILABLE,1,1,SINGLETON,article_like
B11653,3,3,DOI;PMID;TITLE_EXACT_NORM,AVAILABLE,1,3,DOI,article_like
B11654,3,3,DOI;PMID;TITLE_EXACT_NORM,AVAILABLE,1,3,DOI,article_like
B11655,1,1,SINGLETON,AVAILABLE,1,1,SINGLETON,article_like
B11656,3,3,DOI;PMID;TITLE_EXACT_NORM,AVAILABLE,1,3,DOI,article_like
B11657,2,2,DOI;PMID;TITLE_EXACT_NORM,AVAILABLE,1,2,DOI,article_like
B11658,2,2,DOI;PMID;TITLE_EXACT_NORM,AVAILABLE,1,2,DOI,article_like
B11659,1,1,SINGLETON,AVAILABLE,1,1,SINGLETON,article_like
B11660,3,3,DOI;PMID;TITLE_EXACT_NORM,AVAILABLE,1,3,DOI,article_like
B11661,1,1,SINGLETON,AVAILABLE,1,1,SINGLETON,article_like
B11662,1,1,SINGLETON,AVAILABLE,1,1,SINGLETON,article_like
B11663,3,3,DOI;PMID;TITLE_EXACT_NORM,AVAILABLE,1,3,DOI,article_like
B11664,3,3,DOI;PMID;TITLE_EXACT_NORM,AVAILABLE,1,3,DOI,article_like
B11665,3,3,DOI;PMID;TITLE_EXACT_NORM,AVAILABLE,1,3,DOI,article_like
B11666,3,3,DOI;PMID;TITLE_EXACT_NORM,AVAILABLE,1,3,DOI,article_like
B11667,3,3,DOI;PMID;TITLE_EXACT_NORM,AVAILABLE,1,3,DOI,article_like
B11668,3,3,DOI;PMID;TITLE_EXACT_NORM,AVAILABLE,1,3,DOI,article_like
B11669,3,3,DOI;PMID;TITLE_EXACT_NORM,AVAILABLE,1,3,DOI,article_like
B11670,3,3,DOI;PMID;TITLE_EXACT_NORM,AVAILABLE,1,3,DOI,article_like
B11671,1,1,SINGLETON,AVAILABLE,1,1,SINGLETON,article_like
B11672,3,3,DOI;PMID;TITLE_EXACT_NORM,AVAILABLE,1,3,DOI,article_like
B11673,1,1,SINGLETON,AVAILABLE,1,1,SINGLETON,article_like
B11674,2,2,DOI;PMID;TITLE_EXACT_NORM,AVAILABLE,1,2,DOI,article_like
B11675,3,3,DOI;PMID;TITLE_EXACT_NORM,AVAILABLE,1,3,DOI,article_like
B11676,1,1,SINGLETON,AVAILABLE,1,1,SINGLETON,article_like
B11677,3,3,DOI;PMID;TITLE_EXACT_NORM,AVAILABLE,1,3,DOI,article_like
B11678,1,1,SINGLETON,AVAILABLE,1,1,SINGLETON,article_like
B11679,1,1,SINGLETON,AVAILABLE,1,1,SINGLETON,article_like
B11680,3,3,DOI;PMID;TITLE_EXACT_NORM,AVAILABLE,1,3,DOI,article_like
B11681,3,3,DOI;PMID;TITLE_EXACT_NORM,AVAILABLE,1,3,DOI,article_like
B11682,3,3,DOI;PMID;TITLE_EXACT_NORM,TITLE_ONLY,0,3,DOI,article_like
B11683,1,1,SINGLETON,TITLE_ONLY,0,1,SINGLETON,conference
B11684,3,3,DOI;PMID;TITLE_EXACT_NORM,AVAILABLE,1,3,DOI,article_like
B11685,1,1,SINGLETON,TITLE_ONLY,0,1,SINGLETON,conference
B11686,3,3,DOI;PMID;TITLE_EXACT_NORM,AVAILABLE,1,3,DOI,article_like
B11687,1,1,SINGLETON,TITLE_ONLY,0,1,SINGLETON,conference
B11688,3,3,DOI;PMID;TITLE_EXACT_NORM,AVAILABLE,1,3,DOI,article_like
B11689,3,3,DOI;PMID;TITLE_EXACT_NORM,AVAILABLE,1,3,DOI,article_like
B11690,3,3,DOI;PMID;TITLE_EXACT_NORM,AVAILABLE,1,3,DOI,article_like
B11691,1,1,SINGLETON,TITLE_ONLY,0,1,SINGLETON,conference
B11692,1,1,SINGLETON,AVAILABLE,1,1,SINGLETON,article_like
B11693,1,1,SINGLETON,TITLE_ONLY,0,1,SINGLETON,article_like
B11694,1,1,SINGLETON,AVAILABLE,1,1,SINGLETON,article_like
B11695,3,3,DOI;PMID;TITLE_EXACT_NORM,AVAILABLE,1,3,DOI,article_like
B11696,3,3,DOI;PMID;TITLE_EXACT_NORM,AVAILABLE,1,3,DOI,article_like
B11697,1,1,SINGLETON,TITLE_ONLY,0,1,SINGLETON,conference
B11698,3,3,DOI;PMID;TITLE_EXACT_NORM,AVAILABLE,1,3,DOI,article_like
B11699,3,3,DOI;PMID;TITLE_EXACT_NORM,AVAILABLE,1,3,DOI,article_like
B11700,3,3,DOI;PMID;TITLE_EXACT_NORM,AVAILABLE,1,3,DOI,article_like
B11701,1,1,SINGLETON,AVAILABLE,1,1,SINGLETON,article_like
B11702,2,2,DOI;PMID;TITLE_EXACT_NORM,AVAILABLE,1,2,DOI,article_like
B11703,3,3,DOI;PMID;TITLE_EXACT_NORM,AVAILABLE,1,3,DOI,article_like
B11704,1,1,SINGLETON,TITLE_ONLY,0,1,SINGLETON,article_like
B11705,3,3,DOI;PMID;TITLE_EXACT_NORM,AVAILABLE,1,3,DOI,article_like
B11706,1,1,SINGLETON,TITLE_ONLY,0,1,SINGLETON,conference
B11707,1,1,SINGLETON,TITLE_ONLY,0,1,SINGLETON,article_like
B11708,1,1,SINGLETON,AVAILABLE,1,1,SINGLETON,article_like
B11709,1,1,SINGLETON,TITLE_ONLY,0,1,SINGLETON,conference
B11710,1,1,SINGLETON,AVAILABLE,1,1,SINGLETON,article_like
B11711,3,3,DOI;PMID;TITLE_EXACT_NORM,AVAILABLE,1,3,DOI,article_like
B11712,2,2,DOI;TITLE_EXACT_NORM,AVAILABLE,1,2,DOI,article_like
B11713,3,3,DOI;PMID;TITLE_EXACT_NORM,AVAILABLE,1,3,DOI,article_like
B11714,1,1,SINGLETON,TITLE_ONLY,0,1,SINGLETON,article_like
B11715,1,1,SINGLETON,AVAILABLE,1,1,SINGLETON,article_like
B11716,3,3,DOI;PMID;TITLE_EXACT_NORM,AVAILABLE,1,3,DOI,article_like
B11717,3,3,DOI;PMID;TITLE_EXACT_NORM,AVAILABLE,1,3,DOI,article_like
B11718,3,3,DOI;PMID;TITLE_EXACT_NORM,AVAILABLE,1,3,DOI,article_like
B11719,3,3,DOI;PMID;TITLE_EXACT_NORM,AVAILABLE,1,3,DOI,article_like
B11720,3,3,DOI;PMID;TITLE_EXACT_NORM,AVAILABLE,1,3,DOI,article_like
B11721,1,1,SINGLETON,AVAILABLE,1,1,SINGLETON,article_like
B11722,1,1,SINGLETON,AVAILABLE,1,1,SINGLETON,article_like
B11723,2,2,DOI;TITLE_EXACT_NORM,AVAILABLE,1,2,DOI,article_like
B11724,1,1,SINGLETON,TITLE_ONLY,0,1,SINGLETON,conference
B11725,3,3,DOI;PMID;TITLE_EXACT_NORM,AVAILABLE,1,3,DOI,article_like
B11726,3,3,DOI;PMID;TITLE_EXACT_NORM,AVAILABLE,1,3,DOI,article_like
B11727,1,1,SINGLETON,AVAILABLE,1,1,SINGLETON,article_like
B11728,3,3,DOI;PMID;TITLE_EXACT_NORM,AVAILABLE,1,3,DOI,article_like
B11729,1,1,SINGLETON,TITLE_ONLY,0,1,SINGLETON,conference
B11730,3,3,DOI;PMID;TITLE_EXACT_NORM,AVAILABLE,1,3,DOI,article_like
B11731,1,1,SINGLETON,TITLE_ONLY,0,1,SINGLETON,conference
B11732,1,1,SINGLETON,AVAILABLE,1,1,SINGLETON,article_like
B11733,2,2,DOI;TITLE_EXACT_NORM,AVAILABLE,1,2,DOI,article_like
B11734,1,1,SINGLETON,AVAILABLE,1,1,SINGLETON,article_like
B11735,1,1,SINGLETON,AVAILABLE,1,1,SINGLETON,article_like
B11736,3,3,DOI;PMID;TITLE_EXACT_NORM,AVAILABLE,1,3,DOI,article_like
B11737,1,1,SINGLETON,AVAILABLE,1,1,SINGLETON,article_like
B11738,1,1,SINGLETON,AVAILABLE,1,1,SINGLETON,article_like
B11739,3,3,DOI;PMID;TITLE_EXACT_NORM,AVAILABLE,1,3,DOI,article_like
B11740,3,3,DOI;PMID;TITLE_EXACT_NORM,AVAILABLE,1,3,DOI,article_like
B11741,1,1,SINGLETON,TITLE_ONLY,0,1,SINGLETON,conference
B11742,3,3,DOI;PMID;TITLE_EXACT_NORM,AVAILABLE,1,3,DOI,article_like
B11743,3,3,DOI;PMID;TITLE_EXACT_NORM,AVAILABLE,1,3,DOI,article_like
B11744,1,1,SINGLETON,AVAILABLE,1,1,SINGLETON,article_like
B11745,1,1,SINGLETON,TITLE_ONLY,0,1,SINGLETON,conference
B11746,1,1,SINGLETON,TITLE_ONLY,0,1,SINGLETON,conference
B11747,3,3,DOI;PMID;TITLE_EXACT_NORM,AVAILABLE,1,3,DOI,article_like
B11748,1,1,SINGLETON,AVAILABLE,1,1,SINGLETON,article_like
B11749,2,2,DOI;PMID;TITLE_EXACT_NORM,AVAILABLE,1,2,DOI,article_like
B11750,3,3,DOI;PMID;TITLE_EXACT_NORM,AVAILABLE,1,3,DOI,article_like
B11751,3,3,DOI;PMID;TITLE_EXACT_NORM,AVAILABLE,1,3,DOI,article_like
B11752,3,3,DOI;PMID;TITLE_EXACT_NORM,AVAILABLE,1,3,DOI,article_like
B11753,1,1,SINGLETON,TITLE_ONLY,0,1,SINGLETON,conference
B11754,1,1,SINGLETON,AVAILABLE,1,1,SINGLETON,article_like
B11755,1,1,SINGLETON,AVAILABLE,1,1,SINGLETON,article_like
B11756,1,1,SINGLETON,AVAILABLE,1,1,SINGLETON,article_like
B11757,1,1,SINGLETON,AVAILABLE,1,1,SINGLETON,article_like
B11758,1,1,SINGLETON,AVAILABLE,1,1,SINGLETON,article_like
B11759,3,3,DOI;PMID;TITLE_EXACT_NORM,AVAILABLE,1,3,DOI,article_like
B11760,3,3,DOI;PMID;TITLE_EXACT_NORM,AVAILABLE,1,3,DOI,article_like
B11761,3,3,DOI;PMID;TITLE_EXACT_NORM,AVAILABLE,1,3,DOI,article_like
B11762,1,1,SINGLETON,TITLE_ONLY,0,1,SINGLETON,conference
B11763,1,1,SINGLETON,TITLE_ONLY,0,1,SINGLETON,conference
B11764,1,1,SINGLETON,AVAILABLE,1,1,SINGLETON,article_like
B11765,3,3,DOI;PMID;TITLE_EXACT_NORM,AVAILABLE,1,3,DOI,article_like
B11766,3,3,DOI;PMID;TITLE_EXACT_NORM,AVAILABLE,1,3,DOI,article_like
B11767,1,1,SINGLETON,AVAILABLE,1,1,SINGLETON,article_like
B11768,1,1,SINGLETON,AVAILABLE,1,1,SINGLETON,article_like
B11769,3,3,DOI;PMID;TITLE_EXACT_NORM,AVAILABLE,1,3,DOI,article_like
B11770,1,1,SINGLETON,AVAILABLE,1,1,SINGLETON,article_like
B11771,1,1,SINGLETON,AVAILABLE,1,1,SINGLETON,article_like
B11772,3,3,DOI;PMID;TITLE_EXACT_NORM,AVAILABLE,1,3,DOI,article_like
B11773,3,3,DOI;PMID;TITLE_EXACT_NORM,AVAILABLE,1,3,DOI,article_like
B11774,3,3,DOI;PMID;TITLE_EXACT_NORM,AVAILABLE,1,3,DOI,article_like
B11775,3,3,DOI;PMID;TITLE_EXACT_NORM,AVAILABLE,1,3,DOI,article_like
B11776,3,3,DOI;PMID;TITLE_EXACT_NORM,AVAILABLE,1,3,DOI,article_like
B11777,1,1,SINGLETON,TITLE_ONLY,0,1,SINGLETON,article_like
B11778,1,1,SINGLETON,TITLE_ONLY,0,1,SINGLETON,conference
B11779,3,3,DOI;PMID;TITLE_EXACT_NORM,TITLE_ONLY,0,3,DOI,article_like
B11780,3,3,DOI;PMID;TITLE_EXACT_NORM,AVAILABLE,1,3,DOI,article_like
B11781,1,1,SINGLETON,AVAILABLE,1,1,SINGLETON,article_like
B11782,3,3,DOI;PMID;TITLE_EXACT_NORM,AVAILABLE,1,3,DOI,article_like
B11783,3,3,DOI;PMID;TITLE_EXACT_NORM,AVAILABLE,1,3,DOI,article_like
B11784,2,2,DOI;PMID;TITLE_EXACT_NORM,AVAILABLE,1,2,DOI,article_like
B11785,3,3,DOI;PMID;TITLE_EXACT_NORM,AVAILABLE,1,3,DOI,article_like
B11786,3,3,DOI;PMID;TITLE_EXACT_NORM,AVAILABLE,1,3,DOI,article_like
B11787,1,1,SINGLETON,TITLE_ONLY,0,1,SINGLETON,conference
B11788,3,3,DOI;PMID;TITLE_EXACT_NORM,AVAILABLE,1,3,DOI,article_like
B11789,3,3,DOI;PMID;TITLE_EXACT_NORM,AVAILABLE,1,3,DOI,article_like
B11790,3,3,DOI;PMID;TITLE_EXACT_NORM,AVAILABLE,1,3,DOI,article_like
B11791,1,1,SINGLETON,TITLE_ONLY,0,1,SINGLETON,article_like
B11792,3,3,DOI;PMID;TITLE_EXACT_NORM,AVAILABLE,1,3,DOI,article_like
B11793,1,1,SINGLETON,TITLE_ONLY,0,1,SINGLETON,article_like
B11794,1,1,SINGLETON,AVAILABLE,1,1,SINGLETON,article_like
B11795,2,2,DOI;PMID;TITLE_EXACT_NORM,AVAILABLE,1,2,DOI,article_like
B11796,1,1,SINGLETON,AVAILABLE,1,1,SINGLETON,article_like
B11797,3,3,DOI;PMID;TITLE_EXACT_NORM,AVAILABLE,1,3,DOI,article_like
B11798,1,1,SINGLETON,AVAILABLE,1,1,SINGLETON,article_like
B11799,3,3,DOI;PMID;TITLE_EXACT_NORM,AVAILABLE,1,3,DOI,article_like
B11800,1,1,SINGLETON,AVAILABLE,1,1,SINGLETON,article_like
B11801,1,1,SINGLETON,AVAILABLE,1,1,SINGLETON,article_like
B11802,3,3,DOI;PMID;TITLE_EXACT_NORM,AVAILABLE,1,3,DOI,article_like
B11803,3,3,DOI;PMID;TITLE_EXACT_NORM,AVAILABLE,1,3,DOI,article_like
B11804,1,1,SINGLETON,AVAILABLE,1,1,SINGLETON,article_like
B11805,2,2,DOI;PMID;TITLE_EXACT_NORM,AVAILABLE,1,2,DOI,article_like
B11806,1,1,SINGLETON,AVAILABLE,1,1,SINGLETON,article_like
B11807,2,2,DOI;PMID;TITLE_EXACT_NORM,AVAILABLE,1,2,DOI,article_like
B11808,3,3,DOI;PMID;TITLE_EXACT_NORM,AVAILABLE,1,3,DOI,article_like
B11809,1,1,SINGLETON,AVAILABLE,1,1,SINGLETON,article_like
B11810,3,3,DOI;PMID;TITLE_EXACT_NORM,AVAILABLE,1,3,DOI,article_like
B11811,3,3,DOI;PMID;TITLE_EXACT_NORM,AVAILABLE,1,3,DOI,article_like
B11812,1,1,SINGLETON,TITLE_ONLY,0,1,SINGLETON,conference
B11813,2,2,DOI;PMID,TITLE_ONLY,0,2,DOI,article_like
B11814,3,3,DOI;PMID;TITLE_EXACT_NORM,AVAILABLE,1,3,DOI,article_like
B11815,1,1,SINGLETON,TITLE_ONLY,0,1,SINGLETON,conference
B11816,2,2,DOI;PMID;TITLE_EXACT_NORM,AVAILABLE,1,2,DOI,article_like
B11817,2,2,DOI;PMID;TITLE_EXACT_NORM,AVAILABLE,1,2,DOI,article_like
B11818,3,3,DOI;PMID;TITLE_EXACT_NORM,AVAILABLE,1,3,DOI,article_like
B11819,3,3,DOI;PMID;TITLE_EXACT_NORM,AVAILABLE,1,3,DOI,article_like
B11820,1,1,SINGLETON,TITLE_ONLY,0,1,SINGLETON,conference
B11821,3,3,DOI;PMID;TITLE_EXACT_NORM,AVAILABLE,1,3,DOI,article_like
B11822,1,1,SINGLETON,AVAILABLE,1,1,SINGLETON,article_like
B11823,1,1,SINGLETON,TITLE_ONLY,0,1,SINGLETON,conference
B11824,3,3,DOI;PMID;TITLE_EXACT_NORM,AVAILABLE,1,3,DOI,article_like
B11825,1,1,SINGLETON,AVAILABLE,1,1,SINGLETON,article_like
B11826,3,3,DOI;PMID;TITLE_EXACT_NORM,AVAILABLE,1,3,DOI,article_like
B11827,3,3,DOI;PMID;TITLE_EXACT_NORM,AVAILABLE,1,3,DOI,article_like
B11828,1,1,SINGLETON,AVAILABLE,1,1,SINGLETON,article_like
B11829,3,3,DOI;PMID;TITLE_EXACT_NORM,AVAILABLE,1,3,DOI,article_like
B11830,3,3,DOI;PMID;TITLE_EXACT_NORM,AVAILABLE,1,3,DOI,article_like
B11831,1,1,SINGLETON,AVAILABLE,1,1,SINGLETON,article_like
B11832,2,2,DOI;PMID;TITLE_EXACT_NORM,AVAILABLE,1,2,DOI,article_like
B11833,1,1,SINGLETON,AVAILABLE,1,1,SINGLETON,article_like
B11834,3,3,DOI;PMID;TITLE_EXACT_NORM,AVAILABLE,1,3,DOI,article_like
B11835,1,1,SINGLETON,TITLE_ONLY,0,1,SINGLETON,conference
B11836,1,1,SINGLETON,AVAILABLE,1,1,SINGLETON,article_like
B11837,2,1,DOI;TITLE_EXACT_NORM,AVAILABLE,1,2,DOI,article_like
B11838,3,3,DOI;PMID;TITLE_EXACT_NORM,AVAILABLE,1,3,DOI,article_like
B11839,2,2,DOI;TITLE_EXACT_NORM,AVAILABLE,1,2,DOI,article_like
B11840,2,2,DOI;PMID;TITLE_EXACT_NORM,AVAILABLE,1,2,DOI,article_like
B11841,3,3,DOI;PMID;TITLE_EXACT_NORM,AVAILABLE,1,3,DOI,article_like
B11842,3,3,DOI;PMID;TITLE_EXACT_NORM,AVAILABLE,1,3,DOI,article_like
B11843,3,3,DOI;PMID;TITLE_EXACT_NORM,AVAILABLE,1,3,DOI,article_like
B11844,3,3,DOI;PMID;TITLE_EXACT_NORM,AVAILABLE,1,3,DOI,article_like
B11845,3,3,DOI;PMID;TITLE_EXACT_NORM,AVAILABLE,1,3,DOI,article_like
B11846,3,3,DOI;PMID;TITLE_EXACT_NORM,AVAILABLE,1,3,DOI,article_like
B11847,3,3,DOI;PMID;TITLE_EXACT_NORM,AVAILABLE,1,3,DOI,article_like
B11848,3,3,DOI;PMID;TITLE_EXACT_NORM,AVAILABLE,1,3,DOI,article_like
B11849,1,1,SINGLETON,AVAILABLE,1,1,SINGLETON,article_like
B11850,1,1,SINGLETON,AVAILABLE,1,1,SINGLETON,article_like
B11851,2,2,PMID;TITLE_EXACT_NORM,AVAILABLE,1,2,PMID,article_like
B11852,1,1,SINGLETON,TITLE_ONLY,0,1,SINGLETON,article_like
B11853,1,1,SINGLETON,AVAILABLE,1,1,SINGLETON,article_like
B11854,1,1,SINGLETON,AVAILABLE,1,1,SINGLETON,article_like
B11855,1,1,SINGLETON,AVAILABLE,1,1,SINGLETON,article_like
B11856,3,3,DOI;PMID;TITLE_EXACT_NORM,AVAILABLE,1,3,DOI,article_like
B11857,1,1,SINGLETON,AVAILABLE,1,1,SINGLETON,article_like
B11858,1,1,SINGLETON,AVAILABLE,1,1,SINGLETON,article_like
B11859,3,3,DOI;PMID;TITLE_EXACT_NORM,AVAILABLE,1,3,DOI,article_like
B11860,3,3,DOI;PMID;TITLE_EXACT_NORM,AVAILABLE,1,3,DOI,article_like
B11861,1,1,SINGLETON,AVAILABLE,1,1,SINGLETON,article_like
B11862,3,3,DOI;PMID;TITLE_EXACT_NORM,AVAILABLE,1,3,DOI,article_like
B11863,1,1,SINGLETON,AVAILABLE,1,1,SINGLETON,article_like
B11864,1,1,SINGLETON,AVAILABLE,1,1,SINGLETON,article_like
B11865,1,1,SINGLETON,TITLE_ONLY,0,1,SINGLETON,conference
B11866,3,3,DOI;PMID;TITLE_EXACT_NORM,AVAILABLE,1,3,DOI,article_like
B11867,3,3,DOI;PMID;TITLE_EXACT_NORM,AVAILABLE,1,3,DOI,article_like
B11868,1,1,SINGLETON,TITLE_ONLY,0,1,SINGLETON,conference
B11869,3,3,DOI;PMID;TITLE_EXACT_NORM,AVAILABLE,1,3,DOI,article_like
B11870,1,1,SINGLETON,TITLE_ONLY,0,1,SINGLETON,conference
B11871,1,1,SINGLETON,AVAILABLE,1,1,SINGLETON,article_like
B11872,3,3,DOI;PMID;TITLE_EXACT_NORM,AVAILABLE,1,3,DOI,article_like
B11873,2,2,PMID;TITLE_EXACT_NORM,AVAILABLE,1,2,PMID,article_like
B11874,2,2,DOI;TITLE_EXACT_NORM,AVAILABLE,1,2,DOI,article_like
B11875,1,1,SINGLETON,AVAILABLE,1,1,SINGLETON,article_like
B11876,1,1,SINGLETON,AVAILABLE,1,1,SINGLETON,article_like
B11877,3,3,DOI;PMID;TITLE_EXACT_NORM,AVAILABLE,1,3,DOI,article_like
B11878,1,1,SINGLETON,TITLE_ONLY,0,1,SINGLETON,conference
B11879,1,1,SINGLETON,AVAILABLE,1,1,SINGLETON,article_like
B11880,3,3,DOI;PMID;TITLE_EXACT_NORM,AVAILABLE,1,3,DOI,article_like
B11881,1,1,SINGLETON,AVAILABLE,1,1,SINGLETON,article_like
B11882,3,3,DOI;PMID;TITLE_EXACT_NORM,AVAILABLE,1,3,DOI,article_like
B11883,1,1,SINGLETON,AVAILABLE,1,1,SINGLETON,article_like
B11884,3,3,DOI;PMID;TITLE_EXACT_NORM,AVAILABLE,1,3,DOI,article_like
B11885,3,3,DOI;PMID;TITLE_EXACT_NORM,AVAILABLE,1,3,DOI,article_like
B11886,3,3,DOI;PMID;TITLE_EXACT_NORM,AVAILABLE,1,3,DOI,article_like
B11887,1,1,SINGLETON,AVAILABLE,1,1,SINGLETON,article_like
B11888,1,1,SINGLETON,AVAILABLE,1,1,SINGLETON,article_like
B11889,3,3,DOI;PMID;TITLE_EXACT_NORM,AVAILABLE,1,3,DOI,article_like
B11890,2,2,DOI;PMID;TITLE_EXACT_NORM,AVAILABLE,1,2,DOI,article_like
B11891,1,1,SINGLETON,AVAILABLE,1,1,SINGLETON,article_like
B11892,3,3,DOI;PMID;TITLE_EXACT_NORM,AVAILABLE,1,3,DOI,article_like
B11893,3,3,DOI;PMID;TITLE_EXACT_NORM,AVAILABLE,1,3,DOI,article_like
B11894,1,1,SINGLETON,AVAILABLE,1,1,SINGLETON,article_like
B11895,3,3,DOI;PMID;TITLE_EXACT_NORM,AVAILABLE,1,3,DOI,article_like
B11896,1,1,SINGLETON,AVAILABLE,1,1,SINGLETON,article_like
B11897,3,3,DOI;PMID;TITLE_EXACT_NORM,AVAILABLE,1,3,DOI,article_like
B11898,1,1,SINGLETON,AVAILABLE,1,1,SINGLETON,article_like
B11899,3,3,DOI;PMID;TITLE_EXACT_NORM,AVAILABLE,1,3,DOI,article_like
B11900,1,1,SINGLETON,TITLE_ONLY,0,1,SINGLETON,conference
B11901,3,3,DOI;PMID;TITLE_EXACT_NORM,AVAILABLE,1,3,DOI,article_like
B11902,1,1,SINGLETON,TITLE_ONLY,0,1,SINGLETON,conference
B11903,1,1,SINGLETON,AVAILABLE,1,1,SINGLETON,article_like
B11904,3,3,DOI;PMID;TITLE_EXACT_NORM,AVAILABLE,1,3,DOI,article_like
B11905,1,1,SINGLETON,AVAILABLE,1,1,SINGLETON,article_like
B11906,1,1,SINGLETON,AVAILABLE,1,1,SINGLETON,article_like
B11907,1,1,SINGLETON,AVAILABLE,1,1,SINGLETON,conference
B11908,3,3,DOI;PMID;TITLE_EXACT_NORM,AVAILABLE,1,3,DOI,article_like
B11909,1,1,SINGLETON,AVAILABLE,1,1,SINGLETON,article_like
B11910,1,1,SINGLETON,AVAILABLE,1,1,SINGLETON,article_like
B11911,2,2,DOI;PMID;TITLE_EXACT_NORM,AVAILABLE,1,2,DOI,article_like
B11912,1,1,SINGLETON,AVAILABLE,1,1,SINGLETON,article_like
B11913,3,3,DOI;PMID;TITLE_EXACT_NORM,AVAILABLE,1,3,DOI,article_like
B11914,1,1,SINGLETON,AVAILABLE,1,1,SINGLETON,article_like
B11915,1,1,SINGLETON,AVAILABLE,1,1,SINGLETON,article_like
B11916,3,3,DOI;PMID;TITLE_EXACT_NORM,AVAILABLE,1,3,DOI,article_like
B11917,1,1,SINGLETON,AVAILABLE,1,1,SINGLETON,article_like
B11918,3,3,DOI;PMID;TITLE_EXACT_NORM,TITLE_ONLY,0,3,DOI,article_like
B11919,3,3,DOI;PMID;TITLE_EXACT_NORM,AVAILABLE,1,3,DOI,article_like
B11920,1,1,SINGLETON,TITLE_ONLY,0,1,SINGLETON,conference
B11921,1,1,SINGLETON,TITLE_ONLY,0,1,SINGLETON,conference
B11922,1,1,SINGLETON,TITLE_ONLY,0,1,SINGLETON,conference
B11923,2,2,DOI;PMID;TITLE_EXACT_NORM,AVAILABLE,1,2,DOI,article_like
B11924,1,1,SINGLETON,TITLE_ONLY,0,1,SINGLETON,article_like
B11925,1,1,SINGLETON,AVAILABLE,1,1,SINGLETON,article_like
B11926,3,3,DOI;PMID;TITLE_EXACT_NORM,AVAILABLE,1,3,DOI,article_like
B11927,3,3,DOI;PMID;TITLE_EXACT_NORM,AVAILABLE,1,3,DOI,article_like
B11928,3,3,DOI;PMID;TITLE_EXACT_NORM,AVAILABLE,1,3,DOI,article_like
B11929,3,3,DOI;PMID;TITLE_EXACT_NORM,AVAILABLE,1,3,DOI,article_like
B11930,1,1,SINGLETON,AVAILABLE,1,1,SINGLETON,article_like
B11931,3,3,DOI;PMID;TITLE_EXACT_NORM,AVAILABLE,1,3,DOI,article_like
B11932,3,3,DOI;PMID;TITLE_EXACT_NORM,AVAILABLE,1,3,DOI,article_like
B11933,3,3,DOI;PMID;TITLE_EXACT_NORM,AVAILABLE,1,3,DOI,article_like
B11934,3,3,DOI;PMID;TITLE_EXACT_NORM,AVAILABLE,1,3,DOI,article_like
B11935,1,1,SINGLETON,AVAILABLE,1,1,SINGLETON,article_like
B11936,3,3,DOI;PMID;TITLE_EXACT_NORM,AVAILABLE,1,3,DOI,article_like
B11937,3,3,DOI;PMID;TITLE_EXACT_NORM,AVAILABLE,1,3,DOI,article_like
B11938,1,1,SINGLETON,AVAILABLE,1,1,SINGLETON,article_like
B11939,3,3,DOI;PMID;TITLE_EXACT_NORM,AVAILABLE,1,3,DOI,article_like
B11940,1,1,SINGLETON,AVAILABLE,1,1,SINGLETON,conference
B11941,1,1,SINGLETON,AVAILABLE,1,1,SINGLETON,article_like
B11942,1,1,SINGLETON,AVAILABLE,1,1,SINGLETON,article_like
B11943,1,1,SINGLETON,AVAILABLE,1,1,SINGLETON,article_like
B11944,3,3,DOI;PMID;TITLE_EXACT_NORM,AVAILABLE,1,3,DOI,article_like
B11945,1,1,SINGLETON,AVAILABLE,1,1,SINGLETON,article_like
B11946,1,1,SINGLETON,AVAILABLE,1,1,SINGLETON,article_like
B11947,3,3,DOI;PMID;TITLE_EXACT_NORM,AVAILABLE,1,3,DOI,article_like
B11948,2,2,DOI;PMID;TITLE_EXACT_NORM,AVAILABLE,1,2,DOI,article_like
B11949,1,1,SINGLETON,TITLE_ONLY,0,1,SINGLETON,conference
B11950,1,1,SINGLETON,TITLE_ONLY,0,1,SINGLETON,article_like
B11951,3,3,DOI;PMID;TITLE_EXACT_NORM,AVAILABLE,1,3,DOI,article_like
B11952,3,3,DOI;PMID;TITLE_EXACT_NORM,AVAILABLE,1,3,DOI,article_like
B11953,3,3,DOI;PMID;TITLE_EXACT_NORM,AVAILABLE,1,3,DOI,article_like
B11954,3,3,DOI;PMID;TITLE_EXACT_NORM,AVAILABLE,1,3,DOI,article_like
B11955,3,3,DOI;PMID;TITLE_EXACT_NORM,AVAILABLE,1,3,DOI,article_like
B11956,3,3,DOI;PMID;TITLE_EXACT_NORM,AVAILABLE,1,3,DOI,article_like
B11957,3,3,DOI;PMID;TITLE_EXACT_NORM,AVAILABLE,1,3,DOI,article_like
B11958,1,1,SINGLETON,AVAILABLE,1,1,SINGLETON,article_like
B11959,2,2,DOI;TITLE_EXACT_NORM,AVAILABLE,1,2,DOI,article_like
B11960,3,3,DOI;PMID;TITLE_EXACT_NORM,AVAILABLE,1,3,DOI,article_like
B11961,3,3,DOI;PMID;TITLE_EXACT_NORM,AVAILABLE,1,3,DOI,article_like
B11962,3,3,DOI;PMID;TITLE_EXACT_NORM,AVAILABLE,1,3,DOI,article_like
B11963,2,2,DOI;PMID;TITLE_EXACT_NORM,AVAILABLE,1,2,DOI,article_like
B11964,3,3,DOI;PMID;TITLE_EXACT_NORM,AVAILABLE,1,3,DOI,article_like
B11965,1,1,SINGLETON,AVAILABLE,1,1,SINGLETON,article_like
B11966,3,3,DOI;PMID;TITLE_EXACT_NORM,AVAILABLE,1,3,DOI,article_like
B11967,3,3,DOI;PMID;TITLE_EXACT_NORM,AVAILABLE,1,3,DOI,article_like
B11968,2,2,DOI;PMID;TITLE_EXACT_NORM,AVAILABLE,1,2,DOI,article_like
B11969,1,1,SINGLETON,TITLE_ONLY,0,1,SINGLETON,conference
B11970,3,3,DOI;PMID;TITLE_EXACT_NORM,AVAILABLE,1,3,DOI,article_like
B11971,1,1,SINGLETON,AVAILABLE,1,1,SINGLETON,article_like
B11972,3,3,DOI;PMID;TITLE_EXACT_NORM,AVAILABLE,1,3,DOI,article_like
B11973,3,3,DOI;PMID;TITLE_EXACT_NORM,AVAILABLE,1,3,DOI,article_like
B11974,3,3,DOI;PMID;TITLE_EXACT_NORM,AVAILABLE,1,3,DOI,article_like
B11975,1,1,SINGLETON,AVAILABLE,1,1,SINGLETON,article_like
B11976,1,1,SINGLETON,AVAILABLE,1,1,SINGLETON,article_like
B11977,1,1,SINGLETON,AVAILABLE,1,1,SINGLETON,article_like
B11978,1,1,SINGLETON,AVAILABLE,1,1,SINGLETON,article_like
B11979,2,2,DOI;PMID;TITLE_EXACT_NORM,AVAILABLE,1,2,DOI,article_like
B11980,3,3,DOI;PMID;TITLE_EXACT_NORM,AVAILABLE,1,3,DOI,article_like
B11981,3,3,DOI;PMID;TITLE_EXACT_NORM,AVAILABLE,1,3,DOI,article_like
B11982,1,1,SINGLETON,AVAILABLE,1,1,SINGLETON,article_like
B11983,1,1,SINGLETON,AVAILABLE,1,1,SINGLETON,article_like
B11984,3,3,DOI;PMID;TITLE_EXACT_NORM,AVAILABLE,1,3,DOI,article_like
B11985,3,3,DOI;PMID;TITLE_EXACT_NORM,AVAILABLE,1,3,DOI,article_like
B11986,1,1,SINGLETON,AVAILABLE,1,1,SINGLETON,article_like
B11987,3,3,DOI;PMID;TITLE_EXACT_NORM,AVAILABLE,1,3,DOI,article_like
B11988,3,3,DOI;PMID;TITLE_EXACT_NORM,AVAILABLE,1,3,DOI,article_like
B11989,1,1,SINGLETON,AVAILABLE,1,1,SINGLETON,article_like
B11990,1,1,SINGLETON,AVAILABLE,1,1,SINGLETON,article_like
B11991,1,1,SINGLETON,AVAILABLE,1,1,SINGLETON,article_like
B11992,3,3,DOI;PMID;TITLE_EXACT_NORM,AVAILABLE,1,3,DOI,article_like
B11993,1,1,SINGLETON,TITLE_ONLY,0,1,SINGLETON,conference
B11994,1,1,SINGLETON,TITLE_ONLY,0,1,SINGLETON,conference
B11995,1,1,SINGLETON,TITLE_ONLY,0,1,SINGLETON,conference
B11996,1,1,SINGLETON,AVAILABLE,1,1,SINGLETON,article_like
B11997,3,3,DOI;PMID;TITLE_EXACT_NORM,AVAILABLE,1,3,DOI,article_like
B11998,3,3,DOI;PMID;TITLE_EXACT_NORM,AVAILABLE,1,3,DOI,article_like
B11999,3,3,DOI;PMID;TITLE_EXACT_NORM,AVAILABLE,1,3,DOI,article_like
B12000,1,1,SINGLETON,TITLE_ONLY,0,1,SINGLETON,conference
B12001,1,1,SINGLETON,AVAILABLE,1,1,SINGLETON,article_like
B12002,1,1,SINGLETON,AVAILABLE,1,1,SINGLETON,article_like
B12003,1,1,SINGLETON,AVAILABLE,1,1,SINGLETON,article_like
B12004,3,3,DOI;PMID;TITLE_EXACT_NORM,AVAILABLE,1,3,DOI,article_like
B12005,1,1,SINGLETON,AVAILABLE,1,1,SINGLETON,article_like
B12006,1,1,SINGLETON,AVAILABLE,1,1,SINGLETON,article_like
B12007,3,3,DOI;PMID;TITLE_EXACT_NORM,AVAILABLE,1,3,DOI,article_like
B12008,1,1,SINGLETON,AVAILABLE,1,1,SINGLETON,article_like
B12009,1,1,SINGLETON,AVAILABLE,1,1,SINGLETON,article_like
B12010,1,1,SINGLETON,AVAILABLE,1,1,SINGLETON,article_like
B12011,1,1,SINGLETON,AVAILABLE,1,1,SINGLETON,article_like
B12012,1,1,SINGLETON,AVAILABLE,1,1,SINGLETON,article_like
B12013,3,3,DOI;PMID;TITLE_EXACT_NORM,AVAILABLE,1,3,DOI,article_like
B12014,1,1,SINGLETON,AVAILABLE,1,1,SINGLETON,article_like
B12015,3,3,DOI;PMID;TITLE_EXACT_NORM,AVAILABLE,1,3,DOI,article_like
B12016,3,3,DOI;PMID;TITLE_EXACT_NORM,AVAILABLE,1,3,DOI,article_like
B12017,1,1,SINGLETON,AVAILABLE,1,1,SINGLETON,article_like
B12018,3,3,DOI;PMID;TITLE_EXACT_NORM,AVAILABLE,1,3,DOI,article_like
B12019,3,3,DOI;PMID;TITLE_EXACT_NORM,AVAILABLE,1,3,DOI,article_like
B12020,1,1,SINGLETON,AVAILABLE,1,1,SINGLETON,article_like
B12021,1,1,SINGLETON,AVAILABLE,1,1,SINGLETON,article_like
B12022,3,3,DOI;PMID;TITLE_EXACT_NORM,AVAILABLE,1,3,DOI,article_like
B12023,1,1,SINGLETON,TITLE_ONLY,0,1,SINGLETON,conference
B12024,3,3,DOI;PMID;TITLE_EXACT_NORM,AVAILABLE,1,3,DOI,article_like
B12025,1,1,SINGLETON,AVAILABLE,1,1,SINGLETON,article_like
B12026,3,3,DOI;PMID;TITLE_EXACT_NORM,AVAILABLE,1,3,DOI,article_like
B12027,1,1,SINGLETON,AVAILABLE,1,1,SINGLETON,article_like
B12028,1,1,SINGLETON,AVAILABLE,1,1,SINGLETON,article_like
B12029,3,3,DOI;PMID;TITLE_EXACT_NORM,AVAILABLE,1,3,DOI,article_like
B12030,3,3,DOI;PMID;TITLE_EXACT_NORM,AVAILABLE,1,3,DOI,article_like
B12031,3,3,DOI;PMID;TITLE_EXACT_NORM,AVAILABLE,1,3,DOI,article_like
B12032,3,3,DOI;PMID;TITLE_EXACT_NORM,AVAILABLE,1,3,DOI,article_like
B12033,3,3,DOI;PMID;TITLE_EXACT_NORM,AVAILABLE,1,3,DOI,article_like
B12034,1,1,SINGLETON,AVAILABLE,1,1,SINGLETON,article_like
B12035,2,2,DOI;PMID;TITLE_EXACT_NORM,TITLE_ONLY,0,2,DOI,article_like
B12036,1,1,SINGLETON,TITLE_ONLY,0,1,SINGLETON,article_like
B12037,3,3,DOI;PMID;TITLE_EXACT_NORM,AVAILABLE,1,3,DOI,article_like
B12038,3,3,DOI;PMID;TITLE_EXACT_NORM,AVAILABLE,1,3,DOI,article_like
B12039,3,3,DOI;PMID;TITLE_EXACT_NORM,AVAILABLE,1,3,DOI,article_like
B12040,3,3,DOI;PMID;TITLE_EXACT_NORM,TITLE_ONLY,0,3,DOI,article_like
B12041,3,3,DOI;PMID;TITLE_EXACT_NORM,AVAILABLE,1,3,DOI,article_like
B12042,2,2,DOI;TITLE_EXACT_NORM,AVAILABLE,1,2,DOI,article_like
B12043,3,3,DOI;PMID;TITLE_EXACT_NORM,AVAILABLE,1,3,DOI,article_like;conference
B12044,1,1,SINGLETON,TITLE_ONLY,0,1,SINGLETON,article_like
B12045,1,1,SINGLETON,AVAILABLE,1,1,SINGLETON,article_like
B12046,2,2,DOI,AVAILABLE,1,2,DOI,article_like
B12047,1,1,SINGLETON,TITLE_ONLY,0,1,SINGLETON,conference
B12048,1,1,SINGLETON,TITLE_ONLY,0,1,SINGLETON,article_like
B12049,3,3,DOI;PMID;TITLE_EXACT_NORM,AVAILABLE,1,3,DOI,article_like
B12050,3,3,DOI;PMID;TITLE_EXACT_NORM,AVAILABLE,1,3,DOI,article_like
B12051,1,1,SINGLETON,TITLE_ONLY,0,1,SINGLETON,conference
B12052,3,3,DOI;PMID;TITLE_EXACT_NORM,AVAILABLE,1,3,DOI,article_like
B12053,1,1,SINGLETON,AVAILABLE,1,1,SINGLETON,article_like
B12054,1,1,SINGLETON,AVAILABLE,1,1,SINGLETON,article_like
B12055,1,1,SINGLETON,TITLE_ONLY,0,1,SINGLETON,article_like
B12056,3,3,DOI;PMID;TITLE_EXACT_NORM,AVAILABLE,1,3,DOI,article_like
B12057,1,1,SINGLETON,TITLE_ONLY,0,1,SINGLETON,article_like
B12058,1,1,SINGLETON,AVAILABLE,1,1,SINGLETON,article_like
B12059,3,3,DOI;PMID;TITLE_EXACT_NORM,AVAILABLE,1,3,DOI,article_like
B12060,1,1,SINGLETON,AVAILABLE,1,1,SINGLETON,article_like
B12061,1,1,SINGLETON,AVAILABLE,1,1,SINGLETON,article_like
B12062,3,3,DOI;PMID;TITLE_EXACT_NORM,AVAILABLE,1,3,DOI,article_like
B12063,1,1,SINGLETON,AVAILABLE,1,1,SINGLETON,article_like
B12064,1,1,SINGLETON,AVAILABLE,1,1,SINGLETON,article_like
B12065,1,1,SINGLETON,TITLE_ONLY,0,1,SINGLETON,conference
B12066,3,3,DOI;PMID;TITLE_EXACT_NORM,AVAILABLE,1,3,DOI,article_like
B12067,1,1,SINGLETON,AVAILABLE,1,1,SINGLETON,article_like
B12068,1,1,SINGLETON,AVAILABLE,1,1,SINGLETON,article_like
B12069,1,1,SINGLETON,AVAILABLE,1,1,SINGLETON,article_like
B12070,1,1,SINGLETON,AVAILABLE,1,1,SINGLETON,article_like
B12071,1,1,SINGLETON,AVAILABLE,1,1,SINGLETON,article_like
B12072,3,3,DOI;PMID;TITLE_EXACT_NORM,AVAILABLE,1,3,DOI,article_like
B12073,1,1,SINGLETON,TITLE_ONLY,0,1,SINGLETON,article_like
B12074,3,3,DOI;PMID;TITLE_EXACT_NORM,AVAILABLE,1,3,DOI,article_like
B12075,1,1,SINGLETON,AVAILABLE,1,1,SINGLETON,article_like
B12076,3,3,DOI;PMID;TITLE_EXACT_NORM,AVAILABLE,1,3,DOI,article_like
B12077,1,1,SINGLETON,TITLE_ONLY,0,1,SINGLETON,conference
B12078,1,1,SINGLETON,AVAILABLE,1,1,SINGLETON,article_like
B12079,1,1,SINGLETON,AVAILABLE,1,1,SINGLETON,article_like
B12080,1,1,SINGLETON,AVAILABLE,1,1,SINGLETON,article_like
B12081,1,1,SINGLETON,AVAILABLE,1,1,SINGLETON,article_like
B12082,3,3,DOI;PMID;TITLE_EXACT_NORM,AVAILABLE,1,3,DOI,article_like
B12083,1,1,SINGLETON,AVAILABLE,1,1,SINGLETON,article_like
B12084,1,1,SINGLETON,AVAILABLE,1,1,SINGLETON,article_like
B12085,2,2,DOI;PMID;TITLE_EXACT_NORM,AVAILABLE,1,2,DOI,article_like
B12086,3,3,DOI;PMID;TITLE_EXACT_NORM,AVAILABLE,1,3,DOI,article_like
B12087,3,3,DOI;PMID;TITLE_EXACT_NORM,AVAILABLE,1,3,DOI,article_like
B12088,3,3,DOI;PMID;TITLE_EXACT_NORM,AVAILABLE,1,3,DOI,article_like
B12089,1,1,SINGLETON,AVAILABLE,1,1,SINGLETON,article_like
B12090,1,1,SINGLETON,TITLE_ONLY,0,1,SINGLETON,article_like
B12091,2,2,DOI;TITLE_EXACT_NORM,AVAILABLE,1,2,DOI,article_like
B12092,1,1,SINGLETON,AVAILABLE,1,1,SINGLETON,article_like
B12093,3,3,DOI;PMID;TITLE_EXACT_NORM,AVAILABLE,1,3,DOI,article_like
B12094,3,3,DOI;PMID;TITLE_EXACT_NORM,AVAILABLE,1,3,DOI,article_like
B12095,1,1,SINGLETON,AVAILABLE,1,1,SINGLETON,article_like
B12096,3,3,DOI;PMID;TITLE_EXACT_NORM,AVAILABLE,1,3,DOI,article_like
B12097,1,1,SINGLETON,AVAILABLE,1,1,SINGLETON,article_like
B12098,1,1,SINGLETON,AVAILABLE,1,1,SINGLETON,article_like
B12099,1,1,SINGLETON,AVAILABLE,1,1,SINGLETON,article_like
B12100,3,3,DOI;PMID;TITLE_EXACT_NORM,AVAILABLE,1,3,DOI,article_like
B12101,3,3,DOI;PMID;TITLE_EXACT_NORM,AVAILABLE,1,3,DOI,article_like
B12102,1,1,SINGLETON,AVAILABLE,1,1,SINGLETON,article_like
B12103,1,1,SINGLETON,AVAILABLE,1,1,SINGLETON,article_like
B12104,3,3,DOI;PMID;TITLE_EXACT_NORM,AVAILABLE,1,3,DOI,article_like
B12105,3,3,DOI;PMID;TITLE_EXACT_NORM,AVAILABLE,1,3,DOI,article_like
B12106,3,3,DOI;PMID;TITLE_EXACT_NORM,AVAILABLE,1,3,DOI,article_like
B12107,1,1,SINGLETON,AVAILABLE,1,1,SINGLETON,article_like
B12108,1,1,SINGLETON,AVAILABLE,1,1,SINGLETON,article_like
B12109,1,1,SINGLETON,TITLE_ONLY,0,1,SINGLETON,article_like
B12110,3,3,DOI;PMID;TITLE_EXACT_NORM,AVAILABLE,1,3,DOI,article_like
B12111,1,1,SINGLETON,AVAILABLE,1,1,SINGLETON,article_like
B12112,3,3,DOI;PMID;TITLE_EXACT_NORM,AVAILABLE,1,3,DOI,article_like
B12113,1,1,SINGLETON,AVAILABLE,1,1,SINGLETON,article_like
B12114,1,1,SINGLETON,AVAILABLE,1,1,SINGLETON,article_like
B12115,1,1,SINGLETON,TITLE_ONLY,0,1,SINGLETON,article_like
B12116,3,3,DOI;PMID;TITLE_EXACT_NORM,AVAILABLE,1,3,DOI,article_like
B12117,1,1,SINGLETON,AVAILABLE,1,1,SINGLETON,article_like
B12118,3,3,DOI;PMID;TITLE_EXACT_NORM,AVAILABLE,1,3,DOI,article_like
B12119,3,3,DOI;PMID;TITLE_EXACT_NORM,AVAILABLE,1,3,DOI,article_like
B12120,1,1,SINGLETON,AVAILABLE,1,1,SINGLETON,article_like
B12121,1,1,SINGLETON,TITLE_ONLY,0,1,SINGLETON,conference
B12122,2,2,DOI;PMID;TITLE_EXACT_NORM,AVAILABLE,1,2,DOI,article_like
B12123,1,1,SINGLETON,AVAILABLE,1,1,SINGLETON,article_like
B12124,3,3,DOI;PMID;TITLE_EXACT_NORM,AVAILABLE,1,3,DOI,article_like
B12125,3,3,DOI;PMID;TITLE_EXACT_NORM,AVAILABLE,1,3,DOI,article_like
B12126,2,2,DOI;PMID;TITLE_EXACT_NORM,AVAILABLE,1,2,DOI,article_like
B12127,1,1,SINGLETON,AVAILABLE,1,1,SINGLETON,article_like
B12128,3,3,DOI;PMID;TITLE_EXACT_NORM,AVAILABLE,1,3,DOI,article_like
B12129,3,3,DOI;PMID;TITLE_EXACT_NORM,AVAILABLE,1,3,DOI,article_like
B12130,3,3,DOI;PMID;TITLE_EXACT_NORM,AVAILABLE,1,3,DOI,article_like
B12131,3,3,DOI;PMID;TITLE_EXACT_NORM,AVAILABLE,1,3,DOI,article_like
B12132,1,1,SINGLETON,AVAILABLE,1,1,SINGLETON,article_like
B12133,3,3,DOI;PMID;TITLE_EXACT_NORM,AVAILABLE,1,3,DOI,article_like
B12134,1,1,SINGLETON,AVAILABLE,1,1,SINGLETON,article_like
B12135,1,1,SINGLETON,AVAILABLE,1,1,SINGLETON,article_like
B12136,1,1,SINGLETON,TITLE_ONLY,0,1,SINGLETON,conference
B12137,3,3,DOI;PMID;TITLE_EXACT_NORM,AVAILABLE,1,3,DOI,article_like
B12138,1,1,SINGLETON,AVAILABLE,1,1,SINGLETON,article_like
B12139,1,1,SINGLETON,AVAILABLE,1,1,SINGLETON,article_like
B12140,1,1,SINGLETON,AVAILABLE,1,1,SINGLETON,article_like
B12141,1,1,SINGLETON,AVAILABLE,1,1,SINGLETON,article_like
B12142,1,1,SINGLETON,AVAILABLE,1,1,SINGLETON,article_like
B12143,3,3,DOI;PMID;TITLE_EXACT_NORM,AVAILABLE,1,3,DOI,article_like
B12144,3,3,DOI;PMID;TITLE_EXACT_NORM,AVAILABLE,1,3,DOI,article_like
B12145,1,1,SINGLETON,TITLE_ONLY,0,1,SINGLETON,article_like
B12146,1,1,SINGLETON,AVAILABLE,1,1,SINGLETON,article_like
B12147,3,3,DOI;PMID;TITLE_EXACT_NORM,AVAILABLE,1,3,DOI,article_like
B12148,1,1,SINGLETON,AVAILABLE,1,1,SINGLETON,article_like
B12149,3,3,DOI;PMID;TITLE_EXACT_NORM,AVAILABLE,1,3,DOI,article_like
B12150,2,2,DOI;PMID;TITLE_EXACT_NORM,AVAILABLE,1,2,DOI,article_like
B12151,1,1,SINGLETON,AVAILABLE,1,1,SINGLETON,conference
B12152,3,3,DOI;PMID;TITLE_EXACT_NORM,AVAILABLE,1,3,DOI,article_like
B12153,3,3,DOI;PMID;TITLE_EXACT_NORM,AVAILABLE,1,3,DOI,article_like
B12154,3,3,DOI;PMID;TITLE_EXACT_NORM,AVAILABLE,1,3,DOI,article_like
B12155,3,3,DOI;PMID;TITLE_EXACT_NORM,AVAILABLE,1,3,DOI,article_like
B12156,1,1,SINGLETON,AVAILABLE,1,1,SINGLETON,article_like
B12157,1,1,SINGLETON,AVAILABLE,1,1,SINGLETON,article_like
B12158,1,1,SINGLETON,TITLE_ONLY,0,1,SINGLETON,article_like
B12159,1,1,SINGLETON,AVAILABLE,1,1,SINGLETON,article_like
B12160,1,1,SINGLETON,AVAILABLE,1,1,SINGLETON,article_like
B12161,3,3,DOI;PMID;TITLE_EXACT_NORM,AVAILABLE,1,3,DOI,article_like
B12162,3,3,DOI;PMID;TITLE_EXACT_NORM,AVAILABLE,1,3,DOI,article_like
B12163,1,1,SINGLETON,AVAILABLE,1,1,SINGLETON,article_like
B12164,1,1,SINGLETON,TITLE_ONLY,0,1,SINGLETON,conference
B12165,3,3,DOI;PMID;TITLE_EXACT_NORM,AVAILABLE,1,3,DOI,article_like
B12166,3,3,DOI;PMID;TITLE_EXACT_NORM,AVAILABLE,1,3,DOI,article_like
B12167,1,1,SINGLETON,AVAILABLE,1,1,SINGLETON,article_like
B12168,1,1,SINGLETON,AVAILABLE,1,1,SINGLETON,article_like
B12169,1,1,SINGLETON,AVAILABLE,1,1,SINGLETON,article_like
B12170,3,3,DOI;PMID;TITLE_EXACT_NORM,AVAILABLE,1,3,DOI,article_like
B12171,3,3,DOI;PMID;TITLE_EXACT_NORM,AVAILABLE,1,3,DOI,article_like
B12172,3,3,DOI;PMID;TITLE_EXACT_NORM,AVAILABLE,1,3,DOI,article_like
B12173,3,3,DOI;PMID;TITLE_EXACT_NORM,AVAILABLE,1,3,DOI,article_like
B12174,1,1,SINGLETON,AVAILABLE,1,1,SINGLETON,article_like
B12175,1,1,SINGLETON,AVAILABLE,1,1,SINGLETON,article_like
B12176,3,3,DOI;PMID;TITLE_EXACT_NORM,AVAILABLE,1,3,DOI,article_like
B12177,3,3,DOI;PMID;TITLE_EXACT_NORM,AVAILABLE,1,3,DOI,article_like
B12178,3,3,DOI;PMID;TITLE_EXACT_NORM,AVAILABLE,1,3,DOI,article_like
B12179,3,3,DOI;PMID;TITLE_EXACT_NORM,AVAILABLE,1,3,DOI,article_like
B12180,1,1,SINGLETON,TITLE_ONLY,0,1,SINGLETON,conference
B12181,3,3,DOI;PMID;TITLE_EXACT_NORM,AVAILABLE,1,3,DOI,article_like
B12182,1,1,SINGLETON,AVAILABLE,1,1,SINGLETON,article_like
B12183,3,3,DOI;PMID;TITLE_EXACT_NORM,AVAILABLE,1,3,DOI,article_like
B12184,1,1,SINGLETON,TITLE_ONLY,0,1,SINGLETON,conference
B12185,3,3,PMID;TITLE_EXACT_NORM,AVAILABLE,1,3,PMID,article_like
B12186,3,3,DOI;PMID;TITLE_EXACT_NORM,AVAILABLE,1,3,DOI,article_like
B12187,2,2,DOI;PMID;TITLE_EXACT_NORM,AVAILABLE,1,2,DOI,article_like
B12188,1,1,SINGLETON,AVAILABLE,1,1,SINGLETON,article_like
B12189,1,1,SINGLETON,AVAILABLE,1,1,SINGLETON,article_like
B12190,2,2,DOI;PMID;TITLE_EXACT_NORM,AVAILABLE,1,2,DOI,article_like
B12191,3,3,DOI;PMID;TITLE_EXACT_NORM,AVAILABLE,1,3,DOI,article_like
B12192,1,1,SINGLETON,TITLE_ONLY,0,1,SINGLETON,conference
B12193,1,1,SINGLETON,TITLE_ONLY,0,1,SINGLETON,conference
B12194,3,3,DOI;PMID;TITLE_EXACT_NORM,AVAILABLE,1,3,DOI,article_like
B12195,1,1,SINGLETON,TITLE_ONLY,0,1,SINGLETON,conference
B12196,1,1,SINGLETON,AVAILABLE,1,1,SINGLETON,article_like
B12197,1,1,SINGLETON,AVAILABLE,1,1,SINGLETON,article_like
B12198,3,3,DOI;PMID;TITLE_EXACT_NORM,AVAILABLE,1,3,DOI,article_like
B12199,3,3,DOI;PMID;TITLE_EXACT_NORM,AVAILABLE,1,3,DOI,article_like
B12200,1,1,SINGLETON,AVAILABLE,1,1,SINGLETON,article_like
B12201,3,3,DOI;PMID;TITLE_EXACT_NORM,AVAILABLE,1,3,DOI,article_like
B12202,1,1,SINGLETON,AVAILABLE,1,1,SINGLETON,article_like
B12203,3,3,DOI;PMID;TITLE_EXACT_NORM,AVAILABLE,1,3,DOI,article_like
B12204,2,2,DOI;TITLE_EXACT_NORM,AVAILABLE,1,2,DOI,article_like
B12205,1,1,SINGLETON,AVAILABLE,1,1,SINGLETON,article_like
B12206,3,3,DOI;PMID;TITLE_EXACT_NORM,AVAILABLE,1,3,DOI,article_like
B12207,3,3,DOI;PMID;TITLE_EXACT_NORM,AVAILABLE,1,3,DOI,article_like
B12208,1,1,SINGLETON,AVAILABLE,1,1,SINGLETON,article_like
B12209,3,3,DOI;PMID;TITLE_EXACT_NORM,AVAILABLE,1,3,DOI,article_like
B12210,3,3,DOI;PMID;TITLE_EXACT_NORM,AVAILABLE,1,3,DOI,article_like
B12211,1,1,SINGLETON,AVAILABLE,1,1,SINGLETON,article_like
B12212,1,1,SINGLETON,AVAILABLE,1,1,SINGLETON,article_like
B12213,3,3,DOI;PMID;TITLE_EXACT_NORM,AVAILABLE,1,3,DOI,article_like
B12214,1,1,SINGLETON,AVAILABLE,1,1,SINGLETON,article_like
B12215,1,1,SINGLETON,AVAILABLE,1,1,SINGLETON,article_like
B12216,3,3,DOI;PMID;TITLE_EXACT_NORM,AVAILABLE,1,3,DOI,article_like
B12217,1,1,SINGLETON,TITLE_ONLY,0,1,SINGLETON,article_like
B12218,2,2,DOI;TITLE_EXACT_NORM,AVAILABLE,1,2,DOI,article_like
B12219,3,3,DOI;PMID;TITLE_EXACT_NORM,AVAILABLE,1,3,DOI,article_like
B12220,3,3,DOI;PMID;TITLE_EXACT_NORM,AVAILABLE,1,3,DOI,article_like
B12221,1,1,SINGLETON,AVAILABLE,1,1,SINGLETON,article_like
B12222,3,3,DOI;PMID;TITLE_EXACT_NORM,AVAILABLE,1,3,DOI,article_like
B12223,3,3,DOI;PMID;TITLE_EXACT_NORM,AVAILABLE,1,3,DOI,article_like
B12224,1,1,SINGLETON,AVAILABLE,1,1,SINGLETON,article_like
B12225,3,3,DOI;PMID;TITLE_EXACT_NORM,AVAILABLE,1,3,DOI,article_like
B12226,1,1,SINGLETON,TITLE_ONLY,0,1,SINGLETON,conference
B12227,3,3,DOI;PMID;TITLE_EXACT_NORM,AVAILABLE,1,3,DOI,article_like
B12228,1,1,SINGLETON,TITLE_ONLY,0,1,SINGLETON,conference
B12229,3,3,DOI;PMID;TITLE_EXACT_NORM,AVAILABLE,1,3,DOI,article_like
B12230,1,1,SINGLETON,AVAILABLE,1,1,SINGLETON,article_like
B12231,3,3,DOI;PMID;TITLE_EXACT_NORM,AVAILABLE,1,3,DOI,article_like
B12232,3,3,DOI;PMID;TITLE_EXACT_NORM,AVAILABLE,1,3,DOI,article_like
B12233,1,1,SINGLETON,AVAILABLE,1,1,SINGLETON,article_like
B12234,1,1,SINGLETON,AVAILABLE,1,1,SINGLETON,article_like
B12235,1,1,SINGLETON,AVAILABLE,1,1,SINGLETON,article_like
B12236,1,1,SINGLETON,AVAILABLE,1,1,SINGLETON,article_like
B12237,1,1,SINGLETON,AVAILABLE,1,1,SINGLETON,article_like
B12238,1,1,SINGLETON,TITLE_ONLY,0,1,SINGLETON,conference
B12239,1,1,SINGLETON,AVAILABLE,1,1,SINGLETON,article_like
B12240,3,3,DOI;PMID;TITLE_EXACT_NORM,AVAILABLE,1,3,DOI,article_like
B12241,1,1,SINGLETON,AVAILABLE,1,1,SINGLETON,article_like
B12242,3,3,DOI;PMID;TITLE_EXACT_NORM,AVAILABLE,1,3,DOI,article_like
B12243,1,1,SINGLETON,TITLE_ONLY,0,1,SINGLETON,conference
B12244,1,1,SINGLETON,TITLE_ONLY,0,1,SINGLETON,conference
B12245,1,1,SINGLETON,AVAILABLE,1,1,SINGLETON,article_like
B12246,1,1,SINGLETON,TITLE_ONLY,0,1,SINGLETON,conference
B12247,1,1,SINGLETON,AVAILABLE,1,1,SINGLETON,article_like
B12248,3,3,DOI;PMID;TITLE_EXACT_NORM,AVAILABLE,1,3,DOI,article_like
B12249,1,1,SINGLETON,TITLE_ONLY,0,1,SINGLETON,conference
B12250,1,1,SINGLETON,TITLE_ONLY,0,1,SINGLETON,conference
B12251,1,1,SINGLETON,TITLE_ONLY,0,1,SINGLETON,conference
B12252,1,1,SINGLETON,AVAILABLE,1,1,SINGLETON,article_like
B12253,1,1,SINGLETON,AVAILABLE,1,1,SINGLETON,article_like
B12254,1,1,SINGLETON,AVAILABLE,1,1,SINGLETON,article_like
B12255,3,3,DOI;PMID;TITLE_EXACT_NORM,AVAILABLE,1,3,DOI,article_like
B12256,3,3,DOI;PMID;TITLE_EXACT_NORM,AVAILABLE,1,3,DOI,article_like
B12257,2,2,DOI;PMID;TITLE_EXACT_NORM,AVAILABLE,1,2,DOI,article_like
B12258,3,3,DOI;PMID;TITLE_EXACT_NORM,AVAILABLE,1,3,DOI,article_like
B12259,3,3,DOI;PMID;TITLE_EXACT_NORM,TITLE_ONLY,0,3,DOI,article_like
B12260,1,1,SINGLETON,TITLE_ONLY,0,1,SINGLETON,article_like
B12261,2,2,DOI;TITLE_EXACT_NORM,TITLE_ONLY,0,2,DOI,article_like
B12262,1,1,SINGLETON,AVAILABLE,1,1,SINGLETON,article_like
B12263,3,3,DOI;PMID;TITLE_EXACT_NORM,AVAILABLE,1,3,DOI,article_like
B12264,3,3,DOI;PMID;TITLE_EXACT_NORM,AVAILABLE,1,3,DOI,article_like
B12265,2,2,DOI;PMID;TITLE_EXACT_NORM,AVAILABLE,1,2,DOI,article_like
B12266,2,2,DOI;TITLE_EXACT_NORM,AVAILABLE,1,2,DOI,article_like
B12267,1,1,SINGLETON,AVAILABLE,1,1,SINGLETON,article_like
B12268,1,1,SINGLETON,AVAILABLE,1,1,SINGLETON,article_like
B12269,1,1,SINGLETON,AVAILABLE,1,1,SINGLETON,article_like
B12270,1,1,SINGLETON,AVAILABLE,1,1,SINGLETON,article_like
B12271,1,1,SINGLETON,AVAILABLE,1,1,SINGLETON,article_like
B12272,3,3,DOI;PMID;TITLE_EXACT_NORM,AVAILABLE,1,3,DOI,article_like
B12273,3,3,DOI;PMID;TITLE_EXACT_NORM,AVAILABLE,1,3,DOI,article_like
B12274,3,3,DOI;PMID,AVAILABLE,1,3,DOI,correction
B12275,3,3,DOI;PMID;TITLE_EXACT_NORM,AVAILABLE,1,3,DOI,article_like
B12276,1,1,SINGLETON,TITLE_ONLY,0,1,SINGLETON,conference
B12277,1,1,SINGLETON,TITLE_ONLY,0,1,SINGLETON,article_like
B12278,3,3,DOI;PMID;TITLE_EXACT_NORM,AVAILABLE,1,3,DOI,article_like
B12279,3,3,DOI;PMID;TITLE_EXACT_NORM,AVAILABLE,1,3,DOI,article_like
B12280,1,1,SINGLETON,AVAILABLE,1,1,SINGLETON,article_like
B12281,3,3,DOI;PMID;TITLE_EXACT_NORM,AVAILABLE,1,3,DOI,article_like
B12282,1,1,SINGLETON,AVAILABLE,1,1,SINGLETON,article_like
B12283,1,1,SINGLETON,AVAILABLE,1,1,SINGLETON,article_like
B12284,3,3,DOI;PMID;TITLE_EXACT_NORM,AVAILABLE,1,3,DOI,article_like
B12285,1,1,SINGLETON,AVAILABLE,1,1,SINGLETON,article_like
B12286,1,1,SINGLETON,AVAILABLE,1,1,SINGLETON,article_like
B12287,3,3,DOI;PMID;TITLE_EXACT_NORM,AVAILABLE,1,3,DOI,article_like
B12288,1,1,SINGLETON,AVAILABLE,1,1,SINGLETON,article_like
B12289,2,2,DOI;PMID;TITLE_EXACT_NORM,AVAILABLE,1,2,DOI,article_like
B12290,3,3,DOI;PMID;TITLE_EXACT_NORM,AVAILABLE,1,3,DOI,article_like
B12291,2,2,DOI;PMID;TITLE_EXACT_NORM,AVAILABLE,1,2,DOI,article_like
B12292,1,1,SINGLETON,AVAILABLE,1,1,SINGLETON,article_like
B12293,1,1,SINGLETON,AVAILABLE,1,1,SINGLETON,article_like
B12294,1,1,SINGLETON,TITLE_ONLY,0,1,SINGLETON,conference
B12295,1,1,SINGLETON,AVAILABLE,1,1,SINGLETON,article_like
B12296,1,1,SINGLETON,TITLE_ONLY,0,1,SINGLETON,conference
B12297,3,3,DOI;PMID;TITLE_EXACT_NORM,AVAILABLE,1,3,DOI,article_like
B12298,3,3,DOI;PMID;TITLE_EXACT_NORM,AVAILABLE,1,3,DOI,article_like
B12299,1,1,SINGLETON,TITLE_ONLY,0,1,SINGLETON,conference
B12300,1,1,SINGLETON,TITLE_ONLY,0,1,SINGLETON,article_like
B12301,3,3,DOI;PMID;TITLE_EXACT_NORM,AVAILABLE,1,3,DOI,article_like
B12302,1,1,SINGLETON,AVAILABLE,1,1,SINGLETON,article_like
B12303,3,3,DOI;PMID;TITLE_EXACT_NORM,AVAILABLE,1,3,DOI,article_like
B12304,1,1,SINGLETON,AVAILABLE,1,1,SINGLETON,article_like
B12305,1,1,SINGLETON,AVAILABLE,1,1,SINGLETON,article_like
B12306,3,3,DOI;PMID;TITLE_EXACT_NORM,AVAILABLE,1,3,DOI,article_like
B12307,1,1,SINGLETON,AVAILABLE,1,1,SINGLETON,article_like
B12308,1,1,SINGLETON,AVAILABLE,1,1,SINGLETON,article_like
B12309,1,1,SINGLETON,TITLE_ONLY,0,1,SINGLETON,conference
B12310,1,1,SINGLETON,AVAILABLE,1,1,SINGLETON,article_like
B12311,3,3,DOI;PMID;TITLE_EXACT_NORM,AVAILABLE,1,3,DOI,article_like
B12312,2,2,DOI;PMID;TITLE_EXACT_NORM,AVAILABLE,1,2,DOI,article_like
B12313,3,3,DOI;PMID;TITLE_EXACT_NORM,AVAILABLE,1,3,DOI,article_like
B12314,1,1,SINGLETON,AVAILABLE,1,1,SINGLETON,article_like
B12315,3,3,DOI;PMID;TITLE_EXACT_NORM,AVAILABLE,1,3,DOI,article_like
B12316,1,1,SINGLETON,TITLE_ONLY,0,1,SINGLETON,conference
B12317,3,3,DOI;PMID;TITLE_EXACT_NORM,AVAILABLE,1,3,DOI,article_like
B12318,3,3,DOI;PMID;TITLE_EXACT_NORM,AVAILABLE,1,3,DOI,article_like
B12319,2,2,DOI;PMID,AVAILABLE,1,2,DOI,correction
B12320,1,1,SINGLETON,AVAILABLE,1,1,SINGLETON,article_like
B12321,3,3,DOI;PMID;TITLE_EXACT_NORM,AVAILABLE,1,3,DOI,article_like
B12322,3,3,DOI;PMID;TITLE_EXACT_NORM,AVAILABLE,1,3,DOI,article_like
B12323,1,1,SINGLETON,AVAILABLE,1,1,SINGLETON,article_like
B12324,3,3,DOI;PMID;TITLE_EXACT_NORM,AVAILABLE,1,3,DOI,article_like
B12325,3,3,DOI;PMID;TITLE_EXACT_NORM,AVAILABLE,1,3,DOI,article_like
B12326,3,3,DOI;PMID;TITLE_EXACT_NORM,AVAILABLE,1,3,DOI,article_like
B12327,1,1,SINGLETON,TITLE_ONLY,0,1,SINGLETON,conference
B12328,3,3,DOI;PMID;TITLE_EXACT_NORM,AVAILABLE,1,3,DOI,article_like
B12329,3,3,DOI;PMID;TITLE_EXACT_NORM,AVAILABLE,1,3,DOI,article_like
B12330,3,3,DOI;PMID;TITLE_EXACT_NORM,AVAILABLE,1,3,DOI,article_like
B12331,1,1,SINGLETON,TITLE_ONLY,0,1,SINGLETON,conference
B12332,1,1,SINGLETON,AVAILABLE,1,1,SINGLETON,article_like
B12333,3,3,DOI;PMID;TITLE_EXACT_NORM,AVAILABLE,1,3,DOI,article_like
B12334,1,1,SINGLETON,TITLE_ONLY,0,1,SINGLETON,conference
B12335,2,2,DOI;PMID,AVAILABLE,1,2,DOI,article_like
B12336,1,1,SINGLETON,TITLE_ONLY,0,1,SINGLETON,conference
B12337,3,3,DOI;PMID;TITLE_EXACT_NORM,AVAILABLE,1,3,DOI,article_like
B12338,3,3,DOI;PMID;TITLE_EXACT_NORM,AVAILABLE,1,3,DOI,article_like
B12339,3,3,DOI;PMID;TITLE_EXACT_NORM,AVAILABLE,1,3,DOI,article_like
B12340,3,3,DOI;PMID;TITLE_EXACT_NORM,AVAILABLE,1,3,DOI,article_like
B12341,1,1,SINGLETON,AVAILABLE,1,1,SINGLETON,article_like
B12342,1,1,SINGLETON,AVAILABLE,1,1,SINGLETON,article_like
B12343,3,3,DOI;PMID;TITLE_EXACT_NORM,AVAILABLE,1,3,DOI,article_like
B12344,3,3,DOI;PMID;TITLE_EXACT_NORM,AVAILABLE,1,3,DOI,article_like
B12345,1,1,SINGLETON,AVAILABLE,1,1,SINGLETON,article_like
B12346,1,1,SINGLETON,AVAILABLE,1,1,SINGLETON,article_like
B12347,3,3,DOI;PMID;TITLE_EXACT_NORM,AVAILABLE,1,3,DOI,article_like
B12348,3,3,DOI;PMID;TITLE_EXACT_NORM,AVAILABLE,1,3,DOI,article_like
B12349,1,1,SINGLETON,TITLE_ONLY,0,1,SINGLETON,conference
B12350,3,3,DOI;PMID;TITLE_EXACT_NORM,TITLE_ONLY,0,3,DOI,article_like
B12351,1,1,SINGLETON,TITLE_ONLY,0,1,SINGLETON,conference
B12352,3,3,DOI;PMID;TITLE_EXACT_NORM,AVAILABLE,1,3,DOI,article_like
B12353,3,3,DOI;PMID;TITLE_EXACT_NORM,AVAILABLE,1,3,DOI,article_like
B12354,3,3,DOI;PMID;TITLE_EXACT_NORM,AVAILABLE,1,3,DOI,article_like
B12355,1,1,SINGLETON,TITLE_ONLY,0,1,SINGLETON,conference
B12356,1,1,SINGLETON,TITLE_ONLY,0,1,SINGLETON,conference
B12357,1,1,SINGLETON,AVAILABLE,1,1,SINGLETON,article_like
B12358,1,1,SINGLETON,AVAILABLE,1,1,SINGLETON,article_like
B12359,1,1,SINGLETON,AVAILABLE,1,1,SINGLETON,article_like
B12360,3,3,DOI;PMID;TITLE_EXACT_NORM,AVAILABLE,1,3,DOI,article_like
B12361,1,1,SINGLETON,AVAILABLE,1,1,SINGLETON,article_like
B12362,3,3,DOI;PMID;TITLE_EXACT_NORM,AVAILABLE,1,3,DOI,article_like
B12363,3,3,DOI;PMID;TITLE_EXACT_NORM,AVAILABLE,1,3,DOI,article_like
B12364,3,3,DOI;PMID;TITLE_EXACT_NORM,AVAILABLE,1,3,DOI,article_like
B12365,2,2,DOI;PMID;TITLE_EXACT_NORM,AVAILABLE,1,2,DOI,article_like
B12366,3,3,DOI;PMID;TITLE_EXACT_NORM,AVAILABLE,1,3,DOI,article_like
B12367,3,3,DOI;PMID;TITLE_EXACT_NORM,AVAILABLE,1,3,DOI,article_like
B12368,3,3,DOI;PMID;TITLE_EXACT_NORM,AVAILABLE,1,3,DOI,article_like
B12369,1,1,SINGLETON,AVAILABLE,1,1,SINGLETON,article_like
B12370,1,1,SINGLETON,TITLE_ONLY,0,1,SINGLETON,conference
B12371,3,3,DOI;PMID;TITLE_EXACT_NORM,AVAILABLE,1,3,DOI,article_like
B12372,3,3,DOI;PMID;TITLE_EXACT_NORM,AVAILABLE,1,3,DOI,article_like
B12373,3,3,DOI;PMID;TITLE_EXACT_NORM,AVAILABLE,1,3,DOI,article_like
B12374,3,3,DOI;PMID;TITLE_EXACT_NORM,AVAILABLE,1,3,DOI,article_like
B12375,1,1,SINGLETON,TITLE_ONLY,0,1,SINGLETON,conference
B12376,1,1,SINGLETON,TITLE_ONLY,0,1,SINGLETON,conference
B12377,3,3,DOI;PMID;TITLE_EXACT_NORM,TITLE_ONLY,0,3,DOI,article_like
B12378,1,1,SINGLETON,TITLE_ONLY,0,1,SINGLETON,conference
B12379,1,1,SINGLETON,TITLE_ONLY,0,1,SINGLETON,conference
B12380,3,3,DOI;PMID;TITLE_EXACT_NORM,AVAILABLE,1,3,DOI,article_like
B12381,1,1,SINGLETON,AVAILABLE,1,1,SINGLETON,article_like
B12382,3,3,DOI;PMID;TITLE_EXACT_NORM,AVAILABLE,1,3,DOI,article_like
B12383,3,3,DOI;PMID;TITLE_EXACT_NORM,AVAILABLE,1,3,DOI,article_like
B12384,1,1,SINGLETON,AVAILABLE,1,1,SINGLETON,article_like
B12385,3,3,DOI;PMID;TITLE_EXACT_NORM,AVAILABLE,1,3,DOI,article_like
B12386,3,3,DOI;PMID;TITLE_EXACT_NORM,AVAILABLE,1,3,DOI,article_like
B12387,3,3,DOI;PMID;TITLE_EXACT_NORM,AVAILABLE,1,3,DOI,article_like
B12388,1,1,SINGLETON,TITLE_ONLY,0,1,SINGLETON,conference
B12389,1,1,SINGLETON,AVAILABLE,1,1,SINGLETON,article_like
B12390,1,1,SINGLETON,AVAILABLE,1,1,SINGLETON,article_like
B12391,1,1,SINGLETON,AVAILABLE,1,1,SINGLETON,article_like
B12392,1,1,SINGLETON,AVAILABLE,1,1,SINGLETON,article_like
B12393,1,1,SINGLETON,AVAILABLE,1,1,SINGLETON,article_like
B12394,1,1,SINGLETON,AVAILABLE,1,1,SINGLETON,article_like
B12395,1,1,SINGLETON,TITLE_ONLY,0,1,SINGLETON,conference
B12396,1,1,SINGLETON,AVAILABLE,1,1,SINGLETON,article_like
B12397,2,2,DOI;PMID;TITLE_EXACT_NORM,AVAILABLE,1,2,DOI,article_like
B12398,3,3,DOI;PMID;TITLE_EXACT_NORM,AVAILABLE,1,3,DOI,article_like
B12399,1,1,SINGLETON,TITLE_ONLY,0,1,SINGLETON,conference
B12400,1,1,SINGLETON,TITLE_ONLY,0,1,SINGLETON,conference
B12401,3,3,DOI;PMID;TITLE_EXACT_NORM,AVAILABLE,1,3,DOI,article_like
B12402,1,1,SINGLETON,TITLE_ONLY,0,1,SINGLETON,conference
B12403,1,1,SINGLETON,TITLE_ONLY,0,1,SINGLETON,conference
B12404,1,1,SINGLETON,AVAILABLE,1,1,SINGLETON,article_like
B12405,3,3,DOI;PMID;TITLE_EXACT_NORM,AVAILABLE,1,3,DOI,article_like
B12406,3,3,DOI;PMID;TITLE_EXACT_NORM,AVAILABLE,1,3,DOI,article_like
B12407,1,1,SINGLETON,TITLE_ONLY,0,1,SINGLETON,conference
B12408,3,3,DOI;PMID;TITLE_EXACT_NORM,AVAILABLE,1,3,DOI,article_like
B12409,1,1,SINGLETON,TITLE_ONLY,0,1,SINGLETON,conference
B12410,3,3,DOI;PMID;TITLE_EXACT_NORM,AVAILABLE,1,3,DOI,article_like
B12411,1,1,SINGLETON,AVAILABLE,1,1,SINGLETON,article_like
B12412,3,3,DOI;PMID;TITLE_EXACT_NORM,AVAILABLE,1,3,DOI,article_like
B12413,3,3,DOI;PMID;TITLE_EXACT_NORM,AVAILABLE,1,3,DOI,article_like
B12414,1,1,SINGLETON,AVAILABLE,1,1,SINGLETON,article_like
B12415,3,3,DOI;PMID;TITLE_EXACT_NORM,AVAILABLE,1,3,DOI,article_like
B12416,1,1,SINGLETON,TITLE_ONLY,0,1,SINGLETON,conference
B12417,3,3,DOI;PMID;TITLE_EXACT_NORM,AVAILABLE,1,3,DOI,article_like
B12418,1,1,SINGLETON,TITLE_ONLY,0,1,SINGLETON,conference
B12419,1,1,SINGLETON,TITLE_ONLY,0,1,SINGLETON,conference
B12420,1,1,SINGLETON,AVAILABLE,1,1,SINGLETON,article_like
B12421,1,1,SINGLETON,AVAILABLE,1,1,SINGLETON,article_like
B12422,3,3,DOI;PMID;TITLE_EXACT_NORM,AVAILABLE,1,3,DOI,article_like
B12423,3,3,DOI;PMID;TITLE_EXACT_NORM,AVAILABLE,1,3,DOI,article_like
B12424,3,3,DOI;PMID;TITLE_EXACT_NORM,AVAILABLE,1,3,DOI,article_like
B12425,1,1,SINGLETON,AVAILABLE,1,1,SINGLETON,article_like
B12426,1,1,SINGLETON,AVAILABLE,1,1,SINGLETON,article_like
B12427,1,1,SINGLETON,AVAILABLE,1,1,SINGLETON,article_like
B12428,3,3,DOI;PMID;TITLE_EXACT_NORM,AVAILABLE,1,3,DOI,article_like
B12429,3,3,DOI;PMID;TITLE_EXACT_NORM,AVAILABLE,1,3,DOI,article_like
B12430,3,3,DOI;PMID,AVAILABLE,1,3,DOI,article_like
B12431,1,1,SINGLETON,AVAILABLE,1,1,SINGLETON,article_like
B12432,3,3,DOI;PMID;TITLE_EXACT_NORM,AVAILABLE,1,3,DOI,article_like
B12433,3,3,DOI;PMID;TITLE_EXACT_NORM,AVAILABLE,1,3,DOI,article_like
B12434,3,3,DOI;PMID;TITLE_EXACT_NORM,AVAILABLE,1,3,DOI,article_like
B12435,1,1,SINGLETON,AVAILABLE,1,1,SINGLETON,article_like
B12436,1,1,SINGLETON,TITLE_ONLY,0,1,SINGLETON,conference
B12437,1,1,SINGLETON,TITLE_ONLY,0,1,SINGLETON,article_like
B12438,1,1,SINGLETON,AVAILABLE,1,1,SINGLETON,article_like
B12439,1,1,SINGLETON,AVAILABLE,1,1,SINGLETON,article_like
B12440,1,1,SINGLETON,AVAILABLE,1,1,SINGLETON,article_like
B12441,3,3,DOI;PMID;TITLE_EXACT_NORM,AVAILABLE,1,3,DOI,article_like
B12442,1,1,SINGLETON,TITLE_ONLY,0,1,SINGLETON,conference
B12443,1,1,SINGLETON,TITLE_ONLY,0,1,SINGLETON,conference
B12444,1,1,SINGLETON,AVAILABLE,1,1,SINGLETON,article_like
B12445,1,1,SINGLETON,TITLE_ONLY,0,1,SINGLETON,conference
B12446,3,3,DOI;PMID;TITLE_EXACT_NORM,AVAILABLE,1,3,DOI,article_like
B12447,3,3,DOI;PMID;TITLE_EXACT_NORM,AVAILABLE,1,3,DOI,article_like
B12448,3,3,DOI;PMID;TITLE_EXACT_NORM,AVAILABLE,1,3,DOI,article_like
B12449,3,3,DOI;PMID;TITLE_EXACT_NORM,AVAILABLE,1,3,DOI,article_like
B12450,1,1,SINGLETON,TITLE_ONLY,0,1,SINGLETON,conference
B12451,1,1,SINGLETON,TITLE_ONLY,0,1,SINGLETON,conference
B12452,3,3,DOI;PMID;TITLE_EXACT_NORM,AVAILABLE,1,3,DOI,article_like
B12453,1,1,SINGLETON,TITLE_ONLY,0,1,SINGLETON,conference
B12454,1,1,SINGLETON,TITLE_ONLY,0,1,SINGLETON,conference
B12455,3,3,DOI;PMID;TITLE_EXACT_NORM,AVAILABLE,1,3,DOI,article_like
B12456,1,1,SINGLETON,TITLE_ONLY,0,1,SINGLETON,conference
B12457,2,2,PMID;TITLE_EXACT_NORM,AVAILABLE,1,2,PMID,article_like
B12458,1,1,SINGLETON,AVAILABLE,1,1,SINGLETON,article_like
B12459,3,3,DOI;PMID;TITLE_EXACT_NORM,AVAILABLE,1,3,DOI,article_like
B12460,1,1,SINGLETON,AVAILABLE,1,1,SINGLETON,article_like
B12461,1,1,SINGLETON,AVAILABLE,1,1,SINGLETON,article_like
B12462,2,2,TITLE_EXACT_NORM,AVAILABLE,1,2,TITLE_EXACT_NORM,article_like
B12463,3,3,DOI;PMID;TITLE_EXACT_NORM,AVAILABLE,1,3,DOI,article_like
B12464,1,1,SINGLETON,AVAILABLE,1,1,SINGLETON,article_like
B12465,1,1,SINGLETON,AVAILABLE,1,1,SINGLETON,article_like
B12466,1,1,SINGLETON,TITLE_ONLY,0,1,SINGLETON,conference
B12467,1,1,SINGLETON,AVAILABLE,1,1,SINGLETON,article_like
B12468,1,1,SINGLETON,AVAILABLE,1,1,SINGLETON,article_like
B12469,3,3,DOI;PMID;TITLE_EXACT_NORM,AVAILABLE,1,3,DOI,article_like
B12470,1,1,SINGLETON,TITLE_ONLY,0,1,SINGLETON,article_like
B12471,3,3,DOI;PMID;TITLE_EXACT_NORM,AVAILABLE,1,3,DOI,article_like
B12472,1,1,SINGLETON,AVAILABLE,1,1,SINGLETON,article_like
B12473,3,3,DOI;PMID;TITLE_EXACT_NORM,AVAILABLE,1,3,DOI,article_like
B12474,1,1,SINGLETON,AVAILABLE,1,1,SINGLETON,article_like
B12475,1,1,SINGLETON,AVAILABLE,1,1,SINGLETON,article_like
B12476,1,1,SINGLETON,AVAILABLE,1,1,SINGLETON,article_like
B12477,1,1,SINGLETON,AVAILABLE,1,1,SINGLETON,article_like
B12478,3,3,DOI;PMID;TITLE_EXACT_NORM,AVAILABLE,1,3,DOI,article_like
B12479,1,1,SINGLETON,AVAILABLE,1,1,SINGLETON,article_like
B12480,3,3,DOI;PMID;TITLE_EXACT_NORM,AVAILABLE,1,3,DOI,article_like
B12481,1,1,SINGLETON,TITLE_ONLY,0,1,SINGLETON,conference
B12482,1,1,SINGLETON,TITLE_ONLY,0,1,SINGLETON,conference
B12483,3,3,DOI;PMID;TITLE_EXACT_NORM,AVAILABLE,1,3,DOI,article_like
B12484,1,1,SINGLETON,TITLE_ONLY,0,1,SINGLETON,article_like
B12485,1,1,SINGLETON,TITLE_ONLY,0,1,SINGLETON,article_like
B12486,1,1,SINGLETON,TITLE_ONLY,0,1,SINGLETON,conference
B12487,3,3,DOI;PMID;TITLE_EXACT_NORM,AVAILABLE,1,3,DOI,article_like
B12488,3,3,DOI;PMID;TITLE_EXACT_NORM,AVAILABLE,1,3,DOI,article_like
B12489,3,3,DOI;PMID;TITLE_EXACT_NORM,AVAILABLE,1,3,DOI,article_like
B12490,1,1,SINGLETON,AVAILABLE,1,1,SINGLETON,conference
B12491,1,1,SINGLETON,AVAILABLE,1,1,SINGLETON,article_like
B12492,3,3,DOI;PMID;TITLE_EXACT_NORM,AVAILABLE,1,3,DOI,article_like
B12493,1,1,SINGLETON,TITLE_ONLY,0,1,SINGLETON,article_like
B12494,1,1,SINGLETON,TITLE_ONLY,0,1,SINGLETON,conference
B12495,1,1,SINGLETON,TITLE_ONLY,0,1,SINGLETON,conference
B12496,1,1,SINGLETON,TITLE_ONLY,0,1,SINGLETON,conference
B12497,2,2,DOI;TITLE_EXACT_NORM,AVAILABLE,1,2,DOI,article_like
B12498,1,1,SINGLETON,AVAILABLE,1,1,SINGLETON,conference
B12499,3,3,DOI;PMID;TITLE_EXACT_NORM,AVAILABLE,1,3,DOI,article_like
B12500,1,1,SINGLETON,AVAILABLE,1,1,SINGLETON,article_like
B12501,1,1,SINGLETON,AVAILABLE,1,1,SINGLETON,article_like
B12502,3,3,DOI;PMID;TITLE_EXACT_NORM,AVAILABLE,1,3,DOI,article_like
B12503,1,1,SINGLETON,AVAILABLE,1,1,SINGLETON,article_like
B12504,3,3,DOI;PMID;TITLE_EXACT_NORM,AVAILABLE,1,3,DOI,article_like
B12505,1,1,SINGLETON,AVAILABLE,1,1,SINGLETON,article_like
B12506,1,1,SINGLETON,AVAILABLE,1,1,SINGLETON,article_like
B12507,3,3,DOI;PMID;TITLE_EXACT_NORM,AVAILABLE,1,3,DOI,article_like
B12508,3,3,DOI;PMID;TITLE_EXACT_NORM,AVAILABLE,1,3,DOI,article_like
B12509,1,1,SINGLETON,AVAILABLE,1,1,SINGLETON,article_like
B12510,1,1,SINGLETON,AVAILABLE,1,1,SINGLETON,article_like
B12511,3,3,DOI;PMID;TITLE_EXACT_NORM,AVAILABLE,1,3,DOI,article_like
B12512,1,1,SINGLETON,AVAILABLE,1,1,SINGLETON,article_like
B12513,3,3,DOI;PMID;TITLE_EXACT_NORM,AVAILABLE,1,3,DOI,article_like
B12514,3,3,DOI;PMID;TITLE_EXACT_NORM,AVAILABLE,1,3,DOI,article_like
B12515,1,1,SINGLETON,TITLE_ONLY,0,1,SINGLETON,conference
B12516,3,3,DOI;PMID;TITLE_EXACT_NORM,AVAILABLE,1,3,DOI,article_like
B12517,1,1,SINGLETON,AVAILABLE,1,1,SINGLETON,article_like
B12518,3,3,DOI;PMID;TITLE_EXACT_NORM,AVAILABLE,1,3,DOI,article_like
B12519,3,3,DOI;PMID;TITLE_EXACT_NORM,AVAILABLE,1,3,DOI,article_like
B12520,3,3,DOI;PMID;TITLE_EXACT_NORM,TITLE_ONLY,0,3,DOI,article_like
B12521,1,1,SINGLETON,TITLE_ONLY,0,1,SINGLETON,article_like
B12522,1,1,SINGLETON,TITLE_ONLY,0,1,SINGLETON,conference
B12523,1,1,SINGLETON,AVAILABLE,1,1,SINGLETON,article_like
B12524,3,3,DOI;PMID;TITLE_EXACT_NORM,AVAILABLE,1,3,DOI,article_like
B12525,3,3,DOI;PMID;TITLE_EXACT_NORM,AVAILABLE,1,3,DOI,article_like
B12526,1,1,SINGLETON,AVAILABLE,1,1,SINGLETON,article_like
B12527,1,1,SINGLETON,AVAILABLE,1,1,SINGLETON,article_like
B12528,1,1,SINGLETON,AVAILABLE,1,1,SINGLETON,article_like
B12529,1,1,SINGLETON,TITLE_ONLY,0,1,SINGLETON,conference
B12530,3,3,DOI;PMID;TITLE_EXACT_NORM,AVAILABLE,1,3,DOI,article_like
B12531,3,3,DOI;PMID;TITLE_EXACT_NORM,AVAILABLE,1,3,DOI,article_like
B12532,1,1,SINGLETON,TITLE_ONLY,0,1,SINGLETON,correction
B12533,3,3,DOI;PMID;TITLE_EXACT_NORM,AVAILABLE,1,3,DOI,article_like
B12534,1,1,SINGLETON,TITLE_ONLY,0,1,SINGLETON,conference
B12535,3,3,DOI;PMID;TITLE_EXACT_NORM,AVAILABLE,1,3,DOI,article_like
B12536,3,3,DOI;PMID;TITLE_EXACT_NORM,AVAILABLE,1,3,DOI,article_like
B12537,1,1,SINGLETON,AVAILABLE,1,1,SINGLETON,article_like
B12538,1,1,SINGLETON,TITLE_ONLY,0,1,SINGLETON,conference
B12539,1,1,SINGLETON,AVAILABLE,1,1,SINGLETON,article_like
B12540,3,3,DOI;PMID;TITLE_EXACT_NORM,AVAILABLE,1,3,DOI,article_like
B12541,3,3,DOI;PMID;TITLE_EXACT_NORM,AVAILABLE,1,3,DOI,article_like
B12542,3,3,DOI;PMID;TITLE_EXACT_NORM,AVAILABLE,1,3,DOI,article_like
B12543,1,1,SINGLETON,TITLE_ONLY,0,1,SINGLETON,conference
B12544,1,1,SINGLETON,AVAILABLE,1,1,SINGLETON,article_like
B12545,1,1,SINGLETON,TITLE_ONLY,0,1,SINGLETON,conference
B12546,3,3,DOI;PMID;TITLE_EXACT_NORM,AVAILABLE,1,3,DOI,article_like
B12547,1,1,SINGLETON,AVAILABLE,1,1,SINGLETON,article_like
B12548,1,1,SINGLETON,AVAILABLE,1,1,SINGLETON,article_like
B12549,1,1,SINGLETON,AVAILABLE,1,1,SINGLETON,article_like
B12550,1,1,SINGLETON,AVAILABLE,1,1,SINGLETON,article_like
B12551,1,1,SINGLETON,AVAILABLE,1,1,SINGLETON,article_like
B12552,1,1,SINGLETON,AVAILABLE,1,1,SINGLETON,article_like
B12553,3,3,DOI;PMID;TITLE_EXACT_NORM,AVAILABLE,1,3,DOI,article_like
B12554,3,3,DOI;PMID;TITLE_EXACT_NORM,AVAILABLE,1,3,DOI,article_like
B12555,3,3,DOI;PMID;TITLE_EXACT_NORM,AVAILABLE,1,3,DOI,article_like
B12556,1,1,SINGLETON,AVAILABLE,1,1,SINGLETON,article_like
B12557,1,1,SINGLETON,AVAILABLE,1,1,SINGLETON,article_like
B12558,1,1,SINGLETON,TITLE_ONLY,0,1,SINGLETON,conference
B12559,3,3,DOI;PMID;TITLE_EXACT_NORM,AVAILABLE,1,3,DOI,article_like
B12560,1,1,SINGLETON,AVAILABLE,1,1,SINGLETON,article_like
B12561,1,1,SINGLETON,AVAILABLE,1,1,SINGLETON,article_like
B12562,3,3,DOI;PMID;TITLE_EXACT_NORM,AVAILABLE,1,3,DOI,article_like
B12563,1,1,SINGLETON,AVAILABLE,1,1,SINGLETON,article_like
B12564,1,1,SINGLETON,AVAILABLE,1,1,SINGLETON,article_like
B12565,3,3,DOI;PMID;TITLE_EXACT_NORM,AVAILABLE,1,3,DOI,article_like
B12566,2,2,DOI;PMID;TITLE_EXACT_NORM,AVAILABLE,1,2,DOI,article_like
B12567,1,1,SINGLETON,TITLE_ONLY,0,1,SINGLETON,article_like
B12568,1,1,SINGLETON,AVAILABLE,1,1,SINGLETON,article_like
B12569,1,1,SINGLETON,AVAILABLE,1,1,SINGLETON,article_like
B12570,1,1,SINGLETON,AVAILABLE,1,1,SINGLETON,article_like
B12571,1,1,SINGLETON,AVAILABLE,1,1,SINGLETON,article_like
B12572,1,1,SINGLETON,AVAILABLE,1,1,SINGLETON,article_like
B12573,3,3,DOI;PMID;TITLE_EXACT_NORM,AVAILABLE,1,3,DOI,article_like
B12574,3,3,DOI;PMID;TITLE_EXACT_NORM,AVAILABLE,1,3,DOI,article_like
B12575,3,3,DOI;PMID;TITLE_EXACT_NORM,AVAILABLE,1,3,DOI,article_like
B12576,3,3,DOI;PMID;TITLE_EXACT_NORM,AVAILABLE,1,3,DOI,article_like
B12577,3,3,DOI;PMID;TITLE_EXACT_NORM,AVAILABLE,1,3,DOI,article_like
B12578,3,3,DOI;PMID;TITLE_EXACT_NORM,AVAILABLE,1,3,DOI,article_like
B12579,1,1,SINGLETON,AVAILABLE,1,1,SINGLETON,article_like
B12580,1,1,SINGLETON,TITLE_ONLY,0,1,SINGLETON,conference
B12581,2,2,DOI;PMID;TITLE_EXACT_NORM,TITLE_ONLY,0,2,DOI,article_like
B12582,1,1,SINGLETON,TITLE_ONLY,0,1,SINGLETON,conference
B12583,2,2,PMID;TITLE_EXACT_NORM,AVAILABLE,1,2,PMID,article_like
B12584,2,2,DOI;TITLE_EXACT_NORM,AVAILABLE,1,2,DOI,article_like
B12585,1,1,SINGLETON,AVAILABLE,1,1,SINGLETON,article_like
B12586,1,1,SINGLETON,AVAILABLE,1,1,SINGLETON,article_like
B12587,1,1,SINGLETON,AVAILABLE,1,1,SINGLETON,article_like
B12588,2,2,DOI;TITLE_EXACT_NORM,AVAILABLE,1,2,DOI,article_like
B12589,1,1,SINGLETON,AVAILABLE,1,1,SINGLETON,article_like
B12590,3,3,DOI;PMID;TITLE_EXACT_NORM,AVAILABLE,1,3,DOI,article_like
B12591,3,3,DOI;PMID;TITLE_EXACT_NORM,AVAILABLE,1,3,DOI,article_like
B12592,3,3,DOI;PMID;TITLE_EXACT_NORM,AVAILABLE,1,3,DOI,article_like
B12593,3,3,DOI;PMID;TITLE_EXACT_NORM,AVAILABLE,1,3,DOI,article_like
B12594,1,1,SINGLETON,AVAILABLE,1,1,SINGLETON,article_like
B12595,1,1,SINGLETON,TITLE_ONLY,0,1,SINGLETON,conference
B12596,3,3,DOI;PMID;TITLE_EXACT_NORM,AVAILABLE,1,3,DOI,article_like
B12597,1,1,SINGLETON,AVAILABLE,1,1,SINGLETON,article_like
B12598,1,1,SINGLETON,AVAILABLE,1,1,SINGLETON,article_like
B12599,3,3,DOI;PMID;TITLE_EXACT_NORM,AVAILABLE,1,3,DOI,article_like
B12600,1,1,SINGLETON,AVAILABLE,1,1,SINGLETON,article_like
B12601,2,2,DOI;PMID;TITLE_EXACT_NORM,TITLE_ONLY,0,2,DOI,article_like
B12602,2,2,DOI;PMID;TITLE_EXACT_NORM,AVAILABLE,1,2,DOI,article_like
B12603,3,3,DOI;PMID;TITLE_EXACT_NORM,AVAILABLE,1,3,DOI,article_like
B12604,1,1,SINGLETON,AVAILABLE,1,1,SINGLETON,article_like
B12605,1,1,SINGLETON,AVAILABLE,1,1,SINGLETON,article_like
B12606,1,1,SINGLETON,AVAILABLE,1,1,SINGLETON,article_like
B12607,1,1,SINGLETON,AVAILABLE,1,1,SINGLETON,article_like
B12608,1,1,SINGLETON,AVAILABLE,1,1,SINGLETON,article_like
B12609,3,3,DOI;PMID;TITLE_EXACT_NORM,AVAILABLE,1,3,DOI,article_like
B12610,1,1,SINGLETON,TITLE_ONLY,0,1,SINGLETON,conference
B12611,3,3,DOI;PMID;TITLE_EXACT_NORM,AVAILABLE,1,3,DOI,article_like
B12612,3,3,DOI;PMID;TITLE_EXACT_NORM,AVAILABLE,1,3,DOI,article_like
B12613,1,1,SINGLETON,AVAILABLE,1,1,SINGLETON,article_like
B12614,1,1,SINGLETON,AVAILABLE,1,1,SINGLETON,article_like
B12615,1,1,SINGLETON,AVAILABLE,1,1,SINGLETON,article_like
B12616,3,3,DOI;PMID;TITLE_EXACT_NORM,AVAILABLE,1,3,DOI,article_like
B12617,2,2,DOI;PMID;TITLE_EXACT_NORM,AVAILABLE,1,2,DOI,article_like
B12618,1,1,SINGLETON,AVAILABLE,1,1,SINGLETON,article_like
B12619,1,1,SINGLETON,AVAILABLE,1,1,SINGLETON,article_like
B12620,1,1,SINGLETON,TITLE_ONLY,0,1,SINGLETON,conference
B12621,2,1,TITLE_EXACT_NORM,TITLE_ONLY,0,2,TITLE_EXACT_NORM,conference
B12622,1,1,SINGLETON,AVAILABLE,1,1,SINGLETON,article_like
B12623,3,3,DOI;PMID;TITLE_EXACT_NORM,AVAILABLE,1,3,DOI,article_like
B12624,3,3,DOI;PMID;TITLE_EXACT_NORM,AVAILABLE,1,3,DOI,article_like
B12625,2,2,DOI;TITLE_EXACT_NORM,AVAILABLE,1,2,DOI,article_like
B12626,1,1,SINGLETON,TITLE_ONLY,0,1,SINGLETON,article_like
B12627,1,1,SINGLETON,AVAILABLE,1,1,SINGLETON,article_like
B12628,1,1,SINGLETON,TITLE_ONLY,0,1,SINGLETON,conference
B12629,1,1,SINGLETON,AVAILABLE,1,1,SINGLETON,article_like
B12630,1,1,SINGLETON,AVAILABLE,1,1,SINGLETON,conference
B12631,2,2,DOI;PMID;TITLE_EXACT_NORM,AVAILABLE,1,2,DOI,article_like
B12632,1,1,SINGLETON,AVAILABLE,1,1,SINGLETON,article_like
B12633,1,1,SINGLETON,AVAILABLE,1,1,SINGLETON,article_like
B12634,3,3,DOI;PMID;TITLE_EXACT_NORM,AVAILABLE,1,3,DOI,article_like
B12635,3,3,DOI;PMID,TITLE_ONLY,0,3,DOI,article_like
B12636,2,2,DOI;PMID;TITLE_EXACT_NORM,AVAILABLE,1,2,DOI,article_like
B12637,1,1,SINGLETON,AVAILABLE,1,1,SINGLETON,article_like
B12638,1,1,SINGLETON,TITLE_ONLY,0,1,SINGLETON,article_like
B12639,1,1,SINGLETON,AVAILABLE,1,1,SINGLETON,article_like
B12640,1,1,SINGLETON,AVAILABLE,1,1,SINGLETON,conference
B12641,3,3,DOI;PMID;TITLE_EXACT_NORM,AVAILABLE,1,3,DOI,article_like
B12642,1,1,SINGLETON,TITLE_ONLY,0,1,SINGLETON,conference
B12643,1,1,SINGLETON,AVAILABLE,1,1,SINGLETON,article_like
B12644,3,3,DOI;PMID;TITLE_EXACT_NORM,AVAILABLE,1,3,DOI,article_like
B12645,3,3,DOI;PMID;TITLE_EXACT_NORM,AVAILABLE,1,3,DOI,article_like
B12646,3,3,DOI;PMID;TITLE_EXACT_NORM,AVAILABLE,1,3,DOI,article_like
B12647,3,3,DOI;PMID,AVAILABLE,1,3,DOI,correction
B12648,1,1,SINGLETON,AVAILABLE,1,1,SINGLETON,article_like
B12649,1,1,SINGLETON,AVAILABLE,1,1,SINGLETON,article_like
B12650,1,1,SINGLETON,AVAILABLE,1,1,SINGLETON,article_like
B12651,2,2,DOI;PMID;TITLE_EXACT_NORM,AVAILABLE,1,2,DOI,article_like
B12652,1,1,SINGLETON,TITLE_ONLY,0,1,SINGLETON,conference
B12653,3,3,DOI;PMID;TITLE_EXACT_NORM,AVAILABLE,1,3,DOI,article_like
B12654,2,2,DOI;PMID;TITLE_EXACT_NORM,AVAILABLE,1,2,DOI,article_like
B12655,1,1,SINGLETON,AVAILABLE,1,1,SINGLETON,article_like
B12656,1,1,SINGLETON,AVAILABLE,1,1,SINGLETON,article_like
B12657,1,1,SINGLETON,AVAILABLE,1,1,SINGLETON,article_like
B12658,1,1,SINGLETON,AVAILABLE,1,1,SINGLETON,article_like
B12659,1,1,SINGLETON,AVAILABLE,1,1,SINGLETON,article_like
B12660,1,1,SINGLETON,AVAILABLE,1,1,SINGLETON,article_like
B12661,1,1,SINGLETON,AVAILABLE,1,1,SINGLETON,article_like
B12662,1,1,SINGLETON,AVAILABLE,1,1,SINGLETON,article_like
B12663,3,3,DOI;PMID;TITLE_EXACT_NORM,AVAILABLE,1,3,DOI,article_like
B12664,3,3,DOI;PMID;TITLE_EXACT_NORM,AVAILABLE,1,3,DOI,article_like
B12665,1,1,SINGLETON,AVAILABLE,1,1,SINGLETON,article_like
B12666,1,1,SINGLETON,AVAILABLE,1,1,SINGLETON,article_like
B12667,1,1,SINGLETON,AVAILABLE,1,1,SINGLETON,article_like
B12668,1,1,SINGLETON,AVAILABLE,1,1,SINGLETON,article_like
B12669,3,3,DOI;PMID;TITLE_EXACT_NORM,AVAILABLE,1,3,DOI,article_like
B12670,1,1,SINGLETON,AVAILABLE,1,1,SINGLETON,article_like
B12671,1,1,SINGLETON,TITLE_ONLY,0,1,SINGLETON,conference
B12672,1,1,SINGLETON,TITLE_ONLY,0,1,SINGLETON,conference
B12673,3,3,DOI;PMID;TITLE_EXACT_NORM,AVAILABLE,1,3,DOI,article_like
B12674,1,1,SINGLETON,AVAILABLE,1,1,SINGLETON,article_like
B12675,3,3,DOI;PMID;TITLE_EXACT_NORM,AVAILABLE,1,3,DOI,article_like
B12676,3,3,DOI;PMID;TITLE_EXACT_NORM,AVAILABLE,1,3,DOI,article_like
B12677,1,1,SINGLETON,AVAILABLE,1,1,SINGLETON,article_like
B12678,1,1,SINGLETON,TITLE_ONLY,0,1,SINGLETON,conference
B12679,3,3,DOI;PMID;TITLE_EXACT_NORM,AVAILABLE,1,3,DOI,article_like
B12680,1,1,SINGLETON,AVAILABLE,1,1,SINGLETON,article_like
B12681,1,1,SINGLETON,AVAILABLE,1,1,SINGLETON,article_like
B12682,1,1,SINGLETON,AVAILABLE,1,1,SINGLETON,article_like
B12683,3,3,DOI;PMID;TITLE_EXACT_NORM,AVAILABLE,1,3,DOI,article_like
B12684,3,3,DOI;PMID;TITLE_EXACT_NORM,AVAILABLE,1,3,DOI,article_like
B12685,1,1,SINGLETON,AVAILABLE,1,1,SINGLETON,article_like
B12686,1,1,SINGLETON,AVAILABLE,1,1,SINGLETON,article_like
B12687,1,1,SINGLETON,TITLE_ONLY,0,1,SINGLETON,article_like
B12688,1,1,SINGLETON,AVAILABLE,1,1,SINGLETON,article_like
B12689,1,1,SINGLETON,AVAILABLE,1,1,SINGLETON,article_like
B12690,1,1,SINGLETON,AVAILABLE,1,1,SINGLETON,article_like
B12691,1,1,SINGLETON,AVAILABLE,1,1,SINGLETON,article_like
B12692,1,1,SINGLETON,AVAILABLE,1,1,SINGLETON,article_like
B12693,1,1,SINGLETON,TITLE_ONLY,0,1,SINGLETON,conference
B12694,1,1,SINGLETON,AVAILABLE,1,1,SINGLETON,article_like
B12695,1,1,SINGLETON,AVAILABLE,1,1,SINGLETON,article_like
B12696,3,3,DOI;PMID;TITLE_EXACT_NORM,AVAILABLE,1,3,DOI,article_like
B12697,3,3,DOI;PMID;TITLE_EXACT_NORM,AVAILABLE,1,3,DOI,article_like
B12698,3,3,DOI;PMID;TITLE_EXACT_NORM,AVAILABLE,1,3,DOI,article_like
B12699,3,3,DOI;PMID;TITLE_EXACT_NORM,AVAILABLE,1,3,DOI,article_like
B12700,1,1,SINGLETON,TITLE_ONLY,0,1,SINGLETON,conference
B12701,3,3,DOI;PMID;TITLE_EXACT_NORM,AVAILABLE,1,3,DOI,article_like
B12702,1,1,SINGLETON,AVAILABLE,1,1,SINGLETON,article_like
B12703,3,3,DOI;PMID;TITLE_EXACT_NORM,AVAILABLE,1,3,DOI,article_like
B12704,1,1,SINGLETON,AVAILABLE,1,1,SINGLETON,article_like
B12705,1,1,SINGLETON,TITLE_ONLY,0,1,SINGLETON,conference
B12706,3,3,DOI;PMID;TITLE_EXACT_NORM,AVAILABLE,1,3,DOI,article_like
B12707,3,3,DOI;PMID;TITLE_EXACT_NORM,AVAILABLE,1,3,DOI,article_like
B12708,3,3,DOI;PMID;TITLE_EXACT_NORM,AVAILABLE,1,3,DOI,article_like
B12709,1,1,SINGLETON,AVAILABLE,1,1,SINGLETON,article_like
B12710,3,3,DOI;PMID;TITLE_EXACT_NORM,AVAILABLE,1,3,DOI,article_like
B12711,3,3,DOI;PMID;TITLE_EXACT_NORM,AVAILABLE,1,3,DOI,article_like
B12712,3,3,DOI;PMID;TITLE_EXACT_NORM,AVAILABLE,1,3,DOI,article_like
B12713,1,1,SINGLETON,TITLE_ONLY,0,1,SINGLETON,conference
B12714,1,1,SINGLETON,TITLE_ONLY,0,1,SINGLETON,conference
B12715,3,3,DOI;PMID;TITLE_EXACT_NORM,AVAILABLE,1,3,DOI,article_like
B12716,3,3,DOI;PMID;TITLE_EXACT_NORM,AVAILABLE,1,3,DOI,article_like
B12717,1,1,SINGLETON,AVAILABLE,1,1,SINGLETON,article_like
B12718,1,1,SINGLETON,AVAILABLE,1,1,SINGLETON,conference
B12719,3,3,DOI;PMID;TITLE_EXACT_NORM,AVAILABLE,1,3,DOI,article_like
B12720,3,3,DOI;PMID;TITLE_EXACT_NORM,AVAILABLE,1,3,DOI,article_like
B12721,1,1,SINGLETON,AVAILABLE,1,1,SINGLETON,article_like
B12722,3,3,DOI;PMID;TITLE_EXACT_NORM,AVAILABLE,1,3,DOI,article_like
B12723,3,3,DOI;PMID;TITLE_EXACT_NORM,AVAILABLE,1,3,DOI,article_like
B12724,1,1,SINGLETON,TITLE_ONLY,0,1,SINGLETON,conference
B12725,1,1,SINGLETON,AVAILABLE,1,1,SINGLETON,article_like
B12726,1,1,SINGLETON,TITLE_ONLY,0,1,SINGLETON,article_like
B12727,3,3,DOI;PMID;TITLE_EXACT_NORM,AVAILABLE,1,3,DOI,article_like
B12728,1,1,SINGLETON,TITLE_ONLY,0,1,SINGLETON,conference
B12729,2,2,DOI;PMID;TITLE_EXACT_NORM,AVAILABLE,1,2,DOI,article_like
B12730,3,3,DOI;PMID;TITLE_EXACT_NORM,AVAILABLE,1,3,DOI,article_like
B12731,3,3,DOI;PMID;TITLE_EXACT_NORM,AVAILABLE,1,3,DOI,article_like
B12732,1,1,SINGLETON,AVAILABLE,1,1,SINGLETON,article_like
B12733,3,3,DOI;PMID;TITLE_EXACT_NORM,AVAILABLE,1,3,DOI,article_like
B12734,3,3,DOI;PMID;TITLE_EXACT_NORM,AVAILABLE,1,3,DOI,article_like
B12735,1,1,SINGLETON,AVAILABLE,1,1,SINGLETON,article_like
B12736,1,1,SINGLETON,TITLE_ONLY,0,1,SINGLETON,article_like
B12737,3,3,DOI;PMID;TITLE_EXACT_NORM,AVAILABLE,1,3,DOI,article_like
B12738,3,3,DOI;PMID;TITLE_EXACT_NORM,AVAILABLE,1,3,DOI,article_like
B12739,3,3,DOI;PMID;TITLE_EXACT_NORM,AVAILABLE,1,3,DOI,article_like
B12740,1,1,SINGLETON,AVAILABLE,1,1,SINGLETON,article_like
B12741,3,3,PMID;TITLE_EXACT_NORM,AVAILABLE,1,3,PMID,article_like
B12742,3,3,DOI;PMID;TITLE_EXACT_NORM,AVAILABLE,1,3,DOI,article_like
B12743,1,1,SINGLETON,TITLE_ONLY,0,1,SINGLETON,conference
B12744,3,3,DOI;PMID;TITLE_EXACT_NORM,AVAILABLE,1,3,DOI,article_like
B12745,2,2,DOI;PMID;TITLE_EXACT_NORM,AVAILABLE,1,2,DOI,article_like
B12746,1,1,SINGLETON,AVAILABLE,1,1,SINGLETON,article_like
B12747,3,3,DOI;PMID;TITLE_EXACT_NORM,TITLE_ONLY,0,3,DOI,article_like
B12748,1,1,SINGLETON,AVAILABLE,1,1,SINGLETON,article_like
B12749,1,1,SINGLETON,AVAILABLE,1,1,SINGLETON,article_like
B12750,3,3,DOI;PMID;TITLE_EXACT_NORM,AVAILABLE,1,3,DOI,article_like
B12751,2,2,DOI;PMID;TITLE_EXACT_NORM,AVAILABLE,1,2,DOI,article_like
B12752,3,3,DOI;PMID;TITLE_EXACT_NORM,AVAILABLE,1,3,DOI,article_like
B12753,1,1,SINGLETON,AVAILABLE,1,1,SINGLETON,article_like
B12754,1,1,SINGLETON,TITLE_ONLY,0,1,SINGLETON,article_like
B12755,2,2,DOI;PMID;TITLE_EXACT_NORM,AVAILABLE,1,2,DOI,article_like
B12756,1,1,SINGLETON,AVAILABLE,1,1,SINGLETON,conference
B12757,2,2,DOI;PMID;TITLE_EXACT_NORM,AVAILABLE,1,2,DOI,article_like
B12758,3,3,DOI;PMID;TITLE_EXACT_NORM,AVAILABLE,1,3,DOI,article_like
B12759,1,1,SINGLETON,AVAILABLE,1,1,SINGLETON,article_like
B12760,1,1,SINGLETON,AVAILABLE,1,1,SINGLETON,article_like
B12761,1,1,SINGLETON,AVAILABLE,1,1,SINGLETON,article_like
B12762,3,3,DOI;PMID;TITLE_EXACT_NORM,AVAILABLE,1,3,DOI,article_like
B12763,1,1,SINGLETON,AVAILABLE,1,1,SINGLETON,article_like
B12764,1,1,SINGLETON,AVAILABLE,1,1,SINGLETON,article_like
B12765,3,3,DOI;PMID;TITLE_EXACT_NORM,AVAILABLE,1,3,DOI,article_like
B12766,1,1,SINGLETON,TITLE_ONLY,0,1,SINGLETON,conference
B12767,3,3,DOI;PMID;TITLE_EXACT_NORM,AVAILABLE,1,3,DOI,article_like
B12768,1,1,SINGLETON,TITLE_ONLY,0,1,SINGLETON,conference
B12769,3,3,DOI;PMID;TITLE_EXACT_NORM,AVAILABLE,1,3,DOI,article_like
B12770,1,1,SINGLETON,TITLE_ONLY,0,1,SINGLETON,conference
B12771,3,3,DOI;PMID;TITLE_EXACT_NORM,AVAILABLE,1,3,DOI,article_like
B12772,1,1,SINGLETON,TITLE_ONLY,0,1,SINGLETON,conference
B12773,1,1,SINGLETON,AVAILABLE,1,1,SINGLETON,article_like
B12774,3,3,DOI;PMID;TITLE_EXACT_NORM,AVAILABLE,1,3,DOI,article_like
B12775,1,1,SINGLETON,AVAILABLE,1,1,SINGLETON,article_like
B12776,1,1,SINGLETON,TITLE_ONLY,0,1,SINGLETON,article_like
B12777,1,1,SINGLETON,TITLE_ONLY,0,1,SINGLETON,conference
B12778,1,1,SINGLETON,TITLE_ONLY,0,1,SINGLETON,conference
B12779,3,3,DOI;PMID;TITLE_EXACT_NORM,AVAILABLE,1,3,DOI,article_like
B12780,1,1,SINGLETON,AVAILABLE,1,1,SINGLETON,article_like
B12781,2,1,TITLE_EXACT_NORM,TITLE_ONLY,0,2,TITLE_EXACT_NORM,conference
B12782,1,1,SINGLETON,AVAILABLE,1,1,SINGLETON,article_like
B12783,3,3,DOI;PMID;TITLE_EXACT_NORM,AVAILABLE,1,3,DOI,article_like
B12784,1,1,SINGLETON,AVAILABLE,1,1,SINGLETON,article_like
B12785,1,1,SINGLETON,AVAILABLE,1,1,SINGLETON,article_like
B12786,2,2,DOI;TITLE_EXACT_NORM,AVAILABLE,1,2,DOI,article_like
B12787,1,1,SINGLETON,TITLE_ONLY,0,1,SINGLETON,conference
B12788,1,1,SINGLETON,AVAILABLE,1,1,SINGLETON,article_like
B12789,3,3,DOI;PMID;TITLE_EXACT_NORM,AVAILABLE,1,3,DOI,article_like
B12790,3,3,DOI;PMID;TITLE_EXACT_NORM,AVAILABLE,1,3,DOI,article_like
B12791,1,1,SINGLETON,AVAILABLE,1,1,SINGLETON,article_like
B12792,3,3,DOI;PMID;TITLE_EXACT_NORM,AVAILABLE,1,3,DOI,article_like
B12793,2,2,TITLE_EXACT_NORM,AVAILABLE,1,2,TITLE_EXACT_NORM,article_like
B12794,3,3,DOI;PMID;TITLE_EXACT_NORM,AVAILABLE,1,3,DOI,article_like
B12795,1,1,SINGLETON,AVAILABLE,1,1,SINGLETON,article_like
B12796,3,3,DOI;PMID;TITLE_EXACT_NORM,AVAILABLE,1,3,DOI,article_like
B12797,2,2,DOI;TITLE_EXACT_NORM,AVAILABLE,1,2,DOI,article_like
B12798,3,3,DOI;PMID;TITLE_EXACT_NORM,AVAILABLE,1,3,DOI,article_like
B12799,1,1,SINGLETON,AVAILABLE,1,1,SINGLETON,article_like
B12800,1,1,SINGLETON,AVAILABLE,1,1,SINGLETON,article_like
B12801,1,1,SINGLETON,AVAILABLE,1,1,SINGLETON,article_like
B12802,1,1,SINGLETON,AVAILABLE,1,1,SINGLETON,article_like
B12803,3,3,DOI;PMID;TITLE_EXACT_NORM,TITLE_ONLY,0,3,DOI,article_like
B12804,3,3,DOI;PMID;TITLE_EXACT_NORM,AVAILABLE,1,3,DOI,article_like
B12805,3,3,DOI;PMID;TITLE_EXACT_NORM,AVAILABLE,1,3,DOI,article_like
B12806,1,1,SINGLETON,TITLE_ONLY,0,1,SINGLETON,article_like
B12807,3,3,DOI;PMID;TITLE_EXACT_NORM,TITLE_ONLY,0,3,DOI,article_like
B12808,1,1,SINGLETON,TITLE_ONLY,0,1,SINGLETON,article_like
B12809,1,1,SINGLETON,TITLE_ONLY,0,1,SINGLETON,conference
B12810,1,1,SINGLETON,AVAILABLE,1,1,SINGLETON,article_like
B12811,1,1,SINGLETON,AVAILABLE,1,1,SINGLETON,article_like
B12812,1,1,SINGLETON,AVAILABLE,1,1,SINGLETON,article_like
B12813,1,1,SINGLETON,AVAILABLE,1,1,SINGLETON,article_like
B12814,1,1,SINGLETON,AVAILABLE,1,1,SINGLETON,article_like
B12815,3,3,DOI;PMID;TITLE_EXACT_NORM,AVAILABLE,1,3,DOI,article_like
B12816,1,1,SINGLETON,AVAILABLE,1,1,SINGLETON,article_like
B12817,1,1,SINGLETON,TITLE_ONLY,0,1,SINGLETON,conference
B12818,1,1,SINGLETON,AVAILABLE,1,1,SINGLETON,article_like
B12819,1,1,SINGLETON,AVAILABLE,1,1,SINGLETON,article_like
B12820,3,3,DOI;PMID;TITLE_EXACT_NORM,AVAILABLE,1,3,DOI,article_like
B12821,1,1,SINGLETON,AVAILABLE,1,1,SINGLETON,article_like
B12822,1,1,SINGLETON,AVAILABLE,1,1,SINGLETON,article_like
B12823,3,3,DOI;PMID;TITLE_EXACT_NORM,AVAILABLE,1,3,DOI,article_like
B12824,3,3,DOI;PMID;TITLE_EXACT_NORM,AVAILABLE,1,3,DOI,article_like
B12825,1,1,SINGLETON,TITLE_ONLY,0,1,SINGLETON,conference
B12826,2,2,DOI;PMID;TITLE_EXACT_NORM,AVAILABLE,1,2,DOI,article_like
B12827,1,1,SINGLETON,TITLE_ONLY,0,1,SINGLETON,conference
B12828,2,2,DOI;PMID;TITLE_EXACT_NORM,AVAILABLE,1,2,DOI,article_like
B12829,1,1,SINGLETON,AVAILABLE,1,1,SINGLETON,article_like
B12830,3,3,DOI;PMID;TITLE_EXACT_NORM,AVAILABLE,1,3,DOI,article_like
B12831,1,1,SINGLETON,AVAILABLE,1,1,SINGLETON,article_like
B12832,3,3,DOI;PMID;TITLE_EXACT_NORM,AVAILABLE,1,3,DOI,article_like
B12833,2,2,DOI;PMID;TITLE_EXACT_NORM,AVAILABLE,1,2,DOI,article_like
B12834,3,3,DOI;PMID;TITLE_EXACT_NORM,AVAILABLE,1,3,DOI,article_like
B12835,1,1,SINGLETON,AVAILABLE,1,1,SINGLETON,article_like
B12836,3,3,DOI;PMID;TITLE_EXACT_NORM,AVAILABLE,1,3,DOI,article_like
B12837,1,1,SINGLETON,AVAILABLE,1,1,SINGLETON,article_like
B12838,1,1,SINGLETON,AVAILABLE,1,1,SINGLETON,article_like
B12839,3,3,DOI;PMID;TITLE_EXACT_NORM,AVAILABLE,1,3,DOI,article_like
B12840,1,1,SINGLETON,AVAILABLE,1,1,SINGLETON,article_like
B12841,1,1,SINGLETON,AVAILABLE,1,1,SINGLETON,correction
B12842,3,3,DOI;PMID;TITLE_EXACT_NORM,AVAILABLE,1,3,DOI,article_like
B12843,1,1,SINGLETON,AVAILABLE,1,1,SINGLETON,article_like
B12844,1,1,SINGLETON,TITLE_ONLY,0,1,SINGLETON,article_like
B12845,1,1,SINGLETON,AVAILABLE,1,1,SINGLETON,article_like
B12846,1,1,SINGLETON,TITLE_ONLY,0,1,SINGLETON,conference
B12847,1,1,SINGLETON,TITLE_ONLY,0,1,SINGLETON,article_like
B12848,1,1,SINGLETON,AVAILABLE,1,1,SINGLETON,article_like
B12849,1,1,SINGLETON,TITLE_ONLY,0,1,SINGLETON,conference
B12850,2,2,DOI;PMID;TITLE_EXACT_NORM,AVAILABLE,1,2,DOI,article_like
B12851,1,1,SINGLETON,AVAILABLE,1,1,SINGLETON,article_like
B12852,1,1,SINGLETON,AVAILABLE,1,1,SINGLETON,article_like
B12853,1,1,SINGLETON,TITLE_ONLY,0,1,SINGLETON,conference
B12854,2,1,TITLE_EXACT_NORM,TITLE_ONLY,0,2,TITLE_EXACT_NORM,conference
B12855,2,2,DOI;PMID;TITLE_EXACT_NORM,AVAILABLE,1,2,DOI,article_like
B12856,1,1,SINGLETON,TITLE_ONLY,0,1,SINGLETON,conference
B12857,1,1,SINGLETON,AVAILABLE,1,1,SINGLETON,article_like
B12858,3,3,DOI;PMID;TITLE_EXACT_NORM,AVAILABLE,1,3,DOI,article_like
B12859,1,1,SINGLETON,AVAILABLE,1,1,SINGLETON,article_like
B12860,3,3,DOI;PMID;TITLE_EXACT_NORM,AVAILABLE,1,3,DOI,article_like
B12861,3,3,DOI;PMID;TITLE_EXACT_NORM,AVAILABLE,1,3,DOI,article_like
B12862,1,1,SINGLETON,AVAILABLE,1,1,SINGLETON,article_like
B12863,3,3,DOI;PMID;TITLE_EXACT_NORM,AVAILABLE,1,3,DOI,article_like
B12864,1,1,SINGLETON,AVAILABLE,1,1,SINGLETON,article_like
B12865,1,1,SINGLETON,AVAILABLE,1,1,SINGLETON,article_like
B12866,1,1,SINGLETON,AVAILABLE,1,1,SINGLETON,article_like
B12867,3,3,DOI;PMID;TITLE_EXACT_NORM,TITLE_ONLY,0,3,DOI,article_like
B12868,3,3,DOI;PMID;TITLE_EXACT_NORM,AVAILABLE,1,3,DOI,article_like
B12869,1,1,SINGLETON,AVAILABLE,1,1,SINGLETON,article_like
B12870,3,3,DOI;PMID;TITLE_EXACT_NORM,AVAILABLE,1,3,DOI,article_like
B12871,3,3,DOI;PMID;TITLE_EXACT_NORM,AVAILABLE,1,3,DOI,article_like
B12872,2,2,TITLE_EXACT_NORM,AVAILABLE,1,2,TITLE_EXACT_NORM,article_like
B12873,1,1,SINGLETON,AVAILABLE,1,1,SINGLETON,article_like
B12874,1,1,SINGLETON,AVAILABLE,1,1,SINGLETON,article_like
B12875,3,3,DOI;PMID;TITLE_EXACT_NORM,AVAILABLE,1,3,DOI,article_like
B12876,3,3,DOI;PMID;TITLE_EXACT_NORM,AVAILABLE,1,3,DOI,article_like
B12877,3,3,DOI;PMID;TITLE_EXACT_NORM,AVAILABLE,1,3,DOI,article_like
B12878,3,3,DOI;PMID;TITLE_EXACT_NORM,AVAILABLE,1,3,DOI,article_like
B12879,2,2,DOI;PMID;TITLE_EXACT_NORM,AVAILABLE,1,2,DOI,article_like
B12880,1,1,SINGLETON,TITLE_ONLY,0,1,SINGLETON,conference
B12881,1,1,SINGLETON,TITLE_ONLY,0,1,SINGLETON,conference
B12882,1,1,SINGLETON,AVAILABLE,1,1,SINGLETON,article_like
B12883,1,1,SINGLETON,AVAILABLE,1,1,SINGLETON,article_like
B12884,1,1,SINGLETON,TITLE_ONLY,0,1,SINGLETON,conference
B12885,3,3,DOI;PMID;TITLE_EXACT_NORM,AVAILABLE,1,3,DOI,article_like
B12886,1,1,SINGLETON,TITLE_ONLY,0,1,SINGLETON,conference
B12887,1,1,SINGLETON,TITLE_ONLY,0,1,SINGLETON,conference
B12888,1,1,SINGLETON,AVAILABLE,1,1,SINGLETON,article_like
B12889,3,3,DOI;PMID;TITLE_EXACT_NORM,AVAILABLE,1,3,DOI,article_like
B12890,1,1,SINGLETON,AVAILABLE,1,1,SINGLETON,correction
B12891,1,1,SINGLETON,AVAILABLE,1,1,SINGLETON,article_like
B12892,1,1,SINGLETON,TITLE_ONLY,0,1,SINGLETON,conference
B12893,3,3,DOI;PMID;TITLE_EXACT_NORM,AVAILABLE,1,3,DOI,article_like
B12894,1,1,SINGLETON,AVAILABLE,1,1,SINGLETON,article_like
B12895,3,3,DOI;PMID;TITLE_EXACT_NORM,AVAILABLE,1,3,DOI,article_like
B12896,3,3,DOI;PMID;TITLE_EXACT_NORM,AVAILABLE,1,3,DOI,article_like
B12897,2,2,DOI;PMID;TITLE_EXACT_NORM,AVAILABLE,1,2,DOI,article_like
B12898,3,3,DOI;PMID;TITLE_EXACT_NORM,AVAILABLE,1,3,DOI,article_like
B12899,1,1,SINGLETON,TITLE_ONLY,0,1,SINGLETON,conference
B12900,3,3,DOI;PMID;TITLE_EXACT_NORM,AVAILABLE,1,3,DOI,article_like
B12901,3,3,DOI;PMID;TITLE_EXACT_NORM,AVAILABLE,1,3,DOI,article_like
B12902,3,3,DOI;PMID;TITLE_EXACT_NORM,AVAILABLE,1,3,DOI,article_like
B12903,3,3,DOI;PMID;TITLE_EXACT_NORM,AVAILABLE,1,3,DOI,article_like
B12904,3,3,DOI;PMID;TITLE_EXACT_NORM,AVAILABLE,1,3,DOI,article_like
B12905,1,1,SINGLETON,AVAILABLE,1,1,SINGLETON,article_like
B12906,3,3,DOI;PMID;TITLE_EXACT_NORM,AVAILABLE,1,3,DOI,article_like
B12907,1,1,SINGLETON,AVAILABLE,1,1,SINGLETON,article_like
B12908,1,1,SINGLETON,TITLE_ONLY,0,1,SINGLETON,conference
B12909,1,1,SINGLETON,TITLE_ONLY,0,1,SINGLETON,conference
B12910,1,1,SINGLETON,AVAILABLE,1,1,SINGLETON,article_like
B12911,3,3,DOI;PMID;TITLE_EXACT_NORM,AVAILABLE,1,3,DOI,article_like
B12912,3,3,DOI;PMID;TITLE_EXACT_NORM,AVAILABLE,1,3,DOI,article_like
B12913,3,3,DOI;PMID;TITLE_EXACT_NORM,AVAILABLE,1,3,DOI,article_like
B12914,1,1,SINGLETON,AVAILABLE,1,1,SINGLETON,article_like
B12915,2,2,DOI;PMID;TITLE_EXACT_NORM,AVAILABLE,1,2,DOI,article_like
B12916,1,1,SINGLETON,AVAILABLE,1,1,SINGLETON,article_like
B12917,3,3,DOI;PMID;TITLE_EXACT_NORM,AVAILABLE,1,3,DOI,article_like
B12918,2,2,DOI;TITLE_EXACT_NORM,AVAILABLE,1,2,DOI,article_like
B12919,3,3,DOI;PMID;TITLE_EXACT_NORM,AVAILABLE,1,3,DOI,article_like
B12920,3,3,DOI;PMID;TITLE_EXACT_NORM,AVAILABLE,1,3,DOI,article_like
B12921,1,1,SINGLETON,AVAILABLE,1,1,SINGLETON,article_like
B12922,3,3,DOI;PMID;TITLE_EXACT_NORM,AVAILABLE,1,3,DOI,article_like
B12923,3,3,DOI;PMID;TITLE_EXACT_NORM,AVAILABLE,1,3,DOI,article_like
B12924,1,1,SINGLETON,AVAILABLE,1,1,SINGLETON,article_like
B12925,3,3,DOI;PMID;TITLE_EXACT_NORM,AVAILABLE,1,3,DOI,article_like
B12926,1,1,SINGLETON,AVAILABLE,1,1,SINGLETON,article_like
B12927,3,3,DOI;PMID;TITLE_EXACT_NORM,AVAILABLE,1,3,DOI,article_like
B12928,1,1,SINGLETON,TITLE_ONLY,0,1,SINGLETON,conference
B12929,3,3,DOI;PMID;TITLE_EXACT_NORM,AVAILABLE,1,3,DOI,article_like
B12930,3,3,DOI;PMID;TITLE_EXACT_NORM,AVAILABLE,1,3,DOI,article_like
B12931,3,3,DOI;PMID;TITLE_EXACT_NORM,AVAILABLE,1,3,DOI,article_like
B12932,3,3,DOI;PMID;TITLE_EXACT_NORM,AVAILABLE,1,3,DOI,article_like
B12933,1,1,SINGLETON,AVAILABLE,1,1,SINGLETON,article_like
B12934,3,3,DOI;PMID;TITLE_EXACT_NORM,AVAILABLE,1,3,DOI,article_like
B12935,1,1,SINGLETON,AVAILABLE,1,1,SINGLETON,article_like
B12936,3,3,DOI;PMID;TITLE_EXACT_NORM,AVAILABLE,1,3,DOI,article_like
B12937,3,3,DOI;PMID;TITLE_EXACT_NORM,TITLE_ONLY,0,3,DOI,article_like
B12938,3,3,DOI;PMID;TITLE_EXACT_NORM,AVAILABLE,1,3,DOI,article_like
B12939,3,3,DOI;PMID;TITLE_EXACT_NORM,AVAILABLE,1,3,DOI,article_like
B12940,1,1,SINGLETON,TITLE_ONLY,0,1,SINGLETON,conference
B12941,3,3,DOI;PMID;TITLE_EXACT_NORM,AVAILABLE,1,3,DOI,article_like
B12942,1,1,SINGLETON,AVAILABLE,1,1,SINGLETON,article_like
B12943,1,1,SINGLETON,AVAILABLE,1,1,SINGLETON,article_like
B12944,3,3,DOI;PMID;TITLE_EXACT_NORM,TITLE_ONLY,0,3,DOI,article_like
B12945,3,3,DOI;PMID;TITLE_EXACT_NORM,AVAILABLE,1,3,DOI,article_like
B12946,3,3,DOI;PMID;TITLE_EXACT_NORM,AVAILABLE,1,3,DOI,article_like
B12947,1,1,SINGLETON,AVAILABLE,1,1,SINGLETON,article_like
B12948,1,1,SINGLETON,AVAILABLE,1,1,SINGLETON,conference
B12949,2,2,DOI;PMID;TITLE_EXACT_NORM,AVAILABLE,1,2,DOI,article_like
B12950,3,3,DOI;PMID;TITLE_EXACT_NORM,AVAILABLE,1,3,DOI,article_like
B12951,1,1,SINGLETON,TITLE_ONLY,0,1,SINGLETON,conference
B12952,1,1,SINGLETON,AVAILABLE,1,1,SINGLETON,article_like
B12953,3,3,DOI;PMID;TITLE_EXACT_NORM,AVAILABLE,1,3,DOI,article_like
B12954,1,1,SINGLETON,AVAILABLE,1,1,SINGLETON,article_like
B12955,1,1,SINGLETON,AVAILABLE,1,1,SINGLETON,article_like
B12956,1,1,SINGLETON,TITLE_ONLY,0,1,SINGLETON,conference
B12957,3,3,DOI;PMID;TITLE_EXACT_NORM,AVAILABLE,1,3,DOI,article_like
B12958,1,1,SINGLETON,AVAILABLE,1,1,SINGLETON,article_like
B12959,3,3,DOI;PMID;TITLE_EXACT_NORM,TITLE_ONLY,0,3,DOI,article_like
B12960,1,1,SINGLETON,AVAILABLE,1,1,SINGLETON,article_like
B12961,1,1,SINGLETON,TITLE_ONLY,0,1,SINGLETON,conference
B12962,3,3,DOI;PMID;TITLE_EXACT_NORM,AVAILABLE,1,3,DOI,article_like
B12963,1,1,SINGLETON,AVAILABLE,1,1,SINGLETON,article_like
B12964,3,3,DOI;PMID;TITLE_EXACT_NORM,AVAILABLE,1,3,DOI,article_like
B12965,3,3,DOI;PMID;TITLE_EXACT_NORM,AVAILABLE,1,3,DOI,article_like
B12966,1,1,SINGLETON,AVAILABLE,1,1,SINGLETON,article_like
B12967,1,1,SINGLETON,AVAILABLE,1,1,SINGLETON,article_like
B12968,1,1,SINGLETON,AVAILABLE,1,1,SINGLETON,article_like
B12969,3,3,DOI;PMID;TITLE_EXACT_NORM,TITLE_ONLY,0,3,DOI,article_like
B12970,1,1,SINGLETON,AVAILABLE,1,1,SINGLETON,article_like
B12971,1,1,SINGLETON,AVAILABLE,1,1,SINGLETON,article_like
B12972,1,1,SINGLETON,AVAILABLE,1,1,SINGLETON,article_like
B12973,1,1,SINGLETON,TITLE_ONLY,0,1,SINGLETON,conference
B12974,3,3,DOI;PMID;TITLE_EXACT_NORM,AVAILABLE,1,3,DOI,article_like
B12975,3,3,DOI;PMID;TITLE_EXACT_NORM,AVAILABLE,1,3,DOI,article_like
B12976,1,1,SINGLETON,AVAILABLE,1,1,SINGLETON,article_like
B12977,1,1,SINGLETON,AVAILABLE,1,1,SINGLETON,article_like
B12978,3,3,DOI;PMID;TITLE_EXACT_NORM,AVAILABLE,1,3,DOI,article_like
B12979,3,3,DOI;PMID;TITLE_EXACT_NORM,AVAILABLE,1,3,DOI,article_like
B12980,1,1,SINGLETON,AVAILABLE,1,1,SINGLETON,article_like
B12981,1,1,SINGLETON,AVAILABLE,1,1,SINGLETON,article_like
B12982,1,1,SINGLETON,TITLE_ONLY,0,1,SINGLETON,conference
B12983,3,3,DOI;PMID;TITLE_EXACT_NORM,AVAILABLE,1,3,DOI,article_like
B12984,3,3,DOI;PMID;TITLE_EXACT_NORM,AVAILABLE,1,3,DOI,article_like
B12985,1,1,SINGLETON,TITLE_ONLY,0,1,SINGLETON,conference
B12986,3,3,DOI;PMID;TITLE_EXACT_NORM,AVAILABLE,1,3,DOI,article_like
B12987,1,1,SINGLETON,AVAILABLE,1,1,SINGLETON,article_like
B12988,2,2,DOI;PMID;TITLE_EXACT_NORM,AVAILABLE,1,2,DOI,article_like
B12989,1,1,SINGLETON,AVAILABLE,1,1,SINGLETON,article_like
B12990,1,1,SINGLETON,AVAILABLE,1,1,SINGLETON,article_like
B12991,3,3,DOI;PMID;TITLE_EXACT_NORM,AVAILABLE,1,3,DOI,article_like
B12992,1,1,SINGLETON,AVAILABLE,1,1,SINGLETON,article_like
B12993,1,1,SINGLETON,AVAILABLE,1,1,SINGLETON,article_like
B12994,1,1,SINGLETON,TITLE_ONLY,0,1,SINGLETON,conference
B12995,3,3,DOI;PMID;TITLE_EXACT_NORM,AVAILABLE,1,3,DOI,article_like
B12996,1,1,SINGLETON,TITLE_ONLY,0,1,SINGLETON,conference
B12997,3,3,DOI;PMID;TITLE_EXACT_NORM,AVAILABLE,1,3,DOI,article_like
B12998,1,1,SINGLETON,AVAILABLE,1,1,SINGLETON,article_like
B12999,1,1,SINGLETON,AVAILABLE,1,1,SINGLETON,article_like
B13000,1,1,SINGLETON,AVAILABLE,1,1,SINGLETON,article_like
B13001,3,3,DOI;PMID;TITLE_EXACT_NORM,AVAILABLE,1,3,DOI,article_like
B13002,1,1,SINGLETON,AVAILABLE,1,1,SINGLETON,article_like
B13003,1,1,SINGLETON,AVAILABLE,1,1,SINGLETON,article_like
B13004,1,1,SINGLETON,AVAILABLE,1,1,SINGLETON,article_like
B13005,3,3,DOI;PMID;TITLE_EXACT_NORM,AVAILABLE,1,3,DOI,article_like
B13006,1,1,SINGLETON,AVAILABLE,1,1,SINGLETON,article_like
B13007,1,1,SINGLETON,AVAILABLE,1,1,SINGLETON,article_like
B13008,1,1,SINGLETON,AVAILABLE,1,1,SINGLETON,article_like
B13009,1,1,SINGLETON,AVAILABLE,1,1,SINGLETON,article_like
B13010,3,3,DOI;PMID;TITLE_EXACT_NORM,AVAILABLE,1,3,DOI,article_like
B13011,1,1,SINGLETON,AVAILABLE,1,1,SINGLETON,article_like
B13012,1,1,SINGLETON,AVAILABLE,1,1,SINGLETON,article_like
B13013,1,1,SINGLETON,AVAILABLE,1,1,SINGLETON,article_like
B13014,1,1,SINGLETON,AVAILABLE,1,1,SINGLETON,article_like
B13015,1,1,SINGLETON,AVAILABLE,1,1,SINGLETON,article_like
B13016,2,1,TITLE_EXACT_NORM,TITLE_ONLY,0,2,TITLE_EXACT_NORM,conference
B13017,1,1,SINGLETON,AVAILABLE,1,1,SINGLETON,article_like
B13018,1,1,SINGLETON,TITLE_ONLY,0,1,SINGLETON,conference
B13019,3,3,DOI;PMID;TITLE_EXACT_NORM,AVAILABLE,1,3,DOI,article_like
B13020,2,2,DOI;PMID;TITLE_EXACT_NORM,AVAILABLE,1,2,DOI,article_like
B13021,1,1,SINGLETON,AVAILABLE,1,1,SINGLETON,article_like
B13022,1,1,SINGLETON,AVAILABLE,1,1,SINGLETON,article_like
B13023,1,1,SINGLETON,AVAILABLE,1,1,SINGLETON,article_like
B13024,1,1,SINGLETON,AVAILABLE,1,1,SINGLETON,article_like
B13025,1,1,SINGLETON,AVAILABLE,1,1,SINGLETON,article_like
B13026,1,1,SINGLETON,AVAILABLE,1,1,SINGLETON,article_like
B13027,1,1,SINGLETON,AVAILABLE,1,1,SINGLETON,article_like
B13028,2,2,PMID,AVAILABLE,1,2,PMID,article_like
B13029,1,1,SINGLETON,AVAILABLE,1,1,SINGLETON,article_like
B13030,1,1,SINGLETON,AVAILABLE,1,1,SINGLETON,article_like
B13031,1,1,SINGLETON,TITLE_ONLY,0,1,SINGLETON,conference
B13032,3,3,DOI;PMID;TITLE_EXACT_NORM,AVAILABLE,1,3,DOI,article_like
B13033,1,1,SINGLETON,AVAILABLE,1,1,SINGLETON,article_like
B13034,1,1,SINGLETON,TITLE_ONLY,0,1,SINGLETON,conference
B13035,3,3,DOI;PMID;TITLE_EXACT_NORM,AVAILABLE,1,3,DOI,article_like
B13036,1,1,SINGLETON,TITLE_ONLY,0,1,SINGLETON,conference
B13037,2,2,DOI;PMID;TITLE_EXACT_NORM,AVAILABLE,1,2,DOI,article_like
B13038,3,3,DOI;PMID;TITLE_EXACT_NORM,AVAILABLE,1,3,DOI,article_like
B13039,2,2,DOI;PMID;TITLE_EXACT_NORM,AVAILABLE,1,2,DOI,article_like
B13040,1,1,SINGLETON,AVAILABLE,1,1,SINGLETON,article_like
B13041,3,3,DOI;PMID;TITLE_EXACT_NORM,AVAILABLE,1,3,DOI,article_like
B13042,1,1,SINGLETON,AVAILABLE,1,1,SINGLETON,article_like
B13043,3,3,DOI;PMID;TITLE_EXACT_NORM,AVAILABLE,1,3,DOI,article_like
B13044,1,1,SINGLETON,AVAILABLE,1,1,SINGLETON,article_like
B13045,1,1,SINGLETON,AVAILABLE,1,1,SINGLETON,article_like
B13046,2,1,TITLE_EXACT_NORM,TITLE_ONLY,0,2,TITLE_EXACT_NORM,conference
B13047,3,3,DOI;PMID;TITLE_EXACT_NORM,AVAILABLE,1,3,DOI,article_like
B13048,1,1,SINGLETON,AVAILABLE,1,1,SINGLETON,article_like
B13049,3,3,DOI;PMID;TITLE_EXACT_NORM,AVAILABLE,1,3,DOI,article_like
B13050,3,3,DOI;PMID;TITLE_EXACT_NORM,AVAILABLE,1,3,DOI,article_like
B13051,3,3,DOI;PMID;TITLE_EXACT_NORM,AVAILABLE,1,3,DOI,article_like
B13052,1,1,SINGLETON,AVAILABLE,1,1,SINGLETON,article_like
B13053,3,3,DOI;PMID;TITLE_EXACT_NORM,AVAILABLE,1,3,DOI,article_like
B13054,1,1,SINGLETON,TITLE_ONLY,0,1,SINGLETON,conference
B13055,2,2,DOI;PMID;TITLE_EXACT_NORM,AVAILABLE,1,2,DOI,article_like
B13056,1,1,SINGLETON,TITLE_ONLY,0,1,SINGLETON,conference
B13057,1,1,SINGLETON,TITLE_ONLY,0,1,SINGLETON,conference
B13058,1,1,SINGLETON,TITLE_ONLY,0,1,SINGLETON,conference
B13059,3,3,DOI;PMID;TITLE_EXACT_NORM,AVAILABLE,1,3,DOI,article_like
B13060,1,1,SINGLETON,AVAILABLE,1,1,SINGLETON,article_like
B13061,1,1,SINGLETON,AVAILABLE,1,1,SINGLETON,article_like
B13062,3,3,DOI;PMID;TITLE_EXACT_NORM,AVAILABLE,1,3,DOI,article_like
B13063,3,3,DOI;PMID;TITLE_EXACT_NORM,AVAILABLE,1,3,DOI,article_like
B13064,1,1,SINGLETON,TITLE_ONLY,0,1,SINGLETON,conference
B13065,3,3,DOI;PMID;TITLE_EXACT_NORM,AVAILABLE,1,3,DOI,article_like
B13066,3,3,DOI;PMID;TITLE_EXACT_NORM,AVAILABLE,1,3,DOI,article_like
B13067,1,1,SINGLETON,AVAILABLE,1,1,SINGLETON,article_like
B13068,1,1,SINGLETON,AVAILABLE,1,1,SINGLETON,article_like
B13069,1,1,SINGLETON,AVAILABLE,1,1,SINGLETON,article_like
B13070,2,2,DOI;PMID;TITLE_EXACT_NORM,AVAILABLE,1,2,DOI,article_like
B13071,3,3,DOI;PMID;TITLE_EXACT_NORM,AVAILABLE,1,3,DOI,article_like
B13072,1,1,SINGLETON,AVAILABLE,1,1,SINGLETON,article_like
B13073,3,3,PMID;TITLE_EXACT_NORM,AVAILABLE,1,3,PMID,article_like
B13074,1,1,SINGLETON,AVAILABLE,1,1,SINGLETON,article_like
B13075,1,1,SINGLETON,TITLE_ONLY,0,1,SINGLETON,conference
B13076,1,1,SINGLETON,AVAILABLE,1,1,SINGLETON,article_like
B13077,1,1,SINGLETON,TITLE_ONLY,0,1,SINGLETON,article_like
B13078,1,1,SINGLETON,AVAILABLE,1,1,SINGLETON,article_like
B13079,2,2,PMID;TITLE_EXACT_NORM,AVAILABLE,1,2,PMID,article_like
B13080,2,2,DOI;PMID;TITLE_EXACT_NORM,AVAILABLE,1,2,DOI,article_like
B13081,3,3,DOI;PMID;TITLE_EXACT_NORM,AVAILABLE,1,3,DOI,article_like
B13082,1,1,SINGLETON,AVAILABLE,1,1,SINGLETON,article_like
B13083,1,1,SINGLETON,AVAILABLE,1,1,SINGLETON,article_like
B13084,1,1,SINGLETON,AVAILABLE,1,1,SINGLETON,article_like
B13085,1,1,SINGLETON,AVAILABLE,1,1,SINGLETON,article_like
B13086,1,1,SINGLETON,TITLE_ONLY,0,1,SINGLETON,conference
B13087,3,3,DOI;PMID;TITLE_EXACT_NORM,AVAILABLE,1,3,DOI,article_like
B13088,3,3,DOI;PMID;TITLE_EXACT_NORM,AVAILABLE,1,3,DOI,article_like
B13089,3,3,DOI;PMID;TITLE_EXACT_NORM,AVAILABLE,1,3,DOI,article_like
B13090,3,3,DOI;PMID;TITLE_EXACT_NORM,AVAILABLE,1,3,DOI,article_like
B13091,3,3,DOI;PMID;TITLE_EXACT_NORM,AVAILABLE,1,3,DOI,article_like
B13092,1,1,SINGLETON,AVAILABLE,1,1,SINGLETON,article_like
B13093,1,1,SINGLETON,AVAILABLE,1,1,SINGLETON,article_like
B13094,1,1,SINGLETON,TITLE_ONLY,0,1,SINGLETON,article_like
B13095,3,3,DOI;PMID;TITLE_EXACT_NORM,AVAILABLE,1,3,DOI,article_like
B13096,3,3,DOI;PMID;TITLE_EXACT_NORM,AVAILABLE,1,3,DOI,article_like
B13097,1,1,SINGLETON,TITLE_ONLY,0,1,SINGLETON,conference
B13098,3,3,DOI;PMID;TITLE_EXACT_NORM,AVAILABLE,1,3,DOI,article_like
B13099,3,3,DOI;PMID;TITLE_EXACT_NORM,AVAILABLE,1,3,DOI,article_like
B13100,2,2,DOI;PMID;TITLE_EXACT_NORM,AVAILABLE,1,2,DOI,article_like
B13101,1,1,SINGLETON,TITLE_ONLY,0,1,SINGLETON,conference
B13102,1,1,SINGLETON,AVAILABLE,1,1,SINGLETON,article_like
B13103,1,1,SINGLETON,TITLE_ONLY,0,1,SINGLETON,conference
B13104,2,2,DOI;PMID;TITLE_EXACT_NORM,AVAILABLE,1,2,DOI,article_like
B13105,1,1,SINGLETON,AVAILABLE,1,1,SINGLETON,article_like
B13106,1,1,SINGLETON,AVAILABLE,1,1,SINGLETON,article_like
B13107,3,3,DOI;PMID;TITLE_EXACT_NORM,AVAILABLE,1,3,DOI,article_like
B13108,1,1,SINGLETON,TITLE_ONLY,0,1,SINGLETON,article_like
B13109,3,3,DOI;PMID;TITLE_EXACT_NORM,AVAILABLE,1,3,DOI,article_like
B13110,3,3,DOI;PMID;TITLE_EXACT_NORM,AVAILABLE,1,3,DOI,article_like
B13111,1,1,SINGLETON,AVAILABLE,1,1,SINGLETON,article_like
B13112,3,3,DOI;PMID;TITLE_EXACT_NORM,AVAILABLE,1,3,DOI,article_like
B13113,1,1,SINGLETON,AVAILABLE,1,1,SINGLETON,article_like
B13114,1,1,SINGLETON,AVAILABLE,1,1,SINGLETON,article_like
B13115,3,3,DOI;PMID;TITLE_EXACT_NORM,AVAILABLE,1,3,DOI,article_like
B13116,2,2,DOI;PMID;TITLE_EXACT_NORM,AVAILABLE,1,2,DOI,article_like
B13117,3,3,DOI;PMID;TITLE_EXACT_NORM,AVAILABLE,1,3,DOI,article_like
B13118,3,3,DOI;PMID;TITLE_EXACT_NORM,AVAILABLE,1,3,DOI,article_like
B13119,1,1,SINGLETON,AVAILABLE,1,1,SINGLETON,conference
B13120,1,1,SINGLETON,AVAILABLE,1,1,SINGLETON,article_like
B13121,1,1,SINGLETON,AVAILABLE,1,1,SINGLETON,article_like
B13122,1,1,SINGLETON,AVAILABLE,1,1,SINGLETON,article_like
B13123,1,1,SINGLETON,AVAILABLE,1,1,SINGLETON,article_like
B13124,3,3,DOI;PMID;TITLE_EXACT_NORM,AVAILABLE,1,3,DOI,article_like
B13125,3,3,DOI;PMID;TITLE_EXACT_NORM,AVAILABLE,1,3,DOI,article_like
B13126,2,2,DOI;PMID;TITLE_EXACT_NORM,AVAILABLE,1,2,DOI,article_like
B13127,2,2,DOI;PMID;TITLE_EXACT_NORM,AVAILABLE,1,2,DOI,article_like
B13128,1,1,SINGLETON,AVAILABLE,1,1,SINGLETON,article_like
B13129,3,3,DOI;PMID;TITLE_EXACT_NORM,AVAILABLE,1,3,DOI,article_like
B13130,3,3,DOI;PMID;TITLE_EXACT_NORM,AVAILABLE,1,3,DOI,article_like
B13131,3,3,DOI;PMID;TITLE_EXACT_NORM,AVAILABLE,1,3,DOI,article_like
B13132,3,3,DOI;PMID;TITLE_EXACT_NORM,AVAILABLE,1,3,DOI,article_like
B13133,1,1,SINGLETON,AVAILABLE,1,1,SINGLETON,article_like
B13134,3,3,DOI;PMID;TITLE_EXACT_NORM,AVAILABLE,1,3,DOI,article_like
B13135,1,1,SINGLETON,AVAILABLE,1,1,SINGLETON,article_like
B13136,1,1,SINGLETON,AVAILABLE,1,1,SINGLETON,article_like
B13137,1,1,SINGLETON,AVAILABLE,1,1,SINGLETON,article_like
B13138,1,1,SINGLETON,TITLE_ONLY,0,1,SINGLETON,conference
B13139,2,2,DOI;PMID;TITLE_EXACT_NORM,AVAILABLE,1,2,DOI,article_like
B13140,3,3,DOI;PMID;TITLE_EXACT_NORM,AVAILABLE,1,3,DOI,article_like
B13141,1,1,SINGLETON,AVAILABLE,1,1,SINGLETON,conference
B13142,1,1,SINGLETON,AVAILABLE,1,1,SINGLETON,article_like
B13143,1,1,SINGLETON,AVAILABLE,1,1,SINGLETON,article_like
B13144,1,1,SINGLETON,AVAILABLE,1,1,SINGLETON,article_like
B13145,1,1,SINGLETON,AVAILABLE,1,1,SINGLETON,article_like
B13146,1,1,SINGLETON,AVAILABLE,1,1,SINGLETON,article_like
B13147,1,1,SINGLETON,AVAILABLE,1,1,SINGLETON,article_like
B13148,1,1,SINGLETON,TITLE_ONLY,0,1,SINGLETON,conference
B13149,1,1,SINGLETON,AVAILABLE,1,1,SINGLETON,article_like
B13150,3,3,DOI;PMID;TITLE_EXACT_NORM,AVAILABLE,1,3,DOI,article_like
B13151,1,1,SINGLETON,TITLE_ONLY,0,1,SINGLETON,article_like
B13152,3,3,DOI;PMID;TITLE_EXACT_NORM,TITLE_ONLY,0,3,DOI,article_like
B13153,1,1,SINGLETON,TITLE_ONLY,0,1,SINGLETON,conference
B13154,2,2,DOI;PMID;TITLE_EXACT_NORM,AVAILABLE,1,2,DOI,article_like
B13155,3,3,DOI;PMID;TITLE_EXACT_NORM,AVAILABLE,1,3,DOI,article_like
B13156,1,1,SINGLETON,AVAILABLE,1,1,SINGLETON,article_like
B13157,1,1,SINGLETON,AVAILABLE,1,1,SINGLETON,article_like
B13158,2,2,DOI;PMID;TITLE_EXACT_NORM,AVAILABLE,1,2,DOI,article_like
B13159,2,2,DOI;PMID;TITLE_EXACT_NORM,AVAILABLE,1,2,DOI,article_like
B13160,1,1,SINGLETON,AVAILABLE,1,1,SINGLETON,article_like
B13161,3,3,DOI;PMID;TITLE_EXACT_NORM,AVAILABLE,1,3,DOI,article_like
B13162,3,3,DOI;PMID;TITLE_EXACT_NORM,AVAILABLE,1,3,DOI,article_like
B13163,3,3,DOI;PMID;TITLE_EXACT_NORM,AVAILABLE,1,3,DOI,article_like
B13164,1,1,SINGLETON,TITLE_ONLY,0,1,SINGLETON,article_like
B13165,1,1,SINGLETON,TITLE_ONLY,0,1,SINGLETON,conference
B13166,1,1,SINGLETON,AVAILABLE,1,1,SINGLETON,article_like
B13167,1,1,SINGLETON,TITLE_ONLY,0,1,SINGLETON,conference
B13168,3,3,DOI;PMID;TITLE_EXACT_NORM,AVAILABLE,1,3,DOI,article_like
B13169,3,3,DOI;PMID;TITLE_EXACT_NORM,AVAILABLE,1,3,DOI,article_like
B13170,1,1,SINGLETON,AVAILABLE,1,1,SINGLETON,article_like
B13171,1,1,SINGLETON,AVAILABLE,1,1,SINGLETON,article_like
B13172,2,2,DOI;TITLE_EXACT_NORM,AVAILABLE,1,2,DOI,article_like
B13173,1,1,SINGLETON,AVAILABLE,1,1,SINGLETON,article_like
B13174,1,1,SINGLETON,AVAILABLE,1,1,SINGLETON,article_like
B13175,1,1,SINGLETON,TITLE_ONLY,0,1,SINGLETON,conference
B13176,3,3,DOI;PMID;TITLE_EXACT_NORM,AVAILABLE,1,3,DOI,article_like
B13177,3,3,DOI;PMID;TITLE_EXACT_NORM,AVAILABLE,1,3,DOI,article_like
B13178,1,1,SINGLETON,AVAILABLE,1,1,SINGLETON,article_like
B13179,1,1,SINGLETON,AVAILABLE,1,1,SINGLETON,article_like
B13180,1,1,SINGLETON,AVAILABLE,1,1,SINGLETON,article_like
B13181,1,1,SINGLETON,AVAILABLE,1,1,SINGLETON,article_like
B13182,3,3,DOI;PMID;TITLE_EXACT_NORM,AVAILABLE,1,3,DOI,article_like
B13183,3,3,DOI;PMID;TITLE_EXACT_NORM,AVAILABLE,1,3,DOI,article_like
B13184,1,1,SINGLETON,AVAILABLE,1,1,SINGLETON,article_like
B13185,1,1,SINGLETON,TITLE_ONLY,0,1,SINGLETON,article_like
B13186,1,1,SINGLETON,AVAILABLE,1,1,SINGLETON,article_like
B13187,1,1,SINGLETON,TITLE_ONLY,0,1,SINGLETON,article_like
B13188,1,1,SINGLETON,AVAILABLE,1,1,SINGLETON,article_like
B13189,2,2,DOI;PMID;TITLE_EXACT_NORM,AVAILABLE,1,2,DOI,article_like
B13190,3,3,DOI;PMID;TITLE_EXACT_NORM,AVAILABLE,1,3,DOI,article_like
B13191,3,3,DOI;PMID;TITLE_EXACT_NORM,AVAILABLE,1,3,DOI,article_like
B13192,1,1,SINGLETON,AVAILABLE,1,1,SINGLETON,article_like
B13193,2,2,DOI;TITLE_EXACT_NORM,AVAILABLE,1,2,DOI,article_like
B13194,1,1,SINGLETON,AVAILABLE,1,1,SINGLETON,article_like
B13195,2,2,DOI;PMID;TITLE_EXACT_NORM,AVAILABLE,1,2,DOI,article_like
B13196,1,1,SINGLETON,AVAILABLE,1,1,SINGLETON,conference
B13197,1,1,SINGLETON,TITLE_ONLY,0,1,SINGLETON,conference
B13198,3,3,DOI;PMID;TITLE_EXACT_NORM,AVAILABLE,1,3,DOI,article_like
B13199,1,1,SINGLETON,AVAILABLE,1,1,SINGLETON,article_like
B13200,1,1,SINGLETON,TITLE_ONLY,0,1,SINGLETON,conference
B13201,1,1,SINGLETON,AVAILABLE,1,1,SINGLETON,article_like
B13202,3,3,DOI;PMID;TITLE_EXACT_NORM,AVAILABLE,1,3,DOI,article_like
B13203,1,1,SINGLETON,AVAILABLE,1,1,SINGLETON,article_like
B13204,2,2,DOI;PMID;TITLE_EXACT_NORM,AVAILABLE,1,2,DOI,article_like
B13205,1,1,SINGLETON,AVAILABLE,1,1,SINGLETON,article_like
B13206,1,1,SINGLETON,AVAILABLE,1,1,SINGLETON,article_like
B13207,1,1,SINGLETON,TITLE_ONLY,0,1,SINGLETON,conference
B13208,3,3,DOI;PMID;TITLE_EXACT_NORM,AVAILABLE,1,3,DOI,article_like
B13209,1,1,SINGLETON,AVAILABLE,1,1,SINGLETON,article_like
B13210,1,1,SINGLETON,TITLE_ONLY,0,1,SINGLETON,conference
B13211,1,1,SINGLETON,AVAILABLE,1,1,SINGLETON,article_like
B13212,2,2,DOI;PMID;TITLE_EXACT_NORM,AVAILABLE,1,2,DOI,article_like
B13213,2,1,TITLE_EXACT_NORM,TITLE_ONLY,0,2,TITLE_EXACT_NORM,conference
B13214,2,2,DOI;PMID;TITLE_EXACT_NORM,AVAILABLE,1,2,DOI,article_like
B13215,1,1,SINGLETON,TITLE_ONLY,0,1,SINGLETON,conference
B13216,1,1,SINGLETON,TITLE_ONLY,0,1,SINGLETON,conference
B13217,3,3,DOI;PMID;TITLE_EXACT_NORM,AVAILABLE,1,3,DOI,article_like
B13218,3,3,DOI;PMID;TITLE_EXACT_NORM,AVAILABLE,1,3,DOI,article_like
B13219,1,1,SINGLETON,AVAILABLE,1,1,SINGLETON,article_like
B13220,3,3,DOI;PMID;TITLE_EXACT_NORM,AVAILABLE,1,3,DOI,article_like
B13221,3,3,DOI;PMID;TITLE_EXACT_NORM,AVAILABLE,1,3,DOI,article_like
B13222,3,3,DOI;PMID;TITLE_EXACT_NORM,AVAILABLE,1,3,DOI,article_like
B13223,1,1,SINGLETON,AVAILABLE,1,1,SINGLETON,article_like
B13224,3,3,DOI;PMID;TITLE_EXACT_NORM,AVAILABLE,1,3,DOI,article_like
B13225,1,1,SINGLETON,AVAILABLE,1,1,SINGLETON,article_like
B13226,3,3,DOI;PMID;TITLE_EXACT_NORM,AVAILABLE,1,3,DOI,article_like
B13227,3,3,DOI;PMID;TITLE_EXACT_NORM,AVAILABLE,1,3,DOI,article_like
B13228,1,1,SINGLETON,TITLE_ONLY,0,1,SINGLETON,conference
B13229,1,1,SINGLETON,AVAILABLE,1,1,SINGLETON,article_like
B13230,3,3,DOI;PMID;TITLE_EXACT_NORM,AVAILABLE,1,3,DOI,article_like
B13231,1,1,SINGLETON,AVAILABLE,1,1,SINGLETON,article_like
B13232,3,3,DOI;PMID;TITLE_EXACT_NORM,AVAILABLE,1,3,DOI,article_like
B13233,1,1,SINGLETON,TITLE_ONLY,0,1,SINGLETON,article_like
B13234,1,1,SINGLETON,AVAILABLE,1,1,SINGLETON,article_like
B13235,3,3,DOI;PMID;TITLE_EXACT_NORM,AVAILABLE,1,3,DOI,article_like
B13236,1,1,SINGLETON,TITLE_ONLY,0,1,SINGLETON,article_like
B13237,1,1,SINGLETON,TITLE_ONLY,0,1,SINGLETON,conference
B13238,3,3,DOI;PMID;TITLE_EXACT_NORM,AVAILABLE,1,3,DOI,article_like
B13239,2,2,DOI;PMID;TITLE_EXACT_NORM,AVAILABLE,1,2,DOI,article_like
B13240,1,1,SINGLETON,TITLE_ONLY,0,1,SINGLETON,article_like
B13241,1,1,SINGLETON,TITLE_ONLY,0,1,SINGLETON,article_like
B13242,1,1,SINGLETON,TITLE_ONLY,0,1,SINGLETON,article_like
B13243,1,1,SINGLETON,TITLE_ONLY,0,1,SINGLETON,article_like
B13244,1,1,SINGLETON,AVAILABLE,1,1,SINGLETON,article_like
B13245,2,2,DOI;TITLE_EXACT_NORM,AVAILABLE,1,2,DOI,article_like
B13246,1,1,SINGLETON,AVAILABLE,1,1,SINGLETON,article_like
B13247,3,3,DOI;PMID;TITLE_EXACT_NORM,AVAILABLE,1,3,DOI,article_like
B13248,3,3,DOI;PMID;TITLE_EXACT_NORM,AVAILABLE,1,3,DOI,article_like
B13249,1,1,SINGLETON,TITLE_ONLY,0,1,SINGLETON,conference
B13250,1,1,SINGLETON,TITLE_ONLY,0,1,SINGLETON,conference
B13251,1,1,SINGLETON,TITLE_ONLY,0,1,SINGLETON,conference
B13252,3,3,DOI;PMID;TITLE_EXACT_NORM,AVAILABLE,1,3,DOI,article_like
B13253,1,1,SINGLETON,AVAILABLE,1,1,SINGLETON,article_like
B13254,1,1,SINGLETON,TITLE_ONLY,0,1,SINGLETON,conference
B13255,1,1,SINGLETON,AVAILABLE,1,1,SINGLETON,article_like
B13256,3,3,DOI;PMID;TITLE_EXACT_NORM,AVAILABLE,1,3,DOI,article_like
B13257,3,3,DOI;PMID;TITLE_EXACT_NORM,AVAILABLE,1,3,DOI,article_like
B13258,1,1,SINGLETON,TITLE_ONLY,0,1,SINGLETON,conference
B13259,1,1,SINGLETON,AVAILABLE,1,1,SINGLETON,article_like
B13260,1,1,SINGLETON,TITLE_ONLY,0,1,SINGLETON,conference
B13261,1,1,SINGLETON,TITLE_ONLY,0,1,SINGLETON,article_like
B13262,1,1,SINGLETON,AVAILABLE,1,1,SINGLETON,article_like
B13263,1,1,SINGLETON,AVAILABLE,1,1,SINGLETON,article_like
B13264,3,3,DOI;PMID;TITLE_EXACT_NORM,AVAILABLE,1,3,DOI,article_like
B13265,3,3,DOI;PMID;TITLE_EXACT_NORM,AVAILABLE,1,3,DOI,article_like
B13266,1,1,SINGLETON,TITLE_ONLY,0,1,SINGLETON,article_like
B13267,3,3,DOI;PMID;TITLE_EXACT_NORM,AVAILABLE,1,3,DOI,article_like
B13268,1,1,SINGLETON,AVAILABLE,1,1,SINGLETON,article_like
B13269,3,3,DOI;PMID;TITLE_EXACT_NORM,AVAILABLE,1,3,DOI,article_like
B13270,2,2,DOI;PMID;TITLE_EXACT_NORM,AVAILABLE,1,2,DOI,article_like
B13271,3,3,DOI;PMID;TITLE_EXACT_NORM,AVAILABLE,1,3,DOI,article_like
B13272,1,1,SINGLETON,AVAILABLE,1,1,SINGLETON,article_like
B13273,1,1,SINGLETON,AVAILABLE,1,1,SINGLETON,article_like
B13274,1,1,SINGLETON,AVAILABLE,1,1,SINGLETON,article_like
B13275,1,1,SINGLETON,AVAILABLE,1,1,SINGLETON,article_like
B13276,1,1,SINGLETON,AVAILABLE,1,1,SINGLETON,article_like
B13277,1,1,SINGLETON,AVAILABLE,1,1,SINGLETON,article_like
B13278,1,1,SINGLETON,AVAILABLE,1,1,SINGLETON,article_like
B13279,2,2,DOI;TITLE_EXACT_NORM,AVAILABLE,1,2,DOI,article_like
B13280,3,3,DOI;PMID;TITLE_EXACT_NORM,AVAILABLE,1,3,DOI,article_like
B13281,1,1,SINGLETON,TITLE_ONLY,0,1,SINGLETON,conference
B13282,2,2,DOI;PMID;TITLE_EXACT_NORM,AVAILABLE,1,2,DOI,article_like
B13283,3,3,DOI;PMID;TITLE_EXACT_NORM,AVAILABLE,1,3,DOI,article_like
B13284,1,1,SINGLETON,TITLE_ONLY,0,1,SINGLETON,conference
B13285,1,1,SINGLETON,AVAILABLE,1,1,SINGLETON,article_like
B13286,1,1,SINGLETON,AVAILABLE,1,1,SINGLETON,article_like
B13287,3,3,DOI;PMID;TITLE_EXACT_NORM,TITLE_ONLY,0,3,DOI,article_like
B13288,3,3,DOI;PMID;TITLE_EXACT_NORM,AVAILABLE,1,3,DOI,article_like
B13289,1,1,SINGLETON,AVAILABLE,1,1,SINGLETON,article_like
B13290,1,1,SINGLETON,AVAILABLE,1,1,SINGLETON,article_like
B13291,1,1,SINGLETON,AVAILABLE,1,1,SINGLETON,article_like
B13292,3,3,DOI;PMID;TITLE_EXACT_NORM,AVAILABLE,1,3,DOI,article_like
B13293,1,1,SINGLETON,AVAILABLE,1,1,SINGLETON,article_like
B13294,2,2,TITLE_EXACT_NORM,AVAILABLE,1,2,TITLE_EXACT_NORM,article_like
B13295,3,3,DOI;PMID;TITLE_EXACT_NORM,AVAILABLE,1,3,DOI,article_like
B13296,3,3,DOI;PMID;TITLE_EXACT_NORM,AVAILABLE,1,3,DOI,article_like
B13297,1,1,SINGLETON,AVAILABLE,1,1,SINGLETON,article_like
B13298,3,3,DOI;PMID;TITLE_EXACT_NORM,AVAILABLE,1,3,DOI,article_like
B13299,1,1,SINGLETON,AVAILABLE,1,1,SINGLETON,article_like
B13300,3,3,DOI;PMID;TITLE_EXACT_NORM,AVAILABLE,1,3,DOI,article_like
B13301,2,2,DOI;PMID;TITLE_EXACT_NORM,AVAILABLE,1,2,DOI,article_like
B13302,1,1,SINGLETON,AVAILABLE,1,1,SINGLETON,article_like
B13303,1,1,SINGLETON,TITLE_ONLY,0,1,SINGLETON,conference
B13304,3,3,DOI;PMID;TITLE_EXACT_NORM,AVAILABLE,1,3,DOI,article_like
B13305,1,1,SINGLETON,AVAILABLE,1,1,SINGLETON,article_like
B13306,1,1,SINGLETON,AVAILABLE,1,1,SINGLETON,article_like
B13307,3,3,DOI;PMID;TITLE_EXACT_NORM,AVAILABLE,1,3,DOI,article_like
B13308,3,3,DOI;PMID;TITLE_EXACT_NORM,AVAILABLE,1,3,DOI,article_like
B13309,1,1,SINGLETON,TITLE_ONLY,0,1,SINGLETON,conference
B13310,2,2,DOI;PMID;TITLE_EXACT_NORM,AVAILABLE,1,2,DOI,article_like
B13311,3,3,DOI;PMID;TITLE_EXACT_NORM,AVAILABLE,1,3,DOI,article_like
B13312,1,1,SINGLETON,AVAILABLE,1,1,SINGLETON,article_like
B13313,1,1,SINGLETON,TITLE_ONLY,0,1,SINGLETON,conference
B13314,3,3,DOI;PMID;TITLE_EXACT_NORM,AVAILABLE,1,3,DOI,article_like
B13315,3,3,DOI;PMID;TITLE_EXACT_NORM,AVAILABLE,1,3,DOI,article_like
B13316,3,3,DOI;PMID;TITLE_EXACT_NORM,AVAILABLE,1,3,DOI,article_like
B13317,1,1,SINGLETON,TITLE_ONLY,0,1,SINGLETON,conference
B13318,1,1,SINGLETON,TITLE_ONLY,0,1,SINGLETON,conference
B13319,2,2,DOI;PMID;TITLE_EXACT_NORM,AVAILABLE,1,2,DOI,article_like
B13320,3,3,DOI;PMID;TITLE_EXACT_NORM,AVAILABLE,1,3,DOI,article_like
B13321,2,2,DOI;PMID;TITLE_EXACT_NORM,AVAILABLE,1,2,DOI,article_like
B13322,1,1,SINGLETON,AVAILABLE,1,1,SINGLETON,article_like
B13323,3,3,DOI;PMID;TITLE_EXACT_NORM,AVAILABLE,1,3,DOI,article_like
B13324,1,1,SINGLETON,AVAILABLE,1,1,SINGLETON,article_like
B13325,3,3,DOI;PMID;TITLE_EXACT_NORM,AVAILABLE,1,3,DOI,article_like
B13326,1,1,SINGLETON,TITLE_ONLY,0,1,SINGLETON,conference
B13327,1,1,SINGLETON,AVAILABLE,1,1,SINGLETON,article_like
B13328,1,1,SINGLETON,AVAILABLE,1,1,SINGLETON,article_like
B13329,1,1,SINGLETON,AVAILABLE,1,1,SINGLETON,article_like
B13330,3,3,DOI;PMID;TITLE_EXACT_NORM,AVAILABLE,1,3,DOI,article_like
B13331,1,1,SINGLETON,AVAILABLE,1,1,SINGLETON,article_like
B13332,3,3,DOI;PMID;TITLE_EXACT_NORM,AVAILABLE,1,3,DOI,article_like
B13333,1,1,SINGLETON,AVAILABLE,1,1,SINGLETON,article_like
B13334,1,1,SINGLETON,AVAILABLE,1,1,SINGLETON,article_like
B13335,1,1,SINGLETON,TITLE_ONLY,0,1,SINGLETON,conference
B13336,3,3,DOI;PMID;TITLE_EXACT_NORM,AVAILABLE,1,3,DOI,article_like
B13337,3,3,DOI;PMID;TITLE_EXACT_NORM,AVAILABLE,1,3,DOI,article_like
B13338,1,1,SINGLETON,AVAILABLE,1,1,SINGLETON,article_like
B13339,3,3,DOI;PMID;TITLE_EXACT_NORM,AVAILABLE,1,3,DOI,article_like
B13340,2,2,DOI;PMID;TITLE_EXACT_NORM,AVAILABLE,1,2,DOI,article_like
B13341,3,3,DOI;PMID;TITLE_EXACT_NORM,AVAILABLE,1,3,DOI,article_like
B13342,3,3,DOI;PMID;TITLE_EXACT_NORM,AVAILABLE,1,3,DOI,article_like
B13343,3,3,DOI;PMID;TITLE_EXACT_NORM,TITLE_ONLY,0,3,DOI,article_like
B13344,3,3,DOI;PMID;TITLE_EXACT_NORM,AVAILABLE,1,3,DOI,article_like
B13345,1,1,SINGLETON,TITLE_ONLY,0,1,SINGLETON,conference
B13346,1,1,SINGLETON,TITLE_ONLY,0,1,SINGLETON,conference
B13347,1,1,SINGLETON,AVAILABLE,1,1,SINGLETON,article_like
B13348,1,1,SINGLETON,AVAILABLE,1,1,SINGLETON,article_like
B13349,3,3,DOI;PMID;TITLE_EXACT_NORM,AVAILABLE,1,3,DOI,article_like
B13350,1,1,SINGLETON,TITLE_ONLY,0,1,SINGLETON,conference
B13351,3,3,DOI;PMID;TITLE_EXACT_NORM,AVAILABLE,1,3,DOI,article_like
B13352,3,3,DOI;PMID;TITLE_EXACT_NORM,AVAILABLE,1,3,DOI,article_like
B13353,1,1,SINGLETON,AVAILABLE,1,1,SINGLETON,article_like
B13354,1,1,SINGLETON,AVAILABLE,1,1,SINGLETON,article_like
B13355,1,1,SINGLETON,TITLE_ONLY,0,1,SINGLETON,conference
B13356,1,1,SINGLETON,TITLE_ONLY,0,1,SINGLETON,conference
B13357,3,3,DOI;PMID;TITLE_EXACT_NORM,AVAILABLE,1,3,DOI,article_like
B13358,2,2,DOI;TITLE_EXACT_NORM,AVAILABLE,1,2,DOI,article_like
B13359,1,1,SINGLETON,AVAILABLE,1,1,SINGLETON,article_like
B13360,3,3,DOI;PMID;TITLE_EXACT_NORM,AVAILABLE,1,3,DOI,article_like
B13361,3,3,DOI;PMID;TITLE_EXACT_NORM,AVAILABLE,1,3,DOI,article_like
B13362,1,1,SINGLETON,AVAILABLE,1,1,SINGLETON,article_like
B13363,3,3,DOI;PMID;TITLE_EXACT_NORM,AVAILABLE,1,3,DOI,article_like
B13364,1,1,SINGLETON,TITLE_ONLY,0,1,SINGLETON,conference
B13365,3,3,DOI;PMID;TITLE_EXACT_NORM,AVAILABLE,1,3,DOI,article_like
B13366,1,1,SINGLETON,TITLE_ONLY,0,1,SINGLETON,conference
B13367,1,1,SINGLETON,AVAILABLE,1,1,SINGLETON,article_like
B13368,1,1,SINGLETON,AVAILABLE,1,1,SINGLETON,article_like
B13369,1,1,SINGLETON,TITLE_ONLY,0,1,SINGLETON,conference
B13370,1,1,SINGLETON,AVAILABLE,1,1,SINGLETON,article_like
B13371,3,3,DOI;PMID;TITLE_EXACT_NORM,AVAILABLE,1,3,DOI,article_like
B13372,1,1,SINGLETON,AVAILABLE,1,1,SINGLETON,article_like
B13373,1,1,SINGLETON,TITLE_ONLY,0,1,SINGLETON,article_like
B13374,3,3,DOI;PMID;TITLE_EXACT_NORM,TITLE_ONLY,0,3,DOI,article_like
B13375,1,1,SINGLETON,AVAILABLE,1,1,SINGLETON,article_like
B13376,3,3,DOI;PMID;TITLE_EXACT_NORM,AVAILABLE,1,3,DOI,article_like
B13377,1,1,SINGLETON,AVAILABLE,1,1,SINGLETON,article_like
B13378,1,1,SINGLETON,AVAILABLE,1,1,SINGLETON,article_like
B13379,1,1,SINGLETON,TITLE_ONLY,0,1,SINGLETON,conference
B13380,1,1,SINGLETON,AVAILABLE,1,1,SINGLETON,article_like
B13381,2,2,DOI;PMID;TITLE_EXACT_NORM,AVAILABLE,1,2,DOI,article_like
B13382,1,1,SINGLETON,AVAILABLE,1,1,SINGLETON,article_like
B13383,4,3,DOI;PMID;TITLE_EXACT_NORM,AVAILABLE,1,4,DOI,article_like
B13384,3,3,DOI;PMID;TITLE_EXACT_NORM,AVAILABLE,1,3,DOI,article_like
B13385,1,1,SINGLETON,TITLE_ONLY,0,1,SINGLETON,conference
B13386,1,1,SINGLETON,AVAILABLE,1,1,SINGLETON,article_like
B13387,3,3,DOI;PMID;TITLE_EXACT_NORM,AVAILABLE,1,3,DOI,article_like
B13388,3,3,DOI;PMID;TITLE_EXACT_NORM,AVAILABLE,1,3,DOI,article_like
B13389,3,3,DOI;PMID;TITLE_EXACT_NORM,AVAILABLE,1,3,DOI,article_like
B13390,2,2,DOI;PMID;TITLE_EXACT_NORM,AVAILABLE,1,2,DOI,article_like
B13391,1,1,SINGLETON,TITLE_ONLY,0,1,SINGLETON,conference
B13392,1,1,SINGLETON,AVAILABLE,1,1,SINGLETON,article_like
B13393,3,3,DOI;PMID;TITLE_EXACT_NORM,AVAILABLE,1,3,DOI,article_like
B13394,3,3,DOI;PMID;TITLE_EXACT_NORM,AVAILABLE,1,3,DOI,article_like
B13395,1,1,SINGLETON,AVAILABLE,1,1,SINGLETON,conference
B13396,3,3,DOI;PMID;TITLE_EXACT_NORM,TITLE_ONLY,0,3,DOI,article_like
B13397,2,2,DOI;PMID;TITLE_EXACT_NORM,AVAILABLE,1,2,DOI,article_like
B13398,1,1,SINGLETON,TITLE_ONLY,0,1,SINGLETON,conference
B13399,1,1,SINGLETON,AVAILABLE,1,1,SINGLETON,article_like
B13400,1,1,SINGLETON,AVAILABLE,1,1,SINGLETON,article_like
B13401,1,1,SINGLETON,AVAILABLE,1,1,SINGLETON,article_like
B13402,1,1,SINGLETON,AVAILABLE,1,1,SINGLETON,conference
B13403,1,1,SINGLETON,AVAILABLE,1,1,SINGLETON,article_like
B13404,1,1,SINGLETON,AVAILABLE,1,1,SINGLETON,article_like
B13405,1,1,SINGLETON,TITLE_ONLY,0,1,SINGLETON,conference
B13406,1,1,SINGLETON,TITLE_ONLY,0,1,SINGLETON,conference
B13407,1,1,SINGLETON,TITLE_ONLY,0,1,SINGLETON,conference
B13408,1,1,SINGLETON,TITLE_ONLY,0,1,SINGLETON,conference
B13409,3,3,DOI;PMID;TITLE_EXACT_NORM,AVAILABLE,1,3,DOI,article_like
B13410,3,3,DOI;PMID;TITLE_EXACT_NORM,AVAILABLE,1,3,DOI,article_like
B13411,3,3,DOI;PMID;TITLE_EXACT_NORM,AVAILABLE,1,3,DOI,article_like
B13412,1,1,SINGLETON,TITLE_ONLY,0,1,SINGLETON,conference
B13413,3,3,DOI;PMID;TITLE_EXACT_NORM,AVAILABLE,1,3,DOI,article_like
B13414,3,3,DOI;PMID;TITLE_EXACT_NORM,AVAILABLE,1,3,DOI,article_like
B13415,3,3,DOI;PMID;TITLE_EXACT_NORM,AVAILABLE,1,3,DOI,article_like
B13416,1,1,SINGLETON,AVAILABLE,1,1,SINGLETON,article_like
B13417,3,3,DOI;PMID;TITLE_EXACT_NORM,AVAILABLE,1,3,DOI,article_like
B13418,1,1,SINGLETON,AVAILABLE,1,1,SINGLETON,article_like
B13419,1,1,SINGLETON,AVAILABLE,1,1,SINGLETON,article_like
B13420,3,3,DOI;PMID;TITLE_EXACT_NORM,AVAILABLE,1,3,DOI,article_like
B13421,1,1,SINGLETON,AVAILABLE,1,1,SINGLETON,article_like
B13422,3,3,DOI;PMID;TITLE_EXACT_NORM,AVAILABLE,1,3,DOI,article_like
B13423,1,1,SINGLETON,TITLE_ONLY,0,1,SINGLETON,article_like
B13424,3,3,DOI;PMID;TITLE_EXACT_NORM,AVAILABLE,1,3,DOI,article_like
B13425,1,1,SINGLETON,TITLE_ONLY,0,1,SINGLETON,conference
B13426,1,1,SINGLETON,TITLE_ONLY,0,1,SINGLETON,conference
B13427,2,2,DOI;PMID;TITLE_EXACT_NORM,AVAILABLE,1,2,DOI,article_like
B13428,1,1,SINGLETON,AVAILABLE,1,1,SINGLETON,article_like
B13429,2,2,DOI;PMID;TITLE_EXACT_NORM,AVAILABLE,1,2,DOI,article_like
B13430,3,3,DOI;PMID;TITLE_EXACT_NORM,AVAILABLE,1,3,DOI,article_like
B13431,3,3,DOI;PMID;TITLE_EXACT_NORM,AVAILABLE,1,3,DOI,article_like
B13432,1,1,SINGLETON,AVAILABLE,1,1,SINGLETON,article_like
B13433,1,1,SINGLETON,TITLE_ONLY,0,1,SINGLETON,conference
B13434,1,1,SINGLETON,TITLE_ONLY,0,1,SINGLETON,conference
B13435,1,1,SINGLETON,TITLE_ONLY,0,1,SINGLETON,conference
B13436,1,1,SINGLETON,TITLE_ONLY,0,1,SINGLETON,conference
B13437,1,1,SINGLETON,TITLE_ONLY,0,1,SINGLETON,conference
B13438,3,3,DOI;PMID;TITLE_EXACT_NORM,AVAILABLE,1,3,DOI,article_like
B13439,3,3,DOI;PMID;TITLE_EXACT_NORM,AVAILABLE,1,3,DOI,article_like
B13440,3,3,DOI;PMID;TITLE_EXACT_NORM,AVAILABLE,1,3,DOI,article_like
B13441,3,3,DOI;PMID;TITLE_EXACT_NORM,TITLE_ONLY,0,3,DOI,article_like
B13442,3,3,DOI;PMID;TITLE_EXACT_NORM,AVAILABLE,1,3,DOI,article_like
B13443,3,3,DOI;PMID;TITLE_EXACT_NORM,AVAILABLE,1,3,DOI,article_like
B13444,2,2,DOI;PMID,TITLE_ONLY,0,2,DOI,article_like
B13445,1,1,SINGLETON,AVAILABLE,1,1,SINGLETON,article_like
B13446,3,3,DOI;PMID;TITLE_EXACT_NORM,AVAILABLE,1,3,DOI,article_like
B13447,1,1,SINGLETON,AVAILABLE,1,1,SINGLETON,article_like
B13448,3,3,DOI;PMID;TITLE_EXACT_NORM,AVAILABLE,1,3,DOI,article_like
B13449,1,1,SINGLETON,AVAILABLE,1,1,SINGLETON,article_like
B13450,3,3,DOI;PMID;TITLE_EXACT_NORM,AVAILABLE,1,3,DOI,article_like
B13451,1,1,SINGLETON,AVAILABLE,1,1,SINGLETON,article_like
B13452,1,1,SINGLETON,AVAILABLE,1,1,SINGLETON,article_like
B13453,1,1,SINGLETON,AVAILABLE,1,1,SINGLETON,article_like
B13454,1,1,SINGLETON,AVAILABLE,1,1,SINGLETON,article_like
B13455,1,1,SINGLETON,AVAILABLE,1,1,SINGLETON,article_like
B13456,3,3,DOI;PMID;TITLE_EXACT_NORM,AVAILABLE,1,3,DOI,article_like
B13457,1,1,SINGLETON,TITLE_ONLY,0,1,SINGLETON,conference
B13458,1,1,SINGLETON,AVAILABLE,1,1,SINGLETON,article_like
B13459,1,1,SINGLETON,AVAILABLE,1,1,SINGLETON,article_like
B13460,1,1,SINGLETON,AVAILABLE,1,1,SINGLETON,article_like
B13461,1,1,SINGLETON,TITLE_ONLY,0,1,SINGLETON,conference
B13462,1,1,SINGLETON,AVAILABLE,1,1,SINGLETON,article_like
B13463,1,1,SINGLETON,AVAILABLE,1,1,SINGLETON,article_like
B13464,1,1,SINGLETON,AVAILABLE,1,1,SINGLETON,article_like
B13465,3,3,DOI;PMID;TITLE_EXACT_NORM,AVAILABLE,1,3,DOI,article_like
B13466,1,1,SINGLETON,AVAILABLE,1,1,SINGLETON,article_like
B13467,1,1,SINGLETON,AVAILABLE,1,1,SINGLETON,article_like
B13468,1,1,SINGLETON,AVAILABLE,1,1,SINGLETON,article_like
B13469,1,1,SINGLETON,TITLE_ONLY,0,1,SINGLETON,article_like
B13470,2,2,DOI;PMID,TITLE_ONLY,0,2,DOI,article_like
B13471,1,1,SINGLETON,TITLE_ONLY,0,1,SINGLETON,conference
B13472,1,1,SINGLETON,AVAILABLE,1,1,SINGLETON,article_like
B13473,1,1,SINGLETON,TITLE_ONLY,0,1,SINGLETON,article_like
B13474,2,2,DOI;PMID;TITLE_EXACT_NORM,AVAILABLE,1,2,DOI,article_like
B13475,1,1,SINGLETON,AVAILABLE,1,1,SINGLETON,article_like
B13476,1,1,SINGLETON,AVAILABLE,1,1,SINGLETON,article_like
B13477,1,1,SINGLETON,AVAILABLE,1,1,SINGLETON,article_like
B13478,1,1,SINGLETON,AVAILABLE,1,1,SINGLETON,article_like
B13479,3,3,DOI;PMID;TITLE_EXACT_NORM,AVAILABLE,1,3,DOI,article_like
B13480,1,1,SINGLETON,AVAILABLE,1,1,SINGLETON,article_like
B13481,2,2,DOI;PMID;TITLE_EXACT_NORM,AVAILABLE,1,2,DOI,article_like
B13482,1,1,SINGLETON,TITLE_ONLY,0,1,SINGLETON,conference
B13483,1,1,SINGLETON,AVAILABLE,1,1,SINGLETON,article_like
B13484,1,1,SINGLETON,AVAILABLE,1,1,SINGLETON,article_like
B13485,1,1,SINGLETON,AVAILABLE,1,1,SINGLETON,article_like
B13486,1,1,SINGLETON,TITLE_ONLY,0,1,SINGLETON,article_like
B13487,2,2,DOI;PMID;TITLE_EXACT_NORM,AVAILABLE,1,2,DOI,article_like
B13488,1,1,SINGLETON,AVAILABLE,1,1,SINGLETON,article_like
B13489,3,3,DOI;PMID;TITLE_EXACT_NORM,AVAILABLE,1,3,DOI,article_like
B13490,1,1,SINGLETON,AVAILABLE,1,1,SINGLETON,article_like
B13491,1,1,SINGLETON,AVAILABLE,1,1,SINGLETON,article_like
B13492,3,3,PMID;TITLE_EXACT_NORM,AVAILABLE,1,3,PMID,article_like
B13493,1,1,SINGLETON,AVAILABLE,1,1,SINGLETON,article_like
B13494,1,1,SINGLETON,AVAILABLE,1,1,SINGLETON,article_like
B13495,3,3,DOI;PMID;TITLE_EXACT_NORM,AVAILABLE,1,3,DOI,article_like
B13496,1,1,SINGLETON,AVAILABLE,1,1,SINGLETON,article_like
B13497,2,2,DOI;PMID;TITLE_EXACT_NORM,AVAILABLE,1,2,DOI,article_like
B13498,1,1,SINGLETON,AVAILABLE,1,1,SINGLETON,conference
B13499,1,1,SINGLETON,AVAILABLE,1,1,SINGLETON,article_like
B13500,2,2,DOI;PMID;TITLE_EXACT_NORM,AVAILABLE,1,2,DOI,article_like
B13501,3,3,DOI;PMID;TITLE_EXACT_NORM,AVAILABLE,1,3,DOI,article_like
B13502,1,1,SINGLETON,AVAILABLE,1,1,SINGLETON,article_like
B13503,1,1,SINGLETON,TITLE_ONLY,0,1,SINGLETON,conference
B13504,1,1,SINGLETON,TITLE_ONLY,0,1,SINGLETON,conference
B13505,3,3,DOI;PMID;TITLE_EXACT_NORM,AVAILABLE,1,3,DOI,article_like
B13506,2,2,DOI;PMID;TITLE_EXACT_NORM,AVAILABLE,1,2,DOI,article_like
B13507,1,1,SINGLETON,AVAILABLE,1,1,SINGLETON,article_like
B13508,2,2,DOI;PMID;TITLE_EXACT_NORM,AVAILABLE,1,2,DOI,article_like
B13509,1,1,SINGLETON,AVAILABLE,1,1,SINGLETON,article_like
B13510,1,1,SINGLETON,AVAILABLE,1,1,SINGLETON,article_like
B13511,1,1,SINGLETON,AVAILABLE,1,1,SINGLETON,article_like
B13512,1,1,SINGLETON,AVAILABLE,1,1,SINGLETON,article_like
B13513,1,1,SINGLETON,AVAILABLE,1,1,SINGLETON,article_like
B13514,3,3,DOI;PMID;TITLE_EXACT_NORM,AVAILABLE,1,3,DOI,article_like
B13515,1,1,SINGLETON,TITLE_ONLY,0,1,SINGLETON,article_like
B13516,1,1,SINGLETON,TITLE_ONLY,0,1,SINGLETON,conference
B13517,1,1,SINGLETON,AVAILABLE,1,1,SINGLETON,article_like
B13518,3,3,DOI;PMID;TITLE_EXACT_NORM,AVAILABLE,1,3,DOI,article_like
B13519,1,1,SINGLETON,TITLE_ONLY,0,1,SINGLETON,conference
B13520,3,3,DOI;PMID;TITLE_EXACT_NORM,AVAILABLE,1,3,DOI,article_like
B13521,1,1,SINGLETON,AVAILABLE,1,1,SINGLETON,article_like
B13522,1,1,SINGLETON,AVAILABLE,1,1,SINGLETON,article_like
B13523,1,1,SINGLETON,TITLE_ONLY,0,1,SINGLETON,conference
B13524,1,1,SINGLETON,AVAILABLE,1,1,SINGLETON,article_like
B13525,3,3,DOI;PMID;TITLE_EXACT_NORM,AVAILABLE,1,3,DOI,article_like
B13526,1,1,SINGLETON,TITLE_ONLY,0,1,SINGLETON,conference
B13527,1,1,SINGLETON,AVAILABLE,1,1,SINGLETON,article_like
B13528,3,3,DOI;PMID;TITLE_EXACT_NORM,AVAILABLE,1,3,DOI,article_like
B13529,3,3,DOI;PMID;TITLE_EXACT_NORM,AVAILABLE,1,3,DOI,article_like
B13530,1,1,SINGLETON,AVAILABLE,1,1,SINGLETON,article_like
B13531,2,2,DOI;TITLE_EXACT_NORM,AVAILABLE,1,2,DOI,article_like
B13532,3,3,DOI;PMID;TITLE_EXACT_NORM,AVAILABLE,1,3,DOI,article_like
B13533,3,3,DOI;PMID;TITLE_EXACT_NORM,AVAILABLE,1,3,DOI,article_like
B13534,1,1,SINGLETON,AVAILABLE,1,1,SINGLETON,article_like
B13535,2,2,DOI;PMID;TITLE_EXACT_NORM,AVAILABLE,1,2,DOI,article_like
B13536,1,1,SINGLETON,AVAILABLE,1,1,SINGLETON,article_like
B13537,2,2,DOI;PMID;TITLE_EXACT_NORM,AVAILABLE,1,2,DOI,article_like
B13538,1,1,SINGLETON,AVAILABLE,1,1,SINGLETON,article_like
B13539,3,3,DOI;PMID;TITLE_EXACT_NORM,AVAILABLE,1,3,DOI,article_like
B13540,3,3,DOI;PMID,TITLE_ONLY,0,3,DOI,correction
B13541,3,3,DOI,AVAILABLE,1,3,DOI,correction
B13542,1,1,SINGLETON,AVAILABLE,1,1,SINGLETON,article_like
B13543,1,1,SINGLETON,AVAILABLE,1,1,SINGLETON,article_like
B13544,1,1,SINGLETON,AVAILABLE,1,1,SINGLETON,article_like
B13545,3,3,DOI;PMID;TITLE_EXACT_NORM,AVAILABLE,1,3,DOI,article_like
B13546,1,1,SINGLETON,TITLE_ONLY,0,1,SINGLETON,conference
B13547,1,1,SINGLETON,AVAILABLE,1,1,SINGLETON,article_like
B13548,3,3,DOI;PMID;TITLE_EXACT_NORM,AVAILABLE,1,3,DOI,article_like
B13549,3,3,DOI;PMID;TITLE_EXACT_NORM,AVAILABLE,1,3,DOI,article_like
B13550,3,3,DOI;PMID;TITLE_EXACT_NORM,AVAILABLE,1,3,DOI,article_like
B13551,3,3,DOI;PMID;TITLE_EXACT_NORM,AVAILABLE,1,3,DOI,article_like
B13552,3,3,DOI;PMID;TITLE_EXACT_NORM,AVAILABLE,1,3,DOI,article_like
B13553,3,3,DOI;PMID;TITLE_EXACT_NORM,AVAILABLE,1,3,DOI,article_like
B13554,3,3,DOI;PMID;TITLE_EXACT_NORM,AVAILABLE,1,3,DOI,article_like
B13555,3,3,DOI;PMID;TITLE_EXACT_NORM,AVAILABLE,1,3,DOI,article_like
B13556,1,1,SINGLETON,AVAILABLE,1,1,SINGLETON,article_like
B13557,1,1,SINGLETON,AVAILABLE,1,1,SINGLETON,article_like
B13558,1,1,SINGLETON,AVAILABLE,1,1,SINGLETON,article_like
B13559,3,3,DOI;PMID;TITLE_EXACT_NORM,AVAILABLE,1,3,DOI,article_like
B13560,3,3,DOI;PMID;TITLE_EXACT_NORM,AVAILABLE,1,3,DOI,article_like
B13561,3,3,DOI;PMID;TITLE_EXACT_NORM,AVAILABLE,1,3,DOI,article_like
B13562,1,1,SINGLETON,AVAILABLE,1,1,SINGLETON,article_like
B13563,3,3,DOI;PMID;TITLE_EXACT_NORM,AVAILABLE,1,3,DOI,article_like
B13564,3,3,DOI;PMID;TITLE_EXACT_NORM,AVAILABLE,1,3,DOI,article_like
B13565,3,3,DOI;PMID;TITLE_EXACT_NORM,AVAILABLE,1,3,DOI,article_like
B13566,3,3,DOI;PMID;TITLE_EXACT_NORM,AVAILABLE,1,3,DOI,article_like
B13567,1,1,SINGLETON,AVAILABLE,1,1,SINGLETON,article_like
B13568,3,3,DOI;PMID;TITLE_EXACT_NORM,AVAILABLE,1,3,DOI,article_like
B13569,1,1,SINGLETON,AVAILABLE,1,1,SINGLETON,article_like
B13570,1,1,SINGLETON,AVAILABLE,1,1,SINGLETON,article_like
B13571,1,1,SINGLETON,AVAILABLE,1,1,SINGLETON,article_like
B13572,1,1,SINGLETON,TITLE_ONLY,0,1,SINGLETON,article_like
B13573,1,1,SINGLETON,AVAILABLE,1,1,SINGLETON,article_like
B13574,1,1,SINGLETON,AVAILABLE,1,1,SINGLETON,article_like
B13575,3,3,DOI;PMID;TITLE_EXACT_NORM,AVAILABLE,1,3,DOI,article_like
B13576,3,3,DOI;PMID;TITLE_EXACT_NORM,AVAILABLE,1,3,DOI,article_like
B13577,3,3,DOI;PMID;TITLE_EXACT_NORM,AVAILABLE,1,3,DOI,article_like
B13578,1,1,SINGLETON,AVAILABLE,1,1,SINGLETON,article_like
B13579,1,1,SINGLETON,AVAILABLE,1,1,SINGLETON,article_like
B13580,1,1,SINGLETON,TITLE_ONLY,0,1,SINGLETON,article_like
B13581,1,1,SINGLETON,AVAILABLE,1,1,SINGLETON,article_like
B13582,1,1,SINGLETON,AVAILABLE,1,1,SINGLETON,article_like
B13583,1,1,SINGLETON,AVAILABLE,1,1,SINGLETON,article_like
B13584,3,3,DOI;PMID;TITLE_EXACT_NORM,AVAILABLE,1,3,DOI,article_like
B13585,2,2,DOI;PMID;TITLE_EXACT_NORM,AVAILABLE,1,2,DOI,article_like
B13586,3,3,DOI;PMID;TITLE_EXACT_NORM,AVAILABLE,1,3,DOI,article_like
B13587,2,2,DOI;PMID;TITLE_EXACT_NORM,AVAILABLE,1,2,DOI,article_like
B13588,3,3,DOI;PMID;TITLE_EXACT_NORM,AVAILABLE,1,3,DOI,article_like
B13589,3,3,DOI;PMID;TITLE_EXACT_NORM,AVAILABLE,1,3,DOI,article_like
B13590,3,3,DOI;PMID;TITLE_EXACT_NORM,AVAILABLE,1,3,DOI,article_like
B13591,1,1,SINGLETON,TITLE_ONLY,0,1,SINGLETON,conference
B13592,2,1,TITLE_EXACT_NORM,TITLE_ONLY,0,2,TITLE_EXACT_NORM,conference
B13593,1,1,SINGLETON,AVAILABLE,1,1,SINGLETON,article_like
B13594,1,1,SINGLETON,TITLE_ONLY,0,1,SINGLETON,conference
B13595,1,1,SINGLETON,AVAILABLE,1,1,SINGLETON,article_like
B13596,1,1,SINGLETON,AVAILABLE,1,1,SINGLETON,article_like
B13597,1,1,SINGLETON,TITLE_ONLY,0,1,SINGLETON,conference
B13598,1,1,SINGLETON,TITLE_ONLY,0,1,SINGLETON,conference
B13599,3,3,DOI;PMID;TITLE_EXACT_NORM,AVAILABLE,1,3,DOI,article_like
B13600,2,2,DOI;PMID;TITLE_EXACT_NORM,AVAILABLE,1,2,DOI,article_like
B13601,3,3,DOI;PMID;TITLE_EXACT_NORM,AVAILABLE,1,3,DOI,article_like
B13602,2,2,DOI;PMID;TITLE_EXACT_NORM,AVAILABLE,1,2,DOI,article_like
B13603,3,3,DOI;PMID;TITLE_EXACT_NORM,AVAILABLE,1,3,DOI,article_like
B13604,3,3,DOI;PMID;TITLE_EXACT_NORM,AVAILABLE,1,3,DOI,article_like
B13605,1,1,SINGLETON,AVAILABLE,1,1,SINGLETON,article_like
B13606,3,3,DOI;PMID;TITLE_EXACT_NORM,AVAILABLE,1,3,DOI,article_like
B13607,1,1,SINGLETON,AVAILABLE,1,1,SINGLETON,article_like
B13608,3,3,DOI;PMID;TITLE_EXACT_NORM,AVAILABLE,1,3,DOI,article_like
B13609,1,1,SINGLETON,TITLE_ONLY,0,1,SINGLETON,conference
B13610,1,1,SINGLETON,TITLE_ONLY,0,1,SINGLETON,article_like
B13611,3,3,DOI;PMID;TITLE_EXACT_NORM,AVAILABLE,1,3,DOI,article_like
B13612,3,3,DOI;PMID;TITLE_EXACT_NORM,AVAILABLE,1,3,DOI,article_like
B13613,3,3,DOI;PMID;TITLE_EXACT_NORM,AVAILABLE,1,3,DOI,article_like
B13614,3,3,DOI;PMID;TITLE_EXACT_NORM,AVAILABLE,1,3,DOI,article_like
B13615,1,1,SINGLETON,AVAILABLE,1,1,SINGLETON,article_like
B13616,3,3,DOI;PMID;TITLE_EXACT_NORM,AVAILABLE,1,3,DOI,article_like
B13617,1,1,SINGLETON,AVAILABLE,1,1,SINGLETON,article_like
B13618,2,2,DOI;PMID;TITLE_EXACT_NORM,AVAILABLE,1,2,DOI,article_like
B13619,2,2,DOI;PMID;TITLE_EXACT_NORM,AVAILABLE,1,2,DOI,article_like
B13620,1,1,SINGLETON,TITLE_ONLY,0,1,SINGLETON,article_like
B13621,1,1,SINGLETON,AVAILABLE,1,1,SINGLETON,article_like
B13622,1,1,SINGLETON,AVAILABLE,1,1,SINGLETON,article_like
B13623,1,1,SINGLETON,AVAILABLE,1,1,SINGLETON,article_like
B13624,1,1,SINGLETON,AVAILABLE,1,1,SINGLETON,article_like
B13625,3,3,DOI;PMID;TITLE_EXACT_NORM,TITLE_ONLY,0,3,DOI,article_like
B13626,1,1,SINGLETON,AVAILABLE,1,1,SINGLETON,article_like
B13627,1,1,SINGLETON,TITLE_ONLY,0,1,SINGLETON,conference
B13628,3,3,DOI;PMID;TITLE_EXACT_NORM,AVAILABLE,1,3,DOI,article_like
B13629,1,1,SINGLETON,TITLE_ONLY,0,1,SINGLETON,article_like
B13630,1,1,SINGLETON,AVAILABLE,1,1,SINGLETON,article_like
B13631,1,1,SINGLETON,AVAILABLE,1,1,SINGLETON,article_like
B13632,2,2,DOI;PMID;TITLE_EXACT_NORM,AVAILABLE,1,2,DOI,article_like
B13633,2,2,DOI;PMID;TITLE_EXACT_NORM,AVAILABLE,1,2,DOI,article_like
B13634,1,1,SINGLETON,AVAILABLE,1,1,SINGLETON,article_like
B13635,2,2,DOI;PMID;TITLE_EXACT_NORM,AVAILABLE,1,2,DOI,article_like
B13636,1,1,SINGLETON,AVAILABLE,1,1,SINGLETON,article_like
B13637,1,1,SINGLETON,AVAILABLE,1,1,SINGLETON,article_like
B13638,1,1,SINGLETON,AVAILABLE,1,1,SINGLETON,article_like
B13639,1,1,SINGLETON,AVAILABLE,1,1,SINGLETON,article_like
B13640,1,1,SINGLETON,TITLE_ONLY,0,1,SINGLETON,conference
B13641,2,2,DOI;PMID;TITLE_EXACT_NORM,AVAILABLE,1,2,DOI,article_like
B13642,2,2,DOI;PMID;TITLE_EXACT_NORM,AVAILABLE,1,2,DOI,article_like
B13643,2,2,DOI;TITLE_EXACT_NORM,AVAILABLE,1,2,DOI,article_like
B13644,1,1,SINGLETON,AVAILABLE,1,1,SINGLETON,article_like
B13645,1,1,SINGLETON,AVAILABLE,1,1,SINGLETON,article_like
B13646,1,1,SINGLETON,AVAILABLE,1,1,SINGLETON,article_like
B13647,1,1,SINGLETON,AVAILABLE,1,1,SINGLETON,article_like
B13648,1,1,SINGLETON,AVAILABLE,1,1,SINGLETON,article_like
B13649,1,1,SINGLETON,TITLE_ONLY,0,1,SINGLETON,conference
B13650,2,2,DOI;PMID;TITLE_EXACT_NORM,AVAILABLE,1,2,DOI,article_like
B13651,2,2,DOI;PMID;TITLE_EXACT_NORM,AVAILABLE,1,2,DOI,article_like
B13652,2,2,DOI;PMID;TITLE_EXACT_NORM,AVAILABLE,1,2,DOI,article_like
B13653,1,1,SINGLETON,AVAILABLE,1,1,SINGLETON,article_like
B13654,1,1,SINGLETON,AVAILABLE,1,1,SINGLETON,article_like
B13655,1,1,SINGLETON,TITLE_ONLY,0,1,SINGLETON,article_like
B13656,1,1,SINGLETON,TITLE_ONLY,0,1,SINGLETON,article_like
B13657,2,2,DOI;PMID;TITLE_EXACT_NORM,AVAILABLE,1,2,DOI,article_like
B13658,1,1,SINGLETON,AVAILABLE,1,1,SINGLETON,article_like
B13659,2,2,DOI;PMID;TITLE_EXACT_NORM,AVAILABLE,1,2,DOI,article_like
B13660,1,1,SINGLETON,TITLE_ONLY,0,1,SINGLETON,article_like
B13661,2,2,DOI;PMID;TITLE_EXACT_NORM,AVAILABLE,1,2,DOI,article_like
B13662,1,1,SINGLETON,TITLE_ONLY,0,1,SINGLETON,conference
B13663,1,1,SINGLETON,AVAILABLE,1,1,SINGLETON,article_like
B13664,1,1,SINGLETON,TITLE_ONLY,0,1,SINGLETON,conference
B13665,2,2,DOI;PMID;TITLE_EXACT_NORM,AVAILABLE,1,2,DOI,article_like
B13666,1,1,SINGLETON,AVAILABLE,1,1,SINGLETON,article_like
B13667,1,1,SINGLETON,TITLE_ONLY,0,1,SINGLETON,article_like
B13668,2,2,DOI;PMID;TITLE_EXACT_NORM,AVAILABLE,1,2,DOI,article_like
B13669,1,1,SINGLETON,AVAILABLE,1,1,SINGLETON,conference
B13670,1,1,SINGLETON,TITLE_ONLY,0,1,SINGLETON,article_like
B13671,1,1,SINGLETON,AVAILABLE,1,1,SINGLETON,article_like
B13672,1,1,SINGLETON,TITLE_ONLY,0,1,SINGLETON,article_like
B13673,1,1,SINGLETON,AVAILABLE,1,1,SINGLETON,article_like
B13674,1,1,SINGLETON,AVAILABLE,1,1,SINGLETON,article_like
B13675,1,1,SINGLETON,TITLE_ONLY,0,1,SINGLETON,conference
B13676,2,2,DOI;PMID;TITLE_EXACT_NORM,AVAILABLE,1,2,DOI,article_like
B13677,1,1,SINGLETON,AVAILABLE,1,1,SINGLETON,article_like
B13678,2,2,DOI;PMID;TITLE_EXACT_NORM,AVAILABLE,1,2,DOI,article_like
B13679,1,1,SINGLETON,AVAILABLE,1,1,SINGLETON,article_like
B13680,1,1,SINGLETON,AVAILABLE,1,1,SINGLETON,article_like
B13681,2,2,DOI;PMID;TITLE_EXACT_NORM,AVAILABLE,1,2,DOI,article_like
B13682,1,1,SINGLETON,AVAILABLE,1,1,SINGLETON,article_like
B13683,1,1,SINGLETON,AVAILABLE,1,1,SINGLETON,article_like
B13684,2,2,DOI;PMID;TITLE_EXACT_NORM,AVAILABLE,1,2,DOI,article_like
B13685,2,2,DOI;PMID;TITLE_EXACT_NORM,AVAILABLE,1,2,DOI,article_like
B13686,2,2,DOI,TITLE_ONLY,0,2,DOI,correction
B13687,2,2,DOI;PMID;TITLE_EXACT_NORM,AVAILABLE,1,2,DOI,article_like
B13688,1,1,SINGLETON,TITLE_ONLY,0,1,SINGLETON,conference
B13689,2,2,DOI;PMID;TITLE_EXACT_NORM,AVAILABLE,1,2,DOI,article_like
B13690,3,3,DOI;PMID;TITLE_EXACT_NORM,AVAILABLE,1,3,DOI,article_like
B13691,1,1,SINGLETON,TITLE_ONLY,0,1,SINGLETON,conference
B13692,2,2,DOI;TITLE_EXACT_NORM,AVAILABLE,1,2,DOI,conference
B13693,1,1,SINGLETON,TITLE_ONLY,0,1,SINGLETON,conference
B13694,1,1,SINGLETON,AVAILABLE,1,1,SINGLETON,article_like
B13695,2,2,DOI;PMID;TITLE_EXACT_NORM,AVAILABLE,1,2,DOI,article_like
B13696,1,1,SINGLETON,TITLE_ONLY,0,1,SINGLETON,conference
B13697,1,1,SINGLETON,TITLE_ONLY,0,1,SINGLETON,conference
B13698,2,2,DOI;PMID;TITLE_EXACT_NORM,AVAILABLE,1,2,DOI,article_like
B13699,2,2,DOI;PMID;TITLE_EXACT_NORM,AVAILABLE,1,2,DOI,article_like
B13700,2,2,DOI;PMID;TITLE_EXACT_NORM,AVAILABLE,1,2,DOI,article_like
B13701,2,2,DOI;PMID;TITLE_EXACT_NORM,AVAILABLE,1,2,DOI,article_like
B13702,2,2,DOI;TITLE_EXACT_NORM,AVAILABLE,1,2,DOI,article_like
B13703,2,2,DOI;PMID;TITLE_EXACT_NORM,AVAILABLE,1,2,DOI,article_like
B13704,2,2,DOI;PMID;TITLE_EXACT_NORM,TITLE_ONLY,0,2,DOI,article_like
B13705,3,3,DOI;PMID;TITLE_EXACT_NORM,AVAILABLE,1,3,DOI,article_like
B13706,2,2,DOI;TITLE_EXACT_NORM,AVAILABLE,1,2,DOI,article_like
B13707,1,1,SINGLETON,AVAILABLE,1,1,SINGLETON,article_like
B13708,1,1,SINGLETON,TITLE_ONLY,0,1,SINGLETON,article_like
B13709,1,1,SINGLETON,AVAILABLE,1,1,SINGLETON,article_like
B13710,2,2,DOI;PMID;TITLE_EXACT_NORM,AVAILABLE,1,2,DOI,article_like
B13711,1,1,SINGLETON,AVAILABLE,1,1,SINGLETON,article_like
B13712,2,2,DOI;PMID;TITLE_EXACT_NORM,AVAILABLE,1,2,DOI,article_like
B13713,2,2,DOI;TITLE_EXACT_NORM,AVAILABLE,1,2,DOI,article_like
B13714,2,2,DOI;PMID;TITLE_EXACT_NORM,AVAILABLE,1,2,DOI,article_like
B13715,1,1,SINGLETON,AVAILABLE,1,1,SINGLETON,article_like
B13716,1,1,SINGLETON,TITLE_ONLY,0,1,SINGLETON,conference
B13717,1,1,SINGLETON,TITLE_ONLY,0,1,SINGLETON,conference
B13718,2,2,DOI;PMID;TITLE_EXACT_NORM,AVAILABLE,1,2,DOI,article_like
B13719,2,2,DOI;PMID;TITLE_EXACT_NORM,AVAILABLE,1,2,DOI,article_like
B13720,1,1,SINGLETON,TITLE_ONLY,0,1,SINGLETON,conference
B13721,1,1,SINGLETON,AVAILABLE,1,1,SINGLETON,article_like
B13722,2,2,DOI;PMID;TITLE_EXACT_NORM,AVAILABLE,1,2,DOI,article_like
B13723,1,1,SINGLETON,TITLE_ONLY,0,1,SINGLETON,conference
B13724,1,1,SINGLETON,AVAILABLE,1,1,SINGLETON,article_like
B13725,1,1,SINGLETON,AVAILABLE,1,1,SINGLETON,article_like
B13726,1,1,SINGLETON,AVAILABLE,1,1,SINGLETON,article_like
B13727,1,1,SINGLETON,AVAILABLE,1,1,SINGLETON,article_like
B13728,2,2,TITLE_EXACT_NORM,AVAILABLE,1,2,TITLE_EXACT_NORM,article_like
B13729,1,1,SINGLETON,AVAILABLE,1,1,SINGLETON,article_like
B13730,1,1,SINGLETON,AVAILABLE,1,1,SINGLETON,article_like
B13731,1,1,SINGLETON,AVAILABLE,1,1,SINGLETON,article_like
B13732,1,1,SINGLETON,AVAILABLE,1,1,SINGLETON,article_like
B13733,3,3,DOI;PMID;TITLE_EXACT_NORM,AVAILABLE,1,3,DOI,article_like
B13734,2,2,DOI;PMID;TITLE_EXACT_NORM,AVAILABLE,1,2,DOI,article_like
B13735,1,1,SINGLETON,TITLE_ONLY,0,1,SINGLETON,article_like
B13736,3,3,DOI;PMID;TITLE_EXACT_NORM,AVAILABLE,1,3,DOI,article_like
B13737,2,2,DOI;PMID;TITLE_EXACT_NORM,AVAILABLE,1,2,DOI,article_like
B13738,1,1,SINGLETON,TITLE_ONLY,0,1,SINGLETON,conference
B13739,1,1,SINGLETON,AVAILABLE,1,1,SINGLETON,article_like
B13740,1,1,SINGLETON,AVAILABLE,1,1,SINGLETON,article_like
B13741,1,1,SINGLETON,AVAILABLE,1,1,SINGLETON,article_like
B13742,1,1,SINGLETON,AVAILABLE,1,1,SINGLETON,article_like
B13743,1,1,SINGLETON,TITLE_ONLY,0,1,SINGLETON,article_like
B13744,2,2,DOI;PMID;TITLE_EXACT_NORM,TITLE_ONLY,0,2,DOI,article_like
B13745,1,1,SINGLETON,AVAILABLE,1,1,SINGLETON,article_like
B13746,1,1,SINGLETON,TITLE_ONLY,0,1,SINGLETON,article_like
B13747,2,2,DOI;PMID;TITLE_EXACT_NORM,AVAILABLE,1,2,DOI,article_like
B13748,2,2,DOI;PMID;TITLE_EXACT_NORM,AVAILABLE,1,2,DOI,article_like
B13749,1,1,SINGLETON,TITLE_ONLY,0,1,SINGLETON,article_like
B13750,2,2,DOI;PMID,AVAILABLE,1,2,DOI,article_like
B13751,2,2,DOI;TITLE_EXACT_NORM,AVAILABLE,1,2,DOI,article_like
B13752,2,2,PMID;TITLE_EXACT_NORM,AVAILABLE,1,2,PMID,article_like
B13753,2,2,DOI;PMID;TITLE_EXACT_NORM,AVAILABLE,1,2,DOI,article_like
B13754,1,1,SINGLETON,TITLE_ONLY,0,1,SINGLETON,conference
B13755,2,2,DOI;PMID;TITLE_EXACT_NORM,AVAILABLE,1,2,DOI,article_like
B13756,1,1,SINGLETON,AVAILABLE,1,1,SINGLETON,article_like
B13757,1,1,SINGLETON,AVAILABLE,1,1,SINGLETON,article_like
B13758,1,1,SINGLETON,TITLE_ONLY,0,1,SINGLETON,conference
B13759,2,2,DOI;PMID;TITLE_EXACT_NORM,AVAILABLE,1,2,DOI,article_like
B13760,1,1,SINGLETON,TITLE_ONLY,0,1,SINGLETON,conference
B13761,3,3,DOI;PMID;TITLE_EXACT_NORM,AVAILABLE,1,3,DOI,article_like
B13762,1,1,SINGLETON,AVAILABLE,1,1,SINGLETON,article_like
B13763,1,1,SINGLETON,AVAILABLE,1,1,SINGLETON,article_like
B13764,2,2,DOI;PMID;TITLE_EXACT_NORM,TITLE_ONLY,0,2,DOI,article_like
B13765,2,2,DOI;PMID;TITLE_EXACT_NORM,AVAILABLE,1,2,DOI,article_like
B13766,2,2,DOI;PMID;TITLE_EXACT_NORM,AVAILABLE,1,2,DOI,article_like
B13767,2,2,DOI;PMID;TITLE_EXACT_NORM,AVAILABLE,1,2,DOI,article_like
B13768,1,1,SINGLETON,AVAILABLE,1,1,SINGLETON,article_like
B13769,1,1,SINGLETON,AVAILABLE,1,1,SINGLETON,article_like
B13770,2,2,DOI;PMID;TITLE_EXACT_NORM,AVAILABLE,1,2,DOI,article_like
B13771,1,1,SINGLETON,AVAILABLE,1,1,SINGLETON,article_like
B13772,2,2,DOI;PMID;TITLE_EXACT_NORM,AVAILABLE,1,2,DOI,article_like
B13773,3,3,DOI;PMID;TITLE_EXACT_NORM,AVAILABLE,1,3,DOI,article_like
B13774,1,1,SINGLETON,AVAILABLE,1,1,SINGLETON,article_like
B13775,1,1,SINGLETON,TITLE_ONLY,0,1,SINGLETON,article_like
B13776,1,1,SINGLETON,TITLE_ONLY,0,1,SINGLETON,article_like
B13777,2,2,DOI;PMID;TITLE_EXACT_NORM,AVAILABLE,1,2,DOI,article_like
B13778,1,1,SINGLETON,AVAILABLE,1,1,SINGLETON,article_like
B13779,1,1,SINGLETON,AVAILABLE,1,1,SINGLETON,article_like
B13780,1,1,SINGLETON,AVAILABLE,1,1,SINGLETON,article_like
B13781,2,2,DOI;PMID;TITLE_EXACT_NORM,AVAILABLE,1,2,DOI,article_like
B13782,1,1,SINGLETON,AVAILABLE,1,1,SINGLETON,article_like
B13783,2,2,DOI;PMID;TITLE_EXACT_NORM,AVAILABLE,1,2,DOI,article_like
B13784,1,1,SINGLETON,TITLE_ONLY,0,1,SINGLETON,article_like
B13785,2,2,DOI;PMID;TITLE_EXACT_NORM,AVAILABLE,1,2,DOI,article_like
B13786,1,1,SINGLETON,AVAILABLE,1,1,SINGLETON,article_like
B13787,2,2,DOI;PMID;TITLE_EXACT_NORM,AVAILABLE,1,2,DOI,article_like
B13788,1,1,SINGLETON,AVAILABLE,1,1,SINGLETON,article_like
B13789,1,1,SINGLETON,AVAILABLE,1,1,SINGLETON,article_like
B13790,2,2,DOI;PMID;TITLE_EXACT_NORM,TITLE_ONLY,0,2,DOI,article_like
B13791,1,1,SINGLETON,AVAILABLE,1,1,SINGLETON,article_like
B13792,3,3,DOI;PMID;TITLE_EXACT_NORM,AVAILABLE,1,3,DOI,article_like
B13793,2,2,DOI;PMID;TITLE_EXACT_NORM,AVAILABLE,1,2,DOI,article_like
B13794,2,2,DOI;PMID;TITLE_EXACT_NORM,AVAILABLE,1,2,DOI,article_like
B13795,1,1,SINGLETON,AVAILABLE,1,1,SINGLETON,article_like
B13796,1,1,SINGLETON,TITLE_ONLY,0,1,SINGLETON,conference
B13797,1,1,SINGLETON,AVAILABLE,1,1,SINGLETON,article_like
B13798,2,2,DOI;PMID;TITLE_EXACT_NORM,AVAILABLE,1,2,DOI,article_like
B13799,1,1,SINGLETON,TITLE_ONLY,0,1,SINGLETON,conference
B13800,1,1,SINGLETON,AVAILABLE,1,1,SINGLETON,article_like
B13801,1,1,SINGLETON,TITLE_ONLY,0,1,SINGLETON,conference
B13802,2,2,DOI;PMID;TITLE_EXACT_NORM,AVAILABLE,1,2,DOI,article_like
B13803,2,2,DOI;PMID;TITLE_EXACT_NORM,AVAILABLE,1,2,DOI,article_like
B13804,1,1,SINGLETON,AVAILABLE,1,1,SINGLETON,article_like
B13805,1,1,SINGLETON,AVAILABLE,1,1,SINGLETON,article_like
B13806,1,1,SINGLETON,TITLE_ONLY,0,1,SINGLETON,conference
B13807,1,1,SINGLETON,AVAILABLE,1,1,SINGLETON,article_like
B13808,2,2,DOI;PMID;TITLE_EXACT_NORM,AVAILABLE,1,2,DOI,article_like
B13809,1,1,SINGLETON,AVAILABLE,1,1,SINGLETON,article_like
B13810,1,1,SINGLETON,AVAILABLE,1,1,SINGLETON,article_like
B13811,2,2,DOI;PMID;TITLE_EXACT_NORM,AVAILABLE,1,2,DOI,article_like
B13812,1,1,SINGLETON,AVAILABLE,1,1,SINGLETON,article_like
B13813,1,1,SINGLETON,AVAILABLE,1,1,SINGLETON,conference
B13814,1,1,SINGLETON,AVAILABLE,1,1,SINGLETON,article_like
B13815,2,2,DOI;PMID;TITLE_EXACT_NORM,AVAILABLE,1,2,DOI,article_like
B13816,2,2,DOI;PMID;TITLE_EXACT_NORM,AVAILABLE,1,2,DOI,article_like
B13817,2,2,DOI;PMID;TITLE_EXACT_NORM,AVAILABLE,1,2,DOI,article_like
B13818,2,2,DOI;PMID;TITLE_EXACT_NORM,AVAILABLE,1,2,DOI,article_like
B13819,1,1,SINGLETON,AVAILABLE,1,1,SINGLETON,article_like
B13820,3,3,DOI;PMID;TITLE_EXACT_NORM,AVAILABLE,1,3,DOI,article_like
B13821,1,1,SINGLETON,AVAILABLE,1,1,SINGLETON,article_like
B13822,2,2,DOI;PMID;TITLE_EXACT_NORM,AVAILABLE,1,2,DOI,article_like
B13823,2,2,DOI;PMID;TITLE_EXACT_NORM,AVAILABLE,1,2,DOI,article_like
B13824,2,2,DOI;PMID;TITLE_EXACT_NORM,AVAILABLE,1,2,DOI,article_like
B13825,2,2,DOI;PMID;TITLE_EXACT_NORM,AVAILABLE,1,2,DOI,article_like
B13826,2,2,DOI;PMID;TITLE_EXACT_NORM,AVAILABLE,1,2,DOI,article_like
B13827,2,2,DOI;PMID;TITLE_EXACT_NORM,AVAILABLE,1,2,DOI,article_like
B13828,2,2,DOI;PMID;TITLE_EXACT_NORM,AVAILABLE,1,2,DOI,article_like
B13829,1,1,SINGLETON,AVAILABLE,1,1,SINGLETON,article_like
B13830,2,2,DOI;PMID;TITLE_EXACT_NORM,AVAILABLE,1,2,DOI,article_like
B13831,1,1,SINGLETON,TITLE_ONLY,0,1,SINGLETON,conference
B13832,3,3,DOI;PMID;TITLE_EXACT_NORM,AVAILABLE,1,3,DOI,article_like
B13833,1,1,SINGLETON,AVAILABLE,1,1,SINGLETON,article_like
B13834,1,1,SINGLETON,AVAILABLE,1,1,SINGLETON,article_like
B13835,2,2,DOI;PMID;TITLE_EXACT_NORM,AVAILABLE,1,2,DOI,article_like
B13836,2,2,DOI;PMID;TITLE_EXACT_NORM,AVAILABLE,1,2,DOI,article_like
B13837,2,2,DOI;PMID;TITLE_EXACT_NORM,AVAILABLE,1,2,DOI,article_like
B13838,1,1,SINGLETON,AVAILABLE,1,1,SINGLETON,article_like
B13839,3,3,DOI;PMID;TITLE_EXACT_NORM,AVAILABLE,1,3,DOI,article_like
B13840,2,2,DOI;PMID;TITLE_EXACT_NORM,AVAILABLE,1,2,DOI,article_like
B13841,1,1,SINGLETON,AVAILABLE,1,1,SINGLETON,article_like
B13842,2,2,DOI;PMID;TITLE_EXACT_NORM,AVAILABLE,1,2,DOI,article_like
B13843,2,2,DOI;PMID;TITLE_EXACT_NORM,AVAILABLE,1,2,DOI,article_like
B13844,1,1,SINGLETON,AVAILABLE,1,1,SINGLETON,article_like
B13845,2,2,DOI;PMID;TITLE_EXACT_NORM,AVAILABLE,1,2,DOI,article_like
B13846,2,2,DOI;PMID;TITLE_EXACT_NORM,AVAILABLE,1,2,DOI,article_like
B13847,1,1,SINGLETON,AVAILABLE,1,1,SINGLETON,article_like
B13848,2,2,DOI;TITLE_EXACT_NORM,AVAILABLE,1,2,DOI,article_like
B13849,2,2,DOI;PMID;TITLE_EXACT_NORM,AVAILABLE,1,2,DOI,article_like
B13850,1,1,SINGLETON,AVAILABLE,1,1,SINGLETON,article_like
B13851,1,1,SINGLETON,AVAILABLE,1,1,SINGLETON,article_like
B13852,2,2,DOI;PMID;TITLE_EXACT_NORM,AVAILABLE,1,2,DOI,article_like
B13853,1,1,SINGLETON,AVAILABLE,1,1,SINGLETON,article_like
B13854,1,1,SINGLETON,AVAILABLE,1,1,SINGLETON,article_like
B13855,1,1,SINGLETON,TITLE_ONLY,0,1,SINGLETON,article_like
B13856,1,1,SINGLETON,AVAILABLE,1,1,SINGLETON,article_like
B13857,1,1,SINGLETON,AVAILABLE,1,1,SINGLETON,article_like
B13858,2,2,DOI;PMID;TITLE_EXACT_NORM,AVAILABLE,1,2,DOI,article_like
B13859,2,2,DOI;PMID;TITLE_EXACT_NORM,AVAILABLE,1,2,DOI,article_like
B13860,2,2,DOI;PMID;TITLE_EXACT_NORM,AVAILABLE,1,2,DOI,article_like
B13861,1,1,SINGLETON,AVAILABLE,1,1,SINGLETON,article_like
B13862,1,1,SINGLETON,AVAILABLE,1,1,SINGLETON,article_like
B13863,1,1,SINGLETON,AVAILABLE,1,1,SINGLETON,article_like
B13864,2,2,DOI;TITLE_EXACT_NORM,AVAILABLE,1,2,DOI,article_like
B13865,1,1,SINGLETON,AVAILABLE,1,1,SINGLETON,article_like
B13866,1,1,SINGLETON,AVAILABLE,1,1,SINGLETON,article_like
B13867,2,2,DOI;PMID;TITLE_EXACT_NORM,AVAILABLE,1,2,DOI,article_like
B13868,1,1,SINGLETON,AVAILABLE,1,1,SINGLETON,article_like
B13869,1,1,SINGLETON,TITLE_ONLY,0,1,SINGLETON,conference
B13870,1,1,SINGLETON,AVAILABLE,1,1,SINGLETON,article_like
B13871,1,1,SINGLETON,AVAILABLE,1,1,SINGLETON,article_like
B13872,2,2,DOI;PMID;TITLE_EXACT_NORM,AVAILABLE,1,2,DOI,article_like
B13873,1,1,SINGLETON,TITLE_ONLY,0,1,SINGLETON,conference
B13874,1,1,SINGLETON,TITLE_ONLY,0,1,SINGLETON,conference
B13875,1,1,SINGLETON,AVAILABLE,1,1,SINGLETON,article_like
B13876,1,1,SINGLETON,AVAILABLE,1,1,SINGLETON,article_like
B13877,1,1,SINGLETON,AVAILABLE,1,1,SINGLETON,article_like
B13878,1,1,SINGLETON,AVAILABLE,1,1,SINGLETON,article_like
B13879,2,2,DOI;PMID;TITLE_EXACT_NORM,AVAILABLE,1,2,DOI,article_like
B13880,2,2,DOI;PMID;TITLE_EXACT_NORM,AVAILABLE,1,2,DOI,article_like
B13881,1,1,SINGLETON,AVAILABLE,1,1,SINGLETON,article_like
B13882,1,1,SINGLETON,AVAILABLE,1,1,SINGLETON,article_like
B13883,2,2,DOI;PMID;TITLE_EXACT_NORM,AVAILABLE,1,2,DOI,article_like
B13884,1,1,SINGLETON,AVAILABLE,1,1,SINGLETON,article_like
B13885,1,1,SINGLETON,AVAILABLE,1,1,SINGLETON,article_like
B13886,1,1,SINGLETON,AVAILABLE,1,1,SINGLETON,article_like
B13887,1,1,SINGLETON,TITLE_ONLY,0,1,SINGLETON,article_like
B13888,2,2,DOI;PMID;TITLE_EXACT_NORM,AVAILABLE,1,2,DOI,article_like
B13889,1,1,SINGLETON,AVAILABLE,1,1,SINGLETON,article_like
B13890,2,2,DOI;PMID;TITLE_EXACT_NORM,AVAILABLE,1,2,DOI,article_like
B13891,3,3,DOI;PMID;TITLE_EXACT_NORM,AVAILABLE,1,3,DOI,article_like
B13892,2,2,DOI;PMID;TITLE_EXACT_NORM,AVAILABLE,1,2,DOI,article_like
B13893,2,2,DOI;PMID;TITLE_EXACT_NORM,AVAILABLE,1,2,DOI,article_like
B13894,1,1,SINGLETON,AVAILABLE,1,1,SINGLETON,conference
B13895,2,2,DOI;PMID;TITLE_EXACT_NORM,AVAILABLE,1,2,DOI,article_like
B13896,2,2,DOI;PMID;TITLE_EXACT_NORM,AVAILABLE,1,2,DOI,article_like
B13897,3,3,DOI;PMID;TITLE_EXACT_NORM,AVAILABLE,1,3,DOI,article_like
B13898,2,2,DOI;PMID;TITLE_EXACT_NORM,AVAILABLE,1,2,DOI,article_like
B13899,2,2,DOI;PMID;TITLE_EXACT_NORM,AVAILABLE,1,2,DOI,article_like
B13900,1,1,SINGLETON,AVAILABLE,1,1,SINGLETON,article_like
B13901,1,1,SINGLETON,AVAILABLE,1,1,SINGLETON,article_like
B13902,2,2,DOI;PMID;TITLE_EXACT_NORM,AVAILABLE,1,2,DOI,article_like
B13903,1,1,SINGLETON,TITLE_ONLY,0,1,SINGLETON,article_like
B13904,2,2,DOI;PMID;TITLE_EXACT_NORM,AVAILABLE,1,2,DOI,article_like
B13905,1,1,SINGLETON,TITLE_ONLY,0,1,SINGLETON,conference
B13906,2,2,DOI;PMID;TITLE_EXACT_NORM,AVAILABLE,1,2,DOI,article_like
B13907,1,1,SINGLETON,TITLE_ONLY,0,1,SINGLETON,conference
B13908,1,1,SINGLETON,AVAILABLE,1,1,SINGLETON,article_like
B13909,2,2,DOI;TITLE_EXACT_NORM,AVAILABLE,1,2,DOI,article_like
B13910,1,1,SINGLETON,AVAILABLE,1,1,SINGLETON,article_like
B13911,2,2,DOI;PMID;TITLE_EXACT_NORM,AVAILABLE,1,2,DOI,article_like
B13912,1,1,SINGLETON,AVAILABLE,1,1,SINGLETON,article_like
B13913,1,1,SINGLETON,AVAILABLE,1,1,SINGLETON,article_like
B13914,2,2,DOI;PMID;TITLE_EXACT_NORM,AVAILABLE,1,2,DOI,article_like
B13915,2,2,DOI;PMID;TITLE_EXACT_NORM,AVAILABLE,1,2,DOI,article_like
B13916,1,1,SINGLETON,TITLE_ONLY,0,1,SINGLETON,article_like
B13917,1,1,SINGLETON,AVAILABLE,1,1,SINGLETON,article_like
B13918,2,2,DOI;PMID;TITLE_EXACT_NORM,AVAILABLE,1,2,DOI,article_like
B13919,1,1,SINGLETON,AVAILABLE,1,1,SINGLETON,article_like
B13920,2,2,DOI;PMID;TITLE_EXACT_NORM,AVAILABLE,1,2,DOI,article_like
B13921,2,2,DOI;PMID;TITLE_EXACT_NORM,AVAILABLE,1,2,DOI,article_like
B13922,2,2,DOI;PMID,AVAILABLE,1,2,DOI,article_like
B13923,1,1,SINGLETON,AVAILABLE,1,1,SINGLETON,article_like
B13924,1,1,SINGLETON,AVAILABLE,1,1,SINGLETON,article_like
B13925,2,2,DOI;TITLE_EXACT_NORM,AVAILABLE,1,2,DOI,article_like
B13926,2,2,DOI;PMID,AVAILABLE,1,2,DOI,article_like
B13927,1,1,SINGLETON,AVAILABLE,1,1,SINGLETON,article_like
B13928,1,1,SINGLETON,AVAILABLE,1,1,SINGLETON,article_like
B13929,2,2,DOI;PMID;TITLE_EXACT_NORM,AVAILABLE,1,2,DOI,article_like
B13930,2,2,DOI;PMID;TITLE_EXACT_NORM,AVAILABLE,1,2,DOI,article_like
B13931,1,1,SINGLETON,AVAILABLE,1,1,SINGLETON,article_like
B13932,1,1,SINGLETON,AVAILABLE,1,1,SINGLETON,article_like
B13933,1,1,SINGLETON,AVAILABLE,1,1,SINGLETON,article_like
B13934,1,1,SINGLETON,AVAILABLE,1,1,SINGLETON,conference
B13935,2,2,DOI;PMID;TITLE_EXACT_NORM,AVAILABLE,1,2,DOI,article_like
B13936,2,2,DOI;PMID,AVAILABLE,1,2,DOI,article_like
B13937,1,1,SINGLETON,TITLE_ONLY,0,1,SINGLETON,article_like
B13938,1,1,SINGLETON,TITLE_ONLY,0,1,SINGLETON,conference
B13939,2,2,DOI;PMID;TITLE_EXACT_NORM,AVAILABLE,1,2,DOI,article_like
B13940,2,2,DOI;PMID;TITLE_EXACT_NORM,AVAILABLE,1,2,DOI,article_like
B13941,1,1,SINGLETON,AVAILABLE,1,1,SINGLETON,article_like
B13942,1,1,SINGLETON,AVAILABLE,1,1,SINGLETON,article_like
B13943,1,1,SINGLETON,AVAILABLE,1,1,SINGLETON,article_like
B13944,2,2,DOI;TITLE_EXACT_NORM,AVAILABLE,1,2,DOI,article_like
B13945,1,1,SINGLETON,TITLE_ONLY,0,1,SINGLETON,article_like
B13946,2,2,DOI;PMID;TITLE_EXACT_NORM,AVAILABLE,1,2,DOI,article_like
B13947,1,1,SINGLETON,AVAILABLE,1,1,SINGLETON,article_like
B13948,1,1,SINGLETON,AVAILABLE,1,1,SINGLETON,article_like
B13949,1,1,SINGLETON,AVAILABLE,1,1,SINGLETON,article_like
B13950,2,2,DOI;PMID;TITLE_EXACT_NORM,AVAILABLE,1,2,DOI,article_like
B13951,1,1,SINGLETON,AVAILABLE,1,1,SINGLETON,article_like
B13952,1,1,SINGLETON,AVAILABLE,1,1,SINGLETON,conference
B13953,1,1,SINGLETON,AVAILABLE,1,1,SINGLETON,article_like
B13954,2,2,DOI;PMID;TITLE_EXACT_NORM,AVAILABLE,1,2,DOI,article_like
B13955,2,2,DOI;TITLE_EXACT_NORM,AVAILABLE,1,2,DOI,article_like
B13956,1,1,SINGLETON,TITLE_ONLY,0,1,SINGLETON,article_like
B13957,2,2,DOI;PMID;TITLE_EXACT_NORM,AVAILABLE,1,2,DOI,article_like
B13958,1,1,SINGLETON,AVAILABLE,1,1,SINGLETON,article_like
B13959,2,2,DOI;PMID;TITLE_EXACT_NORM,AVAILABLE,1,2,DOI,article_like
B13960,1,1,SINGLETON,AVAILABLE,1,1,SINGLETON,article_like
B13961,1,1,SINGLETON,AVAILABLE,1,1,SINGLETON,article_like
B13962,1,1,SINGLETON,AVAILABLE,1,1,SINGLETON,article_like
B13963,3,3,DOI;PMID;TITLE_EXACT_NORM,AVAILABLE,1,3,DOI,article_like
B13964,2,2,DOI;PMID;TITLE_EXACT_NORM,AVAILABLE,1,2,DOI,article_like
B13965,1,1,SINGLETON,AVAILABLE,1,1,SINGLETON,article_like
B13966,1,1,SINGLETON,AVAILABLE,1,1,SINGLETON,article_like
B13967,1,1,SINGLETON,AVAILABLE,1,1,SINGLETON,article_like
B13968,1,1,SINGLETON,TITLE_ONLY,0,1,SINGLETON,conference
B13969,2,2,DOI;PMID;TITLE_EXACT_NORM,AVAILABLE,1,2,DOI,article_like
B13970,1,1,SINGLETON,AVAILABLE,1,1,SINGLETON,article_like
B13971,1,1,SINGLETON,AVAILABLE,1,1,SINGLETON,article_like
B13972,1,1,SINGLETON,AVAILABLE,1,1,SINGLETON,article_like
B13973,1,1,SINGLETON,AVAILABLE,1,1,SINGLETON,article_like
B13974,1,1,SINGLETON,AVAILABLE,1,1,SINGLETON,article_like
B13975,1,1,SINGLETON,AVAILABLE,1,1,SINGLETON,article_like
B13976,1,1,SINGLETON,AVAILABLE,1,1,SINGLETON,article_like
B13977,1,1,SINGLETON,AVAILABLE,1,1,SINGLETON,article_like
B13978,1,1,SINGLETON,AVAILABLE,1,1,SINGLETON,article_like
B13979,1,1,SINGLETON,AVAILABLE,1,1,SINGLETON,article_like
B13980,1,1,SINGLETON,TITLE_ONLY,0,1,SINGLETON,article_like
B13981,1,1,SINGLETON,AVAILABLE,1,1,SINGLETON,article_like
B13982,1,1,SINGLETON,AVAILABLE,1,1,SINGLETON,article_like
B13983,1,1,SINGLETON,AVAILABLE,1,1,SINGLETON,article_like
B13984,1,1,SINGLETON,AVAILABLE,1,1,SINGLETON,article_like
B13985,2,2,DOI;PMID;TITLE_EXACT_NORM,AVAILABLE,1,2,DOI,article_like
B13986,1,1,SINGLETON,AVAILABLE,1,1,SINGLETON,article_like
B13987,1,1,SINGLETON,AVAILABLE,1,1,SINGLETON,article_like
B13988,2,2,DOI;PMID;TITLE_EXACT_NORM,AVAILABLE,1,2,DOI,article_like
B13989,2,2,DOI;PMID;TITLE_EXACT_NORM,AVAILABLE,1,2,DOI,article_like
B13990,1,1,SINGLETON,AVAILABLE,1,1,SINGLETON,article_like
B13991,1,1,SINGLETON,AVAILABLE,1,1,SINGLETON,article_like
B13992,1,1,SINGLETON,AVAILABLE,1,1,SINGLETON,article_like
B13993,1,1,SINGLETON,AVAILABLE,1,1,SINGLETON,article_like
B13994,1,1,SINGLETON,AVAILABLE,1,1,SINGLETON,article_like
B13995,1,1,SINGLETON,AVAILABLE,1,1,SINGLETON,article_like
B13996,2,2,DOI;PMID;TITLE_EXACT_NORM,AVAILABLE,1,2,DOI,article_like
B13997,2,2,PMID;TITLE_EXACT_NORM,AVAILABLE,1,2,PMID,article_like
B13998,1,1,SINGLETON,AVAILABLE,1,1,SINGLETON,article_like
B13999,2,2,DOI;TITLE_EXACT_NORM,AVAILABLE,1,2,DOI,article_like
B14000,1,1,SINGLETON,AVAILABLE,1,1,SINGLETON,article_like
B14001,2,2,DOI;PMID;TITLE_EXACT_NORM,AVAILABLE,1,2,DOI,article_like
B14002,2,2,DOI;PMID;TITLE_EXACT_NORM,AVAILABLE,1,2,DOI,article_like
B14003,2,2,DOI;PMID;TITLE_EXACT_NORM,TITLE_ONLY,0,2,DOI,article_like
B14004,1,1,SINGLETON,AVAILABLE,1,1,SINGLETON,article_like
B14005,2,2,DOI,AVAILABLE,1,2,DOI,article_like
B14006,2,2,DOI;PMID;TITLE_EXACT_NORM,AVAILABLE,1,2,DOI,article_like
B14007,1,1,SINGLETON,TITLE_ONLY,0,1,SINGLETON,conference
B14008,1,1,SINGLETON,AVAILABLE,1,1,SINGLETON,article_like
B14009,1,1,SINGLETON,AVAILABLE,1,1,SINGLETON,article_like
B14010,2,2,DOI;PMID;TITLE_EXACT_NORM,AVAILABLE,1,2,DOI,article_like
B14011,2,2,DOI;PMID;TITLE_EXACT_NORM,TITLE_ONLY,0,2,DOI,article_like
B14012,1,1,SINGLETON,AVAILABLE,1,1,SINGLETON,article_like
B14013,1,1,SINGLETON,TITLE_ONLY,0,1,SINGLETON,conference
B14014,2,2,DOI;PMID;TITLE_EXACT_NORM,AVAILABLE,1,2,DOI,article_like
B14015,1,1,SINGLETON,AVAILABLE,1,1,SINGLETON,article_like
B14016,2,2,DOI;PMID;TITLE_EXACT_NORM,AVAILABLE,1,2,DOI,article_like
B14017,1,1,SINGLETON,TITLE_ONLY,0,1,SINGLETON,article_like
B14018,1,1,SINGLETON,AVAILABLE,1,1,SINGLETON,article_like
B14019,1,1,SINGLETON,TITLE_ONLY,0,1,SINGLETON,conference
B14020,2,2,DOI;PMID;TITLE_EXACT_NORM,AVAILABLE,1,2,DOI,article_like
B14021,2,2,DOI;PMID;TITLE_EXACT_NORM,AVAILABLE,1,2,DOI,article_like
B14022,1,1,SINGLETON,AVAILABLE,1,1,SINGLETON,article_like
B14023,1,1,SINGLETON,AVAILABLE,1,1,SINGLETON,article_like
B14024,1,1,SINGLETON,AVAILABLE,1,1,SINGLETON,article_like
B14025,1,1,SINGLETON,AVAILABLE,1,1,SINGLETON,article_like
B14026,2,2,DOI;PMID;TITLE_EXACT_NORM,AVAILABLE,1,2,DOI,article_like
B14027,1,1,SINGLETON,AVAILABLE,1,1,SINGLETON,article_like
B14028,2,2,DOI;PMID;TITLE_EXACT_NORM,AVAILABLE,1,2,DOI,article_like
B14029,1,1,SINGLETON,AVAILABLE,1,1,SINGLETON,article_like
B14030,2,2,DOI;PMID;TITLE_EXACT_NORM,AVAILABLE,1,2,DOI,article_like
B14031,2,2,DOI;PMID;TITLE_EXACT_NORM,AVAILABLE,1,2,DOI,article_like
B14032,1,1,SINGLETON,AVAILABLE,1,1,SINGLETON,article_like
B14033,1,1,SINGLETON,AVAILABLE,1,1,SINGLETON,article_like
B14034,1,1,SINGLETON,AVAILABLE,1,1,SINGLETON,article_like
B14035,2,2,DOI;PMID;TITLE_EXACT_NORM,AVAILABLE,1,2,DOI,article_like
B14036,3,3,DOI;PMID;TITLE_EXACT_NORM,AVAILABLE,1,3,DOI,article_like
B14037,1,1,SINGLETON,AVAILABLE,1,1,SINGLETON,article_like
B14038,1,1,SINGLETON,AVAILABLE,1,1,SINGLETON,article_like
B14039,1,1,SINGLETON,AVAILABLE,1,1,SINGLETON,article_like
B14040,1,1,SINGLETON,AVAILABLE,1,1,SINGLETON,article_like
B14041,1,1,SINGLETON,AVAILABLE,1,1,SINGLETON,article_like
B14042,2,2,DOI;PMID;TITLE_EXACT_NORM,AVAILABLE,1,2,DOI,article_like
B14043,2,2,DOI;PMID;TITLE_EXACT_NORM,AVAILABLE,1,2,DOI,article_like;conference
B14044,1,1,SINGLETON,AVAILABLE,1,1,SINGLETON,article_like
B14045,1,1,SINGLETON,TITLE_ONLY,0,1,SINGLETON,article_like
B14046,1,1,SINGLETON,AVAILABLE,1,1,SINGLETON,article_like
B14047,1,1,SINGLETON,AVAILABLE,1,1,SINGLETON,article_like
B14048,1,1,SINGLETON,AVAILABLE,1,1,SINGLETON,article_like
B14049,1,1,SINGLETON,AVAILABLE,1,1,SINGLETON,article_like
B14050,2,2,DOI;PMID;TITLE_EXACT_NORM,AVAILABLE,1,2,DOI,article_like
B14051,2,2,DOI;PMID;TITLE_EXACT_NORM,AVAILABLE,1,2,DOI,article_like
B14052,1,1,SINGLETON,AVAILABLE,1,1,SINGLETON,article_like
B14053,1,1,SINGLETON,AVAILABLE,1,1,SINGLETON,article_like
B14054,2,2,DOI;PMID;TITLE_EXACT_NORM,AVAILABLE,1,2,DOI,article_like
B14055,1,1,SINGLETON,AVAILABLE,1,1,SINGLETON,article_like
B14056,2,2,DOI;TITLE_EXACT_NORM,AVAILABLE,1,2,DOI,article_like
B14057,1,1,SINGLETON,AVAILABLE,1,1,SINGLETON,article_like
B14058,1,1,SINGLETON,AVAILABLE,1,1,SINGLETON,article_like
B14059,1,1,SINGLETON,AVAILABLE,1,1,SINGLETON,article_like
B14060,1,1,SINGLETON,AVAILABLE,1,1,SINGLETON,article_like
B14061,2,2,DOI;PMID;TITLE_EXACT_NORM,AVAILABLE,1,2,DOI,article_like
B14062,1,1,SINGLETON,AVAILABLE,1,1,SINGLETON,article_like
B14063,1,1,SINGLETON,AVAILABLE,1,1,SINGLETON,article_like
B14064,1,1,SINGLETON,AVAILABLE,1,1,SINGLETON,article_like
B14065,1,1,SINGLETON,AVAILABLE,1,1,SINGLETON,article_like
B14066,1,1,SINGLETON,AVAILABLE,1,1,SINGLETON,article_like
B14067,1,1,SINGLETON,AVAILABLE,1,1,SINGLETON,article_like
B14068,2,2,DOI;PMID;TITLE_EXACT_NORM,AVAILABLE,1,2,DOI,article_like
B14069,1,1,SINGLETON,AVAILABLE,1,1,SINGLETON,article_like
B14070,1,1,SINGLETON,AVAILABLE,1,1,SINGLETON,article_like
B14071,1,1,SINGLETON,AVAILABLE,1,1,SINGLETON,article_like
B14072,2,2,DOI;PMID;TITLE_EXACT_NORM,TITLE_ONLY,0,2,DOI,article_like
B14073,1,1,SINGLETON,AVAILABLE,1,1,SINGLETON,article_like
B14074,2,2,DOI;PMID;TITLE_EXACT_NORM,AVAILABLE,1,2,DOI,article_like
B14075,1,1,SINGLETON,AVAILABLE,1,1,SINGLETON,article_like
B14076,1,1,SINGLETON,AVAILABLE,1,1,SINGLETON,article_like
B14077,1,1,SINGLETON,AVAILABLE,1,1,SINGLETON,article_like
B14078,2,2,DOI;PMID;TITLE_EXACT_NORM,AVAILABLE,1,2,DOI,article_like
B14079,1,1,SINGLETON,AVAILABLE,1,1,SINGLETON,article_like
B14080,1,1,SINGLETON,AVAILABLE,1,1,SINGLETON,article_like
B14081,1,1,SINGLETON,AVAILABLE,1,1,SINGLETON,article_like
B14082,1,1,SINGLETON,AVAILABLE,1,1,SINGLETON,article_like
B14083,1,1,SINGLETON,AVAILABLE,1,1,SINGLETON,article_like
B14084,2,2,DOI;PMID;TITLE_EXACT_NORM,AVAILABLE,1,2,DOI,article_like
B14085,1,1,SINGLETON,AVAILABLE,1,1,SINGLETON,article_like
B14086,2,2,DOI;PMID;TITLE_EXACT_NORM,AVAILABLE,1,2,DOI,article_like
B14087,1,1,SINGLETON,AVAILABLE,1,1,SINGLETON,article_like
B14088,1,1,SINGLETON,AVAILABLE,1,1,SINGLETON,article_like
B14089,1,1,SINGLETON,AVAILABLE,1,1,SINGLETON,article_like
B14090,1,1,SINGLETON,AVAILABLE,1,1,SINGLETON,article_like
B14091,2,2,DOI;PMID;TITLE_EXACT_NORM,AVAILABLE,1,2,DOI,article_like
B14092,1,1,SINGLETON,AVAILABLE,1,1,SINGLETON,article_like
B14093,1,1,SINGLETON,AVAILABLE,1,1,SINGLETON,conference
B14094,1,1,SINGLETON,AVAILABLE,1,1,SINGLETON,article_like
B14095,1,1,SINGLETON,AVAILABLE,1,1,SINGLETON,article_like
B14096,1,1,SINGLETON,AVAILABLE,1,1,SINGLETON,article_like
B14097,1,1,SINGLETON,AVAILABLE,1,1,SINGLETON,article_like
B14098,1,1,SINGLETON,AVAILABLE,1,1,SINGLETON,article_like
B14099,1,1,SINGLETON,AVAILABLE,1,1,SINGLETON,article_like
B14100,1,1,SINGLETON,AVAILABLE,1,1,SINGLETON,article_like
B14101,1,1,SINGLETON,AVAILABLE,1,1,SINGLETON,article_like
B14102,1,1,SINGLETON,AVAILABLE,1,1,SINGLETON,article_like
B14103,1,1,SINGLETON,TITLE_ONLY,0,1,SINGLETON,conference
B14104,1,1,SINGLETON,AVAILABLE,1,1,SINGLETON,conference
B14105,2,2,DOI;PMID;TITLE_EXACT_NORM,AVAILABLE,1,2,DOI,article_like
B14106,2,2,DOI;PMID;TITLE_EXACT_NORM,TITLE_ONLY,0,2,DOI,article_like
B14107,1,1,SINGLETON,AVAILABLE,1,1,SINGLETON,article_like
B14108,2,2,DOI;PMID;TITLE_EXACT_NORM,AVAILABLE,1,2,DOI,article_like
B14109,2,2,DOI;PMID;TITLE_EXACT_NORM,AVAILABLE,1,2,DOI,article_like
B14110,2,2,DOI;PMID;TITLE_EXACT_NORM,AVAILABLE,1,2,DOI,article_like
B14111,1,1,SINGLETON,TITLE_ONLY,0,1,SINGLETON,conference
B14112,1,1,SINGLETON,TITLE_ONLY,0,1,SINGLETON,conference
B14113,1,1,SINGLETON,AVAILABLE,1,1,SINGLETON,article_like
B14114,1,1,SINGLETON,AVAILABLE,1,1,SINGLETON,article_like
B14115,1,1,SINGLETON,AVAILABLE,1,1,SINGLETON,article_like
B14116,1,1,SINGLETON,AVAILABLE,1,1,SINGLETON,article_like
B14117,1,1,SINGLETON,AVAILABLE,1,1,SINGLETON,article_like
B14118,1,1,SINGLETON,AVAILABLE,1,1,SINGLETON,article_like
B14119,2,2,DOI;PMID;TITLE_EXACT_NORM,AVAILABLE,1,2,DOI,article_like
B14120,1,1,SINGLETON,AVAILABLE,1,1,SINGLETON,article_like
B14121,2,2,DOI;PMID;TITLE_EXACT_NORM,AVAILABLE,1,2,DOI,article_like
B14122,1,1,SINGLETON,TITLE_ONLY,0,1,SINGLETON,article_like
B14123,1,1,SINGLETON,AVAILABLE,1,1,SINGLETON,article_like
B14124,1,1,SINGLETON,AVAILABLE,1,1,SINGLETON,article_like
B14125,1,1,SINGLETON,AVAILABLE,1,1,SINGLETON,article_like
B14126,1,1,SINGLETON,AVAILABLE,1,1,SINGLETON,article_like
B14127,1,1,SINGLETON,AVAILABLE,1,1,SINGLETON,article_like
B14128,2,2,DOI;PMID;TITLE_EXACT_NORM,AVAILABLE,1,2,DOI,article_like
B14129,2,2,DOI;PMID;TITLE_EXACT_NORM,AVAILABLE,1,2,DOI,article_like
B14130,1,1,SINGLETON,AVAILABLE,1,1,SINGLETON,article_like
B14131,2,2,DOI;PMID;TITLE_EXACT_NORM,AVAILABLE,1,2,DOI,article_like
B14132,2,2,DOI;PMID;TITLE_EXACT_NORM,AVAILABLE,1,2,DOI,article_like
B14133,1,1,SINGLETON,AVAILABLE,1,1,SINGLETON,conference
B14134,1,1,SINGLETON,AVAILABLE,1,1,SINGLETON,article_like
B14135,1,1,SINGLETON,AVAILABLE,1,1,SINGLETON,article_like
B14136,1,1,SINGLETON,AVAILABLE,1,1,SINGLETON,article_like
B14137,1,1,SINGLETON,AVAILABLE,1,1,SINGLETON,article_like
B14138,1,1,SINGLETON,AVAILABLE,1,1,SINGLETON,article_like
B14139,2,2,DOI;PMID;TITLE_EXACT_NORM,AVAILABLE,1,2,DOI,article_like
B14140,1,1,SINGLETON,AVAILABLE,1,1,SINGLETON,article_like
B14141,1,1,SINGLETON,AVAILABLE,1,1,SINGLETON,article_like
B14142,2,2,DOI;PMID;TITLE_EXACT_NORM,AVAILABLE,1,2,DOI,article_like
B14143,1,1,SINGLETON,TITLE_ONLY,0,1,SINGLETON,article_like
B14144,2,2,DOI;TITLE_EXACT_NORM,TITLE_ONLY,0,2,DOI,article_like
B14145,2,2,DOI;PMID;TITLE_EXACT_NORM,AVAILABLE,1,2,DOI,article_like
B14146,1,1,SINGLETON,AVAILABLE,1,1,SINGLETON,article_like
B14147,1,1,SINGLETON,AVAILABLE,1,1,SINGLETON,conference
B14148,1,1,SINGLETON,AVAILABLE,1,1,SINGLETON,article_like
B14149,1,1,SINGLETON,AVAILABLE,1,1,SINGLETON,article_like
B14150,1,1,SINGLETON,AVAILABLE,1,1,SINGLETON,article_like
B14151,2,2,DOI;PMID;TITLE_EXACT_NORM,AVAILABLE,1,2,DOI,article_like
B14152,1,1,SINGLETON,AVAILABLE,1,1,SINGLETON,article_like
B14153,3,3,DOI;PMID;TITLE_EXACT_NORM,AVAILABLE,1,3,DOI,article_like
B14154,2,2,DOI;PMID;TITLE_EXACT_NORM,AVAILABLE,1,2,DOI,article_like
B14155,2,2,DOI;PMID;TITLE_EXACT_NORM,AVAILABLE,1,2,DOI,article_like
B14156,1,1,SINGLETON,AVAILABLE,1,1,SINGLETON,article_like
B14157,1,1,SINGLETON,AVAILABLE,1,1,SINGLETON,article_like
B14158,1,1,SINGLETON,TITLE_ONLY,0,1,SINGLETON,conference
B14159,2,2,DOI;PMID;TITLE_EXACT_NORM,AVAILABLE,1,2,DOI,article_like
B14160,2,2,DOI;PMID;TITLE_EXACT_NORM,AVAILABLE,1,2,DOI,article_like
B14161,2,2,DOI;PMID;TITLE_EXACT_NORM,AVAILABLE,1,2,DOI,article_like
B14162,1,1,SINGLETON,AVAILABLE,1,1,SINGLETON,article_like
B14163,1,1,SINGLETON,AVAILABLE,1,1,SINGLETON,article_like
B14164,1,1,SINGLETON,TITLE_ONLY,0,1,SINGLETON,conference
B14165,2,2,DOI;PMID;TITLE_EXACT_NORM,AVAILABLE,1,2,DOI,article_like
B14166,2,2,DOI;PMID;TITLE_EXACT_NORM,AVAILABLE,1,2,DOI,article_like
B14167,1,1,SINGLETON,AVAILABLE,1,1,SINGLETON,article_like
B14168,2,2,DOI;PMID;TITLE_EXACT_NORM,AVAILABLE,1,2,DOI,article_like
B14169,2,2,DOI;PMID;TITLE_EXACT_NORM,AVAILABLE,1,2,DOI,article_like
B14170,1,1,SINGLETON,TITLE_ONLY,0,1,SINGLETON,article_like
B14171,2,2,DOI;PMID;TITLE_EXACT_NORM,AVAILABLE,1,2,DOI,article_like
B14172,1,1,SINGLETON,AVAILABLE,1,1,SINGLETON,article_like
B14173,1,1,SINGLETON,AVAILABLE,1,1,SINGLETON,article_like
B14174,1,1,SINGLETON,AVAILABLE,1,1,SINGLETON,article_like
B14175,1,1,SINGLETON,AVAILABLE,1,1,SINGLETON,article_like
B14176,1,1,SINGLETON,AVAILABLE,1,1,SINGLETON,article_like
B14177,2,2,DOI;PMID;TITLE_EXACT_NORM,AVAILABLE,1,2,DOI,article_like
B14178,1,1,SINGLETON,AVAILABLE,1,1,SINGLETON,article_like
B14179,1,1,SINGLETON,AVAILABLE,1,1,SINGLETON,article_like
B14180,1,1,SINGLETON,AVAILABLE,1,1,SINGLETON,article_like
B14181,1,1,SINGLETON,AVAILABLE,1,1,SINGLETON,article_like
B14182,1,1,SINGLETON,TITLE_ONLY,0,1,SINGLETON,conference
B14183,1,1,SINGLETON,AVAILABLE,1,1,SINGLETON,article_like
B14184,1,1,SINGLETON,AVAILABLE,1,1,SINGLETON,article_like
B14185,1,1,SINGLETON,AVAILABLE,1,1,SINGLETON,article_like
B14186,1,1,SINGLETON,AVAILABLE,1,1,SINGLETON,article_like
B14187,1,1,SINGLETON,AVAILABLE,1,1,SINGLETON,article_like
B14188,1,1,SINGLETON,AVAILABLE,1,1,SINGLETON,article_like
B14189,1,1,SINGLETON,TITLE_ONLY,0,1,SINGLETON,conference
B14190,1,1,SINGLETON,AVAILABLE,1,1,SINGLETON,article_like
B14191,1,1,SINGLETON,AVAILABLE,1,1,SINGLETON,article_like
B14192,2,2,DOI;PMID;TITLE_EXACT_NORM,AVAILABLE,1,2,DOI,article_like
B14193,1,1,SINGLETON,AVAILABLE,1,1,SINGLETON,article_like
B14194,2,2,DOI;PMID;TITLE_EXACT_NORM,AVAILABLE,1,2,DOI,article_like
B14195,1,1,SINGLETON,AVAILABLE,1,1,SINGLETON,article_like
B14196,1,1,SINGLETON,AVAILABLE,1,1,SINGLETON,article_like
B14197,1,1,SINGLETON,AVAILABLE,1,1,SINGLETON,article_like
B14198,1,1,SINGLETON,AVAILABLE,1,1,SINGLETON,article_like
B14199,2,2,DOI;PMID;TITLE_EXACT_NORM,AVAILABLE,1,2,DOI,article_like
B14200,2,2,PMID;TITLE_EXACT_NORM,AVAILABLE,1,2,PMID,article_like
B14201,2,2,DOI;PMID;TITLE_EXACT_NORM,AVAILABLE,1,2,DOI,article_like
B14202,1,1,SINGLETON,AVAILABLE,1,1,SINGLETON,article_like
B14203,2,2,DOI;PMID;TITLE_EXACT_NORM,AVAILABLE,1,2,DOI,article_like
B14204,2,2,DOI;PMID;TITLE_EXACT_NORM,AVAILABLE,1,2,DOI,article_like
B14205,1,1,SINGLETON,AVAILABLE,1,1,SINGLETON,article_like
B14206,1,1,SINGLETON,TITLE_ONLY,0,1,SINGLETON,conference
B14207,2,2,DOI;PMID;TITLE_EXACT_NORM,AVAILABLE,1,2,DOI,article_like
B14208,1,1,SINGLETON,AVAILABLE,1,1,SINGLETON,article_like
B14209,1,1,SINGLETON,AVAILABLE,1,1,SINGLETON,article_like
B14210,1,1,SINGLETON,AVAILABLE,1,1,SINGLETON,article_like
B14211,1,1,SINGLETON,AVAILABLE,1,1,SINGLETON,article_like
B14212,1,1,SINGLETON,AVAILABLE,1,1,SINGLETON,article_like
B14213,1,1,SINGLETON,AVAILABLE,1,1,SINGLETON,article_like
B14214,1,1,SINGLETON,AVAILABLE,1,1,SINGLETON,article_like
B14215,2,2,DOI;PMID;TITLE_EXACT_NORM,AVAILABLE,1,2,DOI,article_like
B14216,1,1,SINGLETON,AVAILABLE,1,1,SINGLETON,article_like
B14217,1,1,SINGLETON,AVAILABLE,1,1,SINGLETON,article_like
B14218,1,1,SINGLETON,AVAILABLE,1,1,SINGLETON,article_like
B14219,1,1,SINGLETON,AVAILABLE,1,1,SINGLETON,article_like
B14220,2,2,DOI;PMID;TITLE_EXACT_NORM,AVAILABLE,1,2,DOI,article_like
B14221,2,2,DOI;PMID;TITLE_EXACT_NORM,AVAILABLE,1,2,DOI,article_like
B14222,2,2,DOI;PMID;TITLE_EXACT_NORM,AVAILABLE,1,2,DOI,article_like
B14223,2,2,DOI;TITLE_EXACT_NORM,AVAILABLE,1,2,DOI,article_like
B14224,2,2,DOI;TITLE_EXACT_NORM,TITLE_ONLY,0,2,DOI,article_like
B14225,1,1,SINGLETON,AVAILABLE,1,1,SINGLETON,article_like
B14226,1,1,SINGLETON,AVAILABLE,1,1,SINGLETON,article_like
B14227,2,2,DOI;PMID;TITLE_EXACT_NORM,AVAILABLE,1,2,DOI,article_like
B14228,1,1,SINGLETON,AVAILABLE,1,1,SINGLETON,article_like
B14229,1,1,SINGLETON,AVAILABLE,1,1,SINGLETON,article_like
B14230,1,1,SINGLETON,AVAILABLE,1,1,SINGLETON,article_like
B14231,1,1,SINGLETON,AVAILABLE,1,1,SINGLETON,article_like
B14232,2,2,DOI;PMID;TITLE_EXACT_NORM,AVAILABLE,1,2,DOI,article_like
B14233,1,1,SINGLETON,AVAILABLE,1,1,SINGLETON,article_like
B14234,1,1,SINGLETON,AVAILABLE,1,1,SINGLETON,article_like
B14235,1,1,SINGLETON,AVAILABLE,1,1,SINGLETON,article_like
B14236,2,2,DOI;PMID;TITLE_EXACT_NORM,AVAILABLE,1,2,DOI,article_like
B14237,2,2,DOI;PMID;TITLE_EXACT_NORM,AVAILABLE,1,2,DOI,article_like
B14238,2,2,DOI;PMID;TITLE_EXACT_NORM,AVAILABLE,1,2,DOI,article_like
B14239,1,1,SINGLETON,AVAILABLE,1,1,SINGLETON,article_like
B14240,1,1,SINGLETON,AVAILABLE,1,1,SINGLETON,article_like
B14241,1,1,SINGLETON,AVAILABLE,1,1,SINGLETON,article_like
B14242,2,2,DOI;TITLE_EXACT_NORM,AVAILABLE,1,2,DOI,article_like
B14243,1,1,SINGLETON,TITLE_ONLY,0,1,SINGLETON,article_like
B14244,2,2,DOI;PMID;TITLE_EXACT_NORM,AVAILABLE,1,2,DOI,article_like
B14245,1,1,SINGLETON,AVAILABLE,1,1,SINGLETON,article_like
B14246,2,2,DOI;PMID;TITLE_EXACT_NORM,AVAILABLE,1,2,DOI,article_like
B14247,1,1,SINGLETON,AVAILABLE,1,1,SINGLETON,article_like
B14248,1,1,SINGLETON,AVAILABLE,1,1,SINGLETON,article_like
B14249,1,1,SINGLETON,AVAILABLE,1,1,SINGLETON,article_like
B14250,1,1,SINGLETON,TITLE_ONLY,0,1,SINGLETON,conference
B14251,1,1,SINGLETON,AVAILABLE,1,1,SINGLETON,article_like
B14252,1,1,SINGLETON,AVAILABLE,1,1,SINGLETON,article_like
B14253,1,1,SINGLETON,AVAILABLE,1,1,SINGLETON,article_like
B14254,2,2,DOI;PMID;TITLE_EXACT_NORM,AVAILABLE,1,2,DOI,article_like
B14255,2,2,DOI;PMID;TITLE_EXACT_NORM,AVAILABLE,1,2,DOI,article_like
B14256,2,2,DOI;PMID;TITLE_EXACT_NORM,TITLE_ONLY,0,2,DOI,article_like
B14257,1,1,SINGLETON,AVAILABLE,1,1,SINGLETON,article_like
B14258,2,2,DOI;PMID;TITLE_EXACT_NORM,AVAILABLE,1,2,DOI,article_like
B14259,2,2,DOI;PMID;TITLE_EXACT_NORM,AVAILABLE,1,2,DOI,article_like
B14260,1,1,SINGLETON,AVAILABLE,1,1,SINGLETON,article_like
B14261,2,2,DOI;PMID;TITLE_EXACT_NORM,AVAILABLE,1,2,DOI,article_like
B14262,1,1,SINGLETON,AVAILABLE,1,1,SINGLETON,article_like
B14263,1,1,SINGLETON,AVAILABLE,1,1,SINGLETON,article_like
B14264,2,2,DOI;PMID;TITLE_EXACT_NORM,AVAILABLE,1,2,DOI,article_like
B14265,1,1,SINGLETON,TITLE_ONLY,0,1,SINGLETON,article_like
B14266,1,1,SINGLETON,AVAILABLE,1,1,SINGLETON,article_like
B14267,2,2,DOI;PMID;TITLE_EXACT_NORM,AVAILABLE,1,2,DOI,article_like
B14268,2,2,DOI;PMID;TITLE_EXACT_NORM,AVAILABLE,1,2,DOI,article_like
B14269,1,1,SINGLETON,AVAILABLE,1,1,SINGLETON,article_like
B14270,1,1,SINGLETON,AVAILABLE,1,1,SINGLETON,article_like
B14271,1,1,SINGLETON,TITLE_ONLY,0,1,SINGLETON,article_like
B14272,1,1,SINGLETON,AVAILABLE,1,1,SINGLETON,article_like
B14273,1,1,SINGLETON,AVAILABLE,1,1,SINGLETON,article_like
B14274,2,2,DOI;PMID;TITLE_EXACT_NORM,AVAILABLE,1,2,DOI,article_like
B14275,1,1,SINGLETON,AVAILABLE,1,1,SINGLETON,article_like
B14276,2,2,DOI;PMID;TITLE_EXACT_NORM,AVAILABLE,1,2,DOI,article_like
B14277,2,2,PMID;TITLE_EXACT_NORM,AVAILABLE,1,2,PMID,article_like
B14278,2,2,DOI;PMID;TITLE_EXACT_NORM,AVAILABLE,1,2,DOI,article_like
B14279,1,1,SINGLETON,TITLE_ONLY,0,1,SINGLETON,conference
B14280,2,2,DOI;PMID;TITLE_EXACT_NORM,AVAILABLE,1,2,DOI,article_like
B14281,2,2,DOI;PMID;TITLE_EXACT_NORM,AVAILABLE,1,2,DOI,article_like
B14282,1,1,SINGLETON,AVAILABLE,1,1,SINGLETON,article_like
B14283,1,1,SINGLETON,AVAILABLE,1,1,SINGLETON,article_like
B14284,2,2,DOI;PMID;TITLE_EXACT_NORM,AVAILABLE,1,2,DOI,article_like
B14285,2,2,DOI;PMID;TITLE_EXACT_NORM,AVAILABLE,1,2,DOI,article_like
B14286,2,2,DOI;PMID;TITLE_EXACT_NORM,AVAILABLE,1,2,DOI,article_like
B14287,2,2,DOI;PMID;TITLE_EXACT_NORM,AVAILABLE,1,2,DOI,article_like
B14288,1,1,SINGLETON,AVAILABLE,1,1,SINGLETON,article_like
B14289,2,2,DOI;PMID;TITLE_EXACT_NORM,AVAILABLE,1,2,DOI,article_like
B14290,2,2,DOI;PMID;TITLE_EXACT_NORM,AVAILABLE,1,2,DOI,article_like
B14291,2,2,DOI;PMID;TITLE_EXACT_NORM,AVAILABLE,1,2,DOI,article_like
B14292,2,2,DOI;PMID;TITLE_EXACT_NORM,AVAILABLE,1,2,DOI,article_like
B14293,1,1,SINGLETON,AVAILABLE,1,1,SINGLETON,article_like
B14294,2,2,DOI;PMID;TITLE_EXACT_NORM,AVAILABLE,1,2,DOI,article_like
B14295,1,1,SINGLETON,TITLE_ONLY,0,1,SINGLETON,conference
B14296,1,1,SINGLETON,AVAILABLE,1,1,SINGLETON,article_like
B14297,1,1,SINGLETON,AVAILABLE,1,1,SINGLETON,article_like
B14298,2,2,DOI;PMID;TITLE_EXACT_NORM,AVAILABLE,1,2,DOI,conference
B14299,1,1,SINGLETON,AVAILABLE,1,1,SINGLETON,article_like
B14300,2,2,PMID;TITLE_EXACT_NORM,AVAILABLE,1,2,PMID,article_like
B14301,2,2,PMID;TITLE_EXACT_NORM,AVAILABLE,1,2,PMID,article_like
B14302,2,2,PMID;TITLE_EXACT_NORM,AVAILABLE,1,2,PMID,article_like
B14303,2,2,DOI;PMID;TITLE_EXACT_NORM,AVAILABLE,1,2,DOI,article_like
B14304,1,1,SINGLETON,AVAILABLE,1,1,SINGLETON,article_like
B14305,2,2,DOI;PMID;TITLE_EXACT_NORM,AVAILABLE,1,2,DOI,article_like
B14306,2,1,DOI,AVAILABLE,1,2,DOI,article_like
B14307,1,1,SINGLETON,AVAILABLE,1,1,SINGLETON,conference
B14308,2,2,DOI;PMID;TITLE_EXACT_NORM,AVAILABLE,1,2,DOI,article_like
B14309,1,1,SINGLETON,AVAILABLE,1,1,SINGLETON,article_like
B14310,2,2,DOI;TITLE_EXACT_NORM,AVAILABLE,1,2,DOI,article_like
B14311,1,1,SINGLETON,AVAILABLE,1,1,SINGLETON,article_like
B14312,2,2,DOI;PMID;TITLE_EXACT_NORM,AVAILABLE,1,2,DOI,article_like
B14313,1,1,SINGLETON,AVAILABLE,1,1,SINGLETON,article_like
B14314,1,1,SINGLETON,AVAILABLE,1,1,SINGLETON,article_like
B14315,2,2,DOI;PMID;TITLE_EXACT_NORM,AVAILABLE,1,2,DOI,article_like
B14316,2,2,DOI;PMID;TITLE_EXACT_NORM,AVAILABLE,1,2,DOI,article_like
B14317,1,1,SINGLETON,TITLE_ONLY,0,1,SINGLETON,conference
B14318,2,2,DOI;PMID;TITLE_EXACT_NORM,AVAILABLE,1,2,DOI,article_like
B14319,2,2,DOI;PMID;TITLE_EXACT_NORM,AVAILABLE,1,2,DOI,article_like
B14320,1,1,SINGLETON,AVAILABLE,1,1,SINGLETON,conference
B14321,1,1,SINGLETON,AVAILABLE,1,1,SINGLETON,article_like
B14322,2,2,DOI;PMID;TITLE_EXACT_NORM,AVAILABLE,1,2,DOI,article_like
B14323,1,1,SINGLETON,TITLE_ONLY,0,1,SINGLETON,article_like
B14324,2,2,DOI;PMID;TITLE_EXACT_NORM,AVAILABLE,1,2,DOI,article_like
B14325,1,1,SINGLETON,AVAILABLE,1,1,SINGLETON,article_like
B14326,2,2,DOI;PMID;TITLE_EXACT_NORM,AVAILABLE,1,2,DOI,article_like
B14327,1,1,SINGLETON,AVAILABLE,1,1,SINGLETON,article_like
B14328,2,2,PMID,AVAILABLE,1,2,PMID,article_like
B14329,1,1,SINGLETON,AVAILABLE,1,1,SINGLETON,conference
B14330,2,2,DOI;PMID;TITLE_EXACT_NORM,AVAILABLE,1,2,DOI,article_like
B14331,2,2,PMID;TITLE_EXACT_NORM,AVAILABLE,1,2,PMID,article_like
B14332,2,2,PMID;TITLE_EXACT_NORM,AVAILABLE,1,2,PMID,article_like
B14333,1,1,SINGLETON,AVAILABLE,1,1,SINGLETON,conference
B14334,1,1,SINGLETON,AVAILABLE,1,1,SINGLETON,article_like
B14335,1,1,SINGLETON,AVAILABLE,1,1,SINGLETON,article_like
B14336,2,2,DOI;PMID;TITLE_EXACT_NORM,AVAILABLE,1,2,DOI,article_like
B14337,1,1,SINGLETON,AVAILABLE,1,1,SINGLETON,article_like
B14338,2,2,DOI;PMID;TITLE_EXACT_NORM,AVAILABLE,1,2,DOI,article_like
B14339,2,2,DOI;PMID;TITLE_EXACT_NORM,AVAILABLE,1,2,DOI,article_like
B14340,1,1,SINGLETON,AVAILABLE,1,1,SINGLETON,article_like
B14341,2,2,PMID;TITLE_EXACT_NORM,AVAILABLE,1,2,PMID,article_like
B14342,2,2,DOI;PMID;TITLE_EXACT_NORM,AVAILABLE,1,2,DOI,article_like
B14343,2,2,PMID;TITLE_EXACT_NORM,AVAILABLE,1,2,PMID,article_like
B14344,1,1,SINGLETON,AVAILABLE,1,1,SINGLETON,article_like
B14345,2,2,DOI;PMID;TITLE_EXACT_NORM,AVAILABLE,1,2,DOI,article_like
B14346,1,1,SINGLETON,AVAILABLE,1,1,SINGLETON,article_like
B14347,2,2,PMID;TITLE_EXACT_NORM,AVAILABLE,1,2,PMID,article_like
B14348,2,2,PMID;TITLE_EXACT_NORM,AVAILABLE,1,2,PMID,article_like
B14349,1,1,SINGLETON,AVAILABLE,1,1,SINGLETON,article_like
B14350,1,1,SINGLETON,AVAILABLE,1,1,SINGLETON,article_like
B14351,2,2,DOI;PMID;TITLE_EXACT_NORM,AVAILABLE,1,2,DOI,article_like
B14352,1,1,SINGLETON,AVAILABLE,1,1,SINGLETON,article_like
B14353,2,2,DOI;PMID;TITLE_EXACT_NORM,AVAILABLE,1,2,DOI,article_like
B14354,1,1,SINGLETON,AVAILABLE,1,1,SINGLETON,article_like
B14355,1,1,SINGLETON,AVAILABLE,1,1,SINGLETON,article_like
B14356,2,2,DOI;PMID;TITLE_EXACT_NORM,AVAILABLE,1,2,DOI,article_like
B14357,1,1,SINGLETON,AVAILABLE,1,1,SINGLETON,article_like
B14358,1,1,SINGLETON,AVAILABLE,1,1,SINGLETON,article_like
B14359,1,1,SINGLETON,AVAILABLE,1,1,SINGLETON,article_like
B14360,1,1,SINGLETON,AVAILABLE,1,1,SINGLETON,article_like
B14361,1,1,SINGLETON,AVAILABLE,1,1,SINGLETON,article_like
B14362,1,1,SINGLETON,AVAILABLE,1,1,SINGLETON,article_like
B14363,1,1,SINGLETON,AVAILABLE,1,1,SINGLETON,article_like
B14364,2,2,DOI;PMID;TITLE_EXACT_NORM,AVAILABLE,1,2,DOI,article_like
B14365,1,1,SINGLETON,AVAILABLE,1,1,SINGLETON,article_like
B14366,1,1,SINGLETON,AVAILABLE,1,1,SINGLETON,article_like
