Residual rank,Max cosine similarity,Top-50 audit flag,Broad_ID,Nearest candidate Broad_ID
1,0.972753405570984,1,B02766,B01067
2,0.9672020673751832,1,B12384,B00934
3,0.9663880467414856,1,B10079,B02240
4,0.9642529487609864,1,B02259,B09441
5,0.9635883569717408,1,B09715,B07160
6,0.9633955359458924,1,B09255,B05923
7,0.9630650877952576,1,B07191,B05467
8,0.9628257751464844,1,B10870,B07160
9,0.9627951383590698,1,B02619,B02240
10,0.9623441100120544,1,B02101,B03125
11,0.96212500333786,1,B03888,B02240
12,0.9620827436447144,1,B06724,B07160
13,0.9620617628097534,1,B00305,B03125
14,0.9619163274765016,1,B11064,B02240
15,0.961418867111206,1,B03187,B05467
16,0.96135151386261,1,B07372,B05467
17,0.961316466331482,1,B08922,B07160
18,0.9611817598342896,1,B07728,B07160
19,0.9610861539840698,1,B07731,B07160
20,0.9610547423362732,1,B02094,B07160
21,0.9609808921813964,1,B07730,B07160
22,0.9609508514404296,1,B10344,B07160
23,0.960940718650818,1,B03877,B05706
24,0.9608485698699952,1,B09471,B10640
25,0.9608441591262816,1,B03866,B02240
26,0.9608116745948792,1,B02127,B06506
27,0.9604962468147278,1,B09279,B07160
28,0.9604193568229676,1,B02881,B03125
29,0.960417628288269,1,B02204,B05706
30,0.960356831550598,1,B07714,B07160
31,0.9602919816970824,1,B03162,B07160
32,0.9602371454238892,1,B05649,B02240
33,0.9601529836654664,1,B01733,B03125
34,0.9601465463638306,1,B13172,B12194
35,0.960034966468811,1,B09994,B03125
36,0.9600048065185548,1,B01743,B02240
37,0.9599394798278807,1,B09151,B05706
38,0.9599199891090392,1,B05616,B03125
39,0.9598785638809204,1,B10896,B07160
40,0.959860861301422,1,B08587,B06506
41,0.9595268964767456,1,B02106,B01481
42,0.9594584107398988,1,B00197,B05706
43,0.9594470858573914,1,B05811,B06506
44,0.959343194961548,1,B00837,B07160
45,0.9593325853347778,1,B04338,B06506
46,0.9592257142066956,1,B07433,B03125
47,0.9592247009277344,1,B02057,B05467
48,0.9592170119285583,1,B02099,B06343
49,0.959208846092224,1,B09148,B01934
50,0.9591179490089417,1,B11659,B02240
51,0.9591103196144104,0,B09436,B09441
52,0.9588980674743652,0,B09985,B05467
53,0.95887553691864,0,B00674,B05706
54,0.9585652351379396,0,B08199,B03125
55,0.9585577249526978,0,B08938,B03125
56,0.9584497809410096,0,B02813,B04744
57,0.9584060311317444,0,B02090,B02240
58,0.9583355188369752,0,B02063,B02240
59,0.958326816558838,0,B07376,B01934
60,0.9581447839736938,0,B07436,B01481
61,0.9581207036972046,0,B02760,B02240
62,0.9580995440483092,0,B06673,B06506
63,0.957861065864563,0,B00199,B05706
64,0.9577326774597168,0,B06734,B09245
65,0.9574729800224304,0,B07733,B07160
66,0.9573827981948853,0,B03188,B05467
67,0.9573676586151124,0,B08921,B11529
68,0.957314431667328,0,B03388,B09441
69,0.957296907901764,0,B10668,B03125
70,0.9572648406028748,0,B07333,B05467
71,0.9571359753608704,0,B02217,B05706
72,0.9570794105529784,0,B09958,B07160
73,0.9569215774536132,0,B00849,B06506
74,0.9569212198257446,0,B10303,B07160
75,0.9569073915481568,0,B01310,B07160
76,0.9569056034088136,0,B00174,B07160
77,0.9568716883659364,0,B10874,B02240
78,0.9567650556564332,0,B11307,B01481
79,0.9567487239837646,0,B00043,B07160
80,0.9567078948020936,0,B05012,B00095
81,0.9566727876663208,0,B07695,B06506
82,0.9565236568450928,0,B10875,B07160
83,0.9564911127090454,0,B03216,B05467
84,0.9564839601516724,0,B10630,B07160
85,0.9564772248268129,0,B07199,B07160
86,0.9564288854599,0,B10732,B07160
87,0.9563058018684388,0,B00525,B02240
88,0.9562130570411682,0,B00833,B02240
89,0.9562005400657654,0,B02835,B05467
90,0.956166446208954,0,B11558,B02240
91,0.9560012221336364,0,B03522,B01481
92,0.955986499786377,0,B10193,B02240
93,0.955941677093506,0,B07075,B05467
94,0.955742359161377,0,B08192,B05467
95,0.955729365348816,0,B08386,B03125
96,0.9557012915611268,0,B02460,B07160
97,0.9557000398635864,0,B04522,B06506
98,0.9556186199188232,0,B08333,B04744
99,0.955591917037964,0,B03029,B03125
100,0.9555437564849854,0,B11832,B11529
101,0.9555053114891052,0,B01178,B06506
102,0.9554975628852844,0,B08173,B05467
103,0.9554907083511353,0,B08561,B03125
104,0.9553806185722352,0,B07238,B05467
105,0.9553779363632202,0,B10736,B05706
106,0.9553539752960204,0,B02493,B09441
107,0.9552944898605348,0,B03847,B02240
108,0.9552398920059204,0,B06035,B03125
109,0.9552243947982788,0,B09108,B02240
110,0.955151915550232,0,B06101,B06506
111,0.955051064491272,0,B00257,B02240
112,0.955049455165863,0,B12404,B02240
113,0.9550427198410034,0,B06242,B06506
114,0.955025553703308,0,B03980,B07160
115,0.9550164341926576,0,B09052,B05467
116,0.9550126791000366,0,B05640,B01481
117,0.955007791519165,0,B00424,B05706
118,0.9549944400787354,0,B00991,B05467
119,0.954917311668396,0,B10884,B07160
120,0.9548962116241456,0,B09472,B07160
121,0.9548732042312622,0,B02873,B02240
122,0.9548726081848145,0,B04937,B07160
123,0.9548587799072266,0,B00696,B07160
124,0.9548561573028564,0,B04940,B02240
125,0.9547455310821532,0,B06854,B02240
126,0.954729437828064,0,B12715,B12194
127,0.9547200798988342,0,B01833,B05706
128,0.9546990394592284,0,B13383,B10640
129,0.9546930193901062,0,B05664,B06506
130,0.9546209573745728,0,B04682,B06506
131,0.9545965194702148,0,B03859,B03125
132,0.9545798301696776,0,B09608,B07160
133,0.9545246958732604,0,B07397,B07160
134,0.9545174837112428,0,B05583,B05706
135,0.9545037746429444,0,B08632,B09441
136,0.9544898271560668,0,B09253,B05706
137,0.9544882774353028,0,B01243,B01481
138,0.9544861316680908,0,B03841,B02240
139,0.9544031620025636,0,B09983,B07160
140,0.9543828964233398,0,B05665,B03125
141,0.9543686509132384,0,B11934,B12194
142,0.9543333649635316,0,B06307,B02240
143,0.9542589783668518,0,B02121,B01481
144,0.9542454481124878,0,B10869,B07160
145,0.9541666507720948,0,B03746,B03125
146,0.9541369080543518,0,B08872,B01934
147,0.9540611505508424,0,B07059,B03125
148,0.9540300369262696,0,B00483,B01934
149,0.954026460647583,0,B06721,B07160
150,0.953974425792694,0,B03262,B07160
151,0.9539532661437988,0,B12424,B11529
152,0.9538843035697936,0,B00838,B07160
153,0.9538635015487672,0,B06905,B02240
154,0.953795611858368,0,B11828,B12194
155,0.9537376165390016,0,B12255,B07160
156,0.9536802172660828,0,B09174,B05467
157,0.9536086320877076,0,B06359,B05467
158,0.9535911083221436,0,B06857,B06506
159,0.953571915626526,0,B04531,B09441
160,0.9535280466079712,0,B06838,B06506
161,0.9535091519355774,0,B04262,B01481
162,0.9535016417503356,0,B06667,B02240
163,0.9534888863563538,0,B09896,B02240
164,0.9534538388252258,0,B07423,B06506
165,0.9534360766410828,0,B07418,B02240
166,0.9534152746200562,0,B05120,B03125
167,0.9533668756484984,0,B09065,B03125
168,0.9533621668815612,0,B05267,B02240
169,0.9533535838127136,0,B09096,B03125
170,0.9532818794250488,0,B03173,B05706
171,0.9532703161239624,0,B07604,B05467
172,0.9532573223114014,0,B00896,B05706
173,0.9532562494277954,0,B02163,B05706
174,0.9532486200332642,0,B06286,B06506
175,0.9532381296157836,0,B09102,B02240
176,0.9532048106193542,0,B09112,B05706
177,0.953150749206543,0,B13703,B05706
178,0.9530823826789856,0,B07750,B02240
179,0.9530391693115234,0,B05609,B03125
180,0.9530268907546996,0,B05139,B02240
181,0.9529985785484314,0,B05612,B07160
182,0.9529934525489808,0,B02888,B06506
183,0.9529607892036438,0,B00053,B07160
184,0.952926218509674,0,B13376,B11529
185,0.9529078006744384,0,B04608,B02240
186,0.952896237373352,0,B00535,B01481
187,0.9528543949127196,0,B08417,B09441
188,0.9528512358665466,0,B04802,B05467
189,0.952849805355072,0,B09132,B05467
190,0.9528348445892334,0,B07751,B09441
191,0.9527892470359802,0,B03091,B00536
192,0.9527226090431212,0,B03105,B02240
193,0.9526797533035278,0,B09443,B01481
194,0.9526755213737488,0,B09116,B03125
195,0.9526735544204712,0,B10661,B05467
196,0.9526625275611876,0,B02328,B05706
197,0.952593982219696,0,B07566,B07160
198,0.9525353908538818,0,B08172,B05467
199,0.9525207281112672,0,B03853,B03125
200,0.9524990320205688,0,B12964,B05706
201,0.9524620175361632,0,B08802,B06506
202,0.9524181485176086,0,B07701,B01481
203,0.9523932337760924,0,B00510,B03139
204,0.9523854851722716,0,B03396,B06506
205,0.9523500204086304,0,B09110,B03125
206,0.9523138999938964,0,B05701,B05706
207,0.9522823095321656,0,B02780,B06506
208,0.952255368232727,0,B03046,B02240
209,0.9522524476051332,0,B09138,B05467
210,0.952207326889038,0,B01413,B02240
211,0.9521932601928712,0,B04666,B06506
212,0.9521911144256592,0,B05447,B02240
213,0.9521661996841432,0,B10054,B05706
214,0.952142596244812,0,B09888,B03125
215,0.9521425366401672,0,B05689,B02240
216,0.9520856142044068,0,B11029,B06506
217,0.9520788192749025,0,B07261,B05467
218,0.9520007967948914,0,B07351,B03125
219,0.9519786834716796,0,B08607,B09441
220,0.951947808265686,0,B02053,B02240
221,0.9519153833389282,0,B05542,B02240
222,0.9519002437591552,0,B01198,B12194
223,0.951838493347168,0,B05580,B05706
224,0.951836109161377,0,B07679,B01481
225,0.951831579208374,0,B05884,B05706
226,0.9518299698829652,0,B09094,B06506
227,0.9518061280250548,0,B01596,B05467
228,0.951756715774536,0,B03538,B06506
229,0.951696276664734,0,B03499,B05467
230,0.951690673828125,0,B08725,B07160
231,0.951671838760376,0,B02110,B03125
232,0.9516551494598388,0,B02070,B02240
233,0.951633632183075,0,B09984,B07160
234,0.9516326785087584,0,B02618,B04744
235,0.9516212344169616,0,B02490,B01796
236,0.9516178369522096,0,B09160,B05706
237,0.9515881538391112,0,B09838,B03125
238,0.9515856504440308,0,B02412,B03139
239,0.9515767693519592,0,B12147,B11699
240,0.9515182971954346,0,B11628,B05467
241,0.9514883160591124,0,B07964,B03125
242,0.9514181017875672,0,B10386,B05706
243,0.9514054656028748,0,B00517,B05467
244,0.9513657093048096,0,B09476,B07160
245,0.9513640999794006,0,B11675,B07429
246,0.951363742351532,0,B10379,B03125
247,0.9513441324234008,0,B05246,B03125
248,0.9513440132141112,0,B03836,B05706
249,0.951279640197754,0,B00767,B07160
250,0.9512534141540528,0,B04889,B02240
251,0.9512191414833068,0,B10650,B01481
252,0.9512139558792114,0,B04518,B06506
253,0.9511783719062804,0,B09870,B02892
254,0.9511669874191284,0,B12374,B12194
255,0.9511566162109376,0,B05082,B03125
256,0.9511500000953674,0,B08891,B05467
257,0.9511414170265198,0,B06645,B05706
258,0.9511387348175048,0,B05044,B05706
259,0.9511213898658752,0,B08602,B12194
260,0.951042652130127,0,B03332,B05467
261,0.9509925842285156,0,B05690,B03125
262,0.9509878158569336,0,B09155,B02240
263,0.9509615898132324,0,B08585,B05706
264,0.950919270515442,0,B01578,B06506
265,0.9508882761001588,0,B13810,B07160
266,0.95087993144989,0,B01094,B00095
267,0.9508662819862366,0,B00529,B03125
268,0.95085871219635,0,B03266,B06506
269,0.9508299827575684,0,B09192,B05706
270,0.9507761597633362,0,B00196,B05706
271,0.9507461786270142,0,B03629,B09441
272,0.950713038444519,0,B06465,B06506
273,0.9507108330726624,0,B01823,B02240
274,0.950702965259552,0,B01460,B09441
275,0.950681746006012,0,B12112,B11529
276,0.9506792426109314,0,B08163,B00095
277,0.950659990310669,0,B10621,B01481
278,0.950653910636902,0,B04520,B06506
279,0.9506160616874696,0,B00482,B06506
280,0.9505773782730104,0,B01276,B01238
281,0.9505532383918762,0,B00383,B07160
282,0.9505515098571776,0,B06587,B05706
283,0.9505511522293092,0,B07212,B02240
284,0.950548768043518,0,B06075,B06506
285,0.9505423903465272,0,B00088,B12194
286,0.9505261778831482,0,B05140,B02240
287,0.9505056142807008,0,B04503,B05467
288,0.9504678249359132,0,B01074,B03125
289,0.9504008293151855,0,B05646,B01481
290,0.9503647685050964,0,B08416,B06506
291,0.9503583312034608,0,B06364,B05467
292,0.9503383636474608,0,B06696,B02240
293,0.950318157672882,0,B05570,B03125
294,0.9502873420715332,0,B07425,B05467
295,0.950283706188202,0,B00223,B02240
296,0.9502545595169068,0,B06983,B01481
297,0.9502518177032472,0,B11026,B06506
298,0.9502282738685608,0,B03120,B02240
299,0.9502199292182922,0,B11767,B02240
300,0.9501192569732666,0,B04590,B05467
301,0.9501092433929444,0,B04696,B02240
302,0.9500991702079772,0,B09056,B05706
303,0.9500817656517028,0,B07439,B03125
304,0.950049102306366,0,B03166,B01934
305,0.94999760389328,0,B03849,B06506
306,0.9499824047088624,0,B07838,B05467
307,0.9499623775482178,0,B02700,B05706
308,0.949960708618164,0,B10036,B05467
309,0.949932336807251,0,B04215,B03125
310,0.9499211311340332,0,B09465,B02240
311,0.949918568134308,0,B13456,B11529
312,0.9499078392982484,0,B13740,B07160
313,0.9498924612998962,0,B00302,B07160
314,0.9498902559280396,0,B01120,B06506
315,0.9498252868652344,0,B11198,B09245
316,0.949782371520996,0,B09130,B02240
317,0.9497796893119812,0,B06358,B02240
318,0.9497723579406738,0,B07856,B06506
319,0.949760675430298,0,B10775,B07160
320,0.949758768081665,0,B07716,B03125
321,0.9497561454772948,0,B07408,B05706
322,0.94975084066391,0,B09249,B12194
323,0.9497314095497132,0,B04298,B03125
324,0.9497200846672058,0,B09068,B06506
325,0.9497149586677552,0,B02329,B06506
326,0.949669599533081,0,B01106,B00536
327,0.9496405124664308,0,B01535,B06506
328,0.9496244192123412,0,B04939,B05706
329,0.9495954513549804,0,B02024,B05706
330,0.9495827555656432,0,B06006,B07160
331,0.9495758414268494,0,B11561,B07160
332,0.9495257139205932,0,B05693,B02240
333,0.949486494064331,0,B09887,B05467
334,0.949462354183197,0,B05027,B07160
335,0.949455499649048,0,B02098,B06506
336,0.9494320154190063,0,B09099,B06506
337,0.949429214000702,0,B07541,B03139
338,0.9493732452392578,0,B05362,B06506
339,0.9493594765663148,0,B09486,B07160
340,0.949350893497467,0,B08423,B05467
341,0.9493406414985656,0,B09892,B02240
342,0.9493237733840942,0,B10229,B02240
343,0.9493022561073304,0,B03893,B05706
344,0.949302077293396,0,B07091,B02240
345,0.9492795467376708,0,B07453,B06506
346,0.9492346048355104,0,B07410,B02240
347,0.9491854310035706,0,B05452,B01934
348,0.9491701126098632,0,B10019,B03125
349,0.9491366744041444,0,B11308,B07160
350,0.9491261839866638,0,B00864,B03125
351,0.949116826057434,0,B03952,B07160
352,0.9491153955459596,0,B03892,B05706
353,0.9491006135940552,0,B02940,B06506
354,0.9490900039672852,0,B03995,B01796
355,0.9490742683410645,0,B04550,B05706
356,0.949006199836731,0,B12917,B10200
357,0.9489917159080504,0,B00831,B07160
358,0.9489657878875732,0,B09097,B11699
359,0.9489580392837524,0,B06554,B02240
360,0.9489492177963256,0,B06250,B03125
361,0.9489206075668336,0,B08185,B07367
362,0.9488927125930786,0,B09338,B05467
363,0.9488856792449952,0,B01611,B05706
364,0.948854684829712,0,B03625,B01934
365,0.9488321542739868,0,B00543,B05706
366,0.9488097429275512,0,B08026,B04953
367,0.9487943649291992,0,B05620,B02240
368,0.9487513899803162,0,B03845,B02240
369,0.9486945867538452,0,B00051,B06506
370,0.9486775994300842,0,B05214,B07160
371,0.948676824569702,0,B05376,B01796
372,0.9486531615257264,0,B06357,B05706
373,0.9486412405967712,0,B07421,B03125
374,0.948589563369751,0,B10354,B05706
375,0.9485615491867064,0,B05680,B03125
376,0.9485088586807252,0,B11256,B05467
377,0.9484946131706238,0,B06256,B06506
378,0.9484927654266356,0,B00152,B05467
379,0.9484701156616212,0,B02316,B05467
380,0.9484511017799376,0,B05613,B03125
381,0.9484491944313048,0,B06008,B07160
382,0.9484232068061828,0,B07747,B07160
383,0.9483929872512816,0,B04820,B05467
384,0.9483864903450012,0,B08876,B06506
385,0.9483824968338012,0,B01807,B11529
386,0.9483481645584106,0,B10670,B07160
387,0.9483464360237122,0,B04700,B05706
388,0.9483349323272704,0,B10885,B07160
389,0.9483094811439514,0,B09173,B02240
390,0.9482938051223756,0,B12936,B12194
391,0.9482654929161072,0,B13647,B02240
392,0.94826477766037,0,B09839,B05706
393,0.948245882987976,0,B09121,B05923
394,0.9482269287109376,0,B13040,B07160
395,0.9481894373893738,0,B11826,B07160
396,0.9481860995292664,0,B06413,B05706
397,0.9481841325759888,0,B08129,B05467
398,0.9481369853019714,0,B09537,B06506
399,0.948105812072754,0,B05618,B02240
400,0.9480871558189392,0,B08053,B03125
401,0.9480690956115724,0,B14244,B06506
402,0.9480651617050172,0,B06232,B07160
403,0.9480465650558472,0,B05634,B07160
404,0.9480328559875488,0,B04307,B10640
405,0.9480304718017578,0,B07359,B05706
406,0.948025643825531,0,B02164,B07160
407,0.9480136632919312,0,B04089,B03125
408,0.947987973690033,0,B04822,B03125
409,0.9479775428771972,0,B08382,B05467
410,0.9479591250419616,0,B07834,B04744
411,0.9479151964187622,0,B06855,B02240
412,0.9479023814201356,0,B05127,B01934
413,0.9479012489318848,0,B09161,B11699
414,0.9478845000267028,0,B12406,B10640
415,0.9478837251663208,0,B06362,B01481
416,0.9478814601898192,0,B01052,B01831
417,0.9478652477264404,0,B10632,B03125
418,0.9478625059127808,0,B04159,B03125
419,0.9478551149368286,0,B04195,B05706
420,0.9478541612625122,0,B08717,B02240
421,0.9478505849838256,0,B09437,B03125
422,0.9478330016136168,0,B00239,B03125
423,0.9478311538696288,0,B01564,B02240
424,0.947823166847229,0,B13791,B12194
425,0.9478155374526978,0,B03752,B02240
426,0.9478113651275636,0,B02060,B06506
427,0.9478059411048888,0,B00787,B05706
428,0.9477874040603638,0,B04174,B05706
429,0.9477673172950744,0,B08112,B07160
430,0.9477578401565552,0,B04695,B05467
431,0.9477514624595642,0,B04616,B05467
432,0.9476842880249025,0,B09046,B12194
433,0.9476810097694396,0,B01394,B03125
434,0.9476767778396606,0,B06014,B07160
435,0.9475983381271362,0,B06659,B04744
436,0.9475969076156616,0,B01464,B05706
437,0.9475810527801514,0,B02682,B06506
438,0.9475261569023132,0,B08177,B01067
439,0.9475220441818236,0,B06625,B05706
440,0.9475191831588744,0,B01834,B05706
441,0.9475030899047852,0,B09018,B05706
442,0.9474058151245116,0,B11689,B02240
443,0.9474005103111268,0,B07227,B03125
444,0.9473996162414552,0,B01019,B06506
445,0.9473811984062196,0,B10070,B01796
446,0.947380781173706,0,B01261,B03125
447,0.9473671317100524,0,B07735,B04744
448,0.9473395347595216,0,B03146,B03139
449,0.9473310708999634,0,B02107,B02240
450,0.947328805923462,0,B04980,B05923
451,0.9473220705986024,0,B06938,B05706
452,0.9473194479942322,0,B10834,B05706
453,0.9473164081573486,0,B03926,B03125
454,0.9472973942756652,0,B00567,B01934
455,0.9472956657409668,0,B09113,B03125
456,0.9472684860229492,0,B06143,B05467
457,0.9472448825836182,0,B09930,B11699
458,0.9472399353981018,0,B11300,B10640
459,0.9472239017486572,0,B04906,B03125
460,0.9471375942230223,0,B05131,B07160
461,0.9471359252929688,0,B01487,B10640
462,0.9471144676208496,0,B04316,B05706
463,0.9470683932304382,0,B09820,B06506
464,0.9470617771148682,0,B00333,B05706
465,0.9470587372779846,0,B00481,B05706
466,0.9470468163490297,0,B06111,B07160
467,0.947044551372528,0,B07104,B05706
468,0.9470413327217102,0,B09607,B07160
469,0.947021186351776,0,B06892,B07160
470,0.9470103979110718,0,B06479,B05706
471,0.9470011591911316,0,B04710,B07160
472,0.946986436843872,0,B01370,B03125
473,0.9469655752182008,0,B01076,B06506
474,0.946961522102356,0,B03895,B05467
475,0.9469547271728516,0,B12322,B11032
476,0.9469419717788696,0,B10620,B06506
477,0.946933388710022,0,B00561,B02240
478,0.9469301104545592,0,B05042,B05706
479,0.9469216465950012,0,B03959,B03125
480,0.9469054341316224,0,B04919,B01796
481,0.9468882083892822,0,B00002,B12194
482,0.9468860626220704,0,B05093,B02240
483,0.9468827843666076,0,B09077,B03125
484,0.9468793272972108,0,B12049,B06506
485,0.9468655586242676,0,B05633,B05706
486,0.9468498229980468,0,B07296,B02240
487,0.9468339085578918,0,B08677,B06506
488,0.9468280076980592,0,B06900,B07160
489,0.946825385093689,0,B05473,B06343
490,0.946820855140686,0,B01143,B01238
491,0.946802020072937,0,B08102,B05467
492,0.9468017220497132,0,B04602,B05706
493,0.9467734098434448,0,B08425,B07160
494,0.9467624425888062,0,B09447,B07160
495,0.946752429008484,0,B01604,B02892
496,0.9467058777809144,0,B05575,B03125
497,0.946696162223816,0,B09416,B07160
498,0.946687638759613,0,B10067,B00095
499,0.9466863870620728,0,B03524,B02240
500,0.9466713666915894,0,B08406,B02240
501,0.9466581344604492,0,B11584,B12194
502,0.9466496706008912,0,B06613,B03125
503,0.9466440081596376,0,B07379,B03125
504,0.9465978145599364,0,B04244,B12194
505,0.946588397026062,0,B02126,B06506
506,0.946568250656128,0,B00965,B02240
507,0.9465674161911012,0,B00503,B00095
508,0.9465460777282716,0,B01477,B06343
509,0.9465381503105164,0,B04621,B09441
510,0.9464892745018004,0,B13380,B11529
511,0.9464772939682008,0,B00530,B02240
512,0.94647216796875,0,B10623,B02240
513,0.9464721083641052,0,B12410,B05706
514,0.9464699625968932,0,B11303,B12194
515,0.9464656114578248,0,B00694,B07160
516,0.9464600086212158,0,B03126,B07160
517,0.94644033908844,0,B08586,B06506
518,0.9464325904846193,0,B10195,B05706
519,0.946404755115509,0,B04098,B01934
520,0.9463873505592346,0,B01193,B03125
521,0.946370244026184,0,B05871,B09441
522,0.9463648796081544,0,B04586,B05706
523,0.946326494216919,0,B05658,B05467
524,0.9463130831718444,0,B00782,B05706
525,0.9463056325912476,0,B11473,B07429
526,0.9462973475456238,0,B09179,B12194
527,0.9462709426879884,0,B02097,B01481
528,0.9462639689445496,0,B10186,B12194
529,0.9461936354637146,0,B10074,B07160
530,0.946178674697876,0,B05666,B05706
531,0.9461766481399536,0,B00406,B12194
532,0.9461640119552612,0,B10901,B06506
533,0.946161448955536,0,B12043,B12194
534,0.946157157421112,0,B03687,B05467
535,0.9461363554000854,0,B05455,B02240
536,0.9461250901222228,0,B00641,B02240
537,0.9461017847061156,0,B06873,B03125
538,0.9460967183113098,0,B09332,B03125
539,0.946093201637268,0,B03912,B03125
540,0.94603031873703,0,B01277,B06506
541,0.9460245370864868,0,B04546,B02240
542,0.9459972977638244,0,B06663,B05706
543,0.9459949731826782,0,B12084,B07160
544,0.9459916353225708,0,B07979,B02240
545,0.945988953113556,0,B05990,B07160
546,0.9459788799285888,0,B12840,B07160
547,0.9459782838821412,0,B06126,B01934
548,0.9459705352783204,0,B06010,B03125
549,0.9459683895111084,0,B05329,B07160
550,0.9459676146507264,0,B00153,B03125
551,0.945965588092804,0,B08950,B07160
552,0.9459646940231324,0,B12018,B12194
553,0.9459570646286012,0,B06543,B06506
554,0.9459558129310608,0,B02426,B03125
555,0.9459528923034668,0,B06929,B02240
556,0.9459474682807922,0,B06488,B07160
557,0.945933163166046,0,B07346,B02240
558,0.9459280967712402,0,B08330,B03125
559,0.9459273219108582,0,B08139,B11032
560,0.945919394493103,0,B05339,B03125
561,0.9459140300750732,0,B09114,B06506
562,0.9459118247032166,0,B02872,B02240
563,0.945908546447754,0,B06100,B11032
564,0.9459067583084106,0,B04263,B12194
565,0.9459019303321838,0,B06877,B05467
566,0.9458975195884703,0,B08970,B05706
567,0.9458711743354796,0,B01358,B12194
568,0.9458340406417848,0,B09145,B02240
569,0.9458289742469788,0,B00832,B01481
570,0.9457888007164,0,B11165,B06506
571,0.9457877278327942,0,B12231,B07429
572,0.9457836151123048,0,B03858,B03125
573,0.9457789063453674,0,B03568,B04744
574,0.945758819580078,0,B12301,B12194
575,0.945736825466156,0,B08383,B03125
576,0.9457356929779052,0,B05648,B06506
577,0.9457212686538696,0,B04623,B12194
578,0.945720076560974,0,B01701,B06506
579,0.9457082748413086,0,B09095,B02240
580,0.9457058906555176,0,B03102,B03125
581,0.9457050561904908,0,B12968,B02240
582,0.9456576704978944,0,B07419,B02240
583,0.9456555843353271,0,B03772,B05706
584,0.9456484913825988,0,B00439,B05706
585,0.9456466436386108,0,B06009,B07160
586,0.9456365704536438,0,B00784,B03139
587,0.9456053376197816,0,B12767,B12194
588,0.9456040859222412,0,B01260,B12194
589,0.9455955624580384,0,B12066,B05706
590,0.945553719997406,0,B00533,B05467
591,0.9455516338348388,0,B06326,B06506
592,0.945542335510254,0,B02119,B00724
593,0.9455328583717346,0,B13558,B07160
594,0.9455225467681884,0,B10471,B10640
595,0.9455125331878662,0,B10394,B07160
596,0.9455106258392334,0,B06597,B00095
597,0.9455105066299438,0,B11284,B05467
598,0.9454725980758668,0,B01866,B02240
599,0.945470094680786,0,B13384,B00934
600,0.9454596042633056,0,B06936,B05706
601,0.9454363584518432,0,B06354,B05467
602,0.9454273581504822,0,B00089,B12194
603,0.9454251527786256,0,B08694,B05706
604,0.9454241991043092,0,B09385,B01481
605,0.9454165101051332,0,B01584,B12194
606,0.9454138875007628,0,B04971,B06506
607,0.9454089999198914,0,B08175,B06506
608,0.9454013109207152,0,B02939,B05467
609,0.9453900456428528,0,B05115,B03125
610,0.9453810453414916,0,B08641,B02240
611,0.9453758001327516,0,B03257,B06506
612,0.9453684091567992,0,B07729,B07160
613,0.9453644156455994,0,B09017,B05706
614,0.9453551769256592,0,B11599,B02240
615,0.945354163646698,0,B02482,B12194
616,0.9453471899032592,0,B10660,B06506
617,0.94532573223114,0,B09150,B06343
618,0.9453220963478088,0,B00813,B05706
619,0.9453123211860656,0,B02294,B10640
620,0.9453034996986388,0,B01257,B06506
621,0.9452919363975524,0,B09129,B05706
622,0.9452775120735168,0,B02510,B07160
623,0.9452747702598572,0,B03239,B03125
624,0.945270299911499,0,B00554,B06343
625,0.945269763469696,0,B07377,B02240
626,0.945266842842102,0,B06396,B02240
627,0.9452543258666992,0,B10625,B07160
628,0.9452483654022216,0,B06397,B12194
629,0.9452442526817322,0,B13173,B07160
630,0.9452323317527772,0,B07294,B03125
631,0.9452319741249084,0,B04990,B03125
632,0.9452253580093384,0,B05171,B02240
633,0.9452247023582458,0,B12717,B07160
634,0.9452200531959534,0,B08039,B03125
635,0.945165991783142,0,B00526,B05706
636,0.9451588988304138,0,B06486,B06506
637,0.9451344013214112,0,B08925,B01481
638,0.9451327919960022,0,B01437,B01831
639,0.9451207518577576,0,B03500,B07160
640,0.9451141357421876,0,B05514,B09245
641,0.9451035261154176,0,B08114,B00934
642,0.9451019167900084,0,B02534,B03125
643,0.9450831413269044,0,B13211,B12194
644,0.945058047771454,0,B10063,B03125
645,0.9450528621673584,0,B12688,B07160
646,0.9450445771217346,0,B09117,B06506
647,0.9450279474258424,0,B03539,B02240
648,0.9450236558914183,0,B08331,B09441
649,0.9450101852416992,0,B08631,B07160
650,0.9449588656425476,0,B01885,B02240
651,0.9449539184570312,0,B08839,B06506
652,0.9449502825737,0,B01893,B01934
653,0.9449427127838136,0,B08220,B03125
654,0.9449359178543092,0,B09241,B03125
655,0.9449129104614258,0,B12031,B05706
656,0.9448755979537964,0,B07356,B03125
657,0.9448601603507996,0,B05123,B02240
658,0.9448490142822266,0,B04772,B11529
659,0.944843292236328,0,B01247,B01481
660,0.9448426961898804,0,B08887,B02892
661,0.9448421001434326,0,B03678,B07160
662,0.9447879195213318,0,B08083,B05467
663,0.9447841048240662,0,B03937,B04744
664,0.9447765946388244,0,B09146,B05706
665,0.9447659850120544,0,B10366,B02240
666,0.9447644352912904,0,B10281,B07160
667,0.9447550773620604,0,B08413,B06506
668,0.9447540044784546,0,B07772,B06506
669,0.9447486996650696,0,B08171,B05706
670,0.9447259306907654,0,B13829,B02240
671,0.9446980953216552,0,B11790,B12194
672,0.9446851015090942,0,B09016,B06506
673,0.9446669816970824,0,B02705,B06506
674,0.9446661472320556,0,B02205,B02240
675,0.9446444511413574,0,B08501,B03125
676,0.9446390867233276,0,B05039,B03125
677,0.9446313977241516,0,B01682,B09245
678,0.9446309804916382,0,B08942,B07160
679,0.9446215033531188,0,B04258,B12194
680,0.9446207284927368,0,B04674,B06506
681,0.9446195363998412,0,B02696,B05706
682,0.9446142911911012,0,B09475,B07160
683,0.9445986151695251,0,B10772,B06506
684,0.9445710778236388,0,B07451,B05706
685,0.9445496201515198,0,B07852,B07160
686,0.9445198774337769,0,B09481,B07160
687,0.944517970085144,0,B02792,B03125
688,0.9445024132728576,0,B10364,B07160
689,0.9444870948791504,0,B01103,B03125
690,0.9444799423217772,0,B01886,B05706
691,0.944452702999115,0,B11677,B10640
692,0.9444526433944702,0,B09433,B07160
693,0.9444516897201538,0,B10034,B05706
694,0.9444453120231628,0,B03165,B07160
695,0.9444420337677002,0,B08020,B07160
696,0.9444188475608826,0,B02411,B02240
697,0.944413959980011,0,B06826,B01934
698,0.944405198097229,0,B07369,B02240
699,0.9444047212600708,0,B06395,B05706
700,0.944387912750244,0,B10591,B00095
701,0.9443839192390442,0,B11552,B10640
702,0.944381594657898,0,B09841,B06506
703,0.9443588256835938,0,B07249,B06506
704,0.9443314671516418,0,B10100,B05706
705,0.9443224668502808,0,B11655,B02240
706,0.9443177580833436,0,B05962,B06343
707,0.9443176984786988,0,B10618,B05467
708,0.944300651550293,0,B00528,B03125
709,0.9442626237869264,0,B06646,B06506
710,0.944242775440216,0,B05038,B07160
711,0.9442339539527892,0,B06004,B07160
712,0.9442322254180908,0,B00563,B11529
713,0.9442267417907716,0,B07299,B02240
714,0.944225549697876,0,B03795,B03125
715,0.9442147612571716,0,B03671,B01481
716,0.9442123770713806,0,B10002,B02240
717,0.944208025932312,0,B02462,B02240
718,0.9442037343978882,0,B09054,B05706
719,0.9441946148872375,0,B02418,B05706
720,0.9441725611686708,0,B14074,B12194
721,0.9441636204719543,0,B08462,B06192
722,0.9441474676132202,0,B08715,B07160
723,0.9441331028938292,0,B02366,B02240
724,0.9441267251968384,0,B04359,B05706
725,0.9441258907318116,0,B09966,B02240
726,0.944119393825531,0,B10871,B11529
727,0.9441006183624268,0,B06796,B11529
728,0.944088578224182,0,B12697,B07429
729,0.9440800547599792,0,B02191,B03125
730,0.9440796375274658,0,B07806,B03125
731,0.9440599083900452,0,B05988,B07160
732,0.9440507292747498,0,B13220,B07160
733,0.9440506100654602,0,B00382,B03125
734,0.9440473318099976,0,B01722,B09245
735,0.9440380930900574,0,B09220,B07160
736,0.9440375566482544,0,B08111,B06506
737,0.9440326690673828,0,B12576,B12194
738,0.9440111517906188,0,B06246,B05706
739,0.943982183933258,0,B08066,B03125
740,0.9439805746078492,0,B10027,B02240
741,0.9439727663993835,0,B09479,B07160
742,0.9439245462417604,0,B03501,B03125
743,0.943914234638214,0,B10864,B12194
744,0.9438859224319458,0,B02505,B02240
745,0.9438807964324952,0,B00147,B02240
746,0.9438705444335938,0,B09153,B00905
747,0.9438459873199464,0,B11474,B05467
748,0.9438340067863464,0,B05691,B02240
749,0.9438284635543824,0,B11294,B07160
750,0.9438158869743348,0,B05554,B02240
751,0.9438116550445556,0,B04366,B12194
752,0.9438076615333556,0,B05478,B02240
753,0.9438073635101318,0,B11163,B07160
754,0.9437836408615112,0,B05584,B03125
755,0.9437733292579652,0,B05578,B02240
756,0.9437607526779176,0,B00548,B12194
757,0.9437483549118042,0,B01862,B12194
758,0.943739414215088,0,B00081,B05706
759,0.943705677986145,0,B10712,B12194
760,0.9436823129653932,0,B03170,B01481
761,0.9436750411987304,0,B13733,B12194
762,0.9436686635017396,0,B09965,B02240
763,0.9436453580856324,0,B01293,B06506
764,0.9436325430870056,0,B00148,B06506
765,0.943628430366516,0,B01725,B06506
766,0.9436256289482116,0,B11925,B12194
767,0.9436153173446656,0,B10478,B06343
768,0.9436078071594238,0,B07398,B04744
769,0.9435955286026,0,B04362,B03125
770,0.9435830116271972,0,B04347,B04744
771,0.943565845489502,0,B10991,B06506
772,0.9435632228851318,0,B13183,B05706
773,0.9435593485832214,0,B06970,B07160
774,0.9435510039329528,0,B05928,B05706
775,0.9435458183288574,0,B13110,B06506
776,0.9435319304466248,0,B06310,B02240
777,0.9435227513313292,0,B02104,B02240
778,0.943513035774231,0,B07506,B07160
779,0.9435121417045592,0,B02062,B02240
780,0.9435004591941832,0,B09738,B05706
781,0.9434982538223268,0,B08410,B07160
782,0.9434919357299804,0,B01333,B05706
783,0.9434778094291688,0,B11257,B07160
784,0.9434633851051332,0,B03821,B06506
785,0.9434625506401062,0,B12830,B10200
786,0.94346022605896,0,B12385,B11529
787,0.9434551000595092,0,B01491,B01481
788,0.9434249401092528,0,B01457,B05467
789,0.9434210062026978,0,B01025,B07160
790,0.943416714668274,0,B09158,B03125
791,0.9433537721633912,0,B04649,B05706
792,0.9433382153511048,0,B04514,B06506
793,0.943328619003296,0,B09015,B05467
794,0.9433268904685974,0,B10581,B03139
795,0.9433138966560364,0,B07412,B05706
796,0.9432936310768129,0,B10549,B02240
797,0.943292200565338,0,B10077,B07160
798,0.9432821273803712,0,B03908,B05467
799,0.9432809352874756,0,B05289,B06506
800,0.9432764053344728,0,B00367,B06506
801,0.9432731866836548,0,B13683,B07160
802,0.9432562589645386,0,B00360,B03125
803,0.9432355165481568,0,B07427,B07160
804,0.9432128071784972,0,B03986,B05467
805,0.943204402923584,0,B00637,B06506
806,0.9432017207145692,0,B07183,B05706
807,0.9432013034820556,0,B03127,B03125
808,0.9431778192520142,0,B02069,B07160
809,0.943170428276062,0,B01943,B05706
810,0.9431617259979248,0,B00071,B00229
811,0.9431611895561218,0,B00404,B03125
812,0.9431533217430116,0,B05169,B02240
813,0.9431532621383668,0,B09871,B07160
814,0.9431456923484802,0,B02109,B06506
815,0.9431412816047668,0,B08285,B07160
816,0.9431260824203492,0,B07430,B05706
817,0.9431053400039672,0,B04461,B03125
818,0.9430991411209106,0,B08443,B06506
819,0.943091630935669,0,B00689,B05467
820,0.9430722594261168,0,B12414,B10640
821,0.9430701732635498,0,B11678,B09441
822,0.943041205406189,0,B06411,B05467
823,0.9430384635925292,0,B06998,B06506
824,0.9430246353149414,0,B10038,B06506
825,0.94301575422287,0,B02486,B07160
826,0.9429973363876344,0,B00658,B12194
827,0.9429879188537598,0,B09736,B05706
828,0.9429698586463928,0,B01017,B06343
829,0.9429612159729004,0,B09478,B05467
830,0.9429596662521362,0,B12428,B12194
831,0.9429472088813782,0,B03086,B01481
832,0.9429335594177246,0,B12674,B02240
833,0.9429304599761964,0,B10673,B05706
834,0.9429163932800292,0,B13522,B06506
835,0.942910373210907,0,B07243,B05706
836,0.9428977370262146,0,B02029,B05706
837,0.9428662657737732,0,B01730,B04953
838,0.9428465366363524,0,B01431,B04744
839,0.9428442120552064,0,B12366,B05706
840,0.9428342580795288,0,B13328,B06506
841,0.9428339600563048,0,B00925,B05706
842,0.9428258538246156,0,B05894,B06506
843,0.94279944896698,0,B03201,B07160
844,0.942779541015625,0,B04547,B07160
845,0.9427691102027892,0,B07755,B12194
846,0.9427658319473268,0,B11391,B12194
847,0.942754566669464,0,B02972,B00934
848,0.9427528381347656,0,B12707,B05706
849,0.942715048789978,0,B05450,B02240
850,0.9426976442337036,0,B12241,B11032
851,0.9426907896995544,0,B01965,B00229
852,0.942679226398468,0,B02990,B02240
853,0.9426760673522948,0,B09461,B07160
854,0.9426741003990172,0,B08403,B01796
855,0.942668318748474,0,B09485,B00536
856,0.9426586031913756,0,B13348,B02240
857,0.9426559209823608,0,B05667,B06506
858,0.9426501989364624,0,B11096,B02240
859,0.9426336288452148,0,B11957,B00229
860,0.9426122903823853,0,B02518,B06506
861,0.9425907135009766,0,B10271,B01067
862,0.942583441734314,0,B10332,B02240
863,0.9425806403160096,0,B14134,B06506
864,0.9425775408744812,0,B08617,B07160
865,0.9425718784332277,0,B06280,B06506
866,0.9425697922706604,0,B11509,B07160
867,0.9425610303878784,0,B03653,B06506
868,0.9425544738769532,0,B02280,B06506
869,0.942552089691162,0,B10288,B02240
870,0.942537784576416,0,B06433,B07160
871,0.9425244331359864,0,B08472,B02240
872,0.9425228834152222,0,B09831,B06506
873,0.942516565322876,0,B14109,B12194
874,0.9425130486488342,0,B09496,B05706
875,0.94250226020813,0,B05571,B05706
876,0.9424821138381958,0,B05541,B02240
877,0.942480444908142,0,B04519,B03125
878,0.9424717426300048,0,B11230,B01796
879,0.942467451095581,0,B10369,B10640
880,0.9424524903297424,0,B04635,B03139
881,0.9424415826797484,0,B01829,B01934
882,0.9424402713775636,0,B04056,B02240
883,0.9424394369125366,0,B03800,B00095
884,0.9424326419830322,0,B07026,B07160
885,0.9424173831939696,0,B04235,B05706
886,0.9424092769622804,0,B01026,B06506
887,0.942408561706543,0,B06586,B01481
888,0.942404806613922,0,B00568,B04744
889,0.9423988461494446,0,B05318,B05467
890,0.9423967599868774,0,B08934,B02240
891,0.9423942565917968,0,B02049,B05467
892,0.9423855543136596,0,B01900,B12194
893,0.942383110523224,0,B07344,B09441
894,0.9423795342445374,0,B13578,B02240
895,0.9423736333847046,0,B00219,B02240
896,0.9423474073410034,0,B11334,B03125
897,0.9423323273658752,0,B03040,B02240
898,0.9423211812973022,0,B01075,B06506
899,0.942318558692932,0,B03779,B05467
900,0.9423133730888368,0,B10657,B00536
901,0.9423121213912964,0,B02805,B07160
902,0.942298412322998,0,B04689,B01481
903,0.9422965049743652,0,B07044,B07160
904,0.9422916173934937,0,B07900,B06343
905,0.9422817826271056,0,B10879,B04744
906,0.94227397441864,0,B04892,B07160
907,0.9422695636749268,0,B08314,B06506
908,0.9422693252563475,0,B08391,B03125
909,0.942247748374939,0,B09719,B07160
910,0.9422461986541748,0,B06445,B05706
911,0.9422423839569092,0,B11199,B01481
912,0.9422399997711182,0,B05519,B05706
913,0.9422366619110109,0,B05765,B02240
914,0.9422342777252196,0,B02180,B03139
915,0.9422194957733154,0,B04854,B02240
916,0.942214012145996,0,B12394,B02240
917,0.9421958327293396,0,B07458,B04744
918,0.942186713218689,0,B10106,B04953
919,0.9421674013137816,0,B00320,B01238
920,0.9421409964561462,0,B12346,B02240
921,0.9421387910842896,0,B13871,B02026
922,0.9421167373657228,0,B02826,B04744
923,0.9421099424362184,0,B08348,B05923
924,0.9420995116233826,0,B09835,B03139
925,0.9420905709266664,0,B01597,B01481
926,0.942072331905365,0,B11845,B11529
927,0.9420591592788696,0,B07943,B02240
928,0.9420554637908936,0,B13622,B06506
929,0.9420446753501892,0,B12537,B12194
930,0.9420287609100342,0,B00220,B06506
931,0.9420281648635864,0,B03670,B01067
932,0.9420158863067628,0,B06609,B01934
933,0.9420077204704284,0,B01436,B03125
934,0.9420073628425598,0,B01467,B06506
935,0.9419912099838256,0,B05064,B00229
936,0.941989541053772,0,B10437,B02240
937,0.9419874548912048,0,B10211,B12194
938,0.9419737458229064,0,B10868,B10640
939,0.9419649243354796,0,B01294,B01481
940,0.941962718963623,0,B08466,B03139
941,0.9419616460800172,0,B02804,B01934
942,0.9419590830802916,0,B03900,B03125
943,0.9419405460357666,0,B08061,B06506
944,0.9419393539428712,0,B00709,B00095
945,0.9419251084327698,0,B06056,B09245
946,0.9419021010398864,0,B04249,B01481
947,0.9419012069702148,0,B04482,B07160
948,0.9418904781341552,0,B02539,B04744
949,0.941889464855194,0,B12417,B12194
950,0.9418853521347046,0,B08470,B00146
951,0.941857635974884,0,B01526,B05467
952,0.9418505430221558,0,B07527,B12194
953,0.9418339729309082,0,B02201,B05706
954,0.9418143630027772,0,B08468,B05706
955,0.9417866468429564,0,B07384,B02240
956,0.9417605996131896,0,B08387,B00934
957,0.9417569041252136,0,B10844,B02240
958,0.9417550563812256,0,B02849,B04744
959,0.9417526721954346,0,B03946,B01934
960,0.9417388439178468,0,B05637,B05467
961,0.9417362809181212,0,B06375,B06506
962,0.9417181015014648,0,B05539,B03125
963,0.9417127370834352,0,B06019,B06506
964,0.9417054057121276,0,B06977,B06506
965,0.9417003989219666,0,B10741,B05467
966,0.9417002201080322,0,B00574,B03125
967,0.9416955709457396,0,B03285,B03139
968,0.9416921138763428,0,B03860,B02240
969,0.941690981388092,0,B11959,B11699
970,0.9416810274124146,0,B01465,B12194
971,0.9416481256484984,0,B06632,B03125
972,0.9416418075561525,0,B09135,B12194
973,0.9416390657424928,0,B01754,B05467
974,0.9416264295578004,0,B03252,B05706
975,0.941625952720642,0,B00559,B01238
976,0.9416179060935974,0,B02639,B07160
977,0.9416093230247498,0,B02508,B07160
978,0.9415815472602844,0,B02557,B04744
979,0.9415810108184814,0,B02073,B12194
980,0.941577136516571,0,B04620,B05467
981,0.9415749311447144,0,B06127,B03125
982,0.9415591359138488,0,B09886,B06506
983,0.941555380821228,0,B03846,B05706
984,0.941551923751831,0,B00675,B06506
985,0.9415314793586732,0,B09452,B07160
986,0.941519856452942,0,B02114,B06506
987,0.9415168166160583,0,B05448,B02240
988,0.9415158033370972,0,B09169,B03125
989,0.9415155053138732,0,B00274,B01934
990,0.9415154457092284,0,B05858,B06506
991,0.9414877891540528,0,B09149,B02240
992,0.9414870142936708,0,B01781,B02240
993,0.941453218460083,0,B01462,B01934
994,0.941450297832489,0,B10676,B02240
995,0.94144868850708,0,B04251,B07160
996,0.941447615623474,0,B07172,B01238
997,0.9414350390434264,0,B05651,B05923
998,0.9414299726486206,0,B13411,B11699
999,0.941419243812561,0,B04615,B02240
1000,0.9414159059524536,0,B05804,B05706
1001,0.9414101839065552,0,B01113,B00536
1002,0.9414078593254088,0,B09850,B02240
1003,0.941400408744812,0,B11943,B02240
1004,0.941394865512848,0,B01989,B03139
1005,0.941387951374054,0,B05710,B05706
1006,0.9413833022117616,0,B06600,B02240
1007,0.9413756132125854,0,B03565,B05467
1008,0.9413711428642272,0,B12914,B02240
1009,0.9413548111915588,0,B03955,B03125
1010,0.941347360610962,0,B06959,B11529
1011,0.9413462281227112,0,B05534,B12194
1012,0.9413304924964904,0,B06759,B06506
1013,0.9413168430328368,0,B06551,B05467
1014,0.9413158893585204,0,B13323,B11529
1015,0.9413053393363952,0,B07371,B01238
1016,0.9412877559661864,0,B06614,B05706
1017,0.941285252571106,0,B02981,B06506
1018,0.9412839412689208,0,B07269,B02240
1019,0.9412779211997986,0,B12107,B12194
1020,0.9412739276885986,0,B03802,B10640
1021,0.9412673115730286,0,B13202,B07429
1022,0.9412671327590942,0,B06934,B03125
1023,0.9412667751312256,0,B02271,B06506
1024,0.9412661790847778,0,B03111,B07160
1025,0.9412649869918824,0,B02930,B06506
1026,0.9412492513656616,0,B01401,B04744
1027,0.9412450194358826,0,B06985,B05467
1028,0.9412057399749756,0,B07586,B01934
1029,0.9411991834640504,0,B05942,B05706
1030,0.9411754608154296,0,B10826,B05706
1031,0.9411634802818298,0,B03885,B03125
1032,0.9411619901657104,0,B09419,B12194
1033,0.9411597847938538,0,B05227,B05706
1034,0.9411581158638,0,B08873,B06506
1035,0.9411218166351318,0,B05681,B03125
1036,0.941121220588684,0,B02108,B02240
1037,0.941113829612732,0,B04284,B02240
1038,0.9411137104034424,0,B04247,B00095
1039,0.9411137104034424,0,B13709,B02240
1040,0.941112220287323,0,B00213,B03125
1041,0.9411106705665588,0,B10611,B03125
1042,0.9411099553108216,0,B07726,B07160
1043,0.9411065578460692,0,B00547,B03125
1044,0.9410979747772216,0,B04034,B12194
1045,0.941087543964386,0,B06095,B12194
1046,0.9410737752914428,0,B05032,B05706
1047,0.941060483455658,0,B05416,B07160
1048,0.9410566687583924,0,B04932,B11529
1049,0.9410452842712402,0,B08334,B03125
1050,0.9410439133644104,0,B01219,B01934
1051,0.9410417675971984,0,B00935,B01934
1052,0.9410403966903688,0,B07305,B02240
1053,0.94103741645813,0,B09998,B06192
1054,0.941031277179718,0,B11626,B01067
1055,0.9410167932510376,0,B12405,B06506
1056,0.9409942030906676,0,B04913,B02240
1057,0.940988540649414,0,B02199,B12194
1058,0.94098562002182,0,B08115,B04744
1059,0.9409847259521484,0,B06456,B03125
1060,0.9409831762313844,0,B02971,B12194
1061,0.9409797191619872,0,B01286,B07160
1062,0.9409728050231934,0,B03088,B03125
1063,0.9409422874450684,0,B00732,B05706
1064,0.9409371614456176,0,B06161,B07160
1065,0.9409202337265016,0,B13981,B06506
1066,0.9409129619598388,0,B05122,B06506
1067,0.9409036040306092,0,B05337,B03139
1068,0.9408994913101196,0,B10340,B11032
1069,0.9408899545669556,0,B10046,B05467
1070,0.9408844709396362,0,B08983,B10640
1071,0.940880298614502,0,B04394,B02240
1072,0.9408798813819884,0,B03840,B09441
1073,0.9408745765686036,0,B06988,B00229
1074,0.9408739805221558,0,B04004,B06506
1075,0.9408702254295348,0,B02948,B05706
1076,0.940863847732544,0,B07219,B07160
1077,0.9408556818962096,0,B01678,B02240
1078,0.940854787826538,0,B03442,B05706
1079,0.94084894657135,0,B12086,B12194
1080,0.9408339262008668,0,B07186,B05706
1081,0.9408235549926758,0,B05565,B03125
1082,0.9408038258552552,0,B07532,B03125
1083,0.9407951831817628,0,B11617,B02240
1084,0.9407946467399596,0,B00770,B01934
1085,0.9407888650894164,0,B06883,B04744
1086,0.940769910812378,0,B13212,B12194
1087,0.9407668113708496,0,B05849,B06506
1088,0.9407607316970824,0,B03371,B05706
1089,0.9407598376274108,0,B00411,B03139
1090,0.940754771232605,0,B03061,B07160
1091,0.9407545924186708,0,B08798,B03125
1092,0.940742015838623,0,B01488,B04744
1093,0.9407350420951844,0,B08201,B03125
1094,0.9407237768173218,0,B02084,B04744
1095,0.9407101273536682,0,B06202,B06506
1096,0.9407087564468384,0,B02452,B05467
1097,0.9407060742378236,0,B02120,B00724
1098,0.940689206123352,0,B03831,B05706
1099,0.9406790137290956,0,B09282,B07160
1100,0.9406729936599731,0,B02158,B05706
1101,0.9406663179397584,0,B00539,B05467
1102,0.9406644105911256,0,B04075,B09441
1103,0.9406542181968688,0,B08973,B05467
1104,0.9406420588493348,0,B11589,B10640
1105,0.9406388998031616,0,B05144,B06506
1106,0.9406290054321288,0,B04817,B01238
1107,0.9406219720840454,0,B06270,B04811
1108,0.9406028389930724,0,B04842,B02240
1109,0.9406017065048218,0,B05125,B03125
1110,0.9405888915061952,0,B12311,B10640
1111,0.9405865669250488,0,B00791,B05706
1112,0.940576195716858,0,B08453,B04744
1113,0.9405688047409058,0,B04398,B01934
1114,0.9405663013458252,0,B09895,B02240
1115,0.9405643939971924,0,B05663,B06506
1116,0.9405621886253356,0,B13404,B01796
1117,0.9405558109283448,0,B13692,B10640
1118,0.9405548572540284,0,B12684,B02240
1119,0.9405511617660522,0,B07445,B05706
1120,0.9405471086502076,0,B05306,B05467
1121,0.9405436515808104,0,B08440,B00934
1122,0.9405427575111388,0,B01842,B05467
1123,0.9405175447463988,0,B13127,B11529
1124,0.940507173538208,0,B00324,B05467
1125,0.940505862236023,0,B08019,B02240
1126,0.9405031204223632,0,B11652,B03125
1127,0.94049471616745,0,B01894,B02240
1128,0.940487265586853,0,B07888,B05467
1129,0.9404832124710084,0,B13263,B06506
1130,0.9404723644256592,0,B00914,B02240
1131,0.9404674768447876,0,B00527,B06506
1132,0.9404674172401428,0,B08593,B07160
1133,0.9404542446136476,0,B01567,B00095
1134,0.9404457807540894,0,B07192,B06506
1135,0.9404354095458984,0,B02593,B07160
1136,0.940418779850006,0,B13808,B11529
1137,0.9404171705245972,0,B03839,B09441
1138,0.9404037594795228,0,B04560,B01934
1139,0.9403928518295288,0,B05806,B03125
1140,0.9403840899467468,0,B10635,B02240
1141,0.9403643012046814,0,B07859,B03125
1142,0.9403630495071412,0,B05591,B07160
1143,0.940362811088562,0,B07709,B09441
1144,0.9403465390205384,0,B09894,B05467
1145,0.9403120279312134,0,B08874,B06506
1146,0.9403089284896852,0,B10614,B02240
1147,0.9403008222579956,0,B04679,B05467
1148,0.940279483795166,0,B02238,B05706
1149,0.9402697682380676,0,B09703,B06506
1150,0.9402626156806946,0,B13301,B12194
1151,0.9402575492858888,0,B10590,B02240
1152,0.9402533769607544,0,B05688,B01238
1153,0.9402517080307008,0,B04555,B11529
1154,0.9402469396591188,0,B03228,B06506
1155,0.9402405023574828,0,B03906,B02240
1156,0.9402399063110352,0,B07095,B06506
1157,0.9402318000793456,0,B10880,B07160
1158,0.9402185678482056,0,B08237,B02240
1159,0.9402128458023072,0,B03341,B05467
1160,0.9402087330818176,0,B03889,B06506
1161,0.9402061700820924,0,B11680,B05706
1162,0.9401846528053284,0,B03789,B02240
1163,0.9401769638061525,0,B07314,B04744
1164,0.9401676654815674,0,B08519,B02240
1165,0.9401659369468688,0,B00737,B09441
1166,0.9401577711105348,0,B05977,B02240
1167,0.9401574730873108,0,B04233,B05706
1168,0.9401562809944152,0,B03116,B02240
1169,0.94015371799469,0,B09069,B03125
1170,0.9401325583457948,0,B05018,B05706
1171,0.9400681853294371,0,B00587,B03125
1172,0.9400588274002076,0,B02617,B05467
1173,0.9400556683540344,0,B03138,B05706
1174,0.9400479197502136,0,B08535,B06506
1175,0.9400435090065002,0,B01081,B06506
1176,0.9400366544723512,0,B06237,B07160
1177,0.9400254487991332,0,B10206,B06506
1178,0.9400245547294616,0,B10105,B05706
1179,0.9400213360786438,0,B12413,B11699
1180,0.9400180578231812,0,B01445,B01934
1181,0.9400161504745485,0,B12516,B12194
1182,0.9400143027305604,0,B04272,B02240
1183,0.9399967789649964,0,B06770,B04811
1184,0.9399920701980592,0,B14099,B06506
1185,0.9399906396865844,0,B10949,B12194
1186,0.9399752616882324,0,B04470,B06343
1187,0.939969539642334,0,B12397,B11699
1188,0.9399667382240297,0,B02601,B06506
1189,0.9399559497833252,0,B07991,B05706
1190,0.9399550557136536,0,B08666,B06506
1191,0.9399492740631104,0,B10963,B05467
1192,0.939946949481964,0,B07981,B03125
1193,0.939932346343994,0,B01205,B03125
1194,0.9399271607398988,0,B05671,B03125
1195,0.9399195909500122,0,B02071,B02240
1196,0.9398887157440186,0,B07886,B02240
1197,0.9398878216743468,0,B00555,B05706
1198,0.9398833513259888,0,B09105,B03125
1199,0.9398759007453918,0,B00805,B05706
1200,0.9398693442344666,0,B05537,B02240
1201,0.9398596286773682,0,B07442,B03125
1202,0.9398521184921264,0,B01424,B05706
1203,0.939845085144043,0,B03844,B03125
1204,0.9398409128189088,0,B12347,B05706
1205,0.9398283362388612,0,B00755,B06506
1206,0.9398253560066224,0,B08526,B03125
1207,0.9398151636123656,0,B09811,B05706
1208,0.9398147463798524,0,B11838,B07160
1209,0.9398128390312196,0,B13821,B02240
1210,0.9398104548454284,0,B06777,B07160
1211,0.9397953152656556,0,B02900,B00229
1212,0.9397940635681152,0,B03337,B10640
1213,0.9397922158241272,0,B06605,B06506
1214,0.9397851824760436,0,B08736,B09441
1215,0.9397818446159364,0,B01021,B12194
1216,0.9397811889648438,0,B09111,B02240
1217,0.9397792816162108,0,B04773,B06506
1218,0.9397716522216796,0,B08871,B06506
1219,0.9397661685943604,0,B09991,B07160
1220,0.9397636651992798,0,B05299,B01067
1221,0.9397620558738708,0,B08892,B03125
1222,0.9397584199905396,0,B01942,B05706
1223,0.9397543668746948,0,B11124,B11529
1224,0.93973708152771,0,B09716,B02240
1225,0.9397351145744324,0,B06523,B02240
1226,0.9397276639938354,0,B01450,B05706
1227,0.9397109746932985,0,B05297,B06506
1228,0.939706802368164,0,B09403,B06506
1229,0.9397041201591492,0,B11126,B03125
1230,0.9396976232528688,0,B12061,B07160
1231,0.939696729183197,0,B02611,B01934
1232,0.9396892189979552,0,B00615,B06506
1233,0.939686119556427,0,B00544,B05706
1234,0.9396822452545166,0,B03871,B03125
1235,0.9396777153015136,0,B09712,B03125
1236,0.9396697282791138,0,B02553,B04744
1237,0.9396650791168212,0,B09137,B06506
1238,0.939659833908081,0,B08050,B00095
1239,0.939659059047699,0,B05166,B05706
1240,0.9396488666534424,0,B01061,B12194
1241,0.9396479725837708,0,B03730,B05706
1242,0.9396440982818604,0,B13535,B05706
1243,0.9396370649337769,0,B07275,B01481
1244,0.9396155476570128,0,B06859,B02240
1245,0.9396154880523682,0,B13700,B02240
1246,0.9396114945411682,0,B02494,B01238
1247,0.9396063089370728,0,B08254,B12194
1248,0.9395869374275208,0,B09429,B07160
1249,0.9395791292190552,0,B10688,B06506
1250,0.9395740628242492,0,B06249,B05706
1251,0.9395620226860046,0,B12062,B02240
1252,0.9395572543144226,0,B00621,B03125
1253,0.9395564198493958,0,B00513,B03125
1254,0.9395561814308168,0,B02943,B05467
1255,0.939548671245575,0,B13699,B05706
1256,0.939544677734375,0,B06553,B01238
1257,0.9395375847816468,0,B04422,B07160
1258,0.939533233642578,0,B07051,B03125
1259,0.9395205974578856,0,B05686,B06506
1260,0.9395113587379456,0,B11309,B07160
1261,0.9395079612731934,0,B11274,B03125
1262,0.939499020576477,0,B06327,B03125
1263,0.9394973516464232,0,B08931,B01481
1264,0.93948632478714,0,B03788,B02240
1265,0.9394854307174684,0,B03609,B02240
1266,0.9394853115081788,0,B00963,B05706
1267,0.9394754767417908,0,B04108,B03139
1268,0.9394561648368835,0,B05755,B03125
1269,0.939453125,0,B06335,B12194
1270,0.9394443035125732,0,B07515,B12194
1271,0.9394426941871644,0,B05309,B07160
1272,0.939433753490448,0,B00473,B05706
1273,0.939420223236084,0,B09647,B05706
1274,0.9394049644470216,0,B06333,B12194
1275,0.9394046664237976,0,B12962,B07160
1276,0.9393978714942932,0,B04301,B00095
1277,0.9393887519836426,0,B09168,B12194
1278,0.93938410282135,0,B00130,B07160
1279,0.939379870891571,0,B04084,B06506
1280,0.939371645450592,0,B11176,B07160
1281,0.9393704533576964,0,B03865,B01238
1282,0.9393661618232728,0,B03901,B03125
1283,0.9393521547317504,0,B08737,B05706
1284,0.9393520355224608,0,B12556,B12194
1285,0.9393504858016968,0,B09128,B02240
1286,0.9393481016159058,0,B09395,B04654
1287,0.9393282532691956,0,B10873,B00905
1288,0.9393198490142822,0,B09798,B05467
1289,0.9393156170845032,0,B07347,B02240
1290,0.9393118619918824,0,B03390,B12194
1291,0.939310908317566,0,B04723,B02240
1292,0.9393046498298644,0,B05630,B03125
1293,0.9392937421798706,0,B13881,B01796
1294,0.9392869472503662,0,B06932,B06506
1295,0.9392791986465454,0,B03080,B05706
1296,0.9392760992050172,0,B09750,B06506
1297,0.9392729997634888,0,B10895,B07160
1298,0.93927264213562,0,B06463,B05467
1299,0.9392656087875366,0,B01297,B12194
1300,0.9392416477203368,0,B12446,B02240
1301,0.9392393231391908,0,B00163,B05467
1302,0.9392248392105104,0,B05107,B04744
1303,0.9392246007919312,0,B00311,B05706
1304,0.9392204880714417,0,B13958,B12194
1305,0.9392045736312866,0,B06423,B06506
1306,0.9391933679580688,0,B08991,B05706
1307,0.939192235469818,0,B08765,B05467
1308,0.9391824007034302,0,B13184,B01796
1309,0.9391745328903198,0,B06267,B06506
1310,0.9391714930534364,0,B02222,B06506
1311,0.939158260822296,0,B03975,B06506
1312,0.9391533732414246,0,B03142,B05706
1313,0.939136266708374,0,B02003,B12194
1314,0.939136266708374,0,B04724,B02240
1315,0.9391180276870728,0,B01642,B02240
1316,0.939116597175598,0,B06437,B06506
1317,0.93910151720047,0,B05776,B05706
1318,0.9390966296195984,0,B10417,B01238
1319,0.9390528202056884,0,B04806,B12194
1320,0.9390491247177124,0,B08465,B05706
1321,0.9390490055084229,0,B11946,B12194
1322,0.939032256603241,0,B12091,B05467
1323,0.9390318393707277,0,B06462,B03139
1324,0.939028799533844,0,B03552,B06506
1325,0.939023733139038,0,B08834,B03125
1326,0.9390102624893188,0,B07670,B03139
1327,0.9390090703964232,0,B05878,B12194
1328,0.9390040040016174,0,B09462,B02240
1329,0.9389967918395996,0,B09951,B04744
1330,0.9389698505401612,0,B07722,B07160
1331,0.9389678835868835,0,B09051,B02026
1332,0.9389671683311462,0,B00504,B03125
1333,0.9389668703079224,0,B09681,B05706
1334,0.9389494061470032,0,B02919,B05706
1335,0.9389464259147644,0,B05429,B06506
1336,0.9389418363571168,0,B08014,B07160
1337,0.938941776752472,0,B03989,B10200
1338,0.938938319683075,0,B00564,B06506
1339,0.938933491706848,0,B04591,B04953
1340,0.938922643661499,0,B12317,B12194
1341,0.9389213919639589,0,B10514,B05467
1342,0.9389163255691528,0,B04259,B12194
1343,0.9389148354530334,0,B11380,B06506
1344,0.9388900995254515,0,B09418,B06506
1345,0.938888132572174,0,B02065,B05706
1346,0.938887894153595,0,B13653,B06506
1347,0.9388853311538696,0,B06923,B02240
1348,0.9388745427131652,0,B09025,B02240
1349,0.9388487935066224,0,B07993,B05467
1350,0.9388444423675536,0,B10728,B03125
1351,0.9388412237167358,0,B03628,B06506
1352,0.9388375282287598,0,B08557,B12194
1353,0.9388352036476136,0,B05561,B03125
1354,0.9388248920440674,0,B09426,B05706
1355,0.9388210773468018,0,B07105,B06506
1356,0.9388171434402466,0,B02289,B03125
1357,0.9388124346733092,0,B09979,B02240
1358,0.9388092756271362,0,B01003,B03125
1359,0.9388008713722228,0,B04818,B12194
1360,0.93880033493042,0,B09106,B02240
1361,0.93879497051239,0,B10393,B02240
1362,0.9387621879577636,0,B08131,B01831
1363,0.938757300376892,0,B04544,B02240
1364,0.9387497305870056,0,B00710,B05467
1365,0.9387413263320924,0,B09428,B07160
1366,0.9387267231941224,0,B03580,B02240
1367,0.938717246055603,0,B13870,B02240
1368,0.9387162923812866,0,B05528,B05706
1369,0.9387078881263732,0,B10029,B02630
1370,0.9387072920799256,0,B03204,B11529
1371,0.93869948387146,0,B09889,B03125
1372,0.9386916160583496,0,B12391,B03125
1373,0.9386836290359496,0,B09023,B02240
1374,0.9386811256408693,0,B06379,B01067
1375,0.938668131828308,0,B09389,B12194
1376,0.938666820526123,0,B09438,B07160
1377,0.9386645555496216,0,B09962,B02240
1378,0.9386640787124634,0,B03803,B04953
1379,0.9386557936668396,0,B09940,B07160
1380,0.9386481046676636,0,B06360,B06506
1381,0.9386454224586488,0,B04607,B05706
1382,0.9386420249938964,0,B02012,B05706
1383,0.9386370182037354,0,B09511,B07429
1384,0.9386311173439026,0,B05674,B02240
1385,0.938614010810852,0,B09477,B10640
1386,0.9386135339736938,0,B01282,B06192
1387,0.9385994672775269,0,B01263,B03125
1388,0.938586413860321,0,B00687,B02240
1389,0.9385796189308168,0,B00728,B00934
1390,0.9385778903961182,0,B06819,B05467
1391,0.938568949699402,0,B00632,B05706
1392,0.9385667443275452,0,B11385,B12194
1393,0.9385616183280944,0,B04389,B05467
1394,0.9385505318641664,0,B02310,B01238
1395,0.9385381937026978,0,B09014,B02240
1396,0.9385362267494202,0,B12694,B02240
1397,0.9385324120521544,0,B06872,B07160
1398,0.9385089874267578,0,B08089,B09441
1399,0.938498318195343,0,B00908,B01934
1400,0.9384912848472596,0,B08767,B03125
1401,0.93848979473114,0,B10926,B05706
1402,0.9384596943855286,0,B12965,B10640
1403,0.9384588003158568,0,B07623,B06506
1404,0.9384546279907228,0,B03837,B06506
1405,0.9384514689445496,0,B10954,B07429
1406,0.9384496212005616,0,B07914,B02892
1407,0.938448131084442,0,B09936,B06506
1408,0.9384438395500184,0,B05054,B06506
1409,0.9384394884109496,0,B05932,B02892
1410,0.938405692577362,0,B10735,B01238
1411,0.9384027123451232,0,B08239,B05467
1412,0.93840229511261,0,B08446,B02240
1413,0.938391387462616,0,B00399,B10640
1414,0.9383881092071532,0,B08405,B02240
1415,0.9383797645568848,0,B01345,B03125
1416,0.9383713603019714,0,B02998,B01934
1417,0.938368558883667,0,B07485,B07160
1418,0.9383675456047058,0,B03071,B12194
1419,0.9383658170700072,0,B03106,B03125
1420,0.9383512139320374,0,B03872,B05467
1421,0.9383230805397034,0,B13427,B03125
1422,0.9383201599121094,0,B09305,B05467
1423,0.938319206237793,0,B03571,B06506
1424,0.9383184909820556,0,B13372,B02240
1425,0.9383140802383424,0,B00319,B01238
1426,0.938308596611023,0,B06893,B07160
1427,0.9383060336112976,0,B00947,B06506
1428,0.938302516937256,0,B03801,B02240
1429,0.9382936954498292,0,B02123,B06506
1430,0.9382716417312622,0,B08786,B02240
1431,0.9382588863372804,0,B02889,B01934
1432,0.9382579922676086,0,B07222,B06506
1433,0.9382393956184388,0,B11516,B01481
1434,0.93823504447937,0,B02492,B00934
1435,0.9382266998291016,0,B11827,B12194
1436,0.93822181224823,0,B04224,B07160
1437,0.9381941556930542,0,B08041,B04744
1438,0.938190460205078,0,B02726,B05706
1439,0.938174605369568,0,B13645,B12194
1440,0.9381741881370544,0,B01133,B05467
1441,0.938167929649353,0,B01284,B03139
1442,0.9381641745567322,0,B03506,B07160
1443,0.93815416097641,0,B01881,B09441
1444,0.9381389617919922,0,B12519,B12194
1445,0.938135027885437,0,B02103,B06506
1446,0.9381219148635864,0,B02875,B12194
1447,0.9381192922592164,0,B04339,B03125
1448,0.9381181001663208,0,B07444,B03125
1449,0.9381052255630492,0,B02457,B03139
1450,0.9381021857261658,0,B01524,B02240
1451,0.9381018280982972,0,B00027,B02240
1452,0.9380974769592284,0,B03939,B05706
1453,0.938096046447754,0,B00625,B04744
1454,0.9380921125411988,0,B02853,B05706
1455,0.9380903244018556,0,B08549,B07429
1456,0.9380801916122437,0,B08221,B05706
1457,0.9380801320075988,0,B09028,B01831
1458,0.9380749464035034,0,B00794,B05706
1459,0.9380685091018676,0,B07338,B01796
1460,0.938064694404602,0,B00616,B06506
1461,0.9380587339401244,0,B13593,B02240
1462,0.938045859336853,0,B10515,B05706
1463,0.9380451440811156,0,B06036,B04953
1464,0.9380432963371276,0,B06856,B03125
1465,0.9380418062210084,0,B12389,B02240
1466,0.93803733587265,0,B04698,B11699
1467,0.9380316734313964,0,B01702,B05467
1468,0.93802410364151,0,B09349,B02240
1469,0.9380217790603638,0,B10616,B02240
1470,0.9380213618278505,0,B05359,B06506
1471,0.9380197525024414,0,B10939,B07160
1472,0.9380172491073608,0,B02658,B03139
1473,0.9380166530609132,0,B06163,B06506
1474,0.9380117058753968,0,B07761,B05923
1475,0.9380078911781312,0,B10654,B02240
1476,0.9379979372024536,0,B01562,B02240
1477,0.937995672225952,0,B09483,B07160
1478,0.9379947185516356,0,B10886,B07160
1479,0.9379869103431702,0,B03747,B03125
1480,0.9379855394363404,0,B06980,B06506
1481,0.9379818439483644,0,B12749,B02240
1482,0.937981367111206,0,B11122,B05706
1483,0.9379754066467284,0,B02922,B00095
1484,0.9379716515541076,0,B06886,B02240
1485,0.9379709362983704,0,B04250,B03125
1486,0.9379522800445556,0,B01985,B04953
1487,0.9379496574401855,0,B09133,B03125
1488,0.9379456043243408,0,B12966,B02240
1489,0.9379382133483888,0,B03167,B04744
1490,0.9379376173019408,0,B04893,B02240
1491,0.9379279613494872,0,B05471,B05467
1492,0.9379278421401978,0,B01105,B12194
1493,0.937914252281189,0,B05065,B06506
1494,0.9379088878631592,0,B02422,B01481
1495,0.9379079341888428,0,B11653,B07160
1496,0.9379069805145264,0,B03923,B02240
1497,0.9378798604011536,0,B11213,B02240
1498,0.9378768801689148,0,B09384,B12194
1499,0.937869906425476,0,B09040,B04953
1500,0.9378658533096312,0,B08901,B04811
1501,0.937864065170288,0,B09183,B05706
1502,0.9378480315208436,0,B00688,B02240
1503,0.9378468990325928,0,B04964,B03125
1504,0.9378337860107422,0,B09576,B07160
1505,0.9378337264060974,0,B05643,B10640
1506,0.9378279447555542,0,B01614,B03125
1507,0.9378243684768676,0,B09055,B02240
1508,0.937821626663208,0,B09806,B07160
1509,0.9378178715705872,0,B01176,B06506
1510,0.937804400920868,0,B03887,B02240
1511,0.9378034472465516,0,B02643,B06506
1512,0.9378027319908142,0,B05838,B05467
1513,0.9377959966659546,0,B06686,B05706
1514,0.9377663135528564,0,B01555,B06506
1515,0.9377572536468506,0,B10396,B02240
1516,0.9377549886703492,0,B07593,B03125
1517,0.9377490282058716,0,B01381,B02240
1518,0.9377466440200806,0,B01536,B02240
1519,0.9377445578575134,0,B04637,B11529
1520,0.9377439618110656,0,B00980,B02240
1521,0.937738299369812,0,B02378,B02240
1522,0.9377317428588868,0,B06356,B04744
1523,0.93771892786026,0,B05242,B07367
1524,0.937713384628296,0,B08073,B03125
1525,0.93771231174469,0,B07117,B06506
1526,0.937704861164093,0,B07431,B06506
1527,0.937697172164917,0,B13180,B03125
1528,0.9376933574676514,0,B08467,B02240
1529,0.9376882910728456,0,B10155,B03125
1530,0.937686800956726,0,B00155,B03125
1531,0.9376795291900636,0,B05742,B02240
1532,0.9376707673072816,0,B10459,B09441
1533,0.9376556873321532,0,B07370,B01481
1534,0.9376494884490968,0,B03719,B05706
1535,0.9376425743103028,0,B05837,B07160
1536,0.9376416802406312,0,B04861,B12194
1537,0.937640368938446,0,B08672,B03125
1538,0.9376201033592224,0,B07321,B03125
1539,0.9376134872436525,0,B07741,B12194
1540,0.937596082687378,0,B07502,B03125
1541,0.9375922679901124,0,B09748,B12194
1542,0.9375853538513184,0,B01173,B06506
1543,0.9375842809677124,0,B03425,B05706
1544,0.9375795125961304,0,B05670,B02240
1545,0.9375640749931335,0,B07891,B05923
1546,0.937559962272644,0,B00203,B06506
1547,0.93755704164505,0,B02626,B12194
1548,0.9375520944595336,0,B12723,B02240
1549,0.9375503063201904,0,B04421,B03125
1550,0.9375481605529784,0,B09050,B02240
1551,0.937536120414734,0,B13128,B11529
1552,0.9375324845314026,0,B08369,B06506
1553,0.9375319480895996,0,B04211,B03125
1554,0.937525987625122,0,B00994,B03125
1555,0.9374933242797852,0,B09740,B04744
1556,0.937492847442627,0,B06692,B02240
1557,0.9374821186065674,0,B10152,B06506
1558,0.937467873096466,0,B05276,B06506
1559,0.9374659061431884,0,B09100,B01481
1560,0.9374618530273438,0,B08268,B03125
1561,0.9374595880508424,0,B04884,B05706
1562,0.937453269958496,0,B04495,B06506
1563,0.9374524354934692,0,B14107,B06506
1564,0.9374520778656006,0,B08456,B05706
1565,0.9374505281448364,0,B05589,B03139
1566,0.9374448657035828,0,B10035,B03125
1567,0.9374412298202516,0,B07190,B01796
1568,0.9374408721923828,0,B03313,B02240
1569,0.9374347925186156,0,B07787,B12194
1570,0.937429904937744,0,B02491,B07160
1571,0.9374266266822816,0,B04588,B00095
1572,0.9374255537986756,0,B03479,B06506
1573,0.937416672706604,0,B08937,B02240
1574,0.9374088048934937,0,B09913,B05467
1575,0.9373992681503296,0,B08022,B12194
1576,0.9373968839645386,0,B00044,B06506
1577,0.9373909831047058,0,B10414,B01481
1578,0.9373864531517028,0,B05668,B02240
1579,0.9373846650123596,0,B05997,B07160
1580,0.9373823404312134,0,B02504,B09441
1581,0.9373606443405152,0,B08560,B06506
1582,0.9373577237129213,0,B04791,B06506
1583,0.9373518228530884,0,B10733,B07160
1584,0.9373444318771362,0,B11632,B02240
1585,0.9373438358306884,0,B04417,B02240
1586,0.937343418598175,0,B10287,B05706
1587,0.9373408555984496,0,B07864,B07160
1588,0.9373342394828796,0,B06120,B06506
1589,0.9373283386230468,0,B00875,B04811
1590,0.9373172521591188,0,B12284,B01238
1591,0.9373171329498292,0,B00392,B04744
1592,0.9373143911361694,0,B02077,B04744
1593,0.9373071193695068,0,B09005,B04953
1594,0.9373065233230592,0,B00869,B03125
1595,0.937305986881256,0,B08095,B02240
1596,0.9373034834861756,0,B06430,B05467
1597,0.9373030066490172,0,B07185,B05706
1598,0.9372883439064026,0,B00779,B05706
1599,0.937279999256134,0,B01749,B03125
1600,0.9372751116752625,0,B09785,B03139
1601,0.9372733235359192,0,B01921,B01238
1602,0.9372648000717164,0,B02920,B00095
1603,0.9372535943984984,0,B06583,B05706
1604,0.9372535347938538,0,B02210,B12194
1605,0.9372416734695436,0,B02498,B07160
1606,0.937239408493042,0,B11254,B03125
1607,0.9372369647026062,0,B04864,B07160
1608,0.9372331500053406,0,B03154,B07160
1609,0.9372319579124452,0,B08708,B05706
1610,0.9372215867042542,0,B03374,B05706
1611,0.9372169971466064,0,B08499,B02240
1612,0.937216818332672,0,B06702,B00095
1613,0.93721342086792,0,B07746,B07160
1614,0.9371914863586426,0,B02610,B06343
1615,0.937185525894165,0,B10244,B00724
1616,0.9371699690818788,0,B08974,B05467
1617,0.9371671080589294,0,B13554,B11699
1618,0.9371621012687684,0,B06730,B02240
1619,0.9371375441551208,0,B13044,B07160
1620,0.9371360540390016,0,B10551,B03125
1621,0.937134861946106,0,B02680,B03139
1622,0.9371238946914672,0,B07753,B07160
1623,0.9371198415756226,0,B11194,B02240
1624,0.937119722366333,0,B08362,B06506
1625,0.9371039867401124,0,B12042,B07160
1626,0.937103509902954,0,B13344,B10640
1627,0.9371012449264526,0,B11092,B09441
1628,0.9370954036712646,0,B00702,B10640
1629,0.9370941519737244,0,B09693,B02240
1630,0.93709397315979,0,B03147,B06192
1631,0.9370728731155396,0,B02909,B06506
1632,0.9370614290237428,0,B12187,B01067
1633,0.9370608329772948,0,B11169,B02026
1634,0.9370509386062622,0,B06807,B11699
1635,0.9370471239089966,0,B09840,B05467
1636,0.937038004398346,0,B11172,B01934
1637,0.9370368719100952,0,B13734,B11529
1638,0.9370336532592772,0,B12916,B01796
1639,0.9370335936546326,0,B02045,B05706
1640,0.937031388282776,0,B10233,B12194
1641,0.9370243549346924,0,B03443,B03125
1642,0.9370216131210328,0,B09445,B07160
1643,0.9370197057724,0,B00137,B03125
1644,0.9370168447494508,0,B04625,B00095
1645,0.9370116591453552,0,B10795,B02240
1646,0.9370104670524596,0,B02004,B00934
1647,0.937009334564209,0,B05836,B05467
1648,0.937008500099182,0,B06271,B12194
1649,0.9370083808898926,0,B01605,B05706
1650,0.937005877494812,0,B07462,B07160
1651,0.9370050430297852,0,B07587,B12194
1652,0.937000036239624,0,B00186,B00934
1653,0.9369986057281494,0,B06971,B07160
1654,0.9369961619377136,0,B01608,B05706
1655,0.9369759559631348,0,B01620,B06506
1656,0.9369718432426452,0,B05989,B01481
1657,0.9369718432426452,0,B13221,B02240
1658,0.9369627833366394,0,B13811,B11529
1659,0.9369454979896544,0,B12794,B05706
1660,0.93694269657135,0,B02011,B05706
1661,0.9369319677352904,0,B01884,B10200
1662,0.9369205236434937,0,B10480,B02240
1663,0.936916172504425,0,B00607,B06506
1664,0.9369137287139891,0,B01011,B01934
1665,0.9369115233421326,0,B02470,B05706
1666,0.9369114637374878,0,B04147,B02240
1667,0.9369105100631714,0,B07638,B11529
1668,0.9369088411331176,0,B01299,B02240
1669,0.9369061589241028,0,B00753,B06506
1670,0.9369058609008788,0,B13307,B02240
1671,0.9369000792503356,0,B12369,B02240
1672,0.9368994235992432,0,B06695,B04953
1673,0.9368972778320312,0,B01986,B06506
1674,0.9368876814842224,0,B08596,B03125
1675,0.9368821382522584,0,B08213,B05706
1676,0.936875820159912,0,B02443,B12194
1677,0.9368674159049988,0,B05118,B05706
1678,0.9368652701377868,0,B05432,B02025
1679,0.9368119835853576,0,B00839,B07160
1680,0.9368108510971068,0,B05058,B06506
1681,0.9368064403533936,0,B00851,B11529
1682,0.9368063807487488,0,B08143,B04953
1683,0.9368063807487488,0,B09404,B06506
1684,0.9368030428886414,0,B03634,B03125
1685,0.936794936656952,0,B06878,B06506
1686,0.9367901086807252,0,B05507,B00095
1687,0.9367836713790894,0,B03101,B00536
1688,0.936739981174469,0,B00706,B06506
1689,0.9367361664772034,0,B07858,B06506
1690,0.9367108345031738,0,B04680,B05706
1691,0.9367047548294068,0,B03758,B01067
1692,0.9367047548294068,0,B03781,B02240
1693,0.9367023706436156,0,B03721,B05706
1694,0.9366850852966307,0,B09782,B04744
1695,0.9366847276687622,0,B13265,B02240
1696,0.936676859855652,0,B13952,B06506
1697,0.9366632103919984,0,B02093,B07160
1698,0.9366523027420044,0,B05644,B03125
1699,0.936650276184082,0,B12527,B01067
1700,0.9366352558135986,0,B13420,B02240
1701,0.9366347789764404,0,B02483,B00536
1702,0.9366201758384703,0,B03956,B06506
1703,0.936619520187378,0,B05446,B05706
1704,0.9366074204444884,0,B00747,B02240
1705,0.9365988969802856,0,B03097,B12194
1706,0.9365965723991394,0,B10553,B00095
1707,0.9365894794464112,0,B03920,B00724
1708,0.9365749955177308,0,B07903,B06506
1709,0.9365721344947816,0,B08170,B02240
1710,0.9365668892860411,0,B05939,B05706
1711,0.9365633726119996,0,B05678,B06506
1712,0.9365562200546264,0,B00462,B12194
1713,0.9365551471710204,0,B07380,B06506
1714,0.9365548491477966,0,B00225,B02240
1715,0.9365472793579102,0,B10639,B06506
1716,0.9365469217300416,0,B12029,B05467
1717,0.9365437626838684,0,B05331,B03125
1718,0.936538577079773,0,B01217,B05706
1719,0.9365352392196656,0,B00317,B07160
1720,0.9365189075469972,0,B05010,B06506
1721,0.9365110397338868,0,B05859,B05706
1722,0.9365001320838928,0,B08749,B01831
1723,0.9364997148513794,0,B10867,B02240
1724,0.9364988803863524,0,B11079,B05467
1725,0.9364908933639526,0,B01691,B07160
1726,0.9364907145500184,0,B02571,B02240
1727,0.9364888668060304,0,B02092,B01238
1728,0.9364869594573976,0,B05784,B06506
1729,0.9364798665046692,0,B13498,B12194
1730,0.9364716410636902,0,B11401,B05706
1731,0.936471164226532,0,B05449,B02240
1732,0.936469793319702,0,B01998,B03125
1733,0.9364373087882996,0,B11663,B09245
1734,0.9364304542541504,0,B09760,B01934
1735,0.9364271759986876,0,B06869,B05467
1736,0.9364184737205504,0,B04915,B02240
1737,0.9364175796508788,0,B09725,B02240
1738,0.9363861680030824,0,B11885,B07160
1739,0.9363833665847778,0,B13879,B11699
1740,0.9363830089569092,0,B05503,B05706
1741,0.9363781213760376,0,B13582,B02240
1742,0.9363741278648376,0,B10141,B07160
1743,0.9363566040992736,0,B11065,B05467
1744,0.9363511204719543,0,B09830,B05706
1745,0.9363433122634888,0,B06701,B00095
1746,0.9363422393798828,0,B06453,B06506
1747,0.9363416433334352,0,B05573,B03125
1748,0.9363328814506532,0,B05677,B06506
1749,0.936316728591919,0,B13615,B02240
1750,0.9363105297088624,0,B02013,B11032
1751,0.9363092184066772,0,B08030,B03125
1752,0.9363047480583192,0,B10057,B06506
1753,0.9363008737564088,0,B04281,B02240
1754,0.9363003969192504,0,B07874,B07878
1755,0.9362823963165284,0,B13921,B12194
1756,0.9362764954566956,0,B09157,B05923
1757,0.936274528503418,0,B03896,B05467
1758,0.9362720847129822,0,B08752,B03139
1759,0.936268150806427,0,B09085,B04953
1760,0.9362678527832032,0,B09565,B07160
1761,0.9362654089927672,0,B02741,B05467
1762,0.9362629652023317,0,B06620,B05706
1763,0.936253547668457,0,B10277,B02240
1764,0.9362478256225586,0,B11070,B06506
1765,0.936233401298523,0,B04944,B02240
1766,0.9362332820892334,0,B08878,B11529
1767,0.9362227916717528,0,B07288,B02026
1768,0.9362180829048156,0,B10075,B07160
1769,0.936212420463562,0,B05641,B04744
1770,0.9362105131149292,0,B03642,B04744
1771,0.9362086653709412,0,B10228,B00146
1772,0.9362002015113832,0,B03897,B03125
1773,0.9362000226974488,0,B08745,B05467
1774,0.9361939430236816,0,B09862,B03125
1775,0.9361926913261414,0,B08304,B00229
1776,0.936192274093628,0,B07697,B03125
1777,0.9361902475357056,0,B02031,B01934
1778,0.936187744140625,0,B07913,B03139
1779,0.9361846446990968,0,B07475,B07160
1780,0.936181902885437,0,B00001,B05706
1781,0.9361798763275146,0,B01033,B05467
1782,0.9361779689788818,0,B09714,B06506
1783,0.9361745715141296,0,B10838,B12194
1784,0.9361592531204224,0,B10525,B02240
1785,0.936154305934906,0,B00436,B03139
1786,0.9361529350280762,0,B00264,B06506
1787,0.936150074005127,0,B01899,B01934
1788,0.9361499547958374,0,B01186,B03125
1789,0.936147928237915,0,B04126,B04953
1790,0.936137557029724,0,B03806,B05706
1791,0.936124861240387,0,B04650,B11529
1792,0.936121940612793,0,B03873,B02240
1793,0.93610680103302,0,B05598,B02240
1794,0.9361029267311096,0,B00797,B06506
1795,0.9361025094985962,0,B03098,B03125
1796,0.936101734638214,0,B09154,B06506
1797,0.9361014366149902,0,B05110,B06506
1798,0.9360934495925904,0,B07435,B06506
1799,0.9360884428024292,0,B06833,B05706
1800,0.936086118221283,0,B03904,B02240
1801,0.9360798001289368,0,B03727,B05706
1802,0.9360567927360536,0,B02152,B06506
1803,0.9360538125038148,0,B03226,B06343
1804,0.9360384941101074,0,B08726,B02240
1805,0.9360322952270508,0,B05768,B10640
1806,0.9360321164131165,0,B13534,B06506
1807,0.9360291957855223,0,B12230,B07429
1808,0.936026692390442,0,B02845,B05600
1809,0.9360243082046508,0,B01110,B11529
1810,0.936021089553833,0,B08746,B05467
1811,0.9360187649726868,0,B03199,B03125
1812,0.9360178112983704,0,B05673,B06506
1813,0.9360173940658568,0,B03384,B07160
1814,0.9360127449035645,0,B01125,B03139
1815,0.936009168624878,0,B03987,B02240
1816,0.9360013008117676,0,B07334,B02240
1817,0.9359972476959229,0,B00085,B03139
1818,0.9359889030456544,0,B03205,B11529
1819,0.9359856247901917,0,B11252,B12194
1820,0.9359699487686156,0,B13511,B06506
1821,0.9359651207923888,0,B06013,B07160
1822,0.9359623193740844,0,B08347,B02240
1823,0.9359620213508606,0,B10567,B02240
1824,0.9359606504440308,0,B14165,B11699
1825,0.9359472990036012,0,B06816,B05706
1826,0.9359472393989564,0,B06762,B06506
1827,0.9359363913536072,0,B04921,B05706
1828,0.935920774936676,0,B06121,B09441
1829,0.935904860496521,0,B01808,B03125
1830,0.9359029531478882,0,B04880,B05467
1831,0.9358969926834106,0,B07879,B05467
1832,0.9358966946601868,0,B08447,B03125
1833,0.9358914494514464,0,B09720,B07160
1834,0.9358879923820496,0,B08594,B04744
1835,0.9358630180358888,0,B04012,B03125
1836,0.9358627796173096,0,B05898,B07160
1837,0.935839295387268,0,B10069,B00934
1838,0.9358383417129515,0,B01706,B06506
1839,0.9358316659927368,0,B12014,B06506
1840,0.9358309507369996,0,B05251,B05467
1841,0.9358281493186952,0,B09599,B03139
1842,0.9358237981796264,0,B12696,B05706
1843,0.9358201622962952,0,B08575,B03125
1844,0.935815453529358,0,B10370,B04654
1845,0.9358084201812744,0,B11015,B12194
1846,0.935802161693573,0,B07009,B02026
1847,0.9357984662055968,0,B10116,B11699
1848,0.9357979893684388,0,B02820,B05467
1849,0.9357829093933104,0,B02623,B05706
1850,0.9357781410217284,0,B03661,B07429
1851,0.9357671737670898,0,B05207,B07160
1852,0.9357671141624452,0,B04907,B03139
1853,0.935766339302063,0,B09004,B04953
1854,0.9357635378837584,0,B09893,B06506
1855,0.935755968093872,0,B09980,B02240
1856,0.935750126838684,0,B02432,B12194
1857,0.935749351978302,0,B03751,B02240
1858,0.9357479810714722,0,B00909,B05706
1859,0.9357422590255736,0,B00918,B05706
1860,0.9357314705848694,0,B07537,B05706
1861,0.935724675655365,0,B05156,B05467
1862,0.9357199668884276,0,B11162,B07160
1863,0.9357056617736816,0,B06149,B03139
1864,0.9357016682624816,0,B03100,B01238
1865,0.935676336288452,0,B06412,B02240
1866,0.935675084590912,0,B10583,B02240
1867,0.935673713684082,0,B12546,B11699
1868,0.9356517791748048,0,B01847,B06506
1869,0.9356493353843688,0,B03762,B12194
1870,0.9356365203857422,0,B03465,B07160
1871,0.9356341361999512,0,B10907,B06506
1872,0.9356310963630676,0,B09783,B07160
1873,0.9356288313865662,0,B05250,B06506
1874,0.9356130361557008,0,B09466,B07160
1875,0.935605764389038,0,B08766,B02240
1876,0.9355953931808472,0,B11862,B01645
1877,0.9355888962745668,0,B03705,B05706
1878,0.9355849623680116,0,B08132,B02240
1879,0.9355838298797609,0,B05536,B03139
1880,0.9355806112289428,0,B00171,B01934
1881,0.935576319694519,0,B12263,B06506
1882,0.9355695247650146,0,B08206,B03125
1883,0.9355686902999878,0,B08696,B03139
1884,0.9355660676956176,0,B01056,B05706
1885,0.9355633854866028,0,B07788,B01238
1886,0.935562252998352,0,B04257,B07160
1887,0.9355567693710328,0,B05520,B00095
1888,0.9355526566505432,0,B01870,B03125
1889,0.9355493783950806,0,B10111,B03139
1890,0.9355348348617554,0,B10017,B05706
1891,0.935533046722412,0,B09762,B07367
1892,0.9355295300483704,0,B04454,B05706
1893,0.9355276823043824,0,B06811,B01238
1894,0.9355096817016602,0,B00622,B09441
1895,0.9355080127716064,0,B03171,B02240
1896,0.9355078935623168,0,B06773,B04953
1897,0.9354798793792723,0,B00572,B03125
1898,0.9354747533798218,0,B08263,B07160
1899,0.9354722499847412,0,B11273,B05467
1900,0.9354572892189026,0,B04182,B05706
1901,0.9354570508003236,0,B07136,B06506
1902,0.9354552626609802,0,B03343,B02240
1903,0.9354461431503296,0,B03757,B01067
1904,0.9354387521743774,0,B14259,B02026
1905,0.935433566570282,0,B09851,B01481
1906,0.9354325532913208,0,B01505,B00095
1907,0.9354320168495178,0,B08052,B01481
1908,0.9354304075241088,0,B10881,B07160
1909,0.935424268245697,0,B02225,B06506
1910,0.9354177117347716,0,B06455,B01238
1911,0.935410737991333,0,B06809,B05467
1912,0.9354069828987122,0,B02993,B05467
1913,0.9353963136672974,0,B11295,B01831
1914,0.9353944063186646,0,B09973,B06506
1915,0.9353847503662108,0,B02996,B04744
1916,0.9353840351104736,0,B07264,B12194
1917,0.9353806972503662,0,B09561,B03125
1918,0.9353806972503662,0,B11283,B02240
1919,0.935373842716217,0,B09664,B05467
1920,0.935368835926056,0,B01977,B05467
1921,0.9353607892990112,0,B07414,B02240
1922,0.93535715341568,0,B08527,B00095
1923,0.9353564977645874,0,B07111,B06506
1924,0.9353535771369934,0,B13359,B06506
1925,0.935351014137268,0,B09101,B06506
1926,0.9353424310684204,0,B01301,B06343
1927,0.9353396892547609,0,B11750,B06506
1928,0.935337245464325,0,B08255,B07160
1929,0.9353368878364564,0,B10355,B02240
1930,0.9353350400924684,0,B07949,B06506
1931,0.9353284239768982,0,B11269,B05706
1932,0.9353277087211608,0,B12911,B05706
1933,0.9353049993515016,0,B04925,B05706
1934,0.9352941513061525,0,B10487,B01796
1935,0.935277223587036,0,B04859,B04744
1936,0.93527489900589,0,B13358,B06506
1937,0.9352732300758362,0,B03104,B03125
1938,0.935271978378296,0,B08225,B06506
1939,0.9352567195892334,0,B13070,B11529
1940,0.9352552890777588,0,B07517,B12194
1941,0.9352519512176514,0,B02989,B11032
1942,0.935245931148529,0,B08157,B03125
1943,0.9352431297302246,0,B04675,B03125
1944,0.9352367520332336,0,B03965,B06506
1945,0.9352275729179382,0,B10064,B07160
1946,0.935225546360016,0,B01349,B01934
1947,0.9352242946624756,0,B07523,B06506
1948,0.9352214336395264,0,B01879,B01238
1949,0.9352096319198608,0,B08189,B04953
1950,0.9352076053619384,0,B12958,B02240
1951,0.9352027773857116,0,B14082,B07160
1952,0.9351933002471924,0,B09034,B12194
1953,0.9351909160614014,0,B09777,B03125
1954,0.9351837038993835,0,B05559,B12194
1955,0.935171127319336,0,B06504,B12194
1956,0.9351694583892822,0,B05129,B03125
1957,0.9351689219474792,0,B06425,B03125
1958,0.9351681470870972,0,B06503,B05706
1959,0.9351679682731628,0,B01268,B05467
1960,0.935160994529724,0,B03511,B11699
1961,0.9351609349250792,0,B07121,B06506
1962,0.935156226158142,0,B08659,B03125
1963,0.935156226158142,0,B10315,B06192
1964,0.9351538419723512,0,B08511,B07160
1965,0.9351527094841005,0,B09797,B06506
1966,0.93515145778656,0,B02565,B10640
1967,0.9351462721824646,0,B06284,B03125
1968,0.9351460933685304,0,B00699,B04744
1969,0.9351367950439452,0,B02410,B07160
1970,0.9351195096969604,0,B00850,B05706
1971,0.9351134300231934,0,B00451,B05467
1972,0.9351133704185486,0,B01392,B03125
1973,0.9351084232330322,0,B12209,B02026
1974,0.935103178024292,0,B13360,B05706
1975,0.9351012706756592,0,B13742,B07160
1976,0.9351009130477904,0,B05697,B04744
1977,0.9351009130477904,0,B07850,B06506
1978,0.9350984692573548,0,B12278,B05706
1979,0.9350940585136414,0,B06131,B12194
1980,0.935089945793152,0,B11839,B12194
1981,0.9350860118865968,0,B07629,B05706
1982,0.9350771307945251,0,B10964,B03125
1983,0.9350721836090088,0,B12731,B05706
1984,0.9350712299346924,0,B12877,B07429
1985,0.935070276260376,0,B07038,B05467
1986,0.9350661635398864,0,B01298,B07160
1987,0.9350626468658448,0,B02264,B02240
1988,0.9350571632385254,0,B09450,B12194
1989,0.9350559115409852,0,B10078,B10200
1990,0.9350393414497375,0,B00748,B11529
1991,0.9350385665893556,0,B05323,B03125
1992,0.9350347518920898,0,B08395,B04953
1993,0.9350283741950988,0,B01609,B02240
1994,0.9350242614746094,0,B12232,B07429
1995,0.9350242018699646,0,B09140,B02240
1996,0.935023307800293,0,B02624,B01934
1997,0.935021996498108,0,B04866,B06506
1998,0.9350119233131408,0,B00076,B01934
1999,0.9349910020828248,0,B00936,B01934
2000,0.9349815845489502,0,B06842,B01481
2001,0.9349761009216307,0,B02767,B12194
2002,0.9349750280380248,0,B05435,B03125
2003,0.934972643852234,0,B01763,B12194
2004,0.934968888759613,0,B06152,B05706
2005,0.9349663257598876,0,B03006,B07160
2006,0.9349607229232788,0,B07195,B06506
2007,0.9349581003189088,0,B08016,B04744
2008,0.9349575042724608,0,B12297,B05706
2009,0.9349523782730104,0,B02927,B07429
2010,0.9349499940872192,0,B10717,B05706
2011,0.9349467158317566,0,B07115,B05467
2012,0.9349464178085328,0,B00056,B03125
2013,0.9349374771118164,0,B07208,B03139
2014,0.9349372386932372,0,B11667,B02240
2015,0.9349304437637328,0,B01994,B02240
2016,0.9349274039268494,0,B04405,B05706
2017,0.9349252581596376,0,B01997,B01238
2018,0.9349148869514464,0,B10945,B02240
2019,0.9348942041397096,0,B03647,B02240
2020,0.9348881244659424,0,B08961,B12194
2021,0.9348820447921752,0,B10555,B02240
2022,0.9348816871643066,0,B06337,B04953
2023,0.9348783493041992,0,B10737,B07160
2024,0.9348700046539308,0,B13611,B11699
2025,0.9348655343055724,0,B09342,B06506
2026,0.9348583817481996,0,B12989,B01796
2027,0.934847891330719,0,B10711,B07160
2028,0.934837520122528,0,B05034,B07367
2029,0.9348363280296326,0,B02869,B11529
2030,0.9348348379135132,0,B03114,B03139
2031,0.9348342418670654,0,B06660,B00095
2032,0.9348323345184326,0,B04959,B03125
2033,0.9348234534263612,0,B03994,B06506
2034,0.9348215460777284,0,B02783,B07160
2035,0.9348179697990416,0,B13154,B02026
2036,0.934816837310791,0,B04408,B00934
2037,0.9348111152648926,0,B05346,B01238
2038,0.9347825050354004,0,B06559,B04953
2039,0.9347704648971558,0,B07224,B01645
2040,0.9347686171531676,0,B06217,B05467
2041,0.934766173362732,0,B00409,B01934
2042,0.9347652792930604,0,B00623,B03125
2043,0.9347640872001648,0,B11846,B12194
2044,0.9347636699676514,0,B03886,B02240
2045,0.9347626566886902,0,B11972,B05706
2046,0.9347602725028992,0,B03550,B12194
2047,0.9347517490386964,0,B12636,B00229
2048,0.9347510933876038,0,B09147,B02240
2049,0.9347387552261353,0,B13125,B03125
2050,0.9347339868545532,0,B07056,B05706
2051,0.934733748435974,0,B08070,B11699
2052,0.9347326755523682,0,B04255,B07160
2053,0.9347315430641174,0,B01976,B05706
2054,0.9347289204597472,0,B14020,B06506
2055,0.9347281455993652,0,B04599,B03139
2056,0.9347257018089294,0,B05553,B03125
2057,0.9347219467163086,0,B01227,B01238
2058,0.9347206354141236,0,B08948,B12194
2059,0.9347196221351624,0,B03898,B06506
2060,0.934704840183258,0,B09818,B05706
2061,0.9346973299980164,0,B03706,B03139
2062,0.9346966743469238,0,B10708,B05467
2063,0.934693455696106,0,B12386,B02240
2064,0.934684991836548,0,B04179,B05467
2065,0.9346824884414672,0,B09030,B09245
2066,0.9346808791160583,0,B02465,B02240
2067,0.9346766471862792,0,B07043,B06506
2068,0.9346746206283568,0,B03495,B06506
2069,0.9346729516983032,0,B04739,B05706
2070,0.9346717596054076,0,B13462,B01067
2071,0.9346661567687988,0,B04276,B06506
2072,0.9346633553504944,0,B00698,B01934
2073,0.934660255908966,0,B06845,B02240
2074,0.9346515536308287,0,B11173,B00934
2075,0.9346466660499572,0,B09698,B02240
2076,0.9346441626548768,0,B11452,B02240
2077,0.9346381425857544,0,B00047,B03125
2078,0.9346340298652648,0,B04493,B01934
2079,0.9346322417259216,0,B06065,B10200
2080,0.9346308708190918,0,B08251,B04744
2081,0.9346296191215516,0,B05011,B07160
2082,0.934627890586853,0,B08212,B06506
2083,0.9346194267272948,0,B06304,B05706
2084,0.9346163272857666,0,B02975,B10640
2085,0.9346150159835817,0,B13497,B12194
2086,0.934609055519104,0,B07233,B06506
2087,0.9346054792404176,0,B11603,B12194
2088,0.9345848560333252,0,B00796,B05706
2089,0.9345822334289552,0,B05798,B00095
2090,0.9345794916152954,0,B03432,B03139
2091,0.9345613718032836,0,B01751,B05706
2092,0.9345421195030212,0,B04903,B05706
2093,0.9345238208770752,0,B05993,B12194
2094,0.9345195293426514,0,B07063,B00724
2095,0.9345128536224364,0,B07012,B06506
2096,0.9345099329948424,0,B10049,B03125
2097,0.9345084428787231,0,B01403,B05706
2098,0.9345032572746276,0,B07182,B03125
2099,0.9344986081123352,0,B10565,B05706
2100,0.934496819972992,0,B00713,B06506
2101,0.9344797134399414,0,B04594,B10640
2102,0.934478759765625,0,B08731,B07160
2103,0.9344735741615297,0,B02665,B00934
2104,0.9344655275344848,0,B05624,B06506
2105,0.934461236000061,0,B00191,B01481
2106,0.934456706047058,0,B00275,B02240
2107,0.9344540238380432,0,B10617,B06506
2108,0.9344512224197388,0,B07446,B02240
2109,0.9344484806060792,0,B01888,B05706
2110,0.9344396591186525,0,B02667,B02240
2111,0.9344375729560852,0,B06130,B07160
2112,0.9344362020492554,0,B06922,B03125
2113,0.9344230890274048,0,B05669,B06506
2114,0.9344162940979004,0,B10924,B05706
2115,0.934415340423584,0,B07303,B02240
2116,0.9344069957733154,0,B07125,B07160
2117,0.934402585029602,0,B06475,B00934
2118,0.9343917369842528,0,B01987,B06506
2119,0.9343895316123962,0,B04319,B04953
2120,0.9343852996826172,0,B07992,B05706
2121,0.934380054473877,0,B01341,B05706
2122,0.934364914894104,0,B12333,B05467
2123,0.934355854988098,0,B12480,B12194
2124,0.9343557357788086,0,B01848,B00146
2125,0.9343555569648744,0,B06171,B02240
2126,0.93435537815094,0,B00577,B01481
2127,0.9343485832214355,0,B03617,B06506
2128,0.93434739112854,0,B06353,B06506
2129,0.934344470500946,0,B09455,B07160
2130,0.9343411326408386,0,B10016,B01934
2131,0.9343394637107848,0,B02585,B12194
2132,0.9343352913856506,0,B04067,B10200
2133,0.9343278408050536,0,B00700,B01481
2134,0.9343262910842896,0,B11074,B06506
2135,0.9343135952949524,0,B02165,B04811
2136,0.9343117475509644,0,B12324,B02026
2137,0.934301495552063,0,B09144,B11699
2138,0.9342944025993348,0,B04858,B11529
2139,0.9342920184135436,0,B10224,B12194
2140,0.9342890977859496,0,B01442,B07160
2141,0.9342808723449708,0,B11218,B07160
2142,0.9342764616012572,0,B10301,B04744
2143,0.9342711567878724,0,B06801,B04744
2144,0.9342667460441588,0,B01704,B06506
2145,0.9342660903930664,0,B01131,B03125
2146,0.9342652559280396,0,B04365,B05923
2147,0.9342648983001708,0,B03325,B06506
2148,0.9342440366744996,0,B00468,B12194
2149,0.9342349171638488,0,B01556,B06506
2150,0.9342328310012816,0,B02472,B10089
2151,0.9342284202575684,0,B07743,B02240
2152,0.9342230558395386,0,B08601,B12194
2153,0.93422269821167,0,B11605,B02240
2154,0.9342197179794312,0,B02728,B02240
2155,0.9342164397239684,0,B02676,B10200
2156,0.9342108964920044,0,B09756,B06506
2157,0.9342061877250672,0,B05183,B06506
2158,0.9342026710510254,0,B08128,B03125
2159,0.934201180934906,0,B05481,B05706
2160,0.9341984987258912,0,B04277,B03139
2161,0.934187114238739,0,B11072,B02240
2162,0.9341862797737122,0,B13273,B06343
2163,0.9341787695884703,0,B01990,B05467
2164,0.9341750741004944,0,B05617,B02240
2165,0.9341691136360168,0,B06841,B12194
2166,0.9341580867767334,0,B11766,B03180
2167,0.9341524839401244,0,B11375,B05706
2168,0.9341517090797424,0,B09922,B12194
2169,0.9341180324554444,0,B01703,B12194
2170,0.9341094493865968,0,B01089,B06506
2171,0.9341024160385132,0,B06051,B01934
2172,0.9340948462486268,0,B13562,B12194
2173,0.9340934753417968,0,B03077,B02240
2174,0.9340892434120178,0,B03791,B02240
2175,0.93408864736557,0,B03000,B05706
2176,0.9340882301330566,0,B05622,B03125
2177,0.9340793490409852,0,B00685,B05923
2178,0.9340767860412598,0,B11825,B07160
2179,0.934075117111206,0,B02020,B03125
2180,0.9340647459030152,0,B08491,B06506
2181,0.9340628981590272,0,B06884,B05467
2182,0.9340617656707764,0,B09574,B03125
2183,0.9340574145317078,0,B03103,B03125
2184,0.9340534210205078,0,B06652,B00095
2185,0.934053122997284,0,B03848,B01238
2186,0.934049904346466,0,B08544,B05706
2187,0.934048593044281,0,B12387,B05706
2188,0.934039831161499,0,B08242,B06506
2189,0.9340327978134156,0,B03608,B09441
2190,0.9340299367904664,0,B00798,B03125
2191,0.9340277910232544,0,B07845,B06506
2192,0.9340221285820008,0,B03068,B12194
2193,0.9340202808380128,0,B00079,B01934
2194,0.9340196847915648,0,B05639,B06506
2195,0.9340176582336426,0,B12947,B02240
2196,0.9340139627456664,0,B02675,B01238
2197,0.9340119957923888,0,B03652,B02240
2198,0.9340041279792786,0,B10785,B05706
2199,0.9340025782585144,0,B07079,B02240
2200,0.933999478816986,0,B04934,B00934
2201,0.9339990615844728,0,B00549,B11529
2202,0.933998167514801,0,B12930,B12194
2203,0.9339931011199952,0,B09162,B05706
2204,0.9339838027954102,0,B04524,B07160
2205,0.933976411819458,0,B07316,B04953
2206,0.9339751601219176,0,B11044,B00095
2207,0.9339682459831238,0,B07330,B05706
2208,0.9339627027511596,0,B12337,B05706
2209,0.9339618682861328,0,B08273,B06192
2210,0.933954417705536,0,B09945,B06343
2211,0.9339519143104552,0,B09442,B03125
2212,0.9339506030082704,0,B07335,B03139
2213,0.9339466094970704,0,B05866,B06506
2214,0.933942437171936,0,B06207,B06343
2215,0.9339361786842346,0,B02468,B05467
2216,0.9339184761047364,0,B02015,B02240
2217,0.9339135885238647,0,B05631,B11529
2218,0.9339016675949096,0,B02748,B03125
2219,0.9339014291763306,0,B10292,B04744
2220,0.9338946342468262,0,B06949,B02240
2221,0.9338930249214172,0,B01963,B05706
2222,0.9338881373405457,0,B06867,B03125
2223,0.9338791370391846,0,B10238,B02240
2224,0.9338707327842712,0,B04827,B12194
2225,0.9338630437850952,0,B05283,B03125
2226,0.933861255645752,0,B00847,B01481
2227,0.9338595867156982,0,B10564,B00095
2228,0.9338588714599608,0,B11093,B05467
2229,0.9338585138320924,0,B02752,B03125
2230,0.933851718902588,0,B07440,B02240
2231,0.9338515996932985,0,B10929,B05706
2232,0.9338486194610596,0,B02345,B06506
2233,0.9338482618331908,0,B04335,B12194
2234,0.933838188648224,0,B03164,B06506
2235,0.933837890625,0,B05685,B01481
2236,0.9338358044624328,0,B02852,B02240
2237,0.9338293075561525,0,B07752,B07160
2238,0.9338290095329284,0,B02545,B12194
2239,0.9338219165802002,0,B10659,B05467
2240,0.9338200688362122,0,B05516,B05706
2241,0.9338178038597108,0,B02664,B00934
2242,0.933813452720642,0,B05602,B06506
2243,0.9338099956512452,0,B07307,B06192
2244,0.9338061809539796,0,B09642,B06506
2245,0.9337977170944214,0,B08529,B03125
2246,0.9337953329086304,0,B02761,B06506
2247,0.9337917566299438,0,B00830,B12194
2248,0.9337892532348632,0,B12390,B06506
2249,0.9337784051895142,0,B10612,B01481
2250,0.933774471282959,0,B04815,B05923
2251,0.9337687492370604,0,B06564,B04953
2252,0.9337568879127502,0,B14176,B02026
2253,0.933746576309204,0,B07894,B03125
2254,0.9337395429611206,0,B04415,B01934
2255,0.9337361454963684,0,B07349,B03139
2256,0.9337303638458252,0,B05709,B05706
2257,0.933723509311676,0,B00348,B06506
2258,0.933721661567688,0,B07471,B04953
2259,0.9337062239646912,0,B10782,B02240
2260,0.9337040185928344,0,B11990,B02240
2261,0.9336992502212524,0,B02227,B03125
2262,0.9336932897567748,0,B07189,B02240
2263,0.9336925745010376,0,B04327,B12194
2264,0.9336918592453004,0,B14056,B00229
2265,0.9336872696876526,0,B09019,B02240
2266,0.9336872100830078,0,B00048,B03125
2267,0.9336854219436646,0,B00707,B06343
2268,0.9336774349212646,0,B00645,B01934
2269,0.9336773157119752,0,B06738,B01481
2270,0.9336721897125244,0,B03947,B06506
2271,0.9336663484573364,0,B04686,B05467
2272,0.9336652159690856,0,B00790,B05706
2273,0.933663249015808,0,B05532,B00146
2274,0.9336574673652648,0,B04788,B07160
2275,0.9336475133895874,0,B01636,B04744
2276,0.9336435198783876,0,B01241,B09441
2277,0.9336381554603576,0,B04673,B06506
2278,0.9336380958557128,0,B05523,B07205
2279,0.9336210489273072,0,B08580,B01831
2280,0.9336153268814088,0,B05635,B02240
2281,0.9336090087890624,0,B06154,B03139
2282,0.9336065649986268,0,B10658,B05467
2283,0.9336057901382446,0,B10162,B06506
2284,0.9336041212081908,0,B04532,B09441
2285,0.9335965514183044,0,B00792,B12194
2286,0.9335905909538268,0,B09045,B03125
2287,0.9335879683494568,0,B02466,B07205
2288,0.9335857629776,0,B11607,B12194
2289,0.9335675239562988,0,B01321,B01238
2290,0.9335594177246094,0,B10137,B02240
2291,0.9335530996322632,0,B00289,B03139
2292,0.9335504770278932,0,B02992,B02240
2293,0.9335498809814452,0,B01179,B05467
2294,0.9335441589355468,0,B05831,B02240
2295,0.9335429668426514,0,B09026,B02240
2296,0.933541774749756,0,B00985,B06506
2297,0.9335366487503052,0,B03247,B04744
2298,0.933523178100586,0,B02056,B06506
2299,0.9335175156593324,0,B02087,B07429
2300,0.9335169196128844,0,B00867,B00724
2301,0.9335132837295532,0,B02526,B03139
2302,0.9335120916366576,0,B03053,B01934
2303,0.9335062503814696,0,B13371,B01067
2304,0.933504283428192,0,B04955,B03125
2305,0.9335024952888488,0,B06398,B03125
2306,0.9334976077079772,0,B06603,B05467
2307,0.9334933757781982,0,B10073,B11529
2308,0.9334921836853028,0,B02737,B01481
2309,0.9334906935691832,0,B05585,B02240
2310,0.9334863424301147,0,B00103,B00536
2311,0.9334787130355836,0,B11261,B07160
2312,0.9334719181060792,0,B09788,B01238
2313,0.93346905708313,0,B09223,B02240
2314,0.9334653615951538,0,B10574,B03125
2315,0.9334585666656494,0,B05053,B07160
2316,0.9334508180618286,0,B01226,B09441
2317,0.9334449172019958,0,B00948,B05706
2318,0.933436632156372,0,B01090,B09245
2319,0.933405339717865,0,B09156,B02240
2320,0.9334020614624025,0,B09439,B07160
2321,0.9333986043930054,0,B10371,B04953
2322,0.9333899021148682,0,B02431,B05706
2323,0.9333840608596802,0,B06096,B03125
2324,0.9333741664886476,0,B01762,B01238
2325,0.9333733916282654,0,B08366,B02240
2326,0.9333652257919312,0,B08944,B03139
2327,0.9333593845367432,0,B09188,B10200
2328,0.9333453178405762,0,B01956,B03139
2329,0.9333422780036926,0,B08568,B03125
2330,0.9333416223526,0,B03391,B04744
2331,0.9333376288414,0,B01680,B02240
2332,0.9333345890045166,0,B03748,B05706
2333,0.9333295226097108,0,B04823,B03125
2334,0.9333252906799316,0,B09020,B01796
2335,0.9333208203315736,0,B04237,B03139
2336,0.9333160519599916,0,B01527,B05467
2337,0.9333117604255676,0,B05582,B02240
2338,0.933303952217102,0,B07948,B06506
2339,0.9333021640777588,0,B04845,B03125
2340,0.9333009719848632,0,B01342,B03139
2341,0.9332965016365052,0,B09813,B02240
2342,0.9332913756370544,0,B12751,B02240
2343,0.933290421962738,0,B05086,B02240
2344,0.9332795739173888,0,B12137,B02240
2345,0.9332735538482666,0,B10584,B02240
2346,0.9332733154296876,0,B04901,B04744
2347,0.933268427848816,0,B06339,B12194
2348,0.9332680702209472,0,B03251,B01934
2349,0.9332674145698548,0,B02022,B09441
2350,0.9332653284072876,0,B06062,B04953
2351,0.933261513710022,0,B09978,B07160
2352,0.9332579374313354,0,B03690,B05706
2353,0.9332403540611268,0,B11390,B12194
2354,0.9332329630851746,0,B10702,B06506
2355,0.9332240223884584,0,B05249,B02240
2356,0.9332231879234314,0,B09142,B01481
2357,0.9332135319709778,0,B02723,B05467
2358,0.933212161064148,0,B02501,B07160
2359,0.9332079291343688,0,B08174,B02240
2360,0.9331893920898438,0,B11051,B03125
2361,0.933184027671814,0,B06621,B01831
2362,0.9331808686256408,0,B02582,B03125
2363,0.9331786036491394,0,B11671,B07160
2364,0.933174192905426,0,B03010,B03139
2365,0.933163583278656,0,B07003,B03125
2366,0.933159112930298,0,B05170,B03125
2367,0.9331579208374025,0,B13098,B05706
2368,0.9331556558609008,0,B09066,B07160
2369,0.933148205280304,0,B03798,B09441
2370,0.9331445693969728,0,B01016,B05467
2371,0.9331395626068116,0,B08210,B11529
2372,0.9331372380256652,0,B03245,B12194
2373,0.9331241250038148,0,B01632,B03125
2374,0.9331232905387878,0,B09793,B06343
2375,0.933117926120758,0,B12368,B12194
2376,0.9331169128417968,0,B08153,B03125
2377,0.93311607837677,0,B13950,B05706
2378,0.9331117272377014,0,B08414,B04744
2379,0.9330973625183104,0,B11494,B06506
2380,0.9330883026123048,0,B05185,B06506
2381,0.9330837726593018,0,B08451,B01934
2382,0.9330776929855348,0,B03835,B03125
2383,0.9330765008926392,0,B13378,B07160
2384,0.9330758452415466,0,B00906,B01481
2385,0.9330744743347168,0,B03883,B03125
2386,0.9330717325210572,0,B02347,B00934
2387,0.9330704808235168,0,B00470,B06506
2388,0.933070182800293,0,B00178,B03777
2389,0.9330653548240662,0,B09484,B12194
2390,0.9330281019210817,0,B06389,B05467
2391,0.9330227375030518,0,B05451,B04744
2392,0.9330053329467772,0,B10003,B03139
2393,0.933002769947052,0,B10239,B00146
2394,0.9329938888549804,0,B03497,B02240
2395,0.932990789413452,0,B10470,B01238
2396,0.9329904913902284,0,B02622,B05706
2397,0.9329865574836732,0,B08967,B05706
2398,0.9329850673675536,0,B03651,B02240
2399,0.9329765439033508,0,B05593,B05706
2400,0.9329715967178344,0,B07247,B06192
2401,0.9329694509506226,0,B09855,B06506
2402,0.9329689741134644,0,B09612,B06506
2403,0.9329663515090942,0,B11045,B02240
2404,0.9329488277435304,0,B06435,B06506
2405,0.9329445362091064,0,B01778,B06506
2406,0.9329258799552916,0,B03868,B06343
2407,0.9329195022583008,0,B09331,B04744
2408,0.9329107999801636,0,B02957,B01934
2409,0.9329031705856324,0,B08578,B02240
2410,0.932895302772522,0,B02502,B04744
2411,0.9328950643539428,0,B00972,B00934
2412,0.9328932762145996,0,B06138,B07160
2413,0.9328892230987548,0,B07671,B05706
2414,0.9328858852386476,0,B09779,B05467
2415,0.9328805208206176,0,B02848,B05467
2416,0.932872235774994,0,B03133,B06506
2417,0.932872235774994,0,B06141,B05706
2418,0.9328545928001404,0,B01944,B12194
2419,0.9328515529632568,0,B08740,B03125
2420,0.9328471422195436,0,B08823,B07160
2421,0.9328338503837584,0,B02112,B03125
2422,0.9328322410583496,0,B12344,B05706
2423,0.9328247904777528,0,B06283,B02025
2424,0.9328190088272096,0,B09355,B03125
2425,0.9328165054321288,0,B08524,B06506
2426,0.9328160881996156,0,B13765,B11699
2427,0.9328118562698364,0,B12614,B02240
2428,0.932809352874756,0,B04134,B06506
2429,0.9328036904335022,0,B02399,B05706
2430,0.9328007698059082,0,B08004,B06506
2431,0.9327966570854188,0,B07808,B03139
2432,0.9327713251113892,0,B04526,B01934
2433,0.9327659606933594,0,B00364,B05467
2434,0.9327653646469116,0,B02669,B05706
2435,0.9327645301818848,0,B02646,B02240
2436,0.9327613711357116,0,B08067,B06506
2437,0.9327592849731444,0,B11363,B00229
2438,0.9327503442764282,0,B07193,B02240
2439,0.9327470660209656,0,B06772,B06506
2440,0.9327467679977416,0,B11178,B00095
2441,0.9327394366264344,0,B08018,B07160
2442,0.9327319860458374,0,B11774,B10640
2443,0.9327316880226136,0,B05513,B03125
2444,0.9327316284179688,0,B10199,B05467
2445,0.9327311515808104,0,B05605,B01481
2446,0.9327257871627808,0,B01004,B06506
2447,0.9327159523963928,0,B00198,B05706
2448,0.932715892791748,0,B06575,B03125
2449,0.9327157735824584,0,B06368,B03139
2450,0.9327144622802734,0,B06205,B05467
2451,0.9327113032341005,0,B08695,B04953
2452,0.9326982498168944,0,B00380,B00095
2453,0.9326887130737304,0,B09480,B07160
2454,0.9326834082603456,0,B05263,B03139
2455,0.9326813817024232,0,B00939,B06506
2456,0.9326812624931335,0,B11028,B06506
2457,0.9326806664466858,0,B11143,B03125
2458,0.9326783418655396,0,B07382,B02240
2459,0.9326753616333008,0,B08099,B02240
2460,0.9326690435409546,0,B02834,B05467
2461,0.9326665997505188,0,B06451,B05467
2462,0.932659387588501,0,B00401,B05706
2463,0.9326570630073548,0,B09021,B04953
2464,0.9326534271240234,0,B04412,B06506
2465,0.932652235031128,0,B03062,B06506
2466,0.9326395988464355,0,B09115,B02240
2467,0.9326326251029968,0,B06527,B05706
2468,0.9326246976852416,0,B05114,B03125
2469,0.932624101638794,0,B01572,B01934
2470,0.9326220154762268,0,B01699,B07160
2471,0.9326213598251344,0,B02970,B06343
2472,0.9326190948486328,0,B03899,B10640
2473,0.932613492012024,0,B06487,B06343
2474,0.932611644268036,0,B06241,B03125
2475,0.9326030015945436,0,B05026,B01238
2476,0.9325895309448242,0,B01761,B02240
2477,0.9325821995735168,0,B04431,B05467
2478,0.9325708150863647,0,B04430,B06506
2479,0.9325698018074036,0,B13518,B11529
2480,0.9325690269470216,0,B09694,B05467
2481,0.9325647950172424,0,B08125,B03139
2482,0.9325647354125975,0,B08224,B06506
2483,0.9325513243675232,0,B09560,B12194
2484,0.932543158531189,0,B04253,B01481
2485,0.9325321912765504,0,B02249,B12194
2486,0.9325278401374816,0,B04665,B04744
2487,0.932522714138031,0,B04218,B03125
2488,0.932520031929016,0,B07648,B01481
2489,0.9325138330459596,0,B04699,B02240
2490,0.9325052499771118,0,B04501,B05923
2491,0.9325038194656372,0,B08894,B05706
2492,0.9325031042099,0,B01995,B02240
2493,0.9324997663497924,0,B03759,B12194
2494,0.9324973821640016,0,B12353,B12194
2495,0.9324919581413268,0,B03069,B05706
2496,0.9324898719787598,0,B10510,B05706
2497,0.9324819445610046,0,B13766,B07878
2498,0.9324721097946168,0,B01877,B02240
2499,0.9324495792388916,0,B01946,B03139
2500,0.9324444532394408,0,B03760,B07205
2501,0.9324443340301514,0,B04163,B03125
2502,0.9324353337287904,0,B04642,B03125
2503,0.9324339628219604,0,B03771,B05706
2504,0.932431936264038,0,B01014,B05467
2505,0.9324270486831664,0,B09821,B07160
2506,0.932406485080719,0,B05969,B07160
2507,0.9324005246162416,0,B08284,B02240
2508,0.9323947429656982,0,B01873,B01481
2509,0.9323921799659728,0,B00974,B05467
2510,0.9323915243148804,0,B00004,B07160
2511,0.9323829412460328,0,B06034,B05706
2512,0.9323810935020448,0,B02284,B03125
2513,0.9323793053627014,0,B06774,B05467
2514,0.9323697090148926,0,B04229,B02240
2515,0.9323694109916688,0,B00595,B01481
2516,0.9323625564575196,0,B13459,B12194
2517,0.9323464035987854,0,B10767,B02026
2518,0.9323462247848512,0,B07310,B00095
2519,0.9323377013206482,0,B00403,B07160
2520,0.9323345422744752,0,B08195,B04744
2521,0.9323331713676452,0,B01729,B00146
2522,0.9323320984840392,0,B03856,B02240
2523,0.9323297142982484,0,B09724,B02240
2524,0.932329535484314,0,B08949,B04744
2525,0.9323276281356812,0,B09434,B07160
2526,0.9323275089263916,0,B07178,B02240
2527,0.9323168992996216,0,B06539,B02240
2528,0.932316780090332,0,B06361,B00095
2529,0.9323140978813172,0,B02632,B03125
2530,0.9323104023933412,0,B08267,B02240
2531,0.9323022365570068,0,B00836,B07160
2532,0.9322912693023682,0,B02864,B03139
2533,0.9322912693023682,0,B07441,B05706
2534,0.932280957698822,0,B10460,B07160
2535,0.9322805404663086,0,B02043,B01238
2536,0.9322736263275146,0,B00012,B12194
2537,0.9322727918624878,0,B04798,B03125
2538,0.9322630763053894,0,B05869,B07160
2539,0.932262659072876,0,B02500,B04744
2540,0.9322511553764344,0,B10113,B01831
2541,0.9322423934936525,0,B08449,B06506
2542,0.9322320818901062,0,B03778,B02240
2543,0.9322101473808287,0,B05938,B05706
2544,0.932205080986023,0,B08639,B13549
2545,0.932205080986023,0,B13278,B12194
2546,0.9322029948234558,0,B01935,B00536
2547,0.9321992993354796,0,B05162,B02240
2548,0.9321988821029664,0,B04132,B09441
2549,0.9321932792663574,0,B01214,B02240
2550,0.93219256401062,0,B01617,B12194
2551,0.9321914315223694,0,B00626,B03139
2552,0.9321818351745604,0,B03243,B06506
2553,0.9321801662445068,0,B10883,B07160
2554,0.9321754574775696,0,B06238,B05706
2555,0.9321740865707396,0,B06015,B12194
2556,0.9321633577346802,0,B02488,B07205
2557,0.9321593046188354,0,B06416,B12194
2558,0.9321551322937012,0,B02484,B07160
2559,0.9321524500846864,0,B05619,B05706
2560,0.932148277759552,0,B01626,B02240
2561,0.9321459531784058,0,B06986,B07367
2562,0.9321445226669312,0,B04296,B06506
2563,0.9321431517601012,0,B14028,B03180
2564,0.9321314096450806,0,B01291,B02026
2565,0.9321290850639344,0,B01623,B12194
2566,0.9321289658546448,0,B07974,B05706
2567,0.932119607925415,0,B03929,B07367
2568,0.932116150856018,0,B00829,B12194
2569,0.9321141242980956,0,B04118,B01934
2570,0.9321128129959106,0,B02128,B07367
2571,0.932109832763672,0,B01978,B05467
2572,0.9321090579032898,0,B01343,B03139
2573,0.93210369348526,0,B11759,B11529
2574,0.9320987462997437,0,B01360,B05706
2575,0.9320979118347168,0,B02785,B01238
2576,0.9320974349975586,0,B05072,B01238
2577,0.9320918321609496,0,B07985,B03125
2578,0.9320871233940125,0,B09064,B03125
2579,0.9320859909057616,0,B08883,B05706
2580,0.9320633411407472,0,B10198,B05706
2581,0.9320605397224426,0,B02770,B06506
2582,0.93205463886261,0,B12225,B12194
2583,0.9320508241653442,0,B01339,B02240
2584,0.9320502281188964,0,B08651,B03125
2585,0.932041883468628,0,B06739,B02240
2586,0.9320417046546936,0,B05892,B03139
2587,0.932037889957428,0,B11127,B06506
2588,0.9320354461669922,0,B11565,B05706
2589,0.9320286512374878,0,B01982,B05706
2590,0.9320285320281982,0,B03362,B06506
2591,0.93202543258667,0,B02082,B05467
2592,0.9319947957992554,0,B06982,B04953
2593,0.9319800138473512,0,B07302,B02240
2594,0.9319741725921632,0,B00775,B05467
2595,0.931971549987793,0,B06976,B04811
2596,0.931969165802002,0,B06290,B05467
2597,0.9319546222686768,0,B07980,B05706
2598,0.931954026222229,0,B02644,B07367
2599,0.9319483041763306,0,B11265,B00536
2600,0.9319447875022888,0,B06227,B06506
2601,0.9319326877593994,0,B07822,B03139
2602,0.9319309592247008,0,B11457,B03125
2603,0.9319300651550292,0,B01212,B00724
2604,0.9319260120391846,0,B06048,B05706
2605,0.9319194555282592,0,B07273,B00146
2606,0.9319186806678772,0,B06626,B06506
2607,0.931918442249298,0,B01351,B05706
2608,0.931913673877716,0,B02815,B06506
2609,0.9319106936454772,0,B01502,B05467
2610,0.9319007396697998,0,B12974,B11529
2611,0.9318987131118774,0,B08240,B01481
2612,0.9318962693214417,0,B11800,B06506
2613,0.9318941831588744,0,B12422,B03125
2614,0.9318867921829224,0,B09022,B02240
2615,0.9318841695785522,0,B08247,B07160
2616,0.9318793416023254,0,B05830,B05706
2617,0.9318764209747314,0,B05944,B05467
2618,0.9318746328353882,0,B06373,B04744
2619,0.9318737983703612,0,B13283,B12194
2620,0.931873619556427,0,B03753,B06343
2621,0.931870937347412,0,B03943,B05706
2622,0.931870698928833,0,B07492,B02026
2623,0.9318678379058838,0,B09430,B07160
2624,0.9318654537200928,0,B10561,B05706
2625,0.9318652153015136,0,B09898,B06506
2626,0.931859850883484,0,B11866,B11529
2627,0.931855857372284,0,B08308,B02240
2628,0.931835949420929,0,B12054,B06506
2629,0.93183434009552,0,B12514,B11529
2630,0.9318330883979796,0,B12977,B07160
2631,0.9318280220031738,0,B11062,B05706
2632,0.9318249821662904,0,B06405,B01238
2633,0.9318169355392456,0,B13035,B12194
2634,0.93181049823761,0,B00524,B02240
2635,0.9318087100982666,0,B06599,B02240
2636,0.9318008422851562,0,B08908,B06506
2637,0.9317957758903505,0,B08523,B00095
2638,0.9317954778671264,0,B07348,B05706
2639,0.9317785501480104,0,B08915,B06506
2640,0.9317771196365356,0,B00928,B05706
2641,0.931774377822876,0,B09819,B12194
2642,0.9317708015441896,0,B08064,B05706
2643,0.9317681789398192,0,B04963,B02240
2644,0.9317615032196044,0,B09248,B10640
2645,0.9317587018013,0,B03878,B12194
2646,0.9317559003829956,0,B03948,B01238
2647,0.9317525029182434,0,B00102,B06506
2648,0.9317519068717957,0,B12933,B06506
2649,0.931749165058136,0,B00254,B00095
2650,0.93174409866333,0,B08506,B05706
2651,0.9317438006401062,0,B02721,B02025
2652,0.9317374229431152,0,B02764,B05706
2653,0.9317352175712584,0,B03703,B03139
2654,0.9317277669906616,0,B00464,B12194
2655,0.9317121505737304,0,B01290,B05467
2656,0.9317114353179932,0,B06897,B06506
2657,0.9317091703414916,0,B00435,B06506
2658,0.9317076206207277,0,B05660,B07160
2659,0.9317018985748292,0,B01773,B09441
2660,0.9316890835762024,0,B08800,B07878
2661,0.9316889643669128,0,B02590,B00095
2662,0.9316835403442384,0,B03581,B03125
2663,0.9316672086715698,0,B10713,B04744
2664,0.9316546320915222,0,B06408,B03125
2665,0.9316505789756776,0,B12934,B02026
2666,0.93164724111557,0,B10267,B03125
2667,0.9316145777702332,0,B01950,B00146
2668,0.9316122531890868,0,B09083,B02892
2669,0.9316118955612184,0,B01443,B05467
2670,0.9315856695175172,0,B13619,B06506
2671,0.9315735101699828,0,B09280,B10200
2672,0.9315698146820068,0,B07388,B02240
2673,0.9315687417984008,0,B02556,B00095
2674,0.9315599799156188,0,B07197,B03125
2675,0.9315576553344728,0,B00795,B05467
2676,0.931557297706604,0,B10835,B12194
2677,0.9315567016601562,0,B07327,B01238
2678,0.9315475225448608,0,B05472,B04811
2679,0.9315428137779236,0,B11142,B01481
2680,0.9315399527549744,0,B05808,B03139
2681,0.9315295815467834,0,B13895,B10640
2682,0.9315285682678224,0,B03220,B07160
2683,0.9315277338027954,0,B03151,B02240
2684,0.9315252900123596,0,B13361,B02026
2685,0.9315235018730164,0,B11656,B00934
2686,0.9315128326416016,0,B03400,B07160
2687,0.9315122961997986,0,B07358,B07160
2688,0.9315068125724792,0,B13365,B05706
2689,0.9315064549446106,0,B03383,B06506
2690,0.9315059185028076,0,B00712,B07429
2691,0.9315032958984376,0,B00997,B01481
2692,0.9314788579940796,0,B03136,B04953
2693,0.9314775466918944,0,B10109,B02240
2694,0.931470513343811,0,B10576,B02240
2695,0.9314661026000975,0,B01327,B04744
2696,0.9314656257629396,0,B06485,B03125
2697,0.9314576387405396,0,B00188,B02240
2698,0.9314569234848022,0,B10010,B06506
2699,0.9314336776733398,0,B00558,B02240
2700,0.931433081626892,0,B00602,B05706
2701,0.931431531906128,0,B09221,B00229
2702,0.931426763534546,0,B01843,B11529
2703,0.9314217567443848,0,B08986,B05467
2704,0.9314217567443848,0,B09933,B07160
2705,0.9314215183258056,0,B02999,B02240
2706,0.9314177632331848,0,B13741,B11529
2707,0.9314085245132446,0,B00358,B06506
2708,0.9314063787460328,0,B09710,B03139
2709,0.9314037561416626,0,B05163,B02240
2710,0.931403636932373,0,B08960,B05467
2711,0.9313965439796448,0,B04757,B05467
2712,0.9313902258872986,0,B02142,B03139
2713,0.9313872456550598,0,B10221,B11699
2714,0.9313781261444092,0,B05066,B05467
2715,0.9313724040985109,0,B09139,B06506
2716,0.9313614964485168,0,B11636,B02240
2717,0.9313525557518004,0,B10012,B02240
2718,0.9313459396362304,0,B02236,B03125
2719,0.9313457012176514,0,B12716,B01934
2720,0.93133145570755,0,B02863,B03125
2721,0.9313302636146544,0,B02670,B06506
2722,0.931317925453186,0,B14202,B06506
2723,0.9313120245933532,0,B03787,B03139
2724,0.9313023090362548,0,B03300,B12194
2725,0.9312994480133056,0,B08325,B11529
2726,0.9312976598739624,0,B07469,B07878
2727,0.9312976002693176,0,B09583,B05706
2728,0.9312940239906312,0,B04116,B02240
2729,0.9312853813171388,0,B03861,B02240
2730,0.9312841892242432,0,B09136,B02240
2731,0.9312810897827148,0,B01223,B00095
2732,0.9312632083892822,0,B01855,B10640
2733,0.9312552213668824,0,B08097,B06506
2734,0.9312504529953004,0,B00480,B05706
2735,0.931238889694214,0,B03160,B00095
2736,0.9312339425086976,0,B07188,B05706
2737,0.9312306642532348,0,B01197,B07160
2738,0.9312233924865724,0,B07242,B03139
2739,0.9312233924865724,0,B10122,B04953
2740,0.9312223792076112,0,B14004,B01796
2741,0.931221842765808,0,B04273,B06506
2742,0.9312095046043396,0,B06682,B03125
2743,0.9311980605125428,0,B07610,B06343
2744,0.9311906099319458,0,B02586,B01481
2745,0.9311844110488892,0,B00415,B00536
2746,0.931182324886322,0,B07411,B06506
2747,0.9311738014221193,0,B08200,B03125
2748,0.9311680793762208,0,B13001,B03125
2749,0.9311679005622864,0,B00486,B02240
2750,0.931160807609558,0,B10410,B02892
2751,0.9311566352844238,0,B10004,B06506
2752,0.931154489517212,0,B03928,B02240
2753,0.9311540126800536,0,B04790,B01934
2754,0.931152880191803,0,B05712,B06506
2755,0.9311485290527344,0,B07438,B02240
2756,0.931147277355194,0,B01449,B03139
2757,0.9311454892158508,0,B08464,B02240
2758,0.9311374425888062,0,B10272,B05706
2759,0.931137204170227,0,B00014,B05467
2760,0.9311371445655824,0,B01711,B06506
2761,0.9311333894729614,0,B10921,B12194
2762,0.9311322569847108,0,B09711,B07160
2763,0.9311290979385376,0,B11643,B05467
2764,0.9311248660087584,0,B09652,B06506
2765,0.9311233758926392,0,B05109,B03125
2766,0.9311069250106812,0,B04895,B06192
2767,0.9311038851737976,0,B10171,B12194
2768,0.9310778975486756,0,B06758,B02026
2769,0.9310731887817384,0,B07267,B03139
2770,0.9310701489448548,0,B02064,B05706
2771,0.9310661554336548,0,B10976,B03125
2772,0.9310617446899414,0,B06847,B07160
2773,0.9310598373413086,0,B09109,B03125
2774,0.9310592412948608,0,B06657,B00934
2775,0.931046426296234,0,B02666,B00934
2776,0.9310449361801147,0,B05199,B05467
2777,0.9310334324836732,0,B03970,B02240
2778,0.9310318231582642,0,B14195,B12194
2779,0.9310197830200196,0,B04146,B00146
2780,0.9310153722763062,0,B08665,B02240
2781,0.9310139417648317,0,B00953,B03139
2782,0.931011974811554,0,B13004,B07429
2783,0.9310052394866944,0,B10088,B02240
2784,0.931004762649536,0,B02716,B03125
2785,0.9310007095336914,0,B00650,B12194
2786,0.9309860467910768,0,B01228,B09245
2787,0.9309793710708618,0,B08289,B04811
2788,0.9309765696525574,0,B07781,B02240
2789,0.9309728145599364,0,B08165,B03139
2790,0.9309700727462769,0,B03369,B02240
2791,0.930968165397644,0,B05785,B06506
2792,0.9309653043746948,0,B08581,B04744
2793,0.9309613704681396,0,B07973,B02240
2794,0.9309592247009276,0,B12227,B05706
2795,0.930952489376068,0,B00070,B04744
2796,0.9309383630752563,0,B13368,B02240
2797,0.9309375286102296,0,B12675,B05706
2798,0.9309322834014891,0,B01882,B01934
2799,0.9309253692626952,0,B10538,B05706
2800,0.9309207201004028,0,B14124,B12194
2801,0.9309171438217164,0,B00498,B12194
2802,0.9309148788452148,0,B04350,B00724
2803,0.9309113621711732,0,B07917,B05600
2804,0.9309095144271852,0,B12343,B11032
2805,0.9309091567993164,0,B02816,B05467
2806,0.9309085607528688,0,B14255,B07429
2807,0.930908501148224,0,B08642,B05706
2808,0.9308959245681764,0,B05088,B03125
2809,0.9308950901031494,0,B05579,B02240
2810,0.9308887720108032,0,B01546,B06506
2811,0.9308819770812988,0,B13606,B07160
2812,0.9308760166168212,0,B05627,B06506
2813,0.9308746457099916,0,B06763,B03125
2814,0.9308614134788512,0,B04438,B03125
2815,0.9308595657348632,0,B06060,B05467
2816,0.9308541417121888,0,B04135,B12194
2817,0.9308521747589112,0,B04496,B06506
2818,0.9308484792709352,0,B11847,B06506
2819,0.9308440685272216,0,B10570,B00229
2820,0.9308431148529052,0,B10151,B04953
2821,0.9308392405509948,0,B01547,B07160
2822,0.9308330416679382,0,B05203,B00229
2823,0.9308273792266846,0,B09708,B03125
2824,0.9308265447616576,0,B08830,B05706
2825,0.9308231472969056,0,B07050,B02240
2826,0.9308217763900756,0,B01492,B12194
2827,0.9308181405067444,0,B05062,B06506
2828,0.93081796169281,0,B11781,B02240
2829,0.9308106899261476,0,B01612,B04744
2830,0.930806279182434,0,B08832,B06506
2831,0.9308013916015624,0,B09435,B07160
2832,0.9307960867881776,0,B07220,B06192
2833,0.9307852983474731,0,B06233,B03125
2834,0.9307852983474731,0,B09697,B03125
2835,0.9307845234870912,0,B07737,B07160
2836,0.930780827999115,0,B04533,B09441
2837,0.9307672381401062,0,B00397,B11529
2838,0.930766463279724,0,B13176,B05467
2839,0.9307535886764526,0,B08421,B06506
2840,0.9307304620742798,0,B13846,B07160
2841,0.9307141304016112,0,B01059,B02240
2842,0.9307125210762024,0,B06688,B02892
2843,0.930712342262268,0,B07301,B03139
2844,0.930711567401886,0,B01903,B09245
2845,0.9307090044021606,0,B00385,B06506
2846,0.9307069778442384,0,B09339,B05467
2847,0.930706799030304,0,B13188,B01796
2848,0.9307067394256592,0,B00045,B01934
2849,0.93069726228714,0,B12692,B02240
2850,0.9306851029396056,0,B04924,B05706
2851,0.930677592754364,0,B05823,B06506
2852,0.9306766390800476,0,B00117,B01481
2853,0.9306762218475342,0,B10115,B02240
2854,0.9306755065917968,0,B00562,B00536
2855,0.9306724071502686,0,B13191,B09441
2856,0.9306559562683104,0,B04938,B00934
2857,0.9306541681289672,0,B12216,B11529
2858,0.9306507110595704,0,B12203,B02240
2859,0.9306446313858032,0,B04441,B05706
2860,0.9306424260139464,0,B06698,B05706
2861,0.9306407570838928,0,B00061,B00095
2862,0.9306377172470092,0,B06184,B06506
2863,0.9306357502937316,0,B11351,B02240
2864,0.930633544921875,0,B05732,B03125
2865,0.930632710456848,0,B04792,B05706
2866,0.930630385875702,0,B03867,B06506
2867,0.9306273460388184,0,B06598,B00724
2868,0.9306213855743408,0,B05272,B03125
2869,0.930616021156311,0,B09193,B11699
2870,0.9306089878082277,0,B07493,B03125
2871,0.930608570575714,0,B09817,B03139
2872,0.93059241771698,0,B11829,B11529
2873,0.9305810928344728,0,B09143,B06506
2874,0.93058043718338,0,B00063,B13549
2875,0.9305697083473206,0,B02014,B02026
2876,0.9305687546730042,0,B10209,B02240
2877,0.9305619597434998,0,B09988,B06506
2878,0.9305304288864136,0,B01619,B07160
2879,0.9305282831192015,0,B10147,B05706
2880,0.9305038452148438,0,B13803,B12194
2881,0.9305021166801452,0,B07354,B06192
2882,0.9305015802383424,0,B05155,B06506
2883,0.930500864982605,0,B01775,B02240
2884,0.9304975271224976,0,B03357,B12194
2885,0.9304959177970886,0,B07817,B03125
2886,0.9304882287979126,0,B01024,B03125
2887,0.9304784536361694,0,B07805,B12194
2888,0.9304728507995604,0,B00557,B01481
2889,0.9304728507995604,0,B02866,B01934
2890,0.9304660558700562,0,B13275,B02026
2891,0.9304653406143188,0,B04870,B12194
2892,0.930458664894104,0,B03754,B00095
2893,0.9304564595222472,0,B08353,B03139
2894,0.9304548501968384,0,B07116,B03125
2895,0.9304533004760742,0,B05151,B00095
2896,0.9304526448249816,0,B02089,B01238
2897,0.9304524064064026,0,B01490,B13549
2898,0.930452048778534,0,B01430,B03125
2899,0.9304468631744384,0,B05621,B02240
2900,0.930444598197937,0,B07353,B05706
2901,0.9304426908493042,0,B07343,B02240
2902,0.9304417371749878,0,B10103,B02892
2903,0.9304376244544984,0,B10154,B02240
2904,0.9304341077804564,0,B04554,B05706
2905,0.9304320216178894,0,B01174,B06506
2906,0.9304183721542358,0,B00193,B06506
2907,0.9304145574569702,0,B04763,B13549
2908,0.9304132461547852,0,B00854,B02240
2909,0.9304028749465942,0,B05865,B03125
2910,0.930401086807251,0,B07381,B05467
2911,0.9303946495056152,0,B03916,B02240
2912,0.9303929805755616,0,B08762,B10640
2913,0.93038010597229,0,B07053,B04953
2914,0.9303769469261168,0,B05286,B02240
2915,0.9303720593452454,0,B03289,B03125
2916,0.9303606152534484,0,B08943,B02240
2917,0.9303497076034546,0,B12444,B04744
2918,0.9303473234176636,0,B07207,B02240
2919,0.9303370118141174,0,B12106,B12194
2920,0.9303359389305116,0,B05834,B03139
2921,0.930334448814392,0,B10104,B03139
2922,0.9303320050239564,0,B05672,B06506
2923,0.9303295016288756,0,B02570,B03125
2924,0.9303280115127563,0,B06311,B06506
2925,0.9303263425827026,0,B03083,B02240
2926,0.9303205013275146,0,B10420,B05706
2927,0.930312991142273,0,B08257,B12194
2928,0.9303123950958252,0,B04264,B12194
2929,0.93031108379364,0,B00834,B07160
2930,0.9303041100502014,0,B09570,B07160
2931,0.930290162563324,0,B13715,B01067
2932,0.9302874803543092,0,B09456,B07160
2933,0.9302680492401124,0,B11595,B12194
2934,0.9302651286125184,0,B12134,B02240
2935,0.9302577376365662,0,B13701,B07429
2936,0.9302557110786438,0,B12372,B02240
2937,0.9302390813827516,0,B12872,B05706
2938,0.9302338361740112,0,B11451,B05706
2939,0.9302282333374025,0,B12664,B06506
2940,0.9302242994308472,0,B04507,B02240
2941,0.930220365524292,0,B02692,B02240
2942,0.9302198886871338,0,B05604,B02240
2943,0.9302151203155518,0,B07241,B02892
2944,0.9302144050598145,0,B00315,B03125
2945,0.930212676525116,0,B10786,B02240
2946,0.9302111864089966,0,B11999,B00229
2947,0.9302107095718384,0,B09380,B06506
2948,0.9302093982696532,0,B00440,B03139
2949,0.9302080273628236,0,B00845,B06506
2950,0.9302041530609132,0,B02435,B05706
2951,0.9301958680152892,0,B03576,B02240
2952,0.9301947951316832,0,B09122,B11032
2953,0.9301825165748596,0,B01961,B04811
2954,0.9301780462265016,0,B05485,B05706
2955,0.9301722645759584,0,B03155,B07160
2956,0.9301626086235046,0,B06146,B06506
2957,0.9301607012748718,0,B04425,B11529
2958,0.9301598072052002,0,B06694,B06506
2959,0.9301518201828004,0,B01151,B05706
2960,0.9301445484161376,0,B09556,B04744
2961,0.930138111114502,0,B14281,B11699
2962,0.93013334274292,0,B02080,B02240
2963,0.9301304817199708,0,B12793,B02240
2964,0.9301281571388244,0,B04609,B03139
2965,0.9301196336746216,0,B01035,B05467
2966,0.9301131367683412,0,B12644,B03139
2967,0.9301106929779052,0,B10548,B02240
2968,0.9301093220710754,0,B05638,B06506
2969,0.9301049709320068,0,B09420,B06506
2970,0.930104434490204,0,B05057,B06506
2971,0.930104434490204,0,B07400,B06506
2972,0.930088460445404,0,B12393,B02240
2973,0.9300848245620728,0,B04092,B01934
2974,0.9300829768180848,0,B08161,B02240
2975,0.9300779700279236,0,B13957,B11529
2976,0.9300769567489624,0,B05947,B07429
2977,0.9300681948661804,0,B02354,B07429
2978,0.93006432056427,0,B11108,B05706
2979,0.9300639629364014,0,B14334,B02026
2980,0.9300594925880432,0,B04722,B01934
2981,0.9300588369369508,0,B10956,B00536
2982,0.9300583600997924,0,B02438,B03139
2983,0.9300580024719238,0,B07544,B06506
2984,0.9300574660301208,0,B00584,B00724
2985,0.9300544261932372,0,B04984,B03139
2986,0.930054008960724,0,B03940,B11699
2987,0.930054008960724,0,B06332,B00536
2988,0.9300388097763062,0,B01621,B05467
2989,0.9300357699394226,0,B13986,B02026
2990,0.930033802986145,0,B01453,B03139
2991,0.9300239086151124,0,B00452,B05706
2992,0.9300210475921632,0,B00841,B12194
2993,0.9300206899642944,0,B10709,B12194
2994,0.93001389503479,0,B00940,B00934
2995,0.9300135374069214,0,B02965,B05467
2996,0.9300130009651184,0,B01400,B04811
2997,0.93000328540802,0,B03025,B05706
2998,0.929996371269226,0,B09530,B03139
2999,0.9299916625022888,0,B07393,B07205
3000,0.9299890995025636,0,B00659,B09441
3001,0.929984211921692,0,B08626,B06506
3002,0.9299840927124025,0,B00290,B06506
3003,0.9299829006195068,0,B01220,B00095
3004,0.9299819469451904,0,B05440,B03139
3005,0.9299802780151368,0,B11260,B09245
3006,0.929967999458313,0,B14140,B02026
3007,0.9299564361572266,0,B05803,B05923
3008,0.9299559593200684,0,B10139,B03125
3009,0.9299466609954834,0,B09482,B01481
3010,0.929945945739746,0,B03619,B05706
3011,0.9299444556236268,0,B07669,B03139
3012,0.9299396872520448,0,B08963,B05467
3013,0.9299389123916626,0,B02267,B12194
3014,0.9299352169036864,0,B05946,B00724
3015,0.9299329519271852,0,B03561,B05706
3016,0.9299253225326538,0,B08203,B03125
3017,0.9299156069755554,0,B05552,B05706
3018,0.9299139976501464,0,B08148,B05467
3019,0.929901361465454,0,B07513,B00095
3020,0.9298967123031616,0,B12345,B02240
3021,0.929890513420105,0,B03032,B03139
3022,0.9298890829086304,0,B07468,B00905
3023,0.929879367351532,0,B05557,B02240
3024,0.9298766255378724,0,B13604,B12194
3025,0.9298707246780396,0,B09266,B05467
3026,0.9298629760742188,0,B13454,B02240
3027,0.9298603534698486,0,B01274,B02240
3028,0.9298540949821472,0,B09392,B02240
3029,0.9298537373542786,0,B09752,B06506
3030,0.9298431277275084,0,B00636,B06506
3031,0.929842174053192,0,B11456,B11032
3032,0.9298381805419922,0,B09525,B03139
3033,0.9298371076583862,0,B13067,B02026
3034,0.9298348426818848,0,B08897,B02240
3035,0.929829478263855,0,B04300,B09441
3036,0.9298273324966432,0,B01412,B03139
3037,0.929823637008667,0,B07589,B03125
3038,0.9298203587532043,0,B06693,B02240
3039,0.9298167824745178,0,B08160,B05467
3040,0.9298138618469238,0,B06912,B05706
3041,0.929813802242279,0,B03078,B01934
3042,0.9298100471496582,0,B08059,B03125
3043,0.9297999143600464,0,B11444,B05706
3044,0.9297943115234376,0,B08463,B02240
3045,0.929791271686554,0,B02650,B07160
3046,0.929779291152954,0,B07001,B06506
3047,0.9297728538513184,0,B03309,B07160
3048,0.9297709465026855,0,B05341,B03139
3049,0.929768979549408,0,B12946,B12194
3050,0.9297643899917604,0,B04862,B12194
3051,0.9297581911087036,0,B03709,B03139
3052,0.9297563433647156,0,B11214,B06506
3053,0.9297523498535156,0,B03073,B02892
3054,0.9297509789466858,0,B02915,B13549
3055,0.9297409653663636,0,B00356,B01238
3056,0.9297398328781128,0,B00445,B05706
3057,0.929732859134674,0,B05547,B03125
3058,0.9297307729721068,0,B05322,B03125
3059,0.9297249913215636,0,B02715,B03125
3060,0.929721474647522,0,B04252,B06506
3061,0.9297208189964294,0,B06489,B06343
3062,0.9297187328338624,0,B00376,B00229
3063,0.9297127723693848,0,B06799,B02240
3064,0.9297083616256714,0,B02473,B02240
3065,0.9296982288360596,0,B09903,B02240
3066,0.929695725440979,0,B07403,B10640
3067,0.9296956062316896,0,B00999,B03139
3068,0.9296878576278688,0,B04899,B02240
3069,0.9296844005584716,0,B05921,B03139
3070,0.9296841025352478,0,B08145,B01796
3071,0.929680347442627,0,B10615,B07429
3072,0.9296790957450868,0,B06989,B05706
3073,0.9296777844429016,0,B07210,B01481
3074,0.9296724200248718,0,B05453,B02240
3075,0.9296603798866272,0,B02360,B03125
3076,0.9296459555625916,0,B09733,B04744
3077,0.9296443462371826,0,B07794,B04953
3078,0.9296430349349976,0,B14069,B06506
3079,0.9296373128890992,0,B13807,B02240
3080,0.9296369552612304,0,B11153,B03125
3081,0.9296320676803588,0,B06289,B05706
3082,0.9296280145645142,0,B04214,B03125
3083,0.929614782333374,0,B09449,B07160
3084,0.929610013961792,0,B07924,B06506
3085,0.9296098947525024,0,B07816,B12194
3086,0.9295910596847534,0,B13865,B11699
3087,0.9295883774757384,0,B14227,B11529
3088,0.9295799136161804,0,B09790,B00229
3089,0.92957866191864,0,B12204,B02240
3090,0.9295785427093506,0,B13531,B12194
3091,0.929577112197876,0,B14126,B06506
3092,0.929574728012085,0,B00255,B04953
3093,0.9295743703842164,0,B05367,B06506
3094,0.9295718669891356,0,B02450,B02240
3095,0.9295681715011596,0,B01102,B04744
3096,0.929564356803894,0,B03072,B05706
3097,0.9295620322227478,0,B03060,B05706
3098,0.9295600056648254,0,B02419,B11699
3099,0.9295573234558104,0,B10258,B07367
3100,0.9295564889907836,0,B01340,B11699
3101,0.9295528531074524,0,B11331,B04953
3102,0.9295514822006226,0,B07389,B05706
3103,0.9295430183410645,0,B07804,B03125
3104,0.9295423030853271,0,B03152,B09441
3105,0.9295392036437988,0,B02176,B03139
3106,0.9295353293418884,0,B00657,B12194
3107,0.9295324087142944,0,B08218,B05467
3108,0.9295209050178528,0,B04022,B12194
3109,0.9295192956924438,0,B04585,B04744
3110,0.9295148849487304,0,B06722,B06506
3111,0.929514467716217,0,B05852,B00095
3112,0.929513692855835,0,B02377,B03125
3113,0.9295121431350708,0,B07880,B07160
3114,0.9295040369033812,0,B08138,B06506
3115,0.9295027256011964,0,B09047,B01238
3116,0.929502248764038,0,B10680,B04953
3117,0.9294960498809814,0,B10285,B06192
3118,0.9294899702072144,0,B05308,B03139
3119,0.9294899106025696,0,B11177,B04744
3120,0.9294897317886353,0,B04093,B05706
3121,0.9294875264167786,0,B02058,B07160
3122,0.9294797778129578,0,B11117,B01831
3123,0.9294559359550476,0,B03874,B05706
3124,0.929452657699585,0,B09123,B00934
3125,0.9294353723526,0,B06901,B06506
3126,0.9294273853302002,0,B10788,B05467
3127,0.9294235706329346,0,B05343,B07160
3128,0.9294228553771972,0,B11640,B01067
3129,0.9294223785400392,0,B07690,B04654
3130,0.929418683052063,0,B07417,B00724
3131,0.9294151663780212,0,B05876,B05706
3132,0.929410457611084,0,B01303,B02240
3133,0.9294093251228333,0,B02390,B05706
3134,0.9294047951698304,0,B05431,B06506
3135,0.9294018149375916,0,B07694,B04654
3136,0.9294010400772096,0,B09078,B11032
3137,0.9293972253799438,0,B12641,B10640
3138,0.929389476776123,0,B05556,B02240
3139,0.929376780986786,0,B06082,B06506
3140,0.929374933242798,0,B09789,B01067
3141,0.9293705224990844,0,B01758,B11529
3142,0.9293696284294128,0,B04357,B02240
3143,0.9293662309646606,0,B03606,B11529
3144,0.9293657541275024,0,B00240,B05706
3145,0.9293605089187622,0,B10316,B06192
3146,0.9293591976165771,0,B12108,B07160
3147,0.929358720779419,0,B09199,B03125
3148,0.929355800151825,0,B05175,B03139
3149,0.9293546676635742,0,B02559,B03139
3150,0.929348886013031,0,B03636,B03125
3151,0.9293224811553956,0,B07819,B09441
3152,0.929317057132721,0,B11534,B01067
3153,0.9293136596679688,0,B07837,B03139
3154,0.92930406332016,0,B04294,B00229
3155,0.9293012022972108,0,B13256,B11529
3156,0.9292997121810912,0,B12689,B02240
3157,0.9292821884155272,0,B05081,B03125
3158,0.9292761087417604,0,B09067,B03125
3159,0.9292688369750975,0,B06793,B01481
3160,0.9292596578598022,0,B02342,B02240
3161,0.92925763130188,0,B02193,B02240
3162,0.9292563199996948,0,B00866,B03139
3163,0.929256021976471,0,B00804,B00724
3164,0.9292551279067992,0,B01456,B05467
3165,0.9292458295822144,0,B06561,B03125
3166,0.9292377829551696,0,B12135,B02240
3167,0.9292356967926024,0,B07322,B03139
3168,0.9292349219322203,0,B04856,B00095
3169,0.9292333126068116,0,B00962,B05467
3170,0.9292317628860474,0,B09914,B07160
3171,0.9292283058166504,0,B02477,B03125
3172,0.9292179942131042,0,B02925,B02240
3173,0.9292136430740356,0,B02429,B03125
3174,0.929208517074585,0,B03780,B02240
3175,0.9292052984237672,0,B05147,B00095
3176,0.92920184135437,0,B07627,B02240
3177,0.9292008876800536,0,B06654,B04744
3178,0.9291952848434448,0,B09883,B05706
3179,0.9291926622390748,0,B04314,B04744
3180,0.9291913509368896,0,B10830,B05706
3181,0.9291888475418092,0,B00287,B00095
3182,0.929188072681427,0,B08552,B03125
3183,0.929185152053833,0,B00969,B06506
3184,0.92918199300766,0,B09810,B04744
3185,0.9291661977767944,0,B03745,B01645
3186,0.9291660785675048,0,B05262,B05706
3187,0.9291563630104064,0,B04462,B03139
3188,0.9291530847549438,0,B10831,B05706
3189,0.9291487336158752,0,B01929,B02240
3190,0.9291420578956604,0,B02153,B07160
3191,0.9291363954544068,0,B01073,B06506
3192,0.9291332960128784,0,B01902,B02240
3193,0.9291294813156128,0,B05581,B12194
3194,0.9291211366653442,0,B11316,B02240
3195,0.9291067123413086,0,B14066,B06506
3196,0.9290984272956848,0,B07054,B03139
3197,0.9290873408317566,0,B09350,B05467
3198,0.9290823936462402,0,B02803,B01796
3199,0.9290817975997924,0,B07317,B01238
3200,0.9290807247161864,0,B12952,B01067
3201,0.9290767908096312,0,B05476,B06506
3202,0.9290722608566284,0,B01171,B01481
3203,0.929064929485321,0,B05864,B04953
3204,0.9290647506713868,0,B02991,B00095
3205,0.9290642142295836,0,B02371,B03125
3206,0.929062008857727,0,B08790,B01934
3207,0.9290595054626464,0,B07763,B07160
3208,0.9290571212768556,0,B00337,B07429
3209,0.9290471076965332,0,B06853,B05706
3210,0.9290297031402588,0,B09093,B11529
3211,0.92902410030365,0,B13773,B00934
3212,0.9290202856063844,0,B00334,B06506
3213,0.929015040397644,0,B07994,B03125
3214,0.929009974002838,0,B02451,B10200
3215,0.9289939403533936,0,B04622,B03125
3216,0.9289839267730712,0,B02187,B04744
3217,0.9289655685424804,0,B09845,B10200
3218,0.928962469100952,0,B13745,B02240
3219,0.928955852985382,0,B07970,B02240
3220,0.9289557933807372,0,B02978,B00229
3221,0.928951382637024,0,B00541,B03125
3222,0.9289510250091552,0,B08244,B03139
3223,0.928948163986206,0,B07477,B03125
3224,0.9289422035217284,0,B05025,B01067
3225,0.9289416074752808,0,B02995,B04953
3226,0.9289391040802002,0,B06144,B03139
3227,0.928934931755066,0,B11833,B12194
3228,0.928929328918457,0,B05031,B05467
3229,0.9289286136627196,0,B03976,B06506
3230,0.9289253354072572,0,B06410,B06506
3231,0.9289218187332152,0,B10894,B04744
3232,0.9289207458496094,0,B08643,B05467
3233,0.9289153814315796,0,B00842,B06506
3234,0.92891526222229,0,B09764,B03125
3235,0.9289144277572632,0,B07542,B06506
3236,0.928912341594696,0,B02600,B06343
3237,0.9289095401763916,0,B02798,B10089
3238,0.9289060831069946,0,B04571,B03125
3239,0.9288996458053588,0,B04755,B01934
3240,0.9288971424102784,0,B04083,B06506
3241,0.9288930892944336,0,B10770,B06506
3242,0.9288920164108276,0,B04521,B03125
3243,0.9288874864578248,0,B02543,B00934
3244,0.9288812279701232,0,B04950,B00229
3245,0.928867757320404,0,B01889,B02240
3246,0.928867518901825,0,B11164,B01238
3247,0.9288628101348876,0,B02361,B07429
3248,0.9288613200187684,0,B07795,B10200
3249,0.9288433790206908,0,B06536,B06506
3250,0.9288369417190552,0,B01739,B05467
3251,0.928835153579712,0,B05985,B07160
3252,0.9288349151611328,0,B12676,B02240
3253,0.928833544254303,0,B06822,B02240
3254,0.9288325905799866,0,B00749,B02240
3255,0.9288311004638672,0,B00476,B03125
3256,0.9288153648376464,0,B10582,B02025
3257,0.9288090467453004,0,B00705,B07160
3258,0.9288076162338256,0,B09059,B01645
3259,0.9288075566291808,0,B00978,B03125
3260,0.9287930130958556,0,B00552,B01481
3261,0.9287869334220886,0,B09987,B02240
3262,0.9287809133529664,0,B05996,B04744
3263,0.928780198097229,0,B02931,B05467
3264,0.9287729263305664,0,B10140,B05706
3265,0.9287720918655396,0,B04774,B06506
3266,0.9287676811218262,0,B09319,B06506
3267,0.928765594959259,0,B10153,B03125
3268,0.928763210773468,0,B06414,B00724
3269,0.928757667541504,0,B13797,B03125
3270,0.928756296634674,0,B02941,B10640
3271,0.928756058216095,0,B00774,B02240
3272,0.9287549257278442,0,B09390,B03139
3273,0.928754448890686,0,B09283,B05706
3274,0.9287535548210144,0,B08784,B06506
3275,0.9287530183792114,0,B11998,B05706
3276,0.9287512898445128,0,B10858,B02240
3277,0.928720474243164,0,B00112,B01238
3278,0.9287152886390686,0,B08409,B12194
3279,0.9287149310112,0,B12878,B03180
3280,0.9287095665931702,0,B10539,B04953
3281,0.9287091493606568,0,B08875,B06506
3282,0.928707242012024,0,B10705,B10200
3283,0.9287070631980896,0,B05418,B01238
3284,0.9287021160125732,0,B10294,B05467
3285,0.9286985397338868,0,B13198,B12194
3286,0.9286976456642152,0,B10500,B03125
3287,0.928686499595642,0,B05325,B06192
3288,0.9286858439445496,0,B09609,B02240
3289,0.9286808967590332,0,B01988,B04811
3290,0.928680658340454,0,B05292,B03125
3291,0.9286785125732422,0,B04283,B05706
3292,0.928669273853302,0,B08957,B05706
3293,0.928660809993744,0,B07857,B05706
3294,0.9286578297615052,0,B04446,B12194
3295,0.9286575317382812,0,B07577,B05706
3296,0.9286569952964784,0,B06336,B07160
3297,0.9286559820175172,0,B10649,B11699
3298,0.9286513924598694,0,B11754,B02240
3299,0.9286481142044068,0,B08063,B06506
3300,0.928647756576538,0,B08836,B06506
3301,0.9286428689956664,0,B09656,B06506
3302,0.9286365509033204,0,B02933,B04744
3303,0.9286348223686218,0,B11189,B03125
3304,0.9286344647407532,0,B01915,B02240
3305,0.9286321401596068,0,B00423,B05467
3306,0.9286311864852904,0,B10313,B03139
3307,0.9286175966262816,0,B09473,B04744
3308,0.9286147356033324,0,B04958,B09441
3309,0.9286099672317504,0,B11114,B03139
3310,0.9286081790924072,0,B03692,B04953
3311,0.928607702255249,0,B10861,B11529
3312,0.92860746383667,0,B05119,B00934
3313,0.9286022782325744,0,B07687,B06506
3314,0.928599774837494,0,B06678,B02240
3315,0.92859947681427,0,B08193,B06506
3316,0.9285956621170044,0,B13052,B07160
3317,0.9285953044891356,0,B00288,B02240
3318,0.928595244884491,0,B05076,B00146
3319,0.9285918474197388,0,B03663,B01481
3320,0.9285879731178284,0,B09225,B06506
3321,0.9285861253738404,0,B00715,B05706
3322,0.9285813570022584,0,B07300,B04953
3323,0.9285720586776732,0,B13389,B11699
3324,0.9285687804222108,0,B09278,B01238
3325,0.9285674691200256,0,B00769,B03139
3326,0.9285653829574584,0,B04104,B03125
3327,0.928560435771942,0,B07396,B05706
3328,0.9285550117492676,0,B00018,B02240
3329,0.9285534620285034,0,B05356,B06506
3330,0.9285524487495422,0,B06709,B05706
3331,0.9285510182380676,0,B13042,B02240
3332,0.9285478591918944,0,B00989,B04744
3333,0.9285472631454468,0,B11982,B05706
3334,0.9285447001457214,0,B08863,B03125
3335,0.9285414814949036,0,B13204,B01796
3336,0.9285393953323364,0,B05615,B03125
3337,0.9285369515419006,0,B05409,B11699
3338,0.928520143032074,0,B11718,B02240
3339,0.9285188317298888,0,B05805,B03139
3340,0.9285151362419128,0,B07543,B06506
3341,0.9285032153129578,0,B10888,B07160
3342,0.9285011291503906,0,B14009,B06506
3343,0.928496241569519,0,B04230,B01934
3344,0.9284952878952026,0,B00786,B01934
3345,0.928493082523346,0,B00234,B02025
3346,0.928492546081543,0,B06788,B03125
3347,0.9284870624542236,0,B01162,B05706
3348,0.9284849762916564,0,B08208,B05467
3349,0.9284818768501282,0,B07911,B06506
3350,0.9284791350364684,0,B12488,B11699
3351,0.9284782409667968,0,B00714,B06506
3352,0.9284753799438475,0,B02141,B03125
3353,0.9284737706184388,0,B06955,B06343
3354,0.9284707903862,0,B11060,B03139
3355,0.9284582734107972,0,B05350,B02025
3356,0.9284319281578064,0,B05106,B03125
3357,0.9284261465072632,0,B09589,B04744
3358,0.9284210205078124,0,B03079,B02240
3359,0.92842036485672,0,B02413,B04744
3360,0.9284192323684692,0,B08652,B06506
3361,0.9284176826477052,0,B11975,B12194
3362,0.9284155368804932,0,B02336,B06506
3363,0.9284132719039916,0,B10060,B07160
3364,0.9284111261367798,0,B05497,B03139
3365,0.9284087419509888,0,B02423,B05706
3366,0.928408145904541,0,B02388,B06506
3367,0.9284003376960754,0,B13363,B12194
3368,0.9283851981163024,0,B09098,B03125
3369,0.928374171257019,0,B03312,B00536
3370,0.9283676743507384,0,B03907,B11699
3371,0.9283623695373536,0,B08152,B01645
3372,0.928329348564148,0,B10856,B01481
3373,0.9283215403556824,0,B00361,B05706
3374,0.9283199310302734,0,B03880,B11699
3375,0.9283078908920288,0,B10388,B12194
3376,0.9283074140548706,0,B03816,B01796
3377,0.9283047914505004,0,B08354,B03125
3378,0.928304135799408,0,B10559,B01831
3379,0.9282931685447692,0,B10018,B06506
3380,0.9282859563827516,0,B07331,B05706
3381,0.9282857775688172,0,B04331,B05467
3382,0.9282824397087096,0,B12975,B11699
3383,0.9282788634300232,0,B11302,B07160
3384,0.9282733201980592,0,B02496,B00934
3385,0.9282721877098083,0,B13813,B11529
3386,0.9282715916633606,0,B08241,B02240
3387,0.9282697439193726,0,B08573,B10089
3388,0.9282664060592652,0,B07058,B03125
3389,0.9282659292221068,0,B01109,B00229
3390,0.9282622933387756,0,B07022,B03125
3391,0.9282594919204712,0,B04601,B02240
3392,0.9282473921775818,0,B00127,B04744
3393,0.92824387550354,0,B09964,B03139
3394,0.9282337427139282,0,B07823,B04744
3395,0.928233563899994,0,B02648,B05706
3396,0.9282312393188475,0,B04090,B01934
3397,0.9282305240631104,0,B04064,B07160
3398,0.9282283782958984,0,B11107,B12194
3399,0.9282265901565552,0,B00826,B05467
3400,0.9282259941101074,0,B03277,B05467
3401,0.9282150268554688,0,B05728,B06506
3402,0.9282140135765076,0,B04460,B05706
3403,0.9282045364379884,0,B02297,B05706
3404,0.9282037019729614,0,B08646,B02240
3405,0.9281997680664062,0,B10763,B05706
3406,0.9281988143920898,0,B09257,B01831
3407,0.9281956553459167,0,B04850,B03139
3408,0.9281925559043884,0,B13051,B11529
3409,0.9281921982765198,0,B10941,B10640
3410,0.9281891584396362,0,B04668,B07878
3411,0.9281851053237916,0,B10577,B02240
3412,0.9281784296035768,0,B08303,B03125
3413,0.9281775951385498,0,B13440,B01067
3414,0.9281745553016664,0,B11932,B05706
3415,0.9281675815582277,0,B01865,B02892
3416,0.9281675815582277,0,B08547,B05706
3417,0.9281672239303588,0,B09214,B05706
3418,0.928165078163147,0,B01539,B06506
3419,0.9281635284423828,0,B09074,B06506
3420,0.9281625747680664,0,B10575,B02240
3421,0.9281604886054992,0,B00194,B05706
3422,0.9281493425369264,0,B12080,B01067
3423,0.9281488060951232,0,B09500,B10640
3424,0.928138792514801,0,B10696,B06343
3425,0.92813378572464,0,B04582,B02240
3426,0.92812979221344,0,B10928,B04953
3427,0.9281295537948608,0,B07740,B07160
3428,0.9281212091445924,0,B01514,B12194
3429,0.9281171560287476,0,B10683,B03125
3430,0.9281084537506104,0,B05424,B03125
3431,0.9281076192855836,0,B03917,B05706
3432,0.9281064867973328,0,B11837,B07160
3433,0.9281062483787536,0,B11869,B02240
3434,0.928104281425476,0,B13015,B12194
3435,0.928098201751709,0,B03934,B06506
3436,0.928092896938324,0,B05636,B05706
3437,0.9280918836593628,0,B05501,B05706
3438,0.9280831813812256,0,B09073,B07878
3439,0.9280772805213928,0,B03950,B03125
3440,0.9280746579170228,0,B03099,B02240
3441,0.9280606508255004,0,B12046,B05467
3442,0.9280556440353394,0,B05502,B05706
3443,0.928055465221405,0,B00041,B06506
3444,0.928055465221405,0,B09919,B07160
3445,0.9280514121055604,0,B09826,B03139
3446,0.9280511736869812,0,B13224,B11699
3447,0.9280480742454528,0,B06786,B11699
3448,0.9280436038970948,0,B02547,B12194
3449,0.9280190467834472,0,B07020,B03125
3450,0.9280166029930116,0,B04472,B00229
3451,0.9280076622962952,0,B06919,B01067
3452,0.9280009269714355,0,B02402,B05706
3453,0.9279999136924744,0,B00531,B05706
3454,0.9279953241348268,0,B10578,B02240
3455,0.9279935359954834,0,B02456,B01934
3456,0.927989661693573,0,B03452,B03139
3457,0.9279868602752686,0,B09152,B06506
3458,0.9279860258102416,0,B03540,B03125
3459,0.9279735684394836,0,B03209,B02240
3460,0.927973210811615,0,B02455,B12194
3461,0.9279720187187196,0,B00181,B12194
3462,0.9279717803001404,0,B02338,B00146
3463,0.9279632568359376,0,B06057,B03139
3464,0.9279562830924988,0,B05929,B09441
3465,0.9279375672340392,0,B08291,B00095
3466,0.9279355406761168,0,B09571,B07160
3467,0.927932858467102,0,B11450,B01796
3468,0.9279325008392334,0,B04717,B01238
3469,0.9279292225837708,0,B12509,B05600
3470,0.9279241561889648,0,B10619,B07160
3471,0.9279167652130128,0,B01484,B07205
3472,0.9279131889343262,0,B08780,B11699
3473,0.9279129505157472,0,B10446,B05706
3474,0.9278979301452636,0,B06282,B06506
3475,0.927892565727234,0,B10201,B12194
3476,0.9278920888900756,0,B09828,B04744
3477,0.9278906583786012,0,B12032,B05706
3478,0.9278874397277832,0,B01783,B05706
3479,0.9278866648674012,0,B04377,B02240
3480,0.9278789162635804,0,B05696,B07160
3481,0.9278764724731444,0,B09335,B03125
3482,0.927873969078064,0,B04268,B06506
3483,0.927870512008667,0,B14152,B02026
3484,0.9278675317764282,0,B00477,B06192
3485,0.9278672337532043,0,B02414,B05467
3486,0.9278491139411926,0,B01444,B02025
3487,0.9278431534767152,0,B00697,B01934
3488,0.927842140197754,0,B08169,B03139
3489,0.9278420209884644,0,B01469,B01934
3490,0.927839457988739,0,B12364,B02026
3491,0.9278162717819214,0,B00494,B12194
3492,0.9278103113174438,0,B07945,B02240
3493,0.9278085231781006,0,B08681,B11529
3494,0.9278075695037842,0,B00006,B07160
3495,0.9278042316436768,0,B03945,B02240
3496,0.927793025970459,0,B06422,B05467
3497,0.9277802109718324,0,B02531,B03125
3498,0.9277796745300292,0,B13041,B11699
3499,0.927776336669922,0,B00354,B03125
3500,0.9277600049972534,0,B14156,B01796
3501,0.9277509450912476,0,B03517,B03139
3502,0.9277461171150208,0,B01603,B05706
3503,0.927746057510376,0,B00381,B12194
3504,0.9277459979057312,0,B09559,B06506
3505,0.9277442693710328,0,B03738,B06506
3506,0.9277442693710328,0,B05348,B04744
3507,0.927733302116394,0,B14005,B02240
3508,0.92772775888443,0,B05013,B03125
3509,0.927726149559021,0,B05917,B01067
3510,0.927724063396454,0,B08515,B03125
3511,0.9277228713035583,0,B03013,B06506
3512,0.9277199506759644,0,B13793,B05923
3513,0.9277158975601196,0,B01053,B03139
3514,0.9277125597000122,0,B04148,B03125
3515,0.9277104735374452,0,B00091,B00536
3516,0.927709460258484,0,B07754,B07160
3517,0.9277045726776124,0,B11360,B06506
3518,0.927702009677887,0,B07717,B03139
3519,0.9277001619338988,0,B13190,B06506
3520,0.927698850631714,0,B11101,B02240
3521,0.927675724029541,0,B00428,B06506
3522,0.927673876285553,0,B00057,B04811
3523,0.9276630878448486,0,B10780,B12194
3524,0.9276574850082396,0,B05181,B06506
3525,0.9276517033576964,0,B08640,B01481
3526,0.9276493191719056,0,B10037,B02240
3527,0.927647054195404,0,B13377,B02026
3528,0.9276399612426758,0,B07618,B01067
3529,0.9276375770568848,0,B06612,B06506
3530,0.927633821964264,0,B00485,B05467
3531,0.927627444267273,0,B02095,B06506
3532,0.9276268482208252,0,B02745,B03180
3533,0.9276247024536132,0,B09490,B06506
3534,0.9276217222213744,0,B09531,B09245
3535,0.9276168942451476,0,B02076,B05467
3536,0.927613079547882,0,B10644,B05467
3537,0.9276129007339478,0,B04529,B01238
3538,0.9276095628738404,0,B01225,B03139
3539,0.9276003837585448,0,B10110,B00724
3540,0.927598774433136,0,B08154,B03139
3541,0.9275943636894226,0,B00789,B05706
3542,0.9275742769241332,0,B08814,B07160
3543,0.9275720119476318,0,B03630,B03125
3544,0.9275681972503662,0,B06058,B04953
3545,0.927554726600647,0,B07812,B06506
3546,0.9275531768798828,0,B04809,B06506
3547,0.9275522828102112,0,B04692,B05706
3548,0.9275509119033812,0,B07686,B06506
3549,0.9275470972061156,0,B04957,B03139
3550,0.9275457859039308,0,B00268,B01481
3551,0.927524745464325,0,B10729,B03139
3552,0.9275233745574952,0,B10145,B07429
3553,0.9275228977203368,0,B02485,B00095
3554,0.927521288394928,0,B04071,B03125
3555,0.9275165796279908,0,B05024,B03125
3556,0.9275161027908324,0,B04952,B02240
3557,0.9275160431861876,0,B00172,B04744
3558,0.927515745162964,0,B04265,B01238
3559,0.9275140166282654,0,B04752,B07160
3560,0.9275109171867372,0,B03686,B03139
3561,0.9275087118148804,0,B10882,B04744
3562,0.9275085926055908,0,B04515,B06506
3563,0.9275075793266296,0,B06206,B00934
3564,0.9275034070014954,0,B08649,B13549
3565,0.9275006055831908,0,B06852,B06506
3566,0.9274969100952148,0,B09458,B07160
3567,0.9274786114692688,0,B12976,B02240
3568,0.9274714589118958,0,B00069,B12194
3569,0.9274662733078004,0,B08893,B06506
3570,0.9274634122848512,0,B12639,B01067
3571,0.9274623394012452,0,B11471,B02240
3572,0.9274564981460572,0,B09912,B02026
3573,0.9274530410766602,0,B03441,B02025
3574,0.9274511337280272,0,B02882,B03125
3575,0.927441954612732,0,B11059,B05706
3576,0.9274406433105468,0,B04240,B10089
3577,0.927440106868744,0,B06378,B05600
3578,0.927439272403717,0,B07742,B05923
3579,0.927435040473938,0,B10700,B10200
3580,0.927425742149353,0,B00180,B04744
3581,0.9274232983589172,0,B02066,B05706
3582,0.9274179339408876,0,B00028,B01238
3583,0.9274134635925292,0,B07391,B01481
3584,0.9273919463157654,0,B01715,B11699
3585,0.9273897409439088,0,B09800,B02240
3586,0.9273892045021056,0,B09459,B01831
3587,0.9273877143859864,0,B07876,B03139
3588,0.9273814558982848,0,B00282,B02240
3589,0.927374005317688,0,B05375,B01067
3590,0.9273730516433716,0,B06481,B07205
3591,0.927372932434082,0,B13690,B06506
3592,0.9273691177368164,0,B06808,B12194
3593,0.927365779876709,0,B05437,B13549
3594,0.9273622035980223,0,B08223,B05706
3595,0.9273564219474792,0,B03095,B01934
3596,0.9273500442504884,0,B05590,B02240
3597,0.9273456335067748,0,B01295,B00095
3598,0.9273439049720764,0,B08693,B03139
3599,0.9273391962051392,0,B02321,B12194
3600,0.9273332357406616,0,B02932,B06506
3601,0.9273318648338318,0,B12382,B03139
3602,0.927317202091217,0,B07171,B06506
3603,0.927315354347229,0,B08116,B03125
3604,0.9273086190223694,0,B13038,B03125
3605,0.9273024797439576,0,B10032,B03139
3606,0.9272986054420472,0,B13280,B05706
3607,0.9272956848144532,0,B07289,B06506
3608,0.9272868037223816,0,B09239,B05706
3609,0.927282989025116,0,B03655,B02025
3610,0.9272749423980712,0,B06958,B02240
3611,0.9272722005844116,0,B06785,B06506
3612,0.9272696375846864,0,B09524,B04744
3613,0.9272688031196594,0,B13904,B01067
3614,0.927264392375946,0,B01996,B00934
3615,0.9272561073303224,0,B02782,B03125
3616,0.9272461533546448,0,B07042,B05467
3617,0.9272421598434448,0,B04401,B00095
3618,0.9272401928901672,0,B07764,B00095
3619,0.9272340536117554,0,B13387,B00229
3620,0.9272339344024658,0,B02459,B03125
3621,0.927233099937439,0,B10367,B02240
3622,0.9272284507751464,0,B10960,B05706
3623,0.927223801612854,0,B13186,B02240
3624,0.9272229075431824,0,B06085,B10089
3625,0.927222490310669,0,B06402,B03125
3626,0.9272079467773438,0,B05410,B03139
3627,0.9272035956382751,0,B00668,B05600
3628,0.9272034764289856,0,B01364,B06506
3629,0.9272028803825378,0,B03117,B05467
3630,0.9272015690803528,0,B13325,B12194
3631,0.9271998405456544,0,B05305,B03139
3632,0.9271981120109558,0,B05979,B00934
3633,0.92719566822052,0,B02325,B05467
3634,0.9271891117095948,0,B07067,B03139
3635,0.9271855354309082,0,B04973,B12194
3636,0.9271838068962096,0,B12907,B06506
3637,0.9271754026412964,0,B07080,B02240
3638,0.927175223827362,0,B12995,B05706
3639,0.9271628856658936,0,B06914,B00146
3640,0.9271291494369508,0,B06639,B05706
3641,0.927108883857727,0,B08293,B03139
3642,0.9271073341369628,0,B05454,B02240
3643,0.9271060228347778,0,B08408,B00724
3644,0.9270965456962584,0,B06550,B06506
3645,0.9270931482315063,0,B00654,B12194
3646,0.9270867705345154,0,B10052,B02240
3647,0.9270810484886168,0,B09247,B11529
3648,0.9270808100700378,0,B11916,B12194
3649,0.927077054977417,0,B04220,B03125
3650,0.9270716905593872,0,B11856,B12194
3651,0.9270715713500975,0,B09453,B12194
3652,0.9270657896995544,0,B05462,B09245
3653,0.9270638823509216,0,B02839,B06506
3654,0.9270514845848083,0,B07499,B05923
3655,0.9270445704460144,0,B02542,B11529
3656,0.9270374178886414,0,B03275,B02240
3657,0.9270341396331788,0,B10311,B03139
3658,0.9270272850990297,0,B01264,B06506
3659,0.9270251989364624,0,B05135,B03139
3660,0.927021324634552,0,B05196,B07160
3661,0.9270199537277222,0,B05198,B06343
3662,0.9270143508911132,0,B10877,B12194
3663,0.9269787073135376,0,B04297,B03139
3664,0.926978349685669,0,B01086,B06506
3665,0.9269765019416808,0,B10671,B07160
3666,0.9269756078720092,0,B01897,B02240
3667,0.9269691705703736,0,B00182,B13549
3668,0.9269689917564392,0,B05841,B03125
3669,0.9269669651985168,0,B05853,B03139
3670,0.9269622564315796,0,B00553,B06506
3671,0.9269617795944214,0,B09075,B05706
3672,0.926956832408905,0,B03446,B10200
3673,0.926955223083496,0,B06858,B06506
3674,0.926955223083496,0,B08982,B03139
3675,0.926952064037323,0,B02988,B07160
3676,0.9269440174102784,0,B04894,B12194
3677,0.9269437193870544,0,B03659,B03125
3678,0.92694354057312,0,B11180,B04744
3679,0.9269394874572754,0,B14304,B02026
3680,0.9269354343414308,0,B13860,B01481
3681,0.926923394203186,0,B06640,B03125
3682,0.926922082901001,0,B12622,B02026
3683,0.9269113540649414,0,B07602,B03125
3684,0.9269057512283324,0,B00442,B05706
3685,0.9269020557403564,0,B01519,B02240
3686,0.926888942718506,0,B10398,B07160
3687,0.9268820881843568,0,B01397,B02892
3688,0.9268723726272584,0,B03181,B03125
3689,0.9268567562103271,0,B05515,B03125
3690,0.9268566370010376,0,B03756,B06506
3691,0.9268550276756288,0,B01158,B06506
3692,0.926854968070984,0,B10427,B06506
3693,0.9268540740013124,0,B13045,B06506
3694,0.9268532395362854,0,B02002,B00095
3695,0.9268526434898376,0,B05819,B00724
3696,0.92685067653656,0,B05489,B03139
3697,0.9268405437469482,0,B06253,B10089
3698,0.9268399477005004,0,B09644,B05706
3699,0.9268396496772766,0,B05757,B04953
3700,0.9268355369567872,0,B13264,B07160
3701,0.9268330335617064,0,B06428,B06506
3702,0.926830530166626,0,B10765,B07160
3703,0.9268271327018738,0,B09568,B06506
3704,0.9268221259117126,0,B00366,B03139
3705,0.9268162846565248,0,B09523,B05467
3706,0.92681622505188,0,B06708,B03139
3707,0.9268112182617188,0,B05117,B04953
3708,0.9268081188201904,0,B08645,B06343
3709,0.9268026351928712,0,B02189,B00724
3710,0.9267946481704712,0,B04890,B00095
3711,0.9267926812171936,0,B00313,B03125
3712,0.926788568496704,0,B03058,B01481
3713,0.9267825484275818,0,B03016,B00095
3714,0.9267787337303162,0,B12820,B00229
3715,0.926770031452179,0,B10051,B06506
3716,0.926763355731964,0,B07718,B05706
3717,0.9267585277557372,0,B10897,B07160
3718,0.9267579317092896,0,B06643,B03777
3719,0.9267565608024596,0,B01587,B07160
3720,0.9267563819885254,0,B07521,B12194
3721,0.9267513751983644,0,B10234,B12194
3722,0.9267486929893494,0,B04169,B05706
3723,0.9267470836639404,0,B11211,B02240
3724,0.9267423152923584,0,B02350,B05706
3725,0.9267362356185912,0,B12285,B06506
3726,0.9267287254333496,0,B08822,B06506
3727,0.9267232418060304,0,B00601,B02240
3728,0.9267181158065796,0,B01231,B02240
3729,0.9267171025276184,0,B10891,B05923
3730,0.9267150163650512,0,B01772,B03139
3731,0.9267147779464722,0,B04081,B06506
3732,0.9267126321792604,0,B12118,B03125
3733,0.9267105460166932,0,B04847,B00934
3734,0.926707923412323,0,B06848,B03125
3735,0.9267056584358216,0,B01864,B07205
3736,0.9267005324363708,0,B08924,B03125
3737,0.9266983866691588,0,B08483,B00724
3738,0.9266954660415648,0,B11293,B09245
3739,0.926694393157959,0,B07564,B03125
3740,0.9266942143440248,0,B11005,B05467
3741,0.9266926646232604,0,B03214,B03125
3742,0.9266876578330994,0,B08799,B07160
3743,0.9266855716705322,0,B06317,B04953
3744,0.9266761541366576,0,B02287,B03139
3745,0.926672339439392,0,B06243,B11032
3746,0.926672101020813,0,B09877,B03139
3747,0.9266695380210876,0,B01320,B03125
3748,0.9266629219055176,0,B12703,B12194
3749,0.926658034324646,0,B03645,B05706
3750,0.9266546368598938,0,B03532,B05706
3751,0.9266544580459596,0,B02253,B01238
3752,0.9266543984413148,0,B08040,B03125
3753,0.926651120185852,0,B03850,B06506
3754,0.9266442656517028,0,B08396,B06506
3755,0.9266440272331238,0,B10651,B00934
3756,0.9266421794891356,0,B07744,B05923
3757,0.926637887954712,0,B01869,B05706
3758,0.9266369342803956,0,B07032,B02026
3759,0.9266332387924194,0,B07231,B02892
3760,0.9266298413276672,0,B10120,B05706
3761,0.9266297221183776,0,B03087,B03125
3762,0.9266278743743896,0,B00780,B05706
3763,0.9266191124916076,0,B13439,B01067
3764,0.9266114234924316,0,B09641,B05467
3765,0.9266073703765868,0,B10021,B03125
3766,0.926606059074402,0,B03437,B02892
3767,0.9266047477722168,0,B12943,B03125
3768,0.9266036748886108,0,B09393,B05706
3769,0.9266014099121094,0,B10920,B05467
3770,0.926599144935608,0,B05628,B05706
3771,0.9265927076339722,0,B12984,B06506
3772,0.9265902042388916,0,B00308,B13549
3773,0.926588773727417,0,B06915,B06506
3774,0.9265887141227722,0,B01461,B03139
3775,0.9265873432159424,0,B04857,B03125
3776,0.9265860319137572,0,B13375,B02240
3777,0.9265830516815186,0,B11633,B02240
3778,0.92658132314682,0,B06570,B06192
3779,0.926581084728241,0,B02068,B02240
3780,0.926578164100647,0,B00981,B06506
3781,0.9265739917755128,0,B07250,B05706
3782,0.9265737533569336,0,B10006,B05706
3783,0.9265733957290648,0,B09218,B03125
3784,0.9265694618225098,0,B08532,B05706
3785,0.926567316055298,0,B08721,B05467
3786,0.9265666007995604,0,B08051,B02240
3787,0.9265611171722412,0,B02203,B06343
3788,0.9265609979629515,0,B09778,B07367
3789,0.9265599846839904,0,B01980,B05706
3790,0.926554560661316,0,B05197,B06343
3791,0.9265526533126832,0,B11091,B01831
3792,0.9265516996383668,0,B00269,B06506
3793,0.9265505075454712,0,B12653,B11699
3794,0.9265502095222472,0,B07225,B00095
3795,0.9265501499176024,0,B05527,B03139
3796,0.9265482425689696,0,B02781,B03125
3797,0.92652428150177,0,B05160,B06506
3798,0.9265180826187134,0,B09044,B07160
3799,0.9265174269676208,0,B13661,B02240
3800,0.9265091419219972,0,B05526,B05467
3801,0.9265075922012328,0,B09982,B11529
3802,0.9265023469924928,0,B10345,B01934
3803,0.9265018701553344,0,B08426,B03139
3804,0.9265013933181764,0,B05333,B02240
3805,0.9264970421791076,0,B03224,B03139
3806,0.9264917373657228,0,B04619,B01796
3807,0.9264907240867616,0,B01667,B06506
3808,0.9264858961105348,0,B08899,B06343
3809,0.9264857172966005,0,B02285,B03139
3810,0.9264850616455078,0,B06918,B05706
3811,0.9264816045761108,0,B11109,B07160
3812,0.9264804124832152,0,B05791,B02240
3813,0.926478147506714,0,B06948,B02240
3814,0.9264774322509766,0,B07765,B12194
3815,0.9264692068099976,0,B01458,B01934
3816,0.9264684319496156,0,B01518,B00229
3817,0.9264658093452454,0,B08297,B01831
3818,0.9264625906944276,0,B03410,B06506
3819,0.9264549016952516,0,B09901,B03125
3820,0.9264538288116456,0,B05901,B05706
3821,0.9264513254165648,0,B04474,B00229
3822,0.926436185836792,0,B01399,B02240
3823,0.9264354705810548,0,B03408,B07160
3824,0.9264350533485411,0,B08274,B00146
3825,0.9264288544654846,0,B06644,B07160
3826,0.9264279007911682,0,B13908,B06506
3827,0.9264273643493652,0,B07921,B06506
3828,0.9264237880706788,0,B07691,B03125
3829,0.92642343044281,0,B09617,B10089
3830,0.9264180660247804,0,B12030,B05467
3831,0.9264172911643982,0,B02934,B06506
3832,0.9264158010482788,0,B05910,B06506
3833,0.9264135360717772,0,B00267,B06506
3834,0.9263999462127686,0,B04644,B06506
3835,0.9263998866081238,0,B10953,B00095
3836,0.92639821767807,0,B08117,B06506
3837,0.9263969659805298,0,B07394,B06343
3838,0.9263911247253418,0,B03436,B04953
3839,0.9263822436332704,0,B05826,B03125
3840,0.9263699054718018,0,B00050,B05706
3841,0.9263688325881958,0,B01185,B07205
3842,0.926365315914154,0,B04643,B03125
3843,0.9263631105422974,0,B12360,B00229
3844,0.9263625144958496,0,B03176,B06506
3845,0.9263617992401124,0,B03377,B03139
3846,0.9263604879379272,0,B01229,B05467
3847,0.926346719264984,0,B03605,B01481
3848,0.9263380169868468,0,B12396,B06506
3849,0.9263378381729126,0,B06628,B06506
3850,0.9263354539871216,0,B07027,B06192
3851,0.9263352155685424,0,B02417,B00146
3852,0.926334798336029,0,B04728,B02240
3853,0.9263344407081604,0,B02008,B00095
3854,0.9263316988945008,0,B05965,B05706
3855,0.9263275861740112,0,B04617,B01067
3856,0.9263229370117188,0,B11250,B06506
3857,0.9263098239898682,0,B01164,B01238
3858,0.9263080358505248,0,B08548,B03125
3859,0.9263073205947876,0,B02823,B00146
3860,0.926306128501892,0,B07582,B11529
3861,0.9263060092926024,0,B07297,B02240
3862,0.926304578781128,0,B08842,B07160
3863,0.9263032674789428,0,B00407,B03139
3864,0.9262984991073608,0,B07535,B02240
3865,0.9262945652008056,0,B00606,B03125
3866,0.926291525363922,0,B02916,B12194
3867,0.9262890815734864,0,B01332,B05706
3868,0.9262799620628356,0,B08697,B02240
3869,0.9262744188308716,0,B10107,B05706
3870,0.926271378993988,0,B02800,B07878
3871,0.9262709617614746,0,B12915,B02026
3872,0.9262651801109314,0,B06691,B05706
3873,0.9262582063674928,0,B05090,B13549
3874,0.9262427091598512,0,B11963,B03125
3875,0.9262406826019288,0,B12991,B07160
3876,0.9262332916259766,0,B04527,B01934
3877,0.9262293577194214,0,B02100,B05467
3878,0.9262266159057616,0,B14287,B12194
3879,0.9262264966964722,0,B03193,B05467
3880,0.9262210130691528,0,B03710,B02892
3881,0.9262114763259888,0,B04917,B05706
3882,0.9262051582336426,0,B09103,B04744
3883,0.9262025952339172,0,B04087,B10640
3884,0.9261997938156128,0,B03014,B02240
3885,0.9261930584907532,0,B04910,B03139
3886,0.9261930584907532,0,B06061,B06506
3887,0.9261890649795532,0,B09619,B03139
3888,0.9261804819107056,0,B06219,B05706
3889,0.9261664152145386,0,B13177,B06506
3890,0.9261576533317566,0,B11568,B00934
3891,0.9261563420295716,0,B13315,B07429
3892,0.9261550903320312,0,B07507,B02240
3893,0.9261537790298462,0,B04193,B05706
3894,0.9261522889137268,0,B08258,B04744
3895,0.9261522889137268,0,B11597,B05706
3896,0.9261472225189208,0,B08324,B00724
3897,0.926146388053894,0,B07234,B05706
3898,0.9261398315429688,0,B07405,B05467
3899,0.9261390566825868,0,B08718,B11032
3900,0.9261383414268494,0,B01918,B00934
3901,0.9261364936828612,0,B07215,B03125
3902,0.9261285066604614,0,B10242,B04811
3903,0.9261178970336914,0,B07609,B12194
3904,0.9261149764060974,0,B10979,B05706
3905,0.926114559173584,0,B07228,B05600
3906,0.92611426115036,0,B11738,B13549
3907,0.9261128902435304,0,B04562,B13549
3908,0.9261119961738586,0,B02936,B05706
3909,0.9261085987091064,0,B07319,B05923
3910,0.9261068105697632,0,B06351,B01238
3911,0.9261034727096558,0,B04378,B06506
3912,0.9261012077331544,0,B05545,B05706
3913,0.9260993599891664,0,B13786,B10640
3914,0.9260968565940856,0,B12140,B11699
3915,0.926095485687256,0,B10484,B07160
3916,0.9260944724082948,0,B10175,B03139
3917,0.9260809421539308,0,B12686,B02240
3918,0.926080882549286,0,B04242,B00095
3919,0.9260777831077576,0,B09513,B06506
3920,0.9260772466659546,0,B13752,B01645
3921,0.926076114177704,0,B00284,B06192
3922,0.926071047782898,0,B08684,B00095
3923,0.926066517829895,0,B10452,B05706
3924,0.9260658621788024,0,B10202,B10200
3925,0.9260621666908264,0,B04130,B02240
3926,0.9260560274124146,0,B03457,B05706
3927,0.9260550141334534,0,B00140,B06506
3928,0.9260537028312684,0,B03134,B03125
3929,0.9260520935058594,0,B03307,B02240
3930,0.9260425567626952,0,B08685,B01238
3931,0.9260392785072328,0,B02304,B13549
3932,0.9260356426239014,0,B09814,B03139
3933,0.9260324835777284,0,B02317,B00095
3934,0.9260283708572388,0,B10691,B02240
3935,0.926026463508606,0,B06294,B01238
3936,0.9260250329971312,0,B08371,B02240
3937,0.9260225296020508,0,B07416,B03125
3938,0.9260213375091552,0,B12313,B05923
3939,0.9260210394859314,0,B10530,B03139
3940,0.9260209202766418,0,B07626,B06506
3941,0.9260174036026,0,B10893,B09245
3942,0.926017165184021,0,B04317,B12194
3943,0.92601215839386,0,B02322,B11529
3944,0.926009237766266,0,B05150,B03125
3945,0.9260048866271972,0,B05143,B02240
3946,0.9260001182556152,0,B08164,B03125
3947,0.9259983897209167,0,B07530,B09441
3948,0.9259974956512452,0,B01447,B02240
3949,0.9259973168373108,0,B04891,B12194
3950,0.9259967803955078,0,B08932,B12194
3951,0.92599356174469,0,B05955,B06506
3952,0.9259922504425048,0,B02212,B06506
3953,0.9259912967681884,0,B08754,B06192
3954,0.9259870052337646,0,B11462,B07367
3955,0.9259836077690125,0,B04280,B00095
3956,0.9259689450263976,0,B14181,B06506
3957,0.925966501235962,0,B00515,B03139
3958,0.9259661436080932,0,B06825,B05706
3959,0.9259641766548156,0,B14282,B06506
3960,0.9259612560272216,0,B13848,B02240
3961,0.9259604215621948,0,B13288,B05706
3962,0.9259580969810486,0,B13206,B06506
3963,0.92595773935318,0,B11118,B05600
3964,0.92595374584198,0,B10966,B05706
3965,0.9259414672851562,0,B02351,B05706
3966,0.925940752029419,0,B07114,B11529
3967,0.9259389638900756,0,B07766,B06506
3968,0.925938069820404,0,B06116,B03125
3969,0.9259368181228638,0,B04992,B02240
3970,0.9259331226348876,0,B03177,B07160
3971,0.9259272217750548,0,B04386,B03125
3972,0.9259222745895386,0,B12941,B12194
3973,0.925910472869873,0,B08686,B06506
3974,0.92590993642807,0,B05540,B01238
3975,0.925897479057312,0,B11971,B02026
3976,0.9258952140808104,0,B06690,B02240
3977,0.9258940815925598,0,B10450,B06192
3978,0.9258919954299928,0,B02036,B00229
3979,0.9258825778961182,0,B12320,B02026
3980,0.9258781671524048,0,B02923,B07160
3981,0.9258748292922974,0,B10156,B03125
3982,0.9258743524551392,0,B00101,B01238
3983,0.925865352153778,0,B11304,B07160
3984,0.9258582592010498,0,B02247,B00095
3985,0.9258558750152588,0,B01136,B03139
3986,0.9258419275283812,0,B05134,B03139
3987,0.9258357882499696,0,B11983,B01796
3988,0.925834894180298,0,B08008,B06506
3989,0.9258345365524292,0,B02974,B06506
3990,0.9258307218551636,0,B08232,B12194
3991,0.9258302450180054,0,B01266,B04811
3992,0.9258148670196532,0,B00248,B06506
3993,0.9258140921592712,0,B03356,B00095
3994,0.9258089065551758,0,B00291,B00724
3995,0.9258086681365968,0,B10167,B00724
3996,0.9257984161376952,0,B06522,B05467
3997,0.9257954955101012,0,B06874,B02240
3998,0.925794780254364,0,B06328,B04744
3999,0.9257939457893372,0,B04911,B05706
4000,0.9257891774177552,0,B03067,B03125
4001,0.9257876873016356,0,B09240,B05600
4002,0.9257853031158448,0,B00970,B00934
4003,0.925777792930603,0,B09469,B07160
4004,0.9257777333259584,0,B02010,B02630
4005,0.9257720112800598,0,B05224,B00095
4006,0.9257624745368958,0,B03656,B07160
4007,0.9257512092590332,0,B01947,B03139
4008,0.9257497191429138,0,B12132,B03125
4009,0.925747275352478,0,B06002,B04744
4010,0.9257418513298036,0,B02655,B05706
4011,0.9257410168647766,0,B08027,B01067
4012,0.925740361213684,0,B02663,B05467
4013,0.9257403016090392,0,B05877,B01831
4014,0.9257380962371826,0,B03834,B03125
4015,0.9257299900054932,0,B03585,B05467
4016,0.9257265329360962,0,B04636,B05467
4017,0.925718367099762,0,B03375,B03139
4018,0.9257141351699828,0,B03492,B01831
4019,0.9257140159606934,0,B06806,B06506
4020,0.9257051944732666,0,B04385,B03139
4021,0.9257039427757264,0,B07790,B04744
4022,0.925695776939392,0,B07635,B05706
4023,0.9256934523582458,0,B04640,B05706
4024,0.925688624382019,0,B08682,B09441
4025,0.9256858229637146,0,B00205,B03139
4026,0.9256807565689088,0,B03796,B00095
4027,0.9256802797317504,0,B01805,B02240
4028,0.925675928592682,0,B06775,B05706
4029,0.9256746768951416,0,B07617,B03125
4030,0.9256718158721924,0,B07951,B07160
4031,0.9256660342216492,0,B13496,B07878
4032,0.925662636756897,0,B00540,B03125
4033,0.9256606101989746,0,B12554,B01934
4034,0.925658106803894,0,B00474,B03125
4035,0.9256550073623656,0,B02475,B00095
4036,0.9256469011306764,0,B04715,B11699
4037,0.925646185874939,0,B09773,B01796
4038,0.9256446361541748,0,B10771,B02240
4039,0.9256444573402404,0,B14214,B07429
4040,0.9256421327590942,0,B01385,B00934
4041,0.925638735294342,0,B11904,B05706
4042,0.9256306290626526,0,B09848,B04811
4043,0.9256269335746764,0,B00730,B00934
4044,0.9256185293197632,0,B09975,B06506
4045,0.9256137609481812,0,B05043,B03139
4046,0.9256129264831544,0,B11674,B11699
4047,0.9256085753440856,0,B09580,B01934
4048,0.9256025552749634,0,B00210,B01238
4049,0.9255988001823424,0,B10558,B07160
4050,0.9255857467651368,0,B12651,B11529
4051,0.9255826473236084,0,B12782,B02026
4052,0.9255816340446472,0,B10190,B11529
4053,0.9255797863006592,0,B03974,B01238
4054,0.9255781173706056,0,B08771,B06506
4055,0.9255771040916444,0,B12732,B02240
4056,0.9255753755569458,0,B03755,B05467
4057,0.925575077533722,0,B09327,B07429
4058,0.9255693554878236,0,B03107,B01238
4059,0.9255579113960266,0,B01354,B03125
4060,0.9255556464195251,0,B05750,B00095
4061,0.9255502223968506,0,B11621,B12194
4062,0.9255490303039552,0,B09288,B09441
4063,0.925544798374176,0,B10952,B07878
4064,0.9255409240722656,0,B02686,B02240
4065,0.9255400896072388,0,B11046,B04953
4066,0.925537407398224,0,B12691,B11529
4067,0.9255330562591552,0,B05724,B10200
4068,0.9255326390266418,0,B10940,B05706
4069,0.925532341003418,0,B00230,B01645
4070,0.9255221486091614,0,B11604,B11699
4071,0.92551851272583,0,B03814,B06506
4072,0.9255148768424988,0,B01581,B11529
4073,0.925510823726654,0,B10536,B03125
4074,0.925501585006714,0,B11630,B02026
4075,0.9254937171936036,0,B02215,B01481
4076,0.9254897832870485,0,B10384,B07160
4077,0.9254888892173768,0,B00852,B05706
4078,0.9254865646362304,0,B04217,B04744
4079,0.9254791736602784,0,B08835,B02240
4080,0.925461769104004,0,B08579,B01481
4081,0.9254513382911682,0,B07401,B06506
4082,0.9254443645477296,0,B02111,B06506
4083,0.9254440069198608,0,B02252,B03125
4084,0.925443172454834,0,B00560,B06506
4085,0.9254385232925416,0,B11448,B13549
4086,0.9254372119903564,0,B10132,B07160
4087,0.925435185432434,0,B00446,B05706
4088,0.9254148602485656,0,B07680,B02240
4089,0.9254087209701538,0,B02886,B01238
4090,0.9254070520401,0,B01204,B06506
4091,0.9254034161567688,0,B05505,B05467
4092,0.9254004955291748,0,B11264,B06506
4093,0.9253981113433838,0,B07603,B06506
4094,0.9253960251808168,0,B00638,B01934
4095,0.9253891706466676,0,B10011,B04744
4096,0.9253880977630616,0,B09882,B05706
4097,0.9253866672515868,0,B04432,B01831
4098,0.9253838658332824,0,B04145,B03139
4099,0.9253778457641602,0,B11476,B05345
4100,0.9253753423690796,0,B01593,B06192
4101,0.9253712892532348,0,B06797,B03139
4102,0.9253615140914916,0,B01830,B03125
4103,0.9253559112548828,0,B06828,B06506
4104,0.9253524541854858,0,B12468,B02240
4105,0.9253509640693665,0,B00971,B00934
4106,0.9253487586975098,0,B03610,B12194
4107,0.9253485798835754,0,B00184,B06506
4108,0.9253435134887696,0,B02254,B05467
4109,0.9253430366516112,0,B01387,B06506
4110,0.925342857837677,0,B02538,B03125
4111,0.9253414273262024,0,B06946,B04953
4112,0.925335168838501,0,B05816,B05467
4113,0.925334930419922,0,B10529,B05467
4114,0.9253347516059875,0,B05987,B01238
4115,0.9253324270248412,0,B07749,B11529
4116,0.925326943397522,0,B00628,B05706
4117,0.925326645374298,0,B08113,B07160
4118,0.9253252744674684,0,B05256,B03125
4119,0.9253250360488892,0,B06460,B07160
4120,0.92532217502594,0,B07368,B02240
4121,0.9253185987472534,0,B03720,B03139
4122,0.9253181219100952,0,B06920,B12194
4123,0.9253166913986206,0,B03569,B06192
4124,0.9253140091896056,0,B13362,B02240
4125,0.9252983331680298,0,B00463,B04953
4126,0.9252976775169371,0,B03004,B02240
4127,0.9252960085868835,0,B02654,B00934
4128,0.9252904057502748,0,B06476,B03125
4129,0.9252899885177612,0,B02434,B03125
4130,0.9252892136573792,0,B00410,B03139
4131,0.925287902355194,0,B03145,B00146
4132,0.9252846837043762,0,B10237,B12194
4133,0.9252831935882568,0,B11556,B06506
4134,0.9252808094024658,0,B10663,B05706
4135,0.9252803325653076,0,B04057,B00146
4136,0.9252799153327942,0,B11836,B12194
4137,0.9252769351005554,0,B06846,B03125
4138,0.92527574300766,0,B06602,B02240
4139,0.9252592325210572,0,B05284,B06506
4140,0.9252578020095824,0,B01599,B06506
4141,0.9252532720565796,0,B05111,B02240
4142,0.9252415895462036,0,B12566,B00229
4143,0.925239622592926,0,B06309,B06506
4144,0.9252371191978456,0,B12912,B02026
4145,0.9252328276634216,0,B01613,B02240
4146,0.9252240657806396,0,B07809,B05467
4147,0.925222635269165,0,B13527,B01067
4148,0.9252201318740844,0,B04525,B04744
4149,0.9252170324325562,0,B01959,B05706
4150,0.9252169132232666,0,B08384,B06506
4151,0.9252126216888428,0,B05986,B11529
4152,0.9252114295959472,0,B00907,B07160
4153,0.9252108335494996,0,B10265,B06506
4154,0.9252076148986816,0,B04961,B03139
4155,0.925206184387207,0,B14291,B03125
4156,0.9252030849456788,0,B06589,B05706
4157,0.9252018332481384,0,B14047,B02240
4158,0.9251973628997804,0,B08614,B02240
4159,0.9251946210861206,0,B02964,B06506
4160,0.9251930713653564,0,B10166,B02240
4161,0.9251914620399476,0,B02169,B02240
4162,0.9251881837844848,0,B03627,B13549
4163,0.92518413066864,0,B02315,B03125
4164,0.9251817464828492,0,B11161,B06506
4165,0.925181210041046,0,B01509,B04744
4166,0.9251798391342164,0,B05562,B05706
4167,0.9251779317855836,0,B04063,B07160
4168,0.9251748323440552,0,B13590,B05706
4169,0.9251672625541688,0,B04206,B05706
4170,0.9251656532287598,0,B00768,B05467
4171,0.9251630306243896,0,B04896,B03139
4172,0.925161361694336,0,B03697,B04953
4173,0.9251604080200196,0,B02214,B06506
4174,0.9251556992530824,0,B05411,B01067
4175,0.9251534938812256,0,B03767,B05706
4176,0.9251526594161988,0,B06595,B05706
4177,0.9251466989517212,0,B00958,B05467
4178,0.9251435995101928,0,B02295,B07160
4179,0.925138294696808,0,B12220,B11699
4180,0.9251369833946228,0,B02753,B03125
4181,0.9251366853713988,0,B07361,B06192
4182,0.9251344203948976,0,B01799,B03125
4183,0.9251281023025512,0,B04754,B03139
4184,0.9251238107681274,0,B11776,B11529
4185,0.925119161605835,0,B13557,B06506
4186,0.9251186847686768,0,B13298,B02240
4187,0.925117015838623,0,B08219,B03139
4188,0.9251159429550172,0,B03397,B03125
4189,0.9251102209091188,0,B02334,B05706
4190,0.925109326839447,0,B02683,B02240
4191,0.925106167793274,0,B06296,B05706
4192,0.9251036643981934,0,B03282,B06506
4193,0.925101399421692,0,B03003,B02240
4194,0.9250924587249756,0,B10820,B06506
4195,0.9250853657722472,0,B05995,B07160
4196,0.9250797033309937,0,B05629,B04953
4197,0.9250773191452026,0,B08109,B12194
4198,0.9250767230987548,0,B09815,B05706
4199,0.9250662326812744,0,B02235,B06506
4200,0.9250636100769044,0,B02912,B13549
4201,0.9250614643096924,0,B14299,B03125
4202,0.925056517124176,0,B07594,B06506
4203,0.925049126148224,0,B05752,B02240
4204,0.9250467419624328,0,B05960,B01796
4205,0.925046682357788,0,B08252,B07160
4206,0.9250434041023254,0,B04876,B02240
4207,0.9250378608703612,0,B09734,B06343
4208,0.9250352382659912,0,B08712,B07160
4209,0.9250295758247375,0,B11235,B07429
4210,0.9250286221504213,0,B02952,B05706
4211,0.925020396709442,0,B04879,B10089
4212,0.925019919872284,0,B07990,B05706
4213,0.9250196814537048,0,B09387,B07429
4214,0.9250065684318542,0,B02521,B01238
4215,0.9250030517578124,0,B06544,B05600
4216,0.9249972701072692,0,B07666,B03139
4217,0.9249950647354126,0,B05888,B02240
4218,0.9249908328056335,0,B06426,B03125
4219,0.9249907732009888,0,B08997,B12194
4220,0.9249900579452516,0,B05295,B13549
4221,0.9249897599220276,0,B05774,B00095
4222,0.9249861240386964,0,B10996,B03125
4223,0.924983561038971,0,B03143,B02240
4224,0.9249827861785888,0,B02719,B03125
4225,0.9249810576438904,0,B05822,B02240
4226,0.9249783754348756,0,B00629,B07160
4227,0.9249752163887024,0,B06102,B03139
4228,0.9249751567840576,0,B07818,B05467
4229,0.9249619245529176,0,B07422,B05467
4230,0.9249619245529176,0,B07584,B05467
4231,0.9249554872512816,0,B06134,B03125
4232,0.9249489307403564,0,B06350,B06506
4233,0.9249428510665894,0,B10433,B00229
4234,0.9249387383461,0,B00534,B04744
4235,0.9249382019042968,0,B04037,B05706
4236,0.9249356985092164,0,B01206,B02240
4237,0.924933671951294,0,B14275,B03125
4238,0.9249295592308044,0,B01844,B06506
4239,0.9249283671379088,0,B03261,B06506
4240,0.9249280691146852,0,B05508,B03139
4241,0.9249250292778016,0,B07677,B00229
4242,0.92492413520813,0,B09670,B05706
4243,0.9249189496040344,0,B03387,B03125
4244,0.924914002418518,0,B02424,B00724
4245,0.9249130487442015,0,B09176,B03125
4246,0.924911618232727,0,B02464,B10200
4247,0.9249103665351868,0,B10072,B07160
4248,0.9249053597450256,0,B06655,B07160
4249,0.9249032139778136,0,B09961,B11032
4250,0.9249000549316406,0,B04575,B01067
4251,0.924895405769348,0,B08570,B02240
4252,0.9248950481414796,0,B10572,B04953
4253,0.9248884320259094,0,B10662,B02240
4254,0.9248834252357484,0,B10302,B02240
4255,0.9248813390731812,0,B14213,B07429
4256,0.924879550933838,0,B09399,B04654
4257,0.924874186515808,0,B06151,B02892
4258,0.9248709678649902,0,B09063,B03125
4259,0.9248663783073424,0,B06669,B05467
4260,0.9248615503311156,0,B08985,B03139
4261,0.924861490726471,0,B08292,B02240
4262,0.9248571395874025,0,B05314,B06506
4263,0.9248435497283936,0,B10686,B07160
4264,0.924836814403534,0,B03567,B05706
4265,0.9248352646827698,0,B13707,B06506
4266,0.9248111248016356,0,B04183,B05706
4267,0.9248080253601074,0,B04799,B03125
4268,0.9248054027557372,0,B10848,B02892
4269,0.9248037338256836,0,B06169,B00724
4270,0.9248017072677612,0,B05920,B03139
4271,0.9248006939888,0,B05945,B00229
4272,0.9248000383377076,0,B06753,B01934
4273,0.924795627593994,0,B09946,B02240
4274,0.924795627593994,0,B13255,B03125
4275,0.9247945547103882,0,B01960,B02026
4276,0.9247943162918092,0,B04131,B05706
4277,0.9247898459434508,0,B00647,B00095
4278,0.9247894287109376,0,B10058,B13549
4279,0.9247803092002868,0,B01182,B00095
4280,0.92477285861969,0,B05200,B05467
4281,0.924759566783905,0,B10372,B05467
4282,0.9247573614120485,0,B02027,B00095
4283,0.924757182598114,0,B07708,B01481
4284,0.9247571229934692,0,B05193,B10089
4285,0.924754798412323,0,B01837,B07160
4286,0.9247430562973022,0,B01378,B02240
4287,0.9247389435768129,0,B01883,B04744
4288,0.9247339963912964,0,B13603,B02240
4289,0.9247323274612428,0,B11684,B03125
4290,0.924731969833374,0,B01871,B03125
4291,0.9247304797172546,0,B06285,B02892
4292,0.9247278571128844,0,B04545,B00095
4293,0.9247230291366576,0,B07863,B05706
4294,0.9247159361839294,0,B03287,B07878
4295,0.9247137904167176,0,B09042,B04953
4296,0.9247099161148072,0,B01969,B05706
4297,0.9247071146965028,0,B03050,B03125
4298,0.9247059226036072,0,B01984,B01796
4299,0.9247058033943176,0,B01670,B06506
4300,0.924693524837494,0,B05423,B03139
4301,0.9246871471405028,0,B06942,B00229
4302,0.9246835112571716,0,B10409,B01934
4303,0.9246809482574464,0,B03047,B06506
4304,0.9246718287467957,0,B10814,B05706
4305,0.9246654510498048,0,B10592,B03139
4306,0.924665093421936,0,B00667,B03125
4307,0.9246516227722168,0,B14079,B02240
4308,0.9246474504470824,0,B05675,B05706
4309,0.9246448874473572,0,B03372,B03139
4310,0.9246430397033693,0,B06281,B06506
4311,0.9246398210525512,0,B05495,B03139
4312,0.9246397614479064,0,B10758,B03125
4313,0.9246347546577454,0,B01168,B05706
4314,0.9246340990066528,0,B00968,B05706
4315,0.9246296882629396,0,B03242,B04744
4316,0.9246211647987366,0,B03483,B07367
4317,0.9246167540550232,0,B08851,B06192
4318,0.9246164560317992,0,B00876,B04744
4319,0.9246106147766112,0,B06647,B02025
4320,0.924609899520874,0,B09497,B03125
4321,0.9246068000793456,0,B04753,B09441
4322,0.9246023893356324,0,B10796,B10200
4323,0.924599587917328,0,B02292,B03125
4324,0.924599289894104,0,B12489,B12194
4325,0.9245985746383668,0,B08307,B03125
4326,0.9245827794075012,0,B01661,B03139
4327,0.9245808124542236,0,B06685,B03125
4328,0.9245702028274536,0,B06264,B00146
4329,0.9245682954788208,0,B10291,B01796
4330,0.9245680570602416,0,B07588,B05706
4331,0.9245656728744508,0,B12392,B06506
4332,0.9245635271072388,0,B03096,B05706
4333,0.9245589375495912,0,B03742,B03125
4334,0.9245584607124328,0,B08565,B03125
4335,0.9245576858520508,0,B03056,B05467
4336,0.9245574474334716,0,B07278,B01831
4337,0.9245532751083374,0,B06342,B06506
4338,0.9245468378067015,0,B02574,B12194
4339,0.9245452880859376,0,B12151,B06506
4340,0.9245446920394896,0,B13189,B07160
4341,0.9245434999465942,0,B07048,B05600
4342,0.9245400428771972,0,B08249,B04744
4343,0.924529790878296,0,B10449,B03139
4344,0.924528181552887,0,B10809,B02240
4345,0.9245235323905944,0,B10697,B02240
4346,0.9245229363441468,0,B00679,B03125
4347,0.9245190620422364,0,B06419,B06506
4348,0.9245144128799438,0,B00740,B00536
4349,0.924512505531311,0,B07064,B13549
4350,0.9245110154151917,0,B03503,B00146
4351,0.9245103001594543,0,B07265,B03139
4352,0.9245052337646484,0,B11664,B05706
4353,0.9245028495788574,0,B04471,B00934
4354,0.924493670463562,0,B02651,B06506
4355,0.924489974975586,0,B00299,B05467
4356,0.9244811534881592,0,B01785,B05706
4357,0.92448091506958,0,B00693,B03125
4358,0.9244788885116576,0,B02744,B05467
4359,0.9244778156280518,0,B00926,B03125
4360,0.9244718551635742,0,B01119,B06192
4361,0.9244707822799684,0,B04133,B05706
4362,0.9244690537452698,0,B12935,B11699
4363,0.9244667291641236,0,B08400,B05923
4364,0.924450695514679,0,B02052,B06506
4365,0.9244484901428224,0,B00761,B05706
4366,0.9244463443756104,0,B03169,B06506
4367,0.9244400858879088,0,B05885,B06506
4368,0.9244370460510254,0,B05494,B01831
4369,0.9244357347488404,0,B09718,B02240
4370,0.9244351983070374,0,B11637,B02240
4371,0.9244349598884584,0,B04285,B04744
4372,0.9244281053543092,0,B04776,B03139
4373,0.9244266152381896,0,B04748,B03139
4374,0.9244241118431092,0,B14128,B12194
4375,0.9244078993797302,0,B02072,B06506
4376,0.9244069457054138,0,B05468,B03125
4377,0.9244064092636108,0,B00672,B04953
4378,0.9244041442871094,0,B13081,B02240
4379,0.9243999719619752,0,B05844,B03125
4380,0.924395740032196,0,B02809,B06506
4381,0.9243873953819276,0,B02125,B06506
4382,0.9243754148483276,0,B03028,B13549
4383,0.9243754148483276,0,B03830,B07160
4384,0.924357771873474,0,B07332,B02240
4385,0.9243566393852234,0,B01777,B03139
4386,0.9243558645248412,0,B12383,B11699
4387,0.9243545532226562,0,B02171,B12194
4388,0.9243449568748474,0,B06338,B04953
4389,0.9243449568748474,0,B12191,B01796
4390,0.924338400363922,0,B00265,B02240
4391,0.924336314201355,0,B06109,B06192
4392,0.924325942993164,0,B13047,B11529
4393,0.9243224263191224,0,B08741,B00724
4394,0.9243191480636596,0,B00378,B10089
4395,0.9243043065071106,0,B09746,B06506
4396,0.9243023991584778,0,B05936,B05706
4397,0.9242984652519226,0,B07460,B05467
4398,0.9242984056472778,0,B02281,B02892
4399,0.9242950081825256,0,B11638,B02240
4400,0.92428719997406,0,B05000,B04744
4401,0.924286425113678,0,B06446,B03139
4402,0.9242832660675048,0,B11526,B01238
4403,0.9242826700210572,0,B04691,B00934
4404,0.9242818355560304,0,B12562,B07367
4405,0.9242774844169616,0,B02275,B03139
4406,0.9242666959762572,0,B12222,B11529
4407,0.9242557883262634,0,B07099,B03125
4408,0.9242538809776306,0,B12098,B06506
4409,0.9242424964904784,0,B10168,B02240
4410,0.9242376685142516,0,B00022,B02240
4411,0.9242333173751832,0,B00207,B04744
4412,0.9242332577705384,0,B05925,B03125
4413,0.9242315292358398,0,B04370,B03125
4414,0.924226939678192,0,B05212,B03125
4415,0.924225389957428,0,B00781,B05706
4416,0.924219012260437,0,B04834,B05706
4417,0.924213409423828,0,B11634,B02240
4418,0.9242117404937744,0,B01428,B05706
4419,0.9242116808891296,0,B12829,B02240
4420,0.9242096543312072,0,B04930,B04744
4421,0.92420893907547,0,B00458,B00095
4422,0.9242079257965088,0,B05173,B05706
4423,0.9242058992385864,0,B02149,B04654
4424,0.924204170703888,0,B05895,B02240
4425,0.9241962432861328,0,B03903,B06506
4426,0.9241939783096312,0,B09553,B05706
4427,0.9241880774497986,0,B00976,B06506
4428,0.9241833686828612,0,B08994,B01934
4429,0.9241804480552672,0,B11591,B00146
4430,0.9241758584976196,0,B09503,B12194
4431,0.9241732358932496,0,B10914,B12194
4432,0.9241687655448914,0,B10556,B09441
4433,0.9241678714752196,0,B04352,B01934
4434,0.9241634011268616,0,B06528,B02240
4435,0.924159824848175,0,B05459,B11699
4436,0.9241575598716736,0,B09186,B11699
4437,0.924155592918396,0,B05948,B03125
4438,0.9241551160812378,0,B02776,B02026
4439,0.924136221408844,0,B09398,B07160
4440,0.9241358637809752,0,B09464,B07160
4441,0.9241318702697754,0,B09421,B03125
4442,0.924128532409668,0,B01057,B11699
4443,0.9241188168525696,0,B04523,B12194
4444,0.9241149425506592,0,B13162,B05706
4445,0.9241058230400084,0,B06160,B02240
4446,0.9241006374359132,0,B02681,B02240
4447,0.9241000413894652,0,B05843,B04953
4448,0.924091637134552,0,B05817,B01481
4449,0.924091637134552,0,B07374,B03125
4450,0.9240856170654296,0,B07685,B05706
4451,0.9240785837173462,0,B07885,B05706
4452,0.924078106880188,0,B05069,B06506
4453,0.924070119857788,0,B06699,B06506
4454,0.9240629076957704,0,B10099,B03125
4455,0.9240624904632568,0,B00874,B01238
4456,0.9240598678588868,0,B06736,B06192
4457,0.9240583181381226,0,B12669,B11699
4458,0.9240508079528807,0,B05486,B00229
4459,0.9240429401397704,0,B13079,B01067
4460,0.9240380525588988,0,B03882,B06506
4461,0.9240334630012512,0,B09315,B03139
4462,0.9240290522575378,0,B03172,B05706
4463,0.9240283966064452,0,B06297,B03139
4464,0.9240195751190186,0,B01118,B00934
4465,0.9240044355392456,0,B09499,B05706
4466,0.9240014553070068,0,B06492,B12194
4467,0.923999011516571,0,B04624,B03125
4468,0.9239987134933472,0,B14087,B06506
4469,0.9239978194236756,0,B09927,B06506
4470,0.9239972233772278,0,B00326,B05467
4471,0.9239910244941713,0,B03977,B07878
4472,0.9239895939826964,0,B08520,B06343
4473,0.9239875078201294,0,B13651,B03125
4474,0.9239864349365234,0,B11903,B00229
4475,0.9239830374717712,0,B05048,B04744
4476,0.9239742159843444,0,B10144,B02892
4477,0.9239731431007384,0,B00029,B03125
4478,0.9239727258682252,0,B11843,B07160
4479,0.9239704012870787,0,B00144,B07878
4480,0.9239658117294312,0,B04358,B05706
4481,0.9239524602890016,0,B13443,B12194
4482,0.9239518642425536,0,B08336,B02026
4483,0.9239506721496582,0,B04402,B05706
4484,0.9239458441734314,0,B08769,B06506
4485,0.92394357919693,0,B06407,B03139
4486,0.9239397644996644,0,B05029,B01934
4487,0.9239391088485718,0,B07678,B03139
4488,0.9239389896392822,0,B13969,B00229
4489,0.9239323139190674,0,B08205,B03125
4490,0.9239321351051332,0,B06810,B01238
4491,0.9239318370819092,0,B07813,B04811
4492,0.9239258766174316,0,B03486,B03125
4493,0.923915684223175,0,B03392,B03125
4494,0.9239133596420288,0,B12433,B02240
4495,0.9239131212234496,0,B13292,B09441
4496,0.9239106178283693,0,B02232,B03125
4497,0.9239084720611572,0,B00538,B01934
4498,0.92390775680542,0,B09324,B02240
4499,0.9239043593406676,0,B09618,B07160
4500,0.9238988161087036,0,B07486,B06506
4501,0.923893928527832,0,B10627,B10640
4502,0.9238817095756532,0,B05940,B00724
4503,0.9238770604133606,0,B09363,B06506
4504,0.9238759875297546,0,B07320,B04953
4505,0.9238713383674622,0,B09662,B11699
4506,0.9238689541816713,0,B00556,B02240
4507,0.9238675832748412,0,B06208,B02240
4508,0.923863649368286,0,B04304,B03139
4509,0.9238502383232116,0,B06214,B07205
4510,0.9238476157188416,0,B03740,B06506
4511,0.9238466024398804,0,B11495,B05706
4512,0.923844873905182,0,B09578,B05706
4513,0.9238448143005372,0,B02047,B03139
4514,0.9238448143005372,0,B13666,B02026
4515,0.9238414764404296,0,B13528,B09441
4516,0.923841118812561,0,B00992,B03125
4517,0.9238410592079164,0,B05563,B03125
4518,0.9238377809524536,0,B08068,B06506
4519,0.9238311052322388,0,B05167,B12194
4520,0.923829197883606,0,B13832,B02240
4521,0.9238264560699464,0,B10326,B11529
4522,0.9238262176513672,0,B07897,B12194
4523,0.9238255620002748,0,B12462,B12194
4524,0.9238250255584716,0,B09204,B05706
4525,0.9238229393959044,0,B04908,B02240
4526,0.9238226413726808,0,B00734,B02240
4527,0.923822283744812,0,B09787,B04811
4528,0.9238066673278807,0,B03131,B00095
4529,0.9238055944442748,0,B10967,B05467
4530,0.923798680305481,0,B04577,B02240
4531,0.9237942099571228,0,B14236,B02026
4532,0.9237927198410034,0,B08204,B06506
4533,0.923792004585266,0,B10764,B00724
4534,0.9237905740737916,0,B14242,B12194
4535,0.9237889051437378,0,B02907,B05706
4536,0.9237881302833556,0,B01353,B13549
4537,0.9237852096557616,0,B09757,B00724
4538,0.9237849712371826,0,B07944,B01934
4539,0.9237845540046692,0,B12363,B00146
4540,0.923778772354126,0,B08664,B06506
4541,0.9237765669822692,0,B14207,B12194
4542,0.9237750172615052,0,B10847,B05706
4543,0.9237743616104126,0,B11262,B05706
4544,0.9237642288208008,0,B04782,B05467
4545,0.923755943775177,0,B03615,B05467
4546,0.9237541556358336,0,B06510,B03125
4547,0.9237510561943054,0,B01898,B03125
4548,0.9237470626831056,0,B11394,B03125
4549,0.9237467646598816,0,B06898,B06192
4550,0.9237462282180786,0,B06783,B03125
4551,0.9237450361251832,0,B06185,B05467
4552,0.923742175102234,0,B07889,B12194
4553,0.9237318634986876,0,B08720,B05467
4554,0.9237309098243712,0,B06223,B02240
4555,0.9237223863601683,0,B09809,B00095
4556,0.9237215518951416,0,B01122,B06343
4557,0.9237202405929564,0,B11184,B01481
4558,0.9237161874771118,0,B03699,B02240
4559,0.9237161874771118,0,B11739,B05706
4560,0.9237152338027954,0,B09996,B00146
4561,0.9237117767333984,0,B08486,B03139
4562,0.9237109422683716,0,B01839,B02240
4563,0.9237012267112732,0,B10462,B07160
4564,0.923690915107727,0,B02551,B02240
4565,0.9236859679222108,0,B12986,B03125
4566,0.9236859679222108,0,B14235,B00229
4567,0.9236828684806824,0,B03246,B01831
4568,0.9236785173416138,0,B08852,B05467
4569,0.923672378063202,0,B11085,B05467
4570,0.9236718416213988,0,B02296,B10200
4571,0.92367023229599,0,B08509,B03125
4572,0.9236701726913452,0,B07884,B00934
4573,0.923669457435608,0,B11541,B01067
4574,0.9236681461334229,0,B11842,B04744
4575,0.9236662983894348,0,B05975,B04744
4576,0.9236651062965392,0,B13763,B11529
4577,0.9236650466918944,0,B03650,B02240
4578,0.9236623048782348,0,B11378,B10200
4579,0.923656404018402,0,B02299,B06506
4580,0.92365562915802,0,B11301,B00095
4581,0.9236515164375304,0,B13823,B02240
4582,0.9236500263214112,0,B06840,B12194
4583,0.9236475229263306,0,B04363,B01934
4584,0.9236449003219604,0,B10534,B02892
4585,0.9236395359039308,0,B12270,B12194
4586,0.9236291646957396,0,B09775,B03139
4587,0.923627495765686,0,B08311,B05706
4588,0.9236266016960144,0,B09107,B07160
4589,0.923625946044922,0,B00402,B10200
4590,0.9236255288124084,0,B02406,B05706
4591,0.923625349998474,0,B05857,B03125
4592,0.9236229062080384,0,B03258,B12194
4593,0.923621654510498,0,B05963,B05706
4594,0.9236164093017578,0,B11078,B05706
4595,0.92361319065094,0,B11788,B07878
4596,0.9236096143722534,0,B11834,B12194
4597,0.923608124256134,0,B12913,B05706
4598,0.9236068725585938,0,B10133,B00095
4599,0.9236029386520386,0,B09243,B07160
4600,0.9235976934432985,0,B08130,B12194
4601,0.9235967993736268,0,B05695,B06506
4602,0.923579752445221,0,B08238,B04744
4603,0.923574686050415,0,B07253,B02240
4604,0.9235736131668092,0,B02535,B03139
4605,0.923557996749878,0,B12408,B11699
4606,0.9235554337501526,0,B05601,B06506
4607,0.9235383868217468,0,B09310,B03139
4608,0.9235365390777588,0,B01331,B01481
4609,0.9235321283340454,0,B03669,B05467
4610,0.9235245585441588,0,B11174,B00095
4611,0.9235202670097352,0,B12698,B05706
4612,0.923519253730774,0,B07988,B03139
4613,0.9235170483589172,0,B02138,B01481
4614,0.9235162138938904,0,B08437,B00095
4615,0.9235148429870604,0,B02147,B06506
4616,0.923506200313568,0,B02346,B03125
4617,0.923501431941986,0,B05767,B04744
4618,0.9234994053840636,0,B00280,B06506
4619,0.923494517803192,0,B03894,B06506
4620,0.9234899878501892,0,B04117,B03139
4621,0.9234842658042908,0,B12875,B07160
4622,0.9234731197357178,0,B13944,B05923
4623,0.9234715700149536,0,B06568,B06506
4624,0.9234628677368164,0,B00032,B05467
4625,0.9234356880187988,0,B02533,B05706
4626,0.9234352111816406,0,B09318,B06506
4627,0.9234347343444824,0,B01558,B01934
4628,0.9234325885772704,0,B12415,B06506
4629,0.9234280586242676,0,B02575,B06506
4630,0.9234195947647096,0,B13785,B05706
4631,0.9234169125556946,0,B10463,B03139
4632,0.9234102368354796,0,B06862,B02240
4633,0.9234011173248292,0,B08478,B03139
4634,0.923399806022644,0,B00430,B05706
4635,0.923397958278656,0,B05408,B05706
4636,0.9233918786048888,0,B09640,B02240
4637,0.9233907461166382,0,B04058,B13549
4638,0.923388659954071,0,B00579,B02240
4639,0.9233828186988832,0,B09849,B05467
4640,0.9233790636062622,0,B13533,B12194
4641,0.9233645796775818,0,B00736,B06506
4642,0.923364520072937,0,B07039,B02025
4643,0.9233627319335938,0,B02736,B05467
4644,0.9233589768409728,0,B04137,B03125
4645,0.9233571290969848,0,B09920,B00536
4646,0.923356294631958,0,B10647,B03125
4647,0.9233489632606506,0,B07887,B03139
4648,0.9233425259590148,0,B02520,B07160
4649,0.9233423471450806,0,B12918,B06506
4650,0.923339068889618,0,B07868,B06506
4651,0.923333466053009,0,B05676,B03125
4652,0.9233322143554688,0,B01516,B03139
4653,0.9233309626579284,0,B07424,B03125
4654,0.9233281016349792,0,B01769,B01934
4655,0.9233235120773317,0,B00204,B02240
4656,0.9233168363571168,0,B01147,B04744
4657,0.9233118295669556,0,B01550,B03125
4658,0.92331063747406,0,B13888,B12194
4659,0.923304557800293,0,B08992,B05706
4660,0.9233039617538452,0,B03298,B01481
4661,0.9232975244522096,0,B02168,B00934
4662,0.9232931733131408,0,B09454,B02240
4663,0.9232887625694276,0,B06142,B07878
4664,0.923285722732544,0,B00285,B06506
4665,0.9232856035232544,0,B09457,B07160
4666,0.9232841730117798,0,B05518,B07429
4667,0.923280954360962,0,B01054,B03125
4668,0.9232771396636964,0,B11241,B02240
4669,0.9232747554779052,0,B04756,B01934
4670,0.9232670068740844,0,B08001,B03125
4671,0.9232650399208068,0,B05368,B03125
4672,0.923263430595398,0,B06917,B11529
4673,0.9232597947120668,0,B01528,B01481
4674,0.9232594966888428,0,B11553,B01796
4675,0.923257052898407,0,B01974,B05706
4676,0.9232493042945862,0,B12741,B05706
4677,0.9232462644577026,0,B04274,B01934
4678,0.923245906829834,0,B12960,B11699
4679,0.9232403039932252,0,B11660,B05706
4680,0.923233449459076,0,B13134,B02240
4681,0.9232321381568908,0,B09971,B02240
4682,0.9232307076454164,0,B13818,B03125
4683,0.9232306480407716,0,B11581,B00095
4684,0.9232208728790284,0,B08469,B04953
4685,0.923219621181488,0,B11504,B12194
4686,0.923218846321106,0,B09970,B02240
4687,0.9232162833213806,0,B01311,B13549
4688,0.9232137203216552,0,B09209,B11032
4689,0.9232127666473388,0,B11997,B07429
4690,0.9232077598571776,0,B08660,B02240
4691,0.9232001304626464,0,B08670,B01796
4692,0.9231989979743958,0,B10157,B07160
4693,0.9231977462768556,0,B05221,B06192
4694,0.9231960773468018,0,B08081,B12194
4695,0.9231778383255004,0,B03577,B02240
4696,0.9231774806976318,0,B03743,B06506
4697,0.9231772422790528,0,B04324,B06506
4698,0.9231747984886168,0,B12771,B05706
4699,0.9231739044189452,0,B00955,B04744
4700,0.9231728315353394,0,B09502,B02240
4701,0.9231724739074708,0,B12430,B02240
4702,0.923170804977417,0,B08168,B03139
4703,0.9231597185134888,0,B06960,B03125
4704,0.923157811164856,0,B10076,B07160
4705,0.9231512546539308,0,B11197,B06506
4706,0.9231506586074828,0,B10665,B02026
4707,0.9231502413749696,0,B05133,B07160
4708,0.9231491088867188,0,B09061,B03125
4709,0.9231482148170472,0,B05753,B03125
4710,0.9231416583061218,0,B11087,B06506
4711,0.9231371879577636,0,B07999,B05467
4712,0.9231327176094056,0,B13386,B06506
4713,0.923125982284546,0,B02924,B05467
4714,0.9231187105178832,0,B04156,B04953
4715,0.9231171607971193,0,B03820,B06506
4716,0.9231152534484864,0,B00341,B06506
4717,0.92311429977417,0,B05255,B02025
4718,0.9231120347976683,0,B00165,B05706
4719,0.9231107831001282,0,B03314,B02892
4720,0.9231075644493104,0,B00412,B02240
4721,0.9231055974960328,0,B00704,B01238
4722,0.9230969548225404,0,B05074,B11529
4723,0.9230968356132508,0,B09953,B05467
4724,0.9230952262878418,0,B11830,B11529
4725,0.923094928264618,0,B05428,B03125
4726,0.9230926036834716,0,B03385,B05706
4727,0.9230870604515076,0,B04111,B00095
4728,0.9230848550796508,0,B07777,B06506
4729,0.9230833053588868,0,B00966,B06506
4730,0.9230806827545166,0,B07364,B02240
4731,0.9230760931968688,0,B06534,B05467
4732,0.9230740070343018,0,B13422,B03125
4733,0.9230709671974182,0,B01463,B03125
4734,0.9230691194534302,0,B09921,B07160
4735,0.9230688810348512,0,B06767,B01934
4736,0.9230653047561646,0,B07078,B03139
4737,0.923064351081848,0,B02430,B04654
4738,0.9230597615242004,0,B11222,B07160
4739,0.9230547547340392,0,B12096,B12194
4740,0.9230536222457886,0,B09974,B10089
4741,0.923052191734314,0,B10477,B03125
4742,0.92304527759552,0,B07899,B05467
4743,0.9230407476425172,0,B07918,B06192
4744,0.9230390191078186,0,B02256,B01934
4745,0.9230306148529052,0,B11873,B00229
4746,0.9230231642723083,0,B09686,B06506
4747,0.92302143573761,0,B02150,B05706
4748,0.9230139255523682,0,B08990,B00229
4749,0.923011064529419,0,B06329,B02026
4750,0.9229998588562012,0,B08214,B06506
4751,0.922995388507843,0,B01218,B02240
4752,0.9229940176010132,0,B06017,B06506
4753,0.9229854941368104,0,B07443,B03125
4754,0.922982692718506,0,B11567,B05467
4755,0.9229811429977416,0,B00605,B02240
4756,0.922981023788452,0,B00016,B13549
4757,0.9229782223701476,0,B09053,B02240
4758,0.9229781627655028,0,B13858,B02240
4759,0.9229755401611328,0,B05316,B03125
4760,0.9229733943939208,0,B09959,B05706
4761,0.9229661226272584,0,B08692,B03125
4762,0.92295503616333,0,B09680,B03125
4763,0.9229475855827332,0,B13029,B05600
4764,0.9229467511177064,0,B00518,B11032
4765,0.9229445457458496,0,B11818,B10640
4766,0.9229418635368348,0,B03553,B02240
4767,0.9229384660720824,0,B01472,B07160
4768,0.9229359030723572,0,B07628,B06506
4769,0.9229286909103394,0,B09470,B04744
4770,0.9229202270507812,0,B11686,B05706
4771,0.9229128360748292,0,B01880,B02240
4772,0.9229117631912231,0,B03279,B06506
4773,0.922910213470459,0,B07784,B06506
4774,0.9229095578193665,0,B01050,B02240
4775,0.9229025840759276,0,B07875,B03139
4776,0.9228997826576232,0,B00551,B00934
4777,0.922898530960083,0,B11928,B05600
4778,0.9228971004486084,0,B08730,B02240
4779,0.9228965640068054,0,B09080,B05706
4780,0.9228951334953308,0,B07525,B12194
4781,0.9228838086128236,0,B04681,B06506
4782,0.9228816628456116,0,B08471,B05706
4783,0.9228814840316772,0,B01991,B03139
4784,0.9228809475898744,0,B05815,B06506
4785,0.9228795170783995,0,B13341,B05706
4786,0.922877073287964,0,B13158,B03125
4787,0.9228725433349608,0,B04066,B10200
4788,0.9228699803352356,0,B07465,B05706
4789,0.9228699803352356,0,B14113,B05706
4790,0.9228662252426147,0,B08750,B03125
4791,0.9228636622428894,0,B06049,B00095
4792,0.9228603839874268,0,B00443,B04953
4793,0.9228528738021852,0,B07625,B03139
4794,0.9228447079658508,0,B13900,B00229
4795,0.9228440523147584,0,B05258,B06506
4796,0.9228429794311525,0,B09611,B05600
4797,0.9228396415710448,0,B01953,B05706
4798,0.922835111618042,0,B05240,B02025
4799,0.9228275418281556,0,B00819,B03125
4800,0.9228259325027466,0,B06591,B02240
4801,0.922823429107666,0,B03649,B04744
4802,0.92282235622406,0,B07982,B02892
4803,0.9228215217590332,0,B11996,B03125
4804,0.9228213429450988,0,B05951,B02240
4805,0.9228196144104004,0,B12248,B05706
4806,0.9228159189224244,0,B06156,B03139
4807,0.922814965248108,0,B01679,B11529
4808,0.9228125810623168,0,B11897,B01934
4809,0.9228119850158693,0,B06247,B05706
4810,0.9227970838546752,0,B04685,B05706
4811,0.9227871298789978,0,B06119,B01067
4812,0.9227858781814576,0,B05893,B06506
4813,0.9227755069732666,0,B13694,B05706
4814,0.9227717518806458,0,B11984,B12194
4815,0.922765612602234,0,B01813,B07367
4816,0.9227645993232728,0,B07280,B05467
4817,0.922755777835846,0,B05307,B03125
4818,0.9227463603019714,0,B04029,B02240
4819,0.9227399230003356,0,B03560,B05706
4820,0.922736644744873,0,B06041,B02240
4821,0.9227336645126344,0,B14302,B02240
4822,0.922732949256897,0,B12050,B02240
4823,0.92273211479187,0,B06740,B06506
4824,0.9227294325828552,0,B01200,B02240
4825,0.922727346420288,0,B11806,B13549
4826,0.9227226972579956,0,B10646,B02240
4827,0.9227170944213868,0,B06823,B01934
4828,0.922715425491333,0,B01795,B03139
4829,0.9227150678634644,0,B06761,B06506
4830,0.9227088689804076,0,B02376,B05467
4831,0.9227046966552734,0,B06687,B05706
4832,0.9227029085159302,0,B01672,B11699
4833,0.9227004051208496,0,B02662,B06506
4834,0.9226999282836914,0,B00461,B05706
4835,0.9226962327957152,0,B06248,B05467
4836,0.9226762652397156,0,B09878,B05467
4837,0.9226746559143066,0,B10595,B05706
4838,0.9226659536361694,0,B06940,B04744
4839,0.9226658940315248,0,B11340,B06506
4840,0.9226654767990112,0,B09079,B05467
4841,0.9226574897766112,0,B03423,B01831
4842,0.9226550459861756,0,B13161,B10200
4843,0.9226523637771606,0,B07466,B06506
4844,0.9226512908935548,0,B09379,B03125
4845,0.922648549079895,0,B12116,B09441
4846,0.9226479530334472,0,B03002,B01481
4847,0.9226385951042176,0,B04970,B03139
4848,0.9226354956626892,0,B00821,B03139
4849,0.92262202501297,0,B13955,B05706
4850,0.9226174354553224,0,B02506,B12194
4851,0.9226140975952148,0,B06365,B07160
4852,0.9225946068763732,0,B06933,B02240
4853,0.922592282295227,0,B05015,B03139
4854,0.9225862622261048,0,B14121,B03125
4855,0.9225828051567078,0,B13453,B01796
4856,0.922581672668457,0,B08460,B05706
4857,0.9225702285766602,0,B04946,B06506
4858,0.9225691556930542,0,B04033,B01238
4859,0.9225642681121826,0,B11111,B03125
4860,0.9225618839263916,0,B09890,B03139
4861,0.922561764717102,0,B07866,B06192
4862,0.922557532787323,0,B09671,B05467
4863,0.9225513935089112,0,B05771,B05706
4864,0.9225461483001708,0,B08023,B01238
4865,0.922537326812744,0,B02343,B03125
4866,0.9225358963012696,0,B07953,B05467
4867,0.9225349426269532,0,B06436,B02240
4868,0.922534704208374,0,B08062,B11699
4869,0.9225268959999084,0,B09041,B02240
4870,0.9225202202796936,0,B03386,B06506
4871,0.9225200414657592,0,B00973,B00934
4872,0.9225163459777832,0,B08844,B03125
4873,0.9225158095359802,0,B13393,B05923
4874,0.9225122928619384,0,B10377,B03139
4875,0.9225099086761476,0,B02391,B03125
4876,0.9225023984909058,0,B01273,B04744
4877,0.9224972128868104,0,B07801,B04811
4878,0.9224957227706908,0,B03244,B00095
4879,0.9224844574928284,0,B10792,B06506
4880,0.9224836826324464,0,B02185,B03139
4881,0.9224821925163268,0,B00427,B06506
4882,0.9224780797958374,0,B07135,B13549
4883,0.9224772453308104,0,B01760,B07160
4884,0.9224724173545836,0,B10097,B04744
4885,0.9224686622619628,0,B01357,B05706
4886,0.9224647283554076,0,B04676,B06506
4887,0.9224612712860109,0,B03329,B05467
4888,0.9224585294723512,0,B11760,B10200
4889,0.922454595565796,0,B10992,B05923
4890,0.9224491119384766,0,B03822,B02240
4891,0.9224358201026917,0,B09548,B13549
4892,0.9224342703819276,0,B02775,B06506
4893,0.9224271774291992,0,B07545,B05706
4894,0.9224256277084352,0,B01616,B02240
4895,0.9224253296852112,0,B13942,B01645
4896,0.9224206805229188,0,B09159,B02240
4897,0.9224170446395874,0,B03232,B05706
4898,0.9224154949188232,0,B02479,B03125
4899,0.9224153161048888,0,B05722,B04744
4900,0.922413170337677,0,B10851,B11529
4901,0.9224019050598145,0,B07676,B04953
4902,0.9223951697349548,0,B03967,B04654
4903,0.9223945140838624,0,B09033,B12194
4904,0.92239248752594,0,B11034,B05706
4905,0.9223880171775818,0,B14104,B12303
4906,0.9223774075508118,0,B10483,B03180
4907,0.9223577976226808,0,B11614,B03125
4908,0.922357439994812,0,B08563,B04744
4909,0.922356903553009,0,B14042,B05706
4910,0.9223526120185852,0,B00106,B12194
4911,0.9223495125770568,0,B00235,B05706
4912,0.9223474264144896,0,B02904,B05706
4913,0.9223359823226928,0,B01325,B05706
4914,0.9223337769508362,0,B11115,B05706
4915,0.922329843044281,0,B14249,B02240
4916,0.9223273992538452,0,B01305,B04811
4917,0.9223253726959229,0,B07387,B05706
4918,0.92231684923172,0,B09375,B10200
4919,0.9223157167434692,0,B07829,B07367
4920,0.9223146438598632,0,B00058,B05706
4921,0.9223141074180604,0,B12380,B05467
4922,0.9223116636276244,0,B03614,B05345
4923,0.9223083257675172,0,B09270,B00146
4924,0.9223078489303588,0,B12811,B02025
4925,0.92230623960495,0,B02558,B04953
4926,0.9223055839538574,0,B06618,B02240
4927,0.9223055839538574,0,B10232,B06506
4928,0.922304391860962,0,B00038,B12194
4929,0.9223028421401978,0,B02416,B03125
4930,0.9223017692565918,0,B03462,B05706
4931,0.922301709651947,0,B13953,B07429
4932,0.9222913980484008,0,B08312,B03139
4933,0.9222908020019532,0,B11021,B12194
4934,0.9222826957702636,0,B08404,B06192
4935,0.9222788214683532,0,B01362,B03125
4936,0.9222787618637084,0,B09968,B03125
4937,0.922272801399231,0,B13048,B12194
4938,0.922268569469452,0,B05719,B05706
4939,0.9222670197486876,0,B13541,B00229
4940,0.9222643971443176,0,B06939,B02240
4941,0.9222637414932252,0,B05937,B01796
4942,0.92226243019104,0,B03493,B05467
4943,0.9222617745399476,0,B00546,B02240
4944,0.9222468137741088,0,B02956,B13549
4945,0.9222381711006165,0,B01849,B07878
4946,0.9222375750541688,0,B05089,B06506
4947,0.922236144542694,0,B04794,B07160
4948,0.9222307205200196,0,B12865,B07160
4949,0.9222283363342284,0,B00418,B03139
4950,0.9222264289855956,0,B00465,B09245
4951,0.9222211837768556,0,B12920,B02026
4952,0.9222174286842346,0,B04785,B13549
4953,0.9222142100334167,0,B03365,B10200
4954,0.9222136735916138,0,B09907,B06506
4955,0.9222113490104676,0,B07675,B03125
4956,0.9222031831741332,0,B06907,B02240
4957,0.9222027063369752,0,B13856,B01796
4958,0.9222024083137512,0,B06275,B03125
4959,0.9221981763839722,0,B11625,B00229
4960,0.922197699546814,0,B02701,B04654
4961,0.9221888780593872,0,B00785,B06506
4962,0.9221835136413574,0,B06313,B07160
4963,0.9221826791763306,0,B02487,B04744
4964,0.9221804141998292,0,B06272,B04953
4965,0.9221749901771544,0,B11277,B00724
4966,0.9221736788749696,0,B04781,B03125
4967,0.9221540093421936,0,B11658,B11699
4968,0.9221528768539428,0,B09293,B03139
4969,0.9221488833427428,0,B07283,B03125
4970,0.92214834690094,0,B10101,B05706
4971,0.9221431016921996,0,B00835,B12194
4972,0.922138810157776,0,B01568,B02240
4973,0.9221296906471252,0,B08794,B04744
4974,0.922124981880188,0,B14251,B02026
4975,0.9221141934394836,0,B03140,B05706
4976,0.9221135377883912,0,B06671,B03125
4977,0.9221066236495972,0,B01157,B04744
4978,0.9221028089523317,0,B10552,B02240
4979,0.9220964312553406,0,B00263,B05706
4980,0.9220927953720092,0,B08627,B07160
4981,0.9220916032791138,0,B04120,B11529
4982,0.9220864176750184,0,B11119,B06506
4983,0.9220860004425048,0,B10589,B03139
4984,0.9220855236053468,0,B09508,B05600
4985,0.9220852851867676,0,B13923,B01796
4986,0.9220829010009766,0,B05417,B07160
4987,0.9220815300941468,0,B04605,B03125
4988,0.922075629234314,0,B02156,B05467
4989,0.9220747947692872,0,B04872,B05467
4990,0.922071933746338,0,B05259,B06506
4991,0.9220694303512572,0,B11757,B02240
4992,0.9220670461654664,0,B03575,B05600
4993,0.9220647811889648,0,B07206,B02240
4994,0.9220633506774902,0,B10573,B02240
4995,0.9220569729804992,0,B13795,B05600
4996,0.9220551252365112,0,B03809,B05706
4997,0.922053873538971,0,B01788,B02025
4998,0.9220535755157472,0,B03794,B03125
4999,0.9220517873764038,0,B04484,B00724
5000,0.9220432043075562,0,B02006,B03125
5001,0.922042727470398,0,B01396,B06506
5002,0.9220319390296936,0,B05023,B03139
5003,0.9220317602157592,0,B01246,B05467
5004,0.922026753425598,0,B03426,B07429
5005,0.9220250844955444,0,B06480,B02240
5006,0.92201828956604,0,B07568,B10200
5007,0.9220170974731444,0,B01664,B11699
5008,0.922015905380249,0,B10401,B05467
5009,0.9220074415206908,0,B08381,B05706
5010,0.9219955801963806,0,B09515,B02240
5011,0.9219765067100524,0,B05327,B02240
5012,0.9219751358032228,0,B01906,B05467
5013,0.9219723343849182,0,B07986,B05706
5014,0.921971082687378,0,B07803,B03125
5015,0.9219666123390198,0,B04981,B05706
5016,0.921960473060608,0,B11472,B12194
5017,0.9219576716423036,0,B00350,B00724
5018,0.9219571352005004,0,B05493,B02240
5019,0.9219540357589722,0,B02594,B04744
5020,0.9219480752944946,0,B12033,B05706
5021,0.921945571899414,0,B05718,B00095
5022,0.9219363927841188,0,B09794,B03139
5023,0.9219340085983276,0,B13991,B11032
5024,0.9219276905059814,0,B09049,B06506
5025,0.9219269156455994,0,B00825,B00934
5026,0.9219263792037964,0,B12549,B02026
5027,0.9219223856925964,0,B01058,B03125
5028,0.9219211339950562,0,B08475,B05706
5029,0.9219205379486084,0,B13548,B05706
5030,0.9219176173210144,0,B08180,B04953
5031,0.921915888786316,0,B05073,B12194
5032,0.9219091534614564,0,B01854,B03125
5033,0.9219077229499816,0,B00342,B03139
5034,0.9219051599502563,0,B07211,B03125
5035,0.9219045639038086,0,B00388,B13549
5036,0.9219003319740297,0,B13297,B02026
5037,0.92189759016037,0,B01141,B06506
5038,0.9218948483467102,0,B04843,B05706
5039,0.921894669532776,0,B02885,B02240
5040,0.9218933582305908,0,B03728,B10640
5041,0.9218928813934326,0,B08734,B03125
5042,0.9218901991844176,0,B02394,B04744
5043,0.9218856692314148,0,B09256,B05706
5044,0.9218832850456238,0,B00596,B05706
5045,0.9218829274177552,0,B04451,B03125
5046,0.921882688999176,0,B00727,B00934
5047,0.9218809604644777,0,B04886,B05600
5048,0.9218802452087402,0,B08916,B06506
5049,0.921878457069397,0,B02550,B05706
5050,0.9218770265579224,0,B01755,B07878
5051,0.9218749403953552,0,B07213,B01796
5052,0.9218700528144836,0,B07318,B01831
5053,0.9218668937683104,0,B03936,B04744
5054,0.9218614101409912,0,B06896,B02026
5055,0.9218613505363464,0,B13802,B06506
5056,0.921855926513672,0,B03416,B02240
5057,0.9218538999557496,0,B13032,B05706
5058,0.9218497276306152,0,B05916,B03125
5059,0.9218446016311646,0,B00128,B06506
5060,0.9218374490737916,0,B07624,B01481
5061,0.9218311309814452,0,B08886,B06506
5062,0.9218265414237976,0,B09141,B02240
5063,0.921823024749756,0,B09517,B05923
5064,0.9218207597732544,0,B13643,B03125
5065,0.9218202233314514,0,B01734,B03125
5066,0.9218112230300904,0,B08806,B03125
5067,0.9218075275421144,0,B07510,B03125
5068,0.9218043684959412,0,B04027,B05600
5069,0.9217931032180786,0,B03399,B02240
5070,0.9217888116836548,0,B10725,B03139
5071,0.9217800498008728,0,B13812,B11529
5072,0.9217789769172668,0,B09709,B10200
5073,0.9217782020568848,0,B05906,B05706
5074,0.9217762351036072,0,B10118,B01831
5075,0.9217664003372192,0,B05434,B04811
5076,0.9217621088027954,0,B02437,B06192
5077,0.9217580556869508,0,B04045,B11699
5078,0.9217562675476074,0,B09739,B03125
5079,0.921756148338318,0,B03536,B06506
5080,0.9217534065246582,0,B02562,B06506
5081,0.9217471480369568,0,B05177,B02240
5082,0.9217441082000732,0,B05061,B06506
5083,0.9217308759689332,0,B13324,B04953
5084,0.9217305779457092,0,B10503,B02240
5085,0.9217303991317748,0,B00042,B06192
5086,0.9217268228530884,0,B04380,B03139
5087,0.9217169284820556,0,B01925,B05706
5088,0.9217113852500916,0,B06508,B09441
5089,0.9217100739479064,0,B04424,B05467
5090,0.9217028617858888,0,B00731,B05706
5091,0.9216984510421752,0,B07060,B06506
5092,0.9216973185539246,0,B11859,B04953
5093,0.9216968417167664,0,B07869,B05467
5094,0.921695113182068,0,B01952,B02240
5095,0.9216920137405396,0,B08816,B03139
5096,0.9216687083244324,0,B09431,B07160
5097,0.9216620326042176,0,B09897,B11699
5098,0.921661376953125,0,B03559,B02240
5099,0.9216602444648744,0,B10461,B12194
5100,0.9216567873954772,0,B05100,B01238
5101,0.9216502904891968,0,B01406,B07160
5102,0.9216487407684326,0,B02211,B03139
5103,0.9216457605361938,0,B05827,B03125
5104,0.9216398000717164,0,B00396,B02026
5105,0.921639621257782,0,B10653,B05706
5106,0.921639084815979,0,B09827,B07160
5107,0.9216360449790956,0,B03066,B05706
5108,0.9216352701187134,0,B02221,B02240
5109,0.9216305017471312,0,B07287,B00146
5110,0.9216261506080629,0,B02843,B03125
5111,0.9216257333755492,0,B10537,B03139
5112,0.921625316143036,0,B04189,B05467
5113,0.9216201901435852,0,B05482,B00146
5114,0.9216139316558838,0,B06731,B05706
5115,0.9216126203536988,0,B11181,B06343
5116,0.9216102361679076,0,B04306,B11032
5117,0.92159903049469,0,B07901,B03125
5118,0.921595573425293,0,B13996,B05706
5119,0.9215925335884094,0,B06984,B06506
5120,0.9215837717056274,0,B00663,B00229
5121,0.9215816855430604,0,B05233,B06506
5122,0.9215816259384156,0,B07362,B06506
5123,0.9215787053108216,0,B06706,B03125
5124,0.9215749502182008,0,B07996,B06506
5125,0.9215743541717528,0,B06681,B04953
5126,0.9215742945671082,0,B03960,B05345
5127,0.9215726852416992,0,B12967,B07160
5128,0.9215697050094604,0,B01538,B02240
5129,0.921567976474762,0,B13019,B03125
5130,0.9215665459632874,0,B01811,B01481
5131,0.9215549230575562,0,B09854,B00724
5132,0.9215545654296876,0,B05257,B00095
5133,0.9215535521507264,0,B00868,B05706
5134,0.9215483665466307,0,B08090,B02240
5135,0.92154461145401,0,B02945,B05467
5136,0.9215424060821532,0,B00961,B00934
5137,0.9215385317802428,0,B05778,B06506
5138,0.9215326309204102,0,B06778,B00146
5139,0.9215316772460938,0,B01104,B01934
5140,0.9215293526649476,0,B11148,B04953
5141,0.9215267300605774,0,B14162,B03125
5142,0.9215174913406372,0,B05296,B03139
5143,0.9215168952941896,0,B11867,B12194
5144,0.9215162992477416,0,B00231,B05706
5145,0.9215050339698792,0,B03911,B05706
5146,0.9215036630630492,0,B14089,B05923
5147,0.9214998483657836,0,B02879,B06506
5148,0.9214953184127808,0,B00149,B00146
5149,0.9214928150177002,0,B01790,B06506
5150,0.9214925765991212,0,B06677,B04811
5151,0.9214915037155152,0,B03583,B06192
5152,0.9214855432510376,0,B00720,B05706
5153,0.921484112739563,0,B07455,B00724
5154,0.9214779138565063,0,B13877,B00934
5155,0.921473264694214,0,B03696,B03125
5156,0.9214731454849244,0,B00806,B03125
5157,0.9214707612991332,0,B13927,B12194
5158,0.9214683175086976,0,B04962,B02240
5159,0.9214682579040528,0,B12460,B00146
5160,0.9214671850204468,0,B03535,B05467
5161,0.9214643239974976,0,B00224,B02240
5162,0.9214638471603394,0,B10899,B07160
5163,0.9214598536491394,0,B05313,B06506
5164,0.9214558601379396,0,B07977,B06506
5165,0.921438217163086,0,B00802,B04654
5166,0.9214205741882324,0,B09321,B03139
5167,0.9214203357696532,0,B11438,B11699
5168,0.921414077281952,0,B02987,B02240
5169,0.9214106798171996,0,B13465,B06506
5170,0.921404242515564,0,B01194,B05706
5171,0.9214038252830504,0,B01838,B02240
5172,0.9214019179344176,0,B02019,B03139
5173,0.9213971495628356,0,B01232,B06506
5174,0.9213951230049132,0,B00566,B02026
5175,0.9213914275169371,0,B12330,B12194
5176,0.9213905334472656,0,B05935,B05706
5177,0.9213883280754088,0,B03640,B06506
5178,0.9213863611221312,0,B09408,B10089
5179,0.9213829040527344,0,B13071,B02240
5180,0.9213805198669434,0,B09737,B05706
5181,0.92137610912323,0,B06452,B05467
5182,0.9213752746582032,0,B08854,B03125
5183,0.9213743209838868,0,B09526,B04811
5184,0.9213707447052002,0,B03272,B02240
5185,0.9213669896125792,0,B12340,B10640
5186,0.921366572380066,0,B03691,B03139
5187,0.9213611483573914,0,B02969,B03125
5188,0.9213598966598512,0,B09258,B00095
5189,0.921358287334442,0,B07272,B00095
5190,0.9213525056838988,0,B12535,B05923
5191,0.9213519096374512,0,B11025,B04744
5192,0.921339988708496,0,B14308,B02026
5193,0.9213353395462036,0,B12955,B06506
5194,0.9213345050811768,0,B07881,B02240
5195,0.92132306098938,0,B13719,B03125
5196,0.9213230013847352,0,B05009,B11699
5197,0.92131906747818,0,B13772,B02240
5198,0.9213104248046876,0,B05220,B04953
5199,0.9213097095489502,0,B04254,B07160
5200,0.9213075637817384,0,B03770,B03125
5201,0.9213074445724488,0,B11647,B02240
5202,0.9213054776191713,0,B12139,B02240
5203,0.9213054180145264,0,B08253,B04744
5204,0.9213031530380248,0,B09493,B07160
5205,0.921295166015625,0,B00298,B03139
5206,0.9212884902954102,0,B05994,B06343
5207,0.921277105808258,0,B03418,B04811
5208,0.9212758541107178,0,B09796,B12194
5209,0.9212751388549804,0,B09532,B05345
5210,0.9212611317634584,0,B07203,B06506
5211,0.921259105205536,0,B05918,B01934
5212,0.9212574362754822,0,B13419,B02240
5213,0.921256422996521,0,B01693,B05467
5214,0.921254575252533,0,B01671,B06506
5215,0.921251654624939,0,B02729,B05467
5216,0.921244204044342,0,B08438,B06506
5217,0.9212327003479004,0,B01857,B02240
5218,0.9212315678596495,0,B01170,B00229
5219,0.9212249517440796,0,B11908,B06506
5220,0.921222448348999,0,B12923,B12194
5221,0.9212184548377992,0,B04552,B07160
5222,0.9212182760238647,0,B08432,B03125
5223,0.9212155342102052,0,B12095,B00934
5224,0.9211993217468262,0,B12738,B00229
5225,0.9211970567703248,0,B04768,B02892
5226,0.9211969375610352,0,B06442,B00146
5227,0.92119562625885,0,B09086,B05467
5228,0.9211869835853576,0,B03198,B02892
5229,0.9211854934692384,0,B07882,B01934
5230,0.9211810827255248,0,B05820,B01831
5231,0.92118102312088,0,B02146,B06506
5232,0.9211798310279846,0,B08084,B04811
5233,0.9211742877960204,0,B01253,B05467
5234,0.9211663007736206,0,B11353,B06506
5235,0.9211651086807252,0,B05457,B06506
5236,0.921162724494934,0,B03234,B00229
5237,0.9211601614952089,0,B12860,B02240
5238,0.9211585521697998,0,B11629,B03125
5239,0.9211548566818236,0,B02420,B11529
5240,0.9211523532867432,0,B13824,B02240
5241,0.9211517572402954,0,B00195,B06343
5242,0.9211485385894777,0,B04467,B07205
5243,0.921147882938385,0,B09943,B03125
5244,0.9211456179618835,0,B07290,B05467
5245,0.9211347699165344,0,B13872,B01796
5246,0.9211329221725464,0,B13577,B02240
5247,0.9211252927780152,0,B06781,B06506
5248,0.9211251735687256,0,B02320,B05467
5249,0.9211130142211914,0,B00912,B07367
5250,0.9211121797561646,0,B07998,B03139
5251,0.921111822128296,0,B10341,B05706
5252,0.9211059212684632,0,B06765,B05467
5253,0.9211018681526184,0,B02801,B02240
5254,0.921100914478302,0,B02042,B12194
5255,0.92109477519989,0,B01047,B00934
5256,0.9210901856422424,0,B09759,B01934
5257,0.9210901856422424,0,B13978,B02026
5258,0.9210887551307678,0,B11964,B11699
5259,0.9210808277130128,0,B13893,B02026
5260,0.9210748672485352,0,B08920,B07160
5261,0.9210737943649292,0,B13761,B07160
5262,0.9210737347602844,0,B03482,B04744
5263,0.9210693836212158,0,B02302,B02240
5264,0.9210656881332396,0,B00454,B03125
5265,0.9210636615753174,0,B02268,B10089
5266,0.9210628271102904,0,B06030,B04953
5267,0.9210604429244996,0,B02759,B03125
5268,0.9210576415061952,0,B14324,B02026
5269,0.921056032180786,0,B12938,B02026
5270,0.9210543632507324,0,B06573,B06506
5271,0.9210513830184937,0,B08151,B05706
5272,0.9210509657859802,0,B06269,B06343
5273,0.9210492968559264,0,B06055,B01796
5274,0.9210465550422668,0,B04499,B02240
5275,0.9210432171821594,0,B02266,B05706
5276,0.921036660671234,0,B11185,B07160
5277,0.9210349321365356,0,B10609,B02240
5278,0.9210342168807985,0,B04407,B05706
5279,0.9210324287414552,0,B11426,B11699
5280,0.9210283756256104,0,B11432,B06506
5281,0.9210271835327148,0,B00778,B03139
5282,0.9210243225097656,0,B04094,B00229
5283,0.9210197925567628,0,B04016,B04953
5284,0.9210169315338136,0,B08455,B04953
5285,0.9210153818130492,0,B08188,B02892
5286,0.9210139513015748,0,B08166,B06506
5287,0.9210039973258972,0,B09124,B00934
5288,0.9209977388381958,0,B00362,B03125
5289,0.9209954738616944,0,B01418,B02240
5290,0.9209930896759032,0,B07166,B01238
5291,0.9209924936294556,0,B00052,B03125
5292,0.9209913611412048,0,B10745,B02240
5293,0.920990824699402,0,B06203,B05467
5294,0.9209902882575988,0,B11566,B06506
5295,0.9209834933280944,0,B11270,B02025
5296,0.9209834337234496,0,B00871,B06506
5297,0.9209814071655272,0,B09262,B02026
5298,0.9209777116775512,0,B13898,B05706
5299,0.920973002910614,0,B02808,B05706
5300,0.9209678173065186,0,B00083,B00934
5301,0.9209589958190918,0,B02331,B06506
5302,0.9209553599357604,0,B13718,B12194
5303,0.9209494590759276,0,B12957,B07429
5304,0.9209454655647278,0,B00967,B06506
5305,0.9209414124488832,0,B10138,B07429
5306,0.9209387898445128,0,B02830,B04953
5307,0.9209368228912354,0,B12910,B02240
5308,0.9209343194961548,0,B03966,B03139
5309,0.9209343194961548,0,B08071,B02240
5310,0.9209328293800354,0,B02592,B11529
5311,0.9209268093109132,0,B06588,B04953
5312,0.920925498008728,0,B02463,B07160
5313,0.9209191203117372,0,B05466,B04654
5314,0.9209078550338744,0,B06104,B06506
5315,0.9209060668945312,0,B08072,B06506
5316,0.9208939075469972,0,B11144,B05706
5317,0.9208895564079284,0,B04761,B02240
5318,0.9208858013153076,0,B03537,B04953
5319,0.9208738207817078,0,B11735,B12194
5320,0.9208713173866272,0,B11917,B02240
5321,0.9208667874336244,0,B00310,B06506
5322,0.920863151550293,0,B05469,B06506
5323,0.9208581447601318,0,B07258,B05600
5324,0.9208565354347228,0,B12592,B01645
5325,0.9208519458770752,0,B11419,B03125
5326,0.9208515286445618,0,B00915,B02240
5327,0.9208471775054932,0,B00212,B05706
5328,0.9208459258079528,0,B04669,B01067
5329,0.9208396673202516,0,B10518,B04953
5330,0.9208389520645142,0,B13027,B05706
5331,0.920813262462616,0,B12804,B02240
5332,0.9208120107650756,0,B01426,B03125
5333,0.9208105206489564,0,B08610,B11699
5334,0.9208090305328368,0,B04497,B00146
5335,0.9208083152770996,0,B01240,B09245
5336,0.9208037853240968,0,B02598,B13549
5337,0.9207987785339355,0,B12643,B03139
5338,0.9207974672317504,0,B12282,B02240
5339,0.9207974076271056,0,B09763,B05706
5340,0.9207960963249208,0,B10348,B02240
5341,0.9207959175109864,0,B06112,B03125
5342,0.920786678791046,0,B12465,B02026
5343,0.9207825660705566,0,B00273,B06192
5344,0.9207823276519777,0,B01251,B03139
5345,0.9207764267921448,0,B12119,B03125
5346,0.9207718372344972,0,B06713,B02240
5347,0.9207684397697448,0,B02961,B03125
5348,0.9207645654678344,0,B03498,B05706
5349,0.9207594990730286,0,B07659,B02892
5350,0.920753002166748,0,B00801,B12194
5351,0.9207515716552734,0,B12861,B02240
5352,0.9207466244697572,0,B14002,B02240
5353,0.9207462072372437,0,B07478,B00146
5354,0.9207444190979004,0,B11136,B06506
5355,0.920744240283966,0,B08489,B04953
5356,0.920736849308014,0,B03253,B06506
5357,0.9207304120063782,0,B11513,B02240
5358,0.92072594165802,0,B12463,B03125
5359,0.920724391937256,0,B02373,B06506
5360,0.9207236170768738,0,B12963,B11529
5361,0.920723557472229,0,B09727,B07160
5362,0.9207192659378052,0,B01208,B06506
5363,0.9207180738449096,0,B04988,B03125
5364,0.920717477798462,0,B04838,B03125
5365,0.9207148551940918,0,B00159,B03139
5366,0.9207096099853516,0,B07520,B05706
5367,0.9207080006599426,0,B00717,B05706
5368,0.9207009673118592,0,B09260,B05467
5369,0.9207003116607666,0,B03555,B06506
5370,0.9206981658935548,0,B10135,B03139
5371,0.9206977486610411,0,B06549,B01831
5372,0.920693576335907,0,B06209,B06506
5373,0.9206842184066772,0,B05112,B03125
5374,0.92068213224411,0,B08098,B02240
5375,0.9206796884536744,0,B07008,B02025
5376,0.9206691980361938,0,B03713,B03125
5377,0.9206666350364684,0,B02638,B05706
5378,0.9206584692001344,0,B09309,B13549
5379,0.9206544160842896,0,B11083,B01934
5380,0.9206467866897584,0,B00154,B06506
5381,0.9206374287605286,0,B06347,B03125
5382,0.9206371307373048,0,B11048,B04654
5383,0.9206321239471436,0,B11854,B02026
5384,0.9206311702728271,0,B05891,B03139
5385,0.9206291437149048,0,B06370,B03139
5386,0.9206274747848512,0,B01038,B03139
5387,0.9206168055534364,0,B04410,B02240
5388,0.9206159710884094,0,B04991,B06506
5389,0.9206144213676452,0,B09626,B02240
5390,0.9206138849258424,0,B04360,B03125
5391,0.9206124544143676,0,B02258,B01238
5392,0.9206037521362304,0,B04459,B03125
5393,0.9206035137176514,0,B08290,B04811
5394,0.920599400997162,0,B06725,B05706
5395,0.9205901622772216,0,B13413,B07429
5396,0.9205888509750366,0,B07786,B02026
5397,0.9205811619758606,0,B10134,B03139
5398,0.920580267906189,0,B09013,B13549
5399,0.9205791354179382,0,B03051,B03139
5400,0.9205788373947144,0,B04043,B03139
5401,0.9205788373947144,0,B08036,B02240
5402,0.9205732941627502,0,B11167,B05467
5403,0.9205728769302368,0,B05087,B07160
5404,0.9205725193023682,0,B07640,B06192
5405,0.920570194721222,0,B11179,B01481
5406,0.9205661416053772,0,B00824,B03139
5407,0.9205633997917176,0,B03263,B01238
5408,0.9205589294433594,0,B11858,B03125
5409,0.920555591583252,0,B02386,B10089
5410,0.9205549955368042,0,B01887,B03125
5411,0.9205548763275146,0,B04589,B00536
5412,0.92055344581604,0,B07672,B03139
5413,0.9205529093742372,0,B04139,B02240
5414,0.920552134513855,0,B12760,B13549
5415,0.9205509424209596,0,B08691,B05706
5416,0.9205479621887208,0,B01159,B03139
5417,0.920535445213318,0,B03007,B04953
5418,0.9205338358879088,0,B05743,B06343
5419,0.9205299615859984,0,B08905,B00146
5420,0.9205288887023926,0,B00811,B01934
5421,0.9205286502838136,0,B06944,B03139
5422,0.9205275774002076,0,B08522,B06506
5423,0.9205266237258912,0,B06377,B01238
5424,0.9205232262611388,0,B06007,B07160
5425,0.920521914958954,0,B06941,B02892
5426,0.9205201864242554,0,B01010,B02240
5427,0.9205188751220704,0,B12037,B07429
5428,0.9205175042152404,0,B12210,B02240
5429,0.920516848564148,0,B12630,B11699
5430,0.9205129146575928,0,B08683,B04953
5431,0.92051100730896,0,B09767,B11699
5432,0.9205105304718018,0,B08250,B02240
5433,0.920498549938202,0,B07815,B04811
5434,0.9204962253570556,0,B11243,B06506
5435,0.920493185520172,0,B11700,B05706
5436,0.9204891920089722,0,B13894,B02026
5437,0.9204823970794678,0,B04819,B03125
5438,0.9204727411270142,0,B02059,B11699
5439,0.9204659461975098,0,B03734,B00095
5440,0.920465648174286,0,B01708,B05706
5441,0.9204609990119934,0,B03438,B10200
5442,0.9204574823379515,0,B04506,B12194
5443,0.920456051826477,0,B08848,B02240
5444,0.9204519391059875,0,B13095,B00229
5445,0.9204518795013428,0,B06404,B03139
5446,0.9204516410827636,0,B09786,B00724
5447,0.9204493165016174,0,B04646,B02240
5448,0.9204471707344056,0,B01470,B05706
5449,0.9204471111297609,0,B11104,B02240
5450,0.9204458594322203,0,B09577,B01934
5451,0.9204424023628236,0,B11050,B02240
5452,0.920441210269928,0,B07824,B04953
5453,0.9204344749450684,0,B08340,B07367
5454,0.9204314351081848,0,B09915,B07160
5455,0.9204304218292236,0,B03182,B03125
5456,0.920426309108734,0,B06662,B10089
5457,0.9204241037368774,0,B09534,B06343
5458,0.9204161167144777,0,B05419,B03125
5459,0.9204133152961732,0,B07495,B02240
5460,0.9204121232032776,0,B03081,B01796
5461,0.9204047322273254,0,B06649,B02240
5462,0.9203988313674928,0,B13967,B03125
5463,0.9203985333442688,0,B07214,B02240
5464,0.9203981757164,0,B13340,B02026
5465,0.9203970432281494,0,B04336,B03125
5466,0.9203947186470032,0,B05659,B06506
5467,0.920387864112854,0,B00592,B01934
5468,0.9203876852989196,0,B10980,B12194
5469,0.9203823804855348,0,B11783,B06506
5470,0.9203822612762452,0,B00232,B05706
5471,0.9203757643699646,0,B07173,B07878
5472,0.9203742742538452,0,B01169,B02240
5473,0.9203686714172364,0,B04999,B03125
5474,0.9203650951385498,0,B01747,B07160
5475,0.9203630685806274,0,B09361,B05706
5476,0.9203622341156006,0,B00471,B03139
5477,0.9203622341156006,0,B12464,B01067
5478,0.9203596711158752,0,B14204,B10640
5479,0.9203588962554932,0,B04714,B04744
5480,0.920354962348938,0,B00321,B02240
5481,0.9203549027442932,0,B02771,B06506
5482,0.920348346233368,0,B04185,B05706
5483,0.9203481078147888,0,B08722,B12194
5484,0.9203441739082336,0,B02312,B01238
5485,0.9203439950942992,0,B04364,B06343
5486,0.920336127281189,0,B12924,B01796
5487,0.9203219413757324,0,B05206,B06506
5488,0.9203208088874816,0,B13491,B05600
5489,0.9203203916549684,0,B13538,B03139
5490,0.920318067073822,0,B11135,B03125
5491,0.9203161001205444,0,B02261,B05706
5492,0.9203157424926758,0,B09816,B03139
5493,0.920315146446228,0,B05430,B06506
5494,0.920311152935028,0,B03186,B03125
5495,0.9203078150749208,0,B00150,B03125
5496,0.9203045964241028,0,B08668,B02240
5497,0.92030268907547,0,B04708,B07878
5498,0.9203001260757446,0,B01149,B05467
5499,0.920297622680664,0,B03447,B04953
5500,0.9202969074249268,0,B00346,B01067
5501,0.9202880859375,0,B02595,B03125
5502,0.920287311077118,0,B08328,B03139
5503,0.9202871918678284,0,B02778,B06506
5504,0.9202868342399596,0,B04109,B03139
5505,0.9202762842178344,0,B06937,B03139
5506,0.920272707939148,0,B03799,B05706
5507,0.9202713966369628,0,B07260,B03125
5508,0.9202707409858704,0,B09776,B00146
5509,0.9202682971954346,0,B09902,B05706
5510,0.9202630519866944,0,B09178,B05706
5511,0.9202527403831482,0,B03611,B07160
5512,0.9202502369880676,0,B00646,B05706
5513,0.9202481508255004,0,B02033,B06506
5514,0.9202481508255004,0,B11012,B02240
5515,0.9202408194541932,0,B03931,B03125
5516,0.9202402234077454,0,B05543,B00095
5517,0.9202397465705872,0,B06240,B06506
5518,0.9202381372451782,0,B05046,B01934
5519,0.920235276222229,0,B09302,B00095
5520,0.9202333688735962,0,B04960,B05600
5521,0.9202309250831604,0,B04038,B05600
5522,0.9202290177345276,0,B02246,B09245
5523,0.9202282428741456,0,B05022,B03139
5524,0.9202266931533812,0,B08167,B01831
5525,0.920217514038086,0,B03175,B06506
5526,0.9202121496200562,0,B10024,B06506
5527,0.920207381248474,0,B13579,B07205
5528,0.9201969504356384,0,B12196,B12194
5529,0.9201964139938354,0,B02154,B06506
5530,0.9201919436454772,0,B11279,B03139
5531,0.9201903939247132,0,B13902,B03125
5532,0.9201891422271729,0,B11479,B02026
5533,0.9201822876930236,0,B04342,B03139
5534,0.9201701879501344,0,B00078,B03139
5535,0.9201678037643432,0,B00680,B01238
5536,0.9201677441596984,0,B10279,B03125
5537,0.9201651215553284,0,B09969,B03125
5538,0.92015939950943,0,B10486,B03125
5539,0.920152485370636,0,B00745,B06506
5540,0.920152485370636,0,B05247,B03125
5541,0.9201500415802002,0,B10128,B07429
5542,0.9201229214668274,0,B12673,B13549
5543,0.9201220273971558,0,B00870,B01238
5544,0.9201217889785768,0,B03695,B02240
5545,0.920118510723114,0,B03554,B05706
5546,0.9201091527938844,0,B07583,B12194
5547,0.9201074838638306,0,B05470,B01067
5548,0.9201072454452516,0,B05535,B05706
5549,0.9200997948646544,0,B03227,B01934
5550,0.9200916886329652,0,B01919,B06343
5551,0.9200878143310548,0,B01545,B05706
5552,0.9200860857963562,0,B08840,B05706
5553,0.920085072517395,0,B02207,B07160
5554,0.920080065727234,0,B04426,B03125
5555,0.920072376728058,0,B11328,B02240
5556,0.9200668931007384,0,B06222,B05706
5557,0.9200664162635804,0,B01868,B04744
5558,0.9200658202171326,0,B03339,B03125
5559,0.9200633764266968,0,B04719,B07205
5560,0.9200595617294312,0,B13476,B01067
5561,0.9200586080551147,0,B11204,B00146
5562,0.920049786567688,0,B13409,B07429
5563,0.9200448989868164,0,B04391,B09441
5564,0.9200322031974792,0,B02148,B05706
5565,0.920031487941742,0,B11780,B07160
5566,0.9200195670127868,0,B00550,B04744
5567,0.9200192093849182,0,B14293,B05923
5568,0.9200187921524048,0,B11601,B00934
5569,0.9200158715248108,0,B12511,B05706
5570,0.9200140237808228,0,B12338,B02240
5571,0.9200105667114258,0,B06129,B05706
5572,0.9200098514556884,0,B05420,B07160
5573,0.9200090765953064,0,B07036,B03139
5574,0.9200087785720824,0,B01474,B02240
5575,0.920004904270172,0,B07467,B03139
5576,0.9200029373168944,0,B13349,B01796
5577,0.9200003147125244,0,B13142,B03125
5578,0.9199993014335632,0,B02793,B03125
5579,0.919998049736023,0,B07833,B04744
5580,0.9199976921081544,0,B12902,B02240
5581,0.919995665550232,0,B06287,B01831
5582,0.9199917316436768,0,B09651,B04953
5583,0.9199775457382202,0,B10959,B06506
5584,0.9199736714363098,0,B00580,B05706
5585,0.9199732542037964,0,B03354,B07160
5586,0.9199728965759276,0,B11571,B05706
5587,0.9199726581573486,0,B13458,B02240
5588,0.9199700355529784,0,B00453,B04953
5589,0.919967770576477,0,B06921,B02240
5590,0.9199665188789368,0,B10550,B05467
5591,0.9199662208557128,0,B07488,B06343
5592,0.919965922832489,0,B05209,B02025
5593,0.9199655055999756,0,B00678,B03125
5594,0.9199589490890504,0,B10836,B05706
5595,0.9199535846710204,0,B05422,B05706
5596,0.9199514985084534,0,B00920,B04744
5597,0.9199512004852296,0,B03240,B02240
5598,0.919947385787964,0,B00087,B03125
5599,0.9199473261833192,0,B07112,B06506
5600,0.9199457168579102,0,B04887,B05600
5601,0.9199455380439758,0,B04006,B06506
5602,0.919944703578949,0,B02687,B07429
5603,0.9199360609054564,0,B03129,B03125
5604,0.919931411743164,0,B03783,B02240
5605,0.9199212789535522,0,B12253,B05706
5606,0.919920027256012,0,B10102,B05706
5607,0.919920027256012,0,B13890,B02240
5608,0.9199183583259584,0,B06556,B06506
5609,0.919911563396454,0,B12005,B02240
5610,0.9199087619781494,0,B05370,B06506
5611,0.9199036359786988,0,B03935,B06506
5612,0.9198987483978271,0,B00959,B05706
5613,0.9198967218399048,0,B08811,B04953
5614,0.919896125793457,0,B03680,B06506
5615,0.919896125793457,0,B10522,B07429
5616,0.9198959469795228,0,B03389,B06343
5617,0.9198958277702332,0,B04136,B05706
5618,0.9198848009109496,0,B05595,B06192
5619,0.91988205909729,0,B08742,B02240
5620,0.9198548793792723,0,B03349,B00146
5621,0.9198512434959412,0,B04922,B05467
5622,0.9198509454727172,0,B03368,B06506
5623,0.9198508858680724,0,B00511,B02240
5624,0.9198499917984008,0,B06882,B07429
5625,0.9198495149612428,0,B06495,B06506
5626,0.9198460578918456,0,B03405,B05706
5627,0.9198427200317384,0,B01809,B05706
5628,0.9198399782180786,0,B13555,B03125
5629,0.9198347330093384,0,B10532,B02892
5630,0.9198241829872132,0,B12341,B02240
5631,0.9198172688484192,0,B03958,B06506
5632,0.9198129177093506,0,B10117,B11699
5633,0.9198120832443236,0,B00484,B06506
5634,0.919812023639679,0,B08841,B01934
5635,0.9198079109191896,0,B13193,B05706
5636,0.9198018312454224,0,B04354,B03125
5637,0.9197959303855896,0,B07922,B02892
5638,0.9197953343391418,0,B08222,B02892
5639,0.9197847247123718,0,B08474,B05706
5640,0.9197822213172911,0,B07131,B00229
5641,0.9197793006896972,0,B00502,B02240
5642,0.9197790026664734,0,B01695,B02240
5643,0.9197772741317748,0,B09758,B06506
5644,0.9197744727134703,0,B09990,B06506
5645,0.9197742342948914,0,B07645,B05706
5646,0.9197648763656616,0,B00162,B05706
5647,0.9197607040405272,0,B14223,B02026
5648,0.919759213924408,0,B08789,B02892
5649,0.9197585582733154,0,B00125,B00146
5650,0.9197584986686708,0,B02983,B13549
5651,0.9197531938552856,0,B00923,B03139
5652,0.9197471141815186,0,B13130,B02026
5653,0.9197437763214112,0,B05158,B03125
5654,0.91974139213562,0,B00508,B01238
5655,0.9197389483451844,0,B13493,B02240
5656,0.9197345972061156,0,B09213,B05706
5657,0.9197332859039308,0,B00021,B01238
5658,0.9197325706481934,0,B09573,B13549
5659,0.9197317957878112,0,B09687,B02025
5660,0.9197251796722412,0,B03823,B06506
5661,0.919722616672516,0,B12719,B03139
5662,0.9197185039520264,0,B07339,B03139
5663,0.9197155237197876,0,B09011,B03139
5664,0.9197149276733398,0,B09596,B12194
5665,0.919714093208313,0,B12871,B00229
5666,0.9197097420692444,0,B01137,B07205
5667,0.9197091460227966,0,B03810,B03125
5668,0.9197076559066772,0,B03358,B10640
5669,0.9196998476982116,0,B01789,B03125
5670,0.9196938276290894,0,B12325,B03125
5671,0.919693648815155,0,B00501,B05706
5672,0.9196929931640624,0,B01692,B05706
5673,0.9196925759315492,0,B10789,B02240
5674,0.9196816682815552,0,B00460,B04744
5675,0.9196786880493164,0,B07597,B02892
5676,0.919677734375,0,B11201,B05467
5677,0.9196754693984984,0,B04982,B07160
5678,0.9196754693984984,0,B12792,B05706
5679,0.9196709394454956,0,B09683,B06506
5680,0.9196617603302002,0,B06987,B05706
5681,0.919656217098236,0,B08504,B06343
5682,0.919653296470642,0,B01347,B06343
5683,0.9196529388427734,0,B12683,B05706
5684,0.919650673866272,0,B01489,B12194
5685,0.9196500778198242,0,B12256,B05706
5686,0.9196470379829408,0,B11740,B02240
5687,0.9196425676345824,0,B00118,B05706
5688,0.919640064239502,0,B09731,B05706
5689,0.9196362495422364,0,B04703,B06506
5690,0.9196301698684692,0,B02096,B06506
5691,0.9196242094039916,0,B01161,B06343
5692,0.9196126461029052,0,B14070,B00934
5693,0.9196093678474426,0,B03433,B06506
5694,0.9196056127548218,0,B04439,B00146
5695,0.9195951223373412,0,B11013,B02240
5696,0.9195895195007324,0,B04745,B07205
5697,0.9195809364318848,0,B09340,B01238
5698,0.9195794463157654,0,B10517,B03139
5699,0.9195783138275146,0,B00249,B02240
5700,0.9195735454559326,0,B09345,B05706
5701,0.9195681810379028,0,B14051,B11699
5702,0.919560432434082,0,B08763,B10640
5703,0.9195554256439208,0,B10598,B07429
5704,0.9195481538772584,0,B13490,B11529
5705,0.9195427298545836,0,B05491,B03139
5706,0.9195419549942015,0,B08448,B03125
5707,0.9195383787155152,0,B01098,B02240
5708,0.9195323586463928,0,B02706,B05706
5709,0.9195321798324584,0,B05019,B05706
5710,0.9195313453674316,0,B02051,B06506
5711,0.9195190072059632,0,B04667,B04811
5712,0.9195155501365662,0,B00651,B12194
5713,0.9195080399513244,0,B01592,B06506
5714,0.9195035696029664,0,B04563,B06506
5715,0.9195007085800172,0,B02810,B02240
5716,0.9195000529289246,0,B05035,B10200
5717,0.9194959402084352,0,B13951,B10200
5718,0.91949462890625,0,B03487,B05706
5719,0.9194929599761964,0,B13816,B03125
5720,0.9194878339767456,0,B00179,B09245
5721,0.9194856882095336,0,B03736,B03139
5722,0.91948264837265,0,B05913,B05706
5723,0.919474482536316,0,B06113,B07878
5724,0.9194675087928772,0,B01728,B03125
5725,0.9194672107696532,0,B06965,B07160
5726,0.9194617867469788,0,B11007,B04744
5727,0.9194560647010804,0,B13024,B02240
5728,0.9194525480270386,0,B04069,B06506
5729,0.9194409251213074,0,B10829,B02026
5730,0.9194406270980836,0,B08559,B00934
5731,0.9194349050521852,0,B10218,B10200
5732,0.9194306135177612,0,B09060,B03139
5733,0.9194281101226808,0,B13092,B05600
5734,0.9194211959838868,0,B11824,B11699
5735,0.9194161295890808,0,B07480,B04953
5736,0.9194156527519226,0,B08954,B04744
5737,0.919410765171051,0,B02747,B00095
5738,0.9194096326828004,0,B03109,B06506
5739,0.9194073677062988,0,B02720,B02026
5740,0.919405460357666,0,B12352,B02240
5741,0.919403076171875,0,B04164,B06506
5742,0.919401228427887,0,B01233,B03139
5743,0.9194008111953736,0,B10507,B02240
5744,0.9193922877311708,0,B04042,B05600
5745,0.919391393661499,0,B01506,B04744
5746,0.919383704662323,0,B05364,B05706
5747,0.9193779826164246,0,B07308,B01796
5748,0.9193743467330932,0,B14105,B01067
5749,0.9193711876869202,0,B03373,B05706
5750,0.9193678498268129,0,B03378,B03139
5751,0.9193678498268129,0,B07637,B00724
5752,0.919364333152771,0,B13007,B11529
5753,0.9193639159202576,0,B09463,B04744
5754,0.9193586111068726,0,B11338,B03139
5755,0.9193538427352904,0,B01933,B07429
5756,0.9193480014801024,0,B02393,B02240
5757,0.9193469882011414,0,B01574,B01238
5758,0.9193434715270996,0,B11275,B03125
5759,0.9193429350852966,0,B00814,B13549
5760,0.919339656829834,0,B12612,B07367
5761,0.91933935880661,0,B00206,B01238
5762,0.9193378686904908,0,B12901,B11699
5763,0.9193366169929504,0,B13532,B13549
5764,0.9193350076675416,0,B06515,B05706
5765,0.9193317890167236,0,B10093,B02240
5766,0.9193221926689148,0,B12508,B05706
5767,0.9193168878555298,0,B07324,B00095
5768,0.9193128347396852,0,B12634,B01796
5769,0.91930890083313,0,B04096,B03125
5770,0.9193087220191956,0,B05030,B03125
5771,0.9193020462989808,0,B07622,B06506
5772,0.9192999601364136,0,B06881,B03125
5773,0.9192928075790404,0,B11712,B06506
5774,0.9192885756492616,0,B11381,B05706
5775,0.9192845821380616,0,B02884,B02240
5776,0.9192840456962584,0,B04204,B02240
5777,0.9192813038825988,0,B07925,B05600
5778,0.9192785024642944,0,B06303,B03125
5779,0.919277548789978,0,B02368,B10089
5780,0.9192768931388856,0,B01633,B02240
5781,0.919274628162384,0,B04978,B04744
5782,0.9192737340927124,0,B08984,B02892
5783,0.9192732572555542,0,B11958,B07160
5784,0.9192712903022766,0,B13999,B01796
5785,0.9192695021629332,0,B08833,B07160
5786,0.9192689061164856,0,B05662,B11699
5787,0.9192590117454528,0,B09091,B02240
5788,0.9192564487457277,0,B03360,B04744
5789,0.9192558526992798,0,B02711,B06506
5790,0.919255256652832,0,B14222,B02240
5791,0.919252872467041,0,B08855,B02240
5792,0.9192510843276978,0,B04598,B03139
5793,0.9192492961883544,0,B12733,B02026
5794,0.919247031211853,0,B04031,B00095
5795,0.9192468523979188,0,B11097,B06506
5796,0.9192464351654052,0,B08043,B06506
5797,0.9192464351654052,0,B10435,B12194
5798,0.9192381501197816,0,B01694,B03139
5799,0.9192375540733336,0,B03123,B04744
5800,0.9192361235618592,0,B08958,B03139
5801,0.9192343950271606,0,B14218,B02026
5802,0.9192339181900024,0,B03132,B04744
5803,0.9192336797714232,0,B03660,B03139
5804,0.9192244410514832,0,B00897,B05706
5805,0.9192209243774414,0,B07081,B05706
5806,0.919217050075531,0,B00777,B03125
5807,0.9192157983779908,0,B06961,B11529
5808,0.9192153215408324,0,B02609,B05706
5809,0.919213056564331,0,B00256,B07160
5810,0.9192113280296326,0,B01235,B09441
5811,0.9192096590995787,0,B10039,B11529
5812,0.9192057847976683,0,B08890,B03125
5813,0.9192027449607848,0,B07235,B06506
5814,0.9192023873329164,0,B00750,B06506
5815,0.919190526008606,0,B12627,B11699
5816,0.919162094593048,0,B11936,B05706
5817,0.9191617965698242,0,B05382,B11699
5818,0.919156551361084,0,B14083,B02240
5819,0.9191383123397828,0,B00960,B06192
5820,0.9191367626190186,0,B10669,B04953
5821,0.9191354513168336,0,B01774,B04744
5822,0.919134557247162,0,B13124,B01796
5823,0.9191334247589112,0,B09336,B07160
5824,0.91913104057312,0,B10878,B00095
5825,0.9191168546676636,0,B09812,B02240
5826,0.9191161394119264,0,B07035,B02240
5827,0.9191159009933472,0,B10266,B02240
5828,0.9191150665283204,0,B08935,B05706
5829,0.9191142916679382,0,B02480,B03777
5830,0.9191101789474488,0,B06441,B12194
5831,0.9191067814826964,0,B09222,B03125
5832,0.9191046953201294,0,B13782,B02026
5833,0.9191035628318788,0,B04504,B02240
5834,0.91910320520401,0,B08392,B06506
5835,0.91909921169281,0,B12513,B10200
5836,0.9190881848335266,0,B02552,B05467
5837,0.91908460855484,0,B13753,B02026
5838,0.9190844297409058,0,B08728,B05467
5839,0.9190815687179564,0,B01840,B02240
5840,0.9190809726715088,0,B00681,B00724
5841,0.9190772771835328,0,B09422,B03139
5842,0.9190738797187804,0,B02649,B07367
5843,0.919069230556488,0,B09372,B03125
5844,0.9190685153007508,0,B11901,B01934
5845,0.9190670251846312,0,B01892,B03139
5846,0.919063687324524,0,B08473,B11699
5847,0.9190614223480223,0,B06631,B06506
5848,0.9190572500228882,0,B10119,B03125
5849,0.9190530180931092,0,B12879,B12194
5850,0.919048309326172,0,B11642,B01238
5851,0.9190467000007628,0,B00887,B10640
5852,0.9190400838851928,0,B06999,B03125
5853,0.9190287590026855,0,B00888,B05706
5854,0.9190245866775512,0,B06578,B05706
5855,0.9190241098403932,0,B11149,B05706
5856,0.9190200567245485,0,B07016,B02240
5857,0.9190183877944946,0,B10866,B07160
5858,0.9190173149108888,0,B05531,B03125
5859,0.9190145134925842,0,B08995,B03139
5860,0.9190131425857544,0,B07107,B07429
5861,0.9190087914466858,0,B01373,B02240
5862,0.9190053343772888,0,B11801,B02240
5863,0.919003963470459,0,B07563,B07160
5864,0.9190035462379456,0,B04433,B06506
5865,0.9190024137496948,0,B03270,B00229
5866,0.9190016388893129,0,B05001,B02240
5867,0.9190001487731934,0,B10666,B10640
5868,0.9189956188201904,0,B06123,B02240
5869,0.9189939498901368,0,B00944,B03125
5870,0.918992042541504,0,B05124,B04744
5871,0.9189893007278442,0,B06610,B06506
5872,0.9189811944961548,0,B08884,B03139
5873,0.9189780354499816,0,B02612,B01934
5874,0.9189777374267578,0,B03092,B05923
5875,0.918968915939331,0,B01861,B01934
5876,0.9189687967300416,0,B00304,B03125
5877,0.9189682006835938,0,B06540,B05467
5878,0.9189643263816832,0,B07177,B03125
5879,0.918958842754364,0,B11421,B01067
5880,0.9189578294754028,0,B02467,B03139
5881,0.9189573526382446,0,B13852,B11699
5882,0.9189552068710328,0,B11365,B06192
5883,0.9189467430114746,0,B03054,B13549
5884,0.9189433455467224,0,B09348,B06506
5885,0.9189403057098388,0,B11668,B02240
5886,0.9189369082450868,0,B12266,B02026
5887,0.9189354181289672,0,B05363,B07367
5888,0.918932855129242,0,B13230,B06506
5889,0.918930172920227,0,B10506,B03139
5890,0.9189295768737792,0,B07556,B00146
5891,0.918928861618042,0,B06552,B04744
5892,0.9189237356185912,0,B10418,B07160
5893,0.9189213514328004,0,B13020,B03125
5894,0.9189204573631288,0,B14034,B00934
5895,0.918919801712036,0,B10636,B02240
5896,0.9189189672470092,0,B01108,B06506
5897,0.9189146161079408,0,B14325,B02026
5898,0.9189118146896362,0,B14131,B03125
5899,0.91890949010849,0,B11528,B06506
5900,0.9189091324806212,0,B08508,B06506
5901,0.9189086556434632,0,B03679,B07160
5902,0.9189059734344482,0,B01128,B13549
5903,0.91890549659729,0,B05733,B03125
5904,0.9189003109931946,0,B03985,B04744
5905,0.9188973307609558,0,B08817,B06192
5906,0.918897032737732,0,B13695,B11529
5907,0.9188836216926576,0,B00892,B03125
5908,0.9188753962516784,0,B12150,B06506
5909,0.9188740849494934,0,B05802,B12194
5910,0.9188703298568726,0,B03991,B03139
5911,0.9188671112060548,0,B12381,B07429
5912,0.9188649654388428,0,B08013,B03125
5913,0.9188644886016846,0,B03827,B05600
5914,0.9188581109046936,0,B05033,B07429
5915,0.9188553094863892,0,B14000,B01796
5916,0.9188533425331116,0,B09631,B06506
5917,0.918851375579834,0,B12068,B02026
5918,0.9188507199287416,0,B02717,B06192
5919,0.9188483953475952,0,B03722,B02892
5920,0.9188475012779236,0,B01163,B00146
5921,0.918846607208252,0,B13126,B02240
5922,0.9188376665115356,0,B07496,B06192
5923,0.9188355803489684,0,B03725,B05706
5924,0.918834626674652,0,B08709,B02240
5925,0.9188314080238342,0,B06499,B03125
5926,0.9188306927680968,0,B10723,B06506
5927,0.918830156326294,0,B10604,B05467
5928,0.918827474117279,0,B10126,B05467
5929,0.9188263416290284,0,B09167,B05467
5930,0.9188242554664612,0,B09808,B03125
5931,0.9188218712806702,0,B06053,B06506
5932,0.9188205003738404,0,B01600,B03125
5933,0.9188116788864136,0,B04813,B06506
5934,0.9188113212585448,0,B00109,B06506
5935,0.9188087582588196,0,B03733,B03139
5936,0.9188047051429749,0,B13277,B01934
5937,0.9188028573989868,0,B04994,B00146
5938,0.918790876865387,0,B06636,B06506
5939,0.9187803268432616,0,B06196,B03125
5940,0.918777346611023,0,B11681,B07160
5941,0.918770968914032,0,B08969,B06506
5942,0.9187692403793336,0,B00281,B10089
5943,0.9187636375427246,0,B07270,B03139
5944,0.9187629222869872,0,B13913,B02240
5945,0.9187621474266052,0,B12271,B11032
5946,0.9187577366828918,0,B05506,B03139
5947,0.9187501072883606,0,B07634,B13549
5948,0.9187484383583068,0,B12898,B01934
5949,0.9187350869178772,0,B06005,B01481
5950,0.9187330603599548,0,B01637,B05706
5951,0.918730854988098,0,B08638,B02240
5952,0.9187243580818176,0,B08278,B02240
5953,0.9187227487564088,0,B11220,B06506
5954,0.9187182188034058,0,B13521,B06506
5955,0.9187170267105104,0,B00649,B02240
5956,0.9187164306640624,0,B08076,B05467
5957,0.9187110662460328,0,B09512,B06506
5958,0.9187058806419371,0,B12240,B02026
5959,0.9187031984329224,0,B01532,B00146
5960,0.9187010526657104,0,B08217,B10200
5961,0.9187006950378418,0,B00661,B10640
5962,0.9186989665031432,0,B08415,B07160
5963,0.918692946434021,0,B00932,B03139
5964,0.9186922907829284,0,B10192,B04744
5965,0.918689787387848,0,B08705,B01934
5966,0.9186878800392152,0,B07865,B04744
5967,0.9186851382255554,0,B00691,B05467
5968,0.9186737537384032,0,B02400,B02892
5969,0.9186677932739258,0,B03235,B01067
5970,0.9186626076698304,0,B13537,B01796
5971,0.9186622500419616,0,B06711,B04744
5972,0.9186578989028932,0,B07567,B10200
5973,0.9186567068099976,0,B06174,B00229
5974,0.9186548590660096,0,B00492,B06506
5975,0.9186455607414246,0,B12818,B02240
5976,0.9186434745788574,0,B06179,B06506
5977,0.9186424612998962,0,B07843,B12194
5978,0.9186416864395142,0,B04592,B01934
5979,0.9186416268348694,0,B04750,B05467
5980,0.9186416268348694,0,B05980,B12194
5981,0.9186408519744872,0,B08394,B03125
5982,0.9186305403709412,0,B03094,B10089
5983,0.9186224341392516,0,B01008,B01934
5984,0.9186218976974488,0,B10837,B01481
5985,0.9186185002326964,0,B01028,B06506
5986,0.9186102747917176,0,B10298,B00536
5987,0.9186056852340698,0,B11325,B04953
5988,0.918604612350464,0,B08482,B03139
5989,0.9186041951179504,0,B03206,B06506
5990,0.9186027646064758,0,B01656,B03139
5991,0.9185994863510132,0,B03466,B07160
5992,0.9185975193977356,0,B08608,B12194
5993,0.9185949563980104,0,B08531,B07160
5994,0.9185939431190492,0,B00783,B05706
5995,0.918585240840912,0,B05568,B03139
5996,0.9185848236083984,0,B00984,B13549
5997,0.9185839295387268,0,B05168,B02240
5998,0.9185824990272522,0,B09600,B02026
5999,0.918581485748291,0,B11672,B03125
6000,0.9185710549354552,0,B02433,B07160
6001,0.9185696840286256,0,B08029,B03125
6002,0.9185682535171508,0,B09566,B05706
6003,0.9185614585876464,0,B11895,B01934
6004,0.9185602068901062,0,B08057,B01934
6005,0.918558955192566,0,B11546,B10200
6006,0.9185583591461182,0,B11665,B11699
6007,0.918549656867981,0,B08379,B00905
6008,0.9185469150543212,0,B13141,B10200
6009,0.918545126914978,0,B08477,B02240
6010,0.9185394048690796,0,B01999,B02240
6011,0.9185383319854736,0,B06464,B13549
6012,0.9185335636138916,0,B00586,B07160
6013,0.918533444404602,0,B00673,B01238
6014,0.9185317754745485,0,B09516,B07878
6015,0.918526530265808,0,B06000,B07160
6016,0.9185248017311096,0,B04289,B07160
6017,0.9185073375701904,0,B04740,B07205
6018,0.9185067415237428,0,B05500,B03139
6019,0.9184998869895936,0,B13299,B13549
6020,0.9184982180595398,0,B10466,B03139
6021,0.9184845685958862,0,B01663,B03125
6022,0.918483018875122,0,B04248,B05345
6023,0.918482780456543,0,B03158,B00146
6024,0.9184797406196594,0,B00325,B06506
6025,0.9184726476669312,0,B06792,B02630
6026,0.918472409248352,0,B03076,B04654
6027,0.91847026348114,0,B11411,B02240
6028,0.9184669256210328,0,B05758,B06506
6029,0.918464183807373,0,B04926,B03139
6030,0.918462574481964,0,B11435,B12194
6031,0.9184510111808776,0,B02115,B04744
6032,0.9184509515762328,0,B11572,B05706
6033,0.9184505939483644,0,B12361,B01067
6034,0.9184492826461792,0,B09872,B06506
6035,0.9184489846229552,0,B13312,B05600
6036,0.9184359312057496,0,B06616,B03125
6037,0.9184318780899048,0,B01031,B05467
6038,0.9184282422065736,0,B04404,B06506
6039,0.9184046387672424,0,B12740,B00934
6040,0.9184041023254396,0,B03331,B03139
6041,0.918398916721344,0,B11863,B01645
6042,0.9183974266052246,0,B03429,B05467
6043,0.9183957576751708,0,B08773,B02026
6044,0.918395698070526,0,B08301,B00724
6045,0.9183956384658812,0,B02844,B04744
6046,0.9183951616287231,0,B10389,B13549
6047,0.9183892011642456,0,B11160,B13549
6048,0.9183862209320068,0,B05182,B10089
6049,0.9183815121650696,0,B14063,B11699
6050,0.9183791875839232,0,B08755,B06506
6051,0.9183782935142516,0,B08517,B05706
6052,0.918367564678192,0,B08821,B02240
6053,0.9183660745620728,0,B06224,B06506
6054,0.9183645844459534,0,B12441,B01831
6055,0.9183623790740968,0,B02364,B07429
6056,0.9183594584465028,0,B04947,B02240
6057,0.9183584451675416,0,B10932,B05467
6058,0.9183540940284728,0,B01736,B04744
6059,0.9183523058891296,0,B07656,B06506
6060,0.9183412790298462,0,B00278,B01934
6061,0.9183411598205566,0,B01798,B04744
6062,0.9183388352394104,0,B01698,B03125
6063,0.918331503868103,0,B06569,B06506
6064,0.918329119682312,0,B01817,B03180
6065,0.9183270931243896,0,B11207,B04953
6066,0.9183258414268494,0,B10178,B05706
6067,0.9183238744735718,0,B12319,B11529
6068,0.918323278427124,0,B09616,B05706
6069,0.9183232188224792,0,B11980,B01067
6070,0.9183164834976196,0,B13163,B05706
6071,0.9183141589164734,0,B05319,B03125
6072,0.9183139801025392,0,B06956,B12194
6073,0.9183127284049988,0,B12205,B05706
6074,0.9183119535446168,0,B08444,B02240
6075,0.9183090329170228,0,B13430,B05706
6076,0.9183070659637452,0,B03654,B03125
6077,0.9183065891265868,0,B06746,B12194
6078,0.918304204940796,0,B04587,B06506
6079,0.918300211429596,0,B01792,B06506
6080,0.918291449546814,0,B01080,B03125
6081,0.9182894825935364,0,B10804,B05706
6082,0.9182873368263244,0,B01696,B05706
6083,0.9182839393615724,0,B06913,B06506
6084,0.9182795286178588,0,B04720,B03125
6085,0.9182783961296082,0,B08761,B04953
6086,0.9182758331298828,0,B08815,B04953
6087,0.9182741641998292,0,B06145,B00229
6088,0.9182737469673156,0,B04222,B04811
6089,0.9182689189910888,0,B05099,B04654
6090,0.9182670712471008,0,B06066,B00095
6091,0.9182583093643188,0,B08582,B04811
6092,0.918256402015686,0,B04480,B06506
6093,0.9182544350624084,0,B01570,B04744
6094,0.9182544350624084,0,B09412,B01831
6095,0.9182488322257996,0,B07276,B04744
6096,0.918244481086731,0,B06074,B06343
6097,0.918240487575531,0,B09766,B11699
6098,0.918236255645752,0,B11673,B11699
6099,0.9182314276695251,0,B03510,B03125
6100,0.9182304739952089,0,B03529,B02025
6101,0.9182302355766296,0,B08361,B03125
6102,0.9182280898094176,0,B07326,B13549
6103,0.9182270169258118,0,B05174,B05706
6104,0.9182251691818236,0,B03292,B03125
6105,0.9182224869728088,0,B02182,B06506
6106,0.9182208776474,0,B02645,B04744
6107,0.9182183742523192,0,B14006,B01067
6108,0.918213427066803,0,B12111,B02240
6109,0.9182100892066956,0,B05560,B01238
6110,0.9181968569755554,0,B00956,B02892
6111,0.9181962013244628,0,B11789,B06506
6112,0.9181954264640808,0,B03009,B00934
6113,0.9181896448135376,0,B06887,B06506
6114,0.9181865453720092,0,B07707,B01238
6115,0.9181843996047974,0,B10091,B01481
6116,0.9181795120239258,0,B14154,B11529
6117,0.918159246444702,0,B02902,B05467
6118,0.918152153491974,0,B01686,B07160
6119,0.918152153491974,0,B10568,B00095
6120,0.91815185546875,0,B11009,B00229
6121,0.9181512594223022,0,B14068,B02026
6122,0.9181506633758544,0,B12472,B07878
6123,0.9181502461433412,0,B12185,B11529
6124,0.9181424975395204,0,B13632,B05600
6125,0.9181408286094666,0,B02134,B05706
6126,0.918135702610016,0,B06973,B05706
6127,0.9181345105171204,0,B05487,B03139
6128,0.918129563331604,0,B05232,B03139
6129,0.918123424053192,0,B10319,B05600
6130,0.9181146025657654,0,B08860,B05706
6131,0.918112576007843,0,B09674,B06506
6132,0.9181122779846193,0,B01904,B02240
6133,0.9181059002876282,0,B06952,B02240
6134,0.9181025624275208,0,B13930,B02240
6135,0.918099284172058,0,B13428,B02240
6136,0.9180892705917358,0,B10580,B03139
6137,0.9180859327316284,0,B04464,B06506
6138,0.9180838465690612,0,B13628,B05706
6139,0.9180712103843688,0,B12859,B06506
6140,0.9180707335472108,0,B06459,B05467
6141,0.9180673956871032,0,B04509,B02240
6142,0.9180662035942078,0,B04149,B00229
6143,0.9180647730827332,0,B13093,B05600
6144,0.9180636405944824,0,B12783,B07429
6145,0.918063223361969,0,B09721,B05706
6146,0.9180631041526794,0,B13663,B12194
6147,0.9180614948272704,0,B06140,B04744
6148,0.9180574417114258,0,B00690,B06506
6149,0.9180565476417542,0,B01972,B00095
6150,0.918052077293396,0,B14127,B02026
6151,0.9180496335029602,0,B01938,B07429
6152,0.9180427193641664,0,B07474,B02240
6153,0.9180421829223632,0,B03739,B06506
6154,0.9180397987365724,0,B06992,B05706
6155,0.9180371165275574,0,B10250,B06506
6156,0.9180269837379456,0,B10846,B00724
6157,0.9180258512496948,0,B02842,B03125
6158,0.9180256724357604,0,B10493,B12194
6159,0.9180147647857666,0,B11102,B00095
6160,0.918010115623474,0,B09029,B03125
6161,0.9180086255073548,0,B02054,B03125
6162,0.9180084466934204,0,B08662,B02240
6163,0.9180059432983398,0,B05180,B13549
6164,0.9180017113685608,0,B10404,B04744
6165,0.9180002808570862,0,B06033,B03139
6166,0.9179952144622804,0,B04444,B02240
6167,0.9179896116256714,0,B01876,B02240
6168,0.9179891347885132,0,B03379,B06343
6169,0.917987048625946,0,B04228,B02892
6170,0.9179859161376952,0,B08398,B03139
6171,0.9179853200912476,0,B07877,B03139
6172,0.9179792404174804,0,B02569,B00095
6173,0.917974591255188,0,B11223,B03139
6174,0.9179702401161194,0,B10776,B03125
6175,0.9179653525352478,0,B06090,B00095
6176,0.9179649353027344,0,B05576,B06506
6177,0.9179633855819702,0,B10722,B02240
6178,0.9179564118385316,0,B07246,B02892
6179,0.917955994606018,0,B04376,B02240
6180,0.9179526567459106,0,B14150,B02240
6181,0.917952001094818,0,B09057,B06343
6182,0.9179497957229614,0,B10560,B02240
6183,0.9179408550262452,0,B08941,B06506
6184,0.9179391860961914,0,B12304,B03125
6185,0.917936384677887,0,B06234,B02240
6186,0.9179257750511168,0,B04690,B01238
6187,0.9179235696792604,0,B11324,B04953
6188,0.9179232120513916,0,B11850,B03125
6189,0.9179200530052184,0,B10280,B01934
6190,0.9179142713546752,0,B05205,B05706
6191,0.9179137349128724,0,B01009,B06343
6192,0.9179085493087769,0,B07614,B01934
6193,0.917908489704132,0,B10892,B12194
6194,0.917905330657959,0,B04151,B00724
6195,0.9179036617279052,0,B09296,B03125
6196,0.9179033041000366,0,B01304,B03139
6197,0.9178867340087892,0,B04603,B03139
6198,0.9178835153579712,0,B01940,B00095
6199,0.9178826212882996,0,B07596,B06506
6200,0.9178789854049684,0,B05328,B05706
6201,0.9178762435913086,0,B08283,B03125
6202,0.917874813079834,0,B04914,B05706
6203,0.9178677797317504,0,B13111,B11032
6204,0.9178661704063416,0,B06716,B00724
6205,0.9178640842437744,0,B05374,B05706
6206,0.9178575277328492,0,B12371,B11699
6207,0.9178516864776612,0,B12506,B06506
6208,0.9178479909896852,0,B12922,B02240
6209,0.917845904827118,0,B09634,B03125
6210,0.9178444743156432,0,B02589,B03139
6211,0.91784405708313,0,B11515,B03125
6212,0.9178386926651,0,B13509,B02630
6213,0.9178367257118224,0,B08155,B05467
6214,0.9178361892700196,0,B12654,B07429
6215,0.9178349375724792,0,B04779,B07429
6216,0.9178335666656494,0,B02560,B05706
6217,0.9178230166435242,0,B10596,B04953
6218,0.9178178906440736,0,B06221,B06506
6219,0.9178150296211244,0,B03658,B02240
6220,0.9178122878074646,0,B11877,B10200
6221,0.917811155319214,0,B00416,B01238
6222,0.9178081750869752,0,B08810,B05600
6223,0.9178034067153932,0,B01078,B10640
6224,0.9178025126457214,0,B02608,B02240
6225,0.9178008437156676,0,B00441,B02892
6226,0.9177991151809692,0,B06606,B02240
6227,0.9177963733673096,0,B09628,B04953
6228,0.917791187763214,0,B13463,B02026
6229,0.917782723903656,0,B07719,B06343
6230,0.9177805185317992,0,B06634,B03125
6231,0.9177802205085754,0,B11027,B06506
6232,0.917775332927704,0,B01927,B00095
6233,0.9177746772766112,0,B10212,B03125
6234,0.9177691340446472,0,B12426,B12194
6235,0.9177642464637756,0,B04725,B11699
6236,0.917756974697113,0,B06830,B06506
6237,0.9177567958831788,0,B02537,B03125
6238,0.917754054069519,0,B03870,B04744
6239,0.9177485704421996,0,B04455,B02240
6240,0.917742908000946,0,B11890,B05706
6241,0.9177428483963012,0,B06530,B01481
6242,0.9177294969558716,0,B10033,B06506
6243,0.9177291393280028,0,B09362,B05706
6244,0.9177284240722656,0,B02708,B02240
6245,0.9177262783050536,0,B01045,B05467
6246,0.9177172780036926,0,B00166,B01238
6247,0.9177152514457704,0,B00987,B03125
6248,0.917712390422821,0,B11919,B07429
6249,0.9177122712135316,0,B00164,B06192
6250,0.9177119731903076,0,B04371,B00724
6251,0.917704463005066,0,B10041,B05706
6252,0.9177023768424988,0,B10860,B11529
6253,0.917701005935669,0,B00211,B06506
6254,0.9177005887031556,0,B04291,B03139
6255,0.9177002906799316,0,B12144,B00724
6256,0.9177000522613524,0,B07342,B01238
6257,0.9176993370056152,0,B00419,B05600
6258,0.9176931977272034,0,B00746,B05706
6259,0.917687177658081,0,B00516,B02240
6260,0.9176846146583556,0,B08853,B02240
6261,0.9176840782165528,0,B11624,B06506
6262,0.9176805019378662,0,B02605,B06506
6263,0.917678952217102,0,B05226,B06192
6264,0.9176648855209352,0,B01391,B06506
6265,0.9176610708236694,0,B00669,B06506
6266,0.9176599979400636,0,B00049,B02892
6267,0.9176566004753112,0,B04989,B05706
6268,0.917654037475586,0,B07399,B04744
6269,0.917654037475586,0,B13750,B12194
6270,0.9176537990570068,0,B11251,B02240
6271,0.9176510572433472,0,B13078,B07160
6272,0.9176501035690308,0,B04945,B03139
6273,0.9176441431045532,0,B01945,B03139
6274,0.9176425337791444,0,B03857,B06506
6275,0.9176417589187622,0,B07713,B04953
6276,0.9176365733146667,0,B01044,B04744
6277,0.9176363348960876,0,B11511,B06506
6278,0.9176345467567444,0,B06252,B03139
6279,0.9176341891288756,0,B03042,B00934
6280,0.917633891105652,0,B10812,B06506
6281,0.9176323413848876,0,B13638,B11529
6282,0.9176299571990968,0,B06580,B02025
6283,0.9176298379898072,0,B11987,B01067
6284,0.9176293611526488,0,B03305,B04744
6285,0.917628288269043,0,B08202,B03125
6286,0.9176275730133056,0,B00283,B02240
6287,0.9176267385482788,0,B14225,B11699
6288,0.9176236391067504,0,B12124,B06506
6289,0.9176108241081238,0,B07037,B05706
6290,0.9176102876663208,0,B11445,B12194
6291,0.9176054000854492,0,B06624,B02240
6292,0.9175953269004822,0,B00115,B04744
6293,0.917577862739563,0,B03229,B03125
6294,0.9175714254379272,0,B03992,B00934
6295,0.917559802532196,0,B04035,B05706
6296,0.9175552129745485,0,B08701,B04953
6297,0.91755348443985,0,B00126,B04744
6298,0.917544960975647,0,B10274,B11529
6299,0.9175438284873962,0,B04196,B02892
6300,0.9175417423248292,0,B08327,B06506
6301,0.9175410866737366,0,B06831,B02240
6302,0.91753888130188,0,B08150,B03125
6303,0.917535364627838,0,B14238,B02026
6304,0.9175245761871338,0,B12477,B07160
6305,0.9175183773040771,0,B00105,B05467
6306,0.9175164699554444,0,B01973,B04953
6307,0.9175111055374146,0,B02819,B02240
6308,0.9175111055374146,0,B11527,B07160
6309,0.917510747909546,0,B00726,B04953
6310,0.9175047278404236,0,B05070,B06506
6311,0.9175041913986206,0,B12503,B06506
6312,0.917502224445343,0,B09284,B03125
6313,0.9174987077713012,0,B02868,B11529
6314,0.9174968600273132,0,B06835,B05467
6315,0.917492687702179,0,B11727,B03125
6316,0.9174892902374268,0,B10385,B05706
6317,0.9174888730049132,0,B13352,B01796
6318,0.9174848794937134,0,B11893,B11699
6319,0.9174836277961732,0,B14142,B02240
6320,0.9174793362617492,0,B07357,B05706
6321,0.9174762964248656,0,B07110,B07160
6322,0.9174690246582032,0,B09916,B06343
6323,0.9174685478210448,0,B04766,B02892
6324,0.917466163635254,0,B10440,B12194
6325,0.9174657464027404,0,B05788,B00095
6326,0.9174605011940002,0,B12711,B07160
6327,0.9174599051475524,0,B11333,B04953
6328,0.917453408241272,0,B01244,B03125
6329,0.9174525141716005,0,B04143,B05467
6330,0.9174487590789796,0,B10685,B13549
6331,0.9174460172653198,0,B08182,B03125
6332,0.917439877986908,0,B14257,B11032
6333,0.9174299836158752,0,B01770,B03125
6334,0.9174288511276244,0,B11929,B03139
6335,0.9174238443374634,0,B08248,B03125
6336,0.9174175262451172,0,B02858,B03139
6337,0.9174110889434814,0,B09383,B05706
6338,0.9174078106880188,0,B12842,B05706
6339,0.9173979759216307,0,B13679,B13549
6340,0.9173836708068848,0,B01466,B05706
6341,0.9173763990402222,0,B07789,B05467
6342,0.9173658490180968,0,B01250,B02240
6343,0.9173634052276612,0,B13514,B05706
6344,0.9173595905303956,0,B11808,B03180
6345,0.9173517227172852,0,B13698,B12194
6346,0.9173503518104552,0,B10652,B01481
6347,0.9173495769500732,0,B02527,B01238
6348,0.917343020439148,0,B04060,B00724
6349,0.9173411130905152,0,B08368,B03125
6350,0.9173346161842346,0,B04487,B06506
6351,0.9173307418823242,0,B06072,B06343
6352,0.9173301458358764,0,B04954,B07429
6353,0.9173297882080078,0,B02251,B00934
6354,0.917323350906372,0,B10196,B02240
6355,0.917317032814026,0,B00086,B00934
6356,0.9173160195350648,0,B01750,B03139
6357,0.9173159003257751,0,B12179,B05467
6358,0.9173141717910768,0,B11503,B05600
6359,0.9173117876052856,0,B11880,B11699
6360,0.9173095226287842,0,B05941,B03125
6361,0.9173088073730468,0,B04167,B06506
6362,0.9173088073730468,0,B09929,B04953
6363,0.9173052310943604,0,B12706,B12194
6364,0.9173034429550172,0,B03351,B00146
6365,0.9173009395599364,0,B00982,B03139
6366,0.9172977805137634,0,B02454,B04654
6367,0.9172928333282472,0,B09519,B04953
6368,0.9172841906547546,0,B05511,B09441
6369,0.9172815084457396,0,B01910,B05706
6370,0.9172698855400084,0,B05887,B03125
6371,0.9172642230987548,0,B05157,B05923
6372,0.9172619581222534,0,B07706,B00724
6373,0.9172393083572388,0,B03988,B03139
6374,0.9172388911247252,0,B05698,B06343
6375,0.9172377586364746,0,B03689,B01238
6376,0.9172347187995912,0,B10916,B01934
6377,0.9172248840332032,0,B06117,B03125
6378,0.917220413684845,0,B04840,B00229
6379,0.9172199964523317,0,B00848,B02240
6380,0.9172185659408568,0,B12647,B05706
6381,0.9172143936157228,0,B10275,B03139
6382,0.9171984195709229,0,B13467,B07429
6383,0.917191207408905,0,B07459,B05467
6384,0.9171798229217528,0,B03445,B05706
6385,0.9171780943870544,0,B03085,B03125
6386,0.9171735048294068,0,B04406,B11032
6387,0.9171553254127502,0,B08133,B02240
6388,0.9171514511108398,0,B10421,B01481
6389,0.9171473979949952,0,B09623,B07205
6390,0.9171451330184937,0,B07434,B06506
6391,0.91714346408844,0,B05984,B07160
6392,0.9171411395072936,0,B05366,B05923
6393,0.9171401262283324,0,B05900,B06506
6394,0.9171345233917236,0,B09729,B06506
6395,0.917134165763855,0,B02448,B03125
6396,0.9171327948570251,0,B04759,B06506
6397,0.9171295166015624,0,B04849,B03125
6398,0.9171291589736938,0,B00495,B00934
6399,0.9171283841133118,0,B07775,B02240
6400,0.9171258807182312,0,B01752,B13549
6401,0.9171231389045716,0,B09550,B06506
6402,0.9171225428581238,0,B08634,B06506
6403,0.9171215295791626,0,B05236,B06506
6404,0.9171184301376344,0,B05908,B02892
6405,0.9171147346496582,0,B04171,B05706
6406,0.9171106815338136,0,B03574,B05706
6407,0.9171074628829956,0,B08807,B05706
6408,0.9170987606048584,0,B01939,B03139
6409,0.9170948266983032,0,B06308,B03139
6410,0.9170916080474854,0,B08971,B11699
6411,0.9170762300491332,0,B07550,B06506
6412,0.91706645488739,0,B04860,B11529
6413,0.9170629978179932,0,B03508,B03125
6414,0.9170575141906738,0,B00828,B03125
6415,0.9170570969581604,0,B12659,B02240
6416,0.9170507192611694,0,B11500,B02240
6417,0.9170503616333008,0,B03824,B05706
6418,0.9170472621917723,0,B10999,B01238
6419,0.9170467853546144,0,B02178,B00934
6420,0.917046308517456,0,B13798,B06506
6421,0.9170424938201904,0,B09614,B03139
6422,0.9170395731925964,0,B12189,B00146
6423,0.9170314073562622,0,B01654,B05600
6424,0.9170194864273072,0,B11288,B04953
6425,0.917017102241516,0,B09401,B05467
6426,0.9170153737068176,0,B07653,B05706
6427,0.9170056581497192,0,B13353,B02240
6428,0.917003333568573,0,B10399,B02240
6429,0.9169999957084656,0,B01573,B02240
6430,0.9169955253601074,0,B09170,B02240
6431,0.9169917106628418,0,B03854,B06506
6432,0.9169877767562866,0,B07615,B02240
6433,0.9169729948043824,0,B05897,B03125
6434,0.9169729948043824,0,B11004,B03125
6435,0.9169721007347108,0,B07907,B07160
6436,0.9169683456420898,0,B03579,B00146
6437,0.9169666171073914,0,B12593,B02026
6438,0.916963756084442,0,B06020,B06506
6439,0.916962742805481,0,B05383,B05706
6440,0.916954517364502,0,B02584,B04654
6441,0.916954219341278,0,B02151,B02240
6442,0.916948139667511,0,B09423,B00146
6443,0.9169478416442872,0,B02401,B02240
6444,0.9169458746910096,0,B09474,B12194
6445,0.91693115234375,0,B05097,B04744
6446,0.9169309139251708,0,B01323,B03125
6447,0.9169259071350098,0,B07033,B02240
6448,0.9169257283210754,0,B07040,B05467
6449,0.916922926902771,0,B12658,B00724
6450,0.916917622089386,0,B10084,B04953
6451,0.9169071912765504,0,B05320,B06506
6452,0.9169066548347472,0,B01271,B04654
6453,0.9169040322303772,0,B08234,B06506
6454,0.916897714138031,0,B14130,B10200
6455,0.9168946146965028,0,B03613,B05345
6456,0.9168941974639891,0,B06045,B04953
6457,0.9168907403945924,0,B06406,B11529
6458,0.9168903827667236,0,B02604,B03125
6459,0.9168875813484192,0,B07295,B03777
6460,0.9168819189071656,0,B05277,B04654
6461,0.9168789982795716,0,B13702,B05923
6462,0.9168761372566224,0,B06165,B07160
6463,0.9168747067451476,0,B08895,B05706
6464,0.9168745279312134,0,B04427,B03125
6465,0.9168738722801208,0,B13050,B11529
6466,0.9168640375137328,0,B05981,B04744
6467,0.9168624877929688,0,B01189,B06506
6468,0.9168621301651,0,B08399,B03139
6469,0.9168596863746644,0,B08829,B10200
6470,0.9168571829795836,0,B09960,B02026
6471,0.9168487191200256,0,B02209,B02240
6472,0.9168465733528136,0,B07340,B03125
6473,0.9168440699577332,0,B04951,B02026
6474,0.916836678981781,0,B10707,B00229
6475,0.9168357849121094,0,B04384,B05706
6476,0.9168355464935304,0,B01082,B05467
6477,0.9168322086334229,0,B11941,B00229
6478,0.916830837726593,0,B10802,B02240
6479,0.9168224930763244,0,B11470,B02240
6480,0.9168221354484558,0,B03584,B06506
6481,0.916820764541626,0,B09730,B07205
6482,0.9168193340301514,0,B06424,B03125
6483,0.9168152809143066,0,B02857,B04744
6484,0.9168113470077516,0,B03393,B04953
6485,0.9168096780776978,0,B12882,B03180
6486,0.9168006777763368,0,B11043,B05706
6487,0.9167976379394532,0,B01245,B06506
6488,0.9167953729629515,0,B01480,B05467
6489,0.9167937636375428,0,B10656,B02240
6490,0.9167895317077636,0,B04597,B02240
6491,0.9167887568473816,0,B06316,B02026
6492,0.9167808294296264,0,B13357,B12194
6493,0.9167754650115968,0,B02929,B06506
6494,0.916775107383728,0,B13304,B05706
6495,0.9167713522911072,0,B04032,B00095
6496,0.9167686700820924,0,B09358,B03139
6497,0.9167585372924804,0,B06967,B07160
6498,0.9167453646659852,0,B00497,B03139
6499,0.9167450070381165,0,B02369,B03125
6500,0.9167444109916688,0,B09934,B00095
6501,0.9167386293411256,0,B11705,B04744
6502,0.9167336225509644,0,B07696,B03125
6503,0.9167333841323853,0,B05326,B00095
6504,0.9167300462722778,0,B01591,B00724
6505,0.9167287945747375,0,B12629,B13549
6506,0.916715681552887,0,B12335,B06506
6507,0.916712522506714,0,B05377,B00146
6508,0.9167118072509766,0,B05950,B06506
6509,0.9167085886001588,0,B04053,B05706
6510,0.9167080521583556,0,B09569,B01481
6511,0.9167072772979736,0,B06168,B01067
6512,0.91670560836792,0,B06818,B11032
6513,0.9167046546936036,0,B10408,B06506
6514,0.9167025685310364,0,B06683,B04953
6515,0.9166884422302246,0,B00880,B06343
6516,0.9166849851608276,0,B01700,B02240
6517,0.9166806936264038,0,B04447,B03125
6518,0.9166804552078248,0,B03843,B06506
6519,0.916677713394165,0,B02145,B06506
6520,0.9166755676269532,0,B01712,B03125
6521,0.9166730046272278,0,B06517,B06506
6522,0.9166725873947144,0,B06629,B06506
6523,0.9166697263717652,0,B07284,B01796
6524,0.9166677594184875,0,B00721,B00536
6525,0.9166637063026428,0,B01423,B02240
6526,0.9166603088378906,0,B08727,B10200
6527,0.9166598916053772,0,B01832,B01238
6528,0.9166561961174012,0,B07557,B02630
6529,0.9166547060012816,0,B05014,B06506
6530,0.9166540503501892,0,B02447,B05467
6531,0.91665118932724,0,B10170,B06506
6532,0.9166475534439088,0,B00877,B05706
6533,0.9166426062583924,0,B13976,B02240
6534,0.9166421890258788,0,B03971,B01238
6535,0.9166226387023926,0,B13650,B12194
6536,0.9166222214698792,0,B09368,B03139
6537,0.9166200757026672,0,B04340,B03139
6538,0.9165939688682556,0,B04941,B03125
6539,0.916581094264984,0,B02353,B10200
6540,0.9165785908699036,0,B06292,B04744
6541,0.916575253009796,0,B12607,B02240
6542,0.91655695438385,0,B10674,B03125
6543,0.9165566563606262,0,B12113,B02240
6544,0.9165548086166382,0,B01794,B05467
6545,0.9165537357330322,0,B05456,B02240
6546,0.916553556919098,0,B08457,B03125
6547,0.9165491461753844,0,B12177,B02026
6548,0.916545271873474,0,B09274,B06506
6549,0.9165424108505248,0,B00238,B02240
6550,0.916540026664734,0,B11049,B10089
6551,0.9165393710136414,0,B03281,B12194
6552,0.91653710603714,0,B10955,B06506
6553,0.916528344154358,0,B10958,B05467
6554,0.9165241718292236,0,B13936,B02240
6555,0.9165210723876952,0,B06501,B05923
6556,0.916518211364746,0,B01577,B03125
6557,0.9165173172950744,0,B00803,B04654
6558,0.9165130257606506,0,B03249,B01481
6559,0.9165130257606506,0,B05879,B03125
6560,0.9165124893188475,0,B03195,B03139
6561,0.9165122509002686,0,B02982,B02240
6562,0.9165120124816896,0,B12773,B02240
6563,0.9165098071098328,0,B10778,B06506
6564,0.9165019989013672,0,B11208,B02240
6565,0.9164992570877076,0,B12028,B05467
6566,0.9164947867393494,0,B07464,B03139
6567,0.9164937734603882,0,B00082,B02240
6568,0.9164918065071106,0,B13849,B11699
6569,0.9164912700653076,0,B12439,B03125
6570,0.9164887070655824,0,B04353,B02240
6571,0.9164870977401732,0,B00676,B02240
6572,0.916470229625702,0,B02290,B03139
6573,0.9164641499519348,0,B08156,B03125
6574,0.9164555668830872,0,B12142,B06506
6575,0.9164531230926514,0,B00677,B10089
6576,0.9164527654647828,0,B08296,B05467
6577,0.9164515137672424,0,B02124,B06506
6578,0.9164336323738098,0,B06097,B06506
6579,0.9164326786994934,0,B01367,B01934
6580,0.916430413722992,0,B01878,B02240
6581,0.91642826795578,0,B05567,B06506
6582,0.9164270162582396,0,B09299,B10200
6583,0.9163970351219176,0,B04100,B03125
6584,0.9163938760757446,0,B02129,B02240
6585,0.916390895843506,0,B05700,B07160
6586,0.916390061378479,0,B11611,B12194
6587,0.9163894057273864,0,B07313,B03125
6588,0.9163865447044371,0,B11889,B02240
6589,0.9163838028907776,0,B06467,B06506
6590,0.916374683380127,0,B06779,B03139
6591,0.9163736701011658,0,B01759,B03125
6592,0.9163706302642822,0,B11343,B07367
6593,0.9163666367530824,0,B01681,B04953
6594,0.9163640737533568,0,B07546,B03125
6595,0.9163615703582764,0,B12569,B06506
6596,0.9163548946380616,0,B12315,B02240
6597,0.9163539409637452,0,B10337,B04953
6598,0.9163519740104676,0,B03348,B02240
6599,0.916351079940796,0,B12583,B05600
6600,0.916350483894348,0,B02135,B06506
6601,0.916350483894348,0,B10254,B03125
6602,0.916349709033966,0,B04997,B05467
6603,0.916334629058838,0,B00094,B03125
6604,0.9163336753845216,0,B04647,B01481
6605,0.91632878780365,0,B01259,B00724
6606,0.9163219928741456,0,B12197,B00146
6607,0.9163053035736084,0,B09873,B03125
6608,0.9163014888763428,0,B03521,B06506
6609,0.916300892829895,0,B01395,B06192
6610,0.91629958152771,0,B00591,B06506
6611,0.9162963032722472,0,B10407,B06506
6612,0.916291117668152,0,B00135,B05467
6613,0.9162892699241638,0,B02876,B06343
6614,0.9162892699241638,0,B06079,B10200
6615,0.9162870645523072,0,B13234,B02240
6616,0.9162858724594116,0,B13539,B04953
6617,0.9162552952766418,0,B03913,B04953
6618,0.91624915599823,0,B02568,B03125
6619,0.9162455797195436,0,B11596,B02240
6620,0.9162392020225524,0,B06211,B02892
6621,0.916236400604248,0,B08900,B02240
6622,0.9162347316741944,0,B00370,B05467
6623,0.9162262082099916,0,B02367,B03139
6624,0.916222095489502,0,B00391,B03139
6625,0.9162219762802124,0,B04245,B01238
6626,0.916220724582672,0,B03001,B02240
6627,0.9162197709083556,0,B06400,B02026
6628,0.9162195920944214,0,B01172,B03139
6629,0.9162189960479736,0,B07613,B07160
6630,0.9162165522575378,0,B04489,B02240
6631,0.9162142872810364,0,B12214,B05600
6632,0.9162068367004396,0,B10637,B00724
6633,0.916206419467926,0,B03031,B06506
6634,0.9162042140960692,0,B00630,B01934
6635,0.9161960482597352,0,B05085,B00146
6636,0.9161938428878784,0,B07643,B06506
6637,0.9161922931671144,0,B12110,B02240
6638,0.91619211435318,0,B13382,B03125
6639,0.9161920547485352,0,B06366,B03125
6640,0.9161897897720336,0,B03431,B06192
6641,0.9161819219589232,0,B09807,B01831
6642,0.916181743144989,0,B08989,B04953
6643,0.916179656982422,0,B03137,B05706
6644,0.916178822517395,0,B12852,B03125
6645,0.9161744117736816,0,B10951,B04953
6646,0.9161737561225892,0,B03039,B03139
6647,0.9161728620529176,0,B02614,B02240
6648,0.9161658883094788,0,B01451,B05467
6649,0.9161611795425416,0,B05850,B13549
6650,0.9161568880081176,0,B04168,B05706
6651,0.9161498546600342,0,B12423,B02026
6652,0.9161429405212402,0,B06173,B03125
6653,0.9161407947540284,0,B00633,B03125
6654,0.9161332845687866,0,B10491,B11032
6655,0.9161325097084044,0,B07501,B04744
6656,0.9161238074302672,0,B13621,B06506
6657,0.9161236882209778,0,B04868,B06506
6658,0.916117787361145,0,B07873,B02240
6659,0.916111171245575,0,B00882,B10640
6660,0.9160984754562378,0,B09237,B06192
6661,0.9160941243171692,0,B06880,B12194
6662,0.9160939455032348,0,B06930,B00146
6663,0.9160850048065186,0,B04452,B12194
6664,0.9160747528076172,0,B09679,B06506
6665,0.916073441505432,0,B09881,B02892
6666,0.9160722494125366,0,B07100,B02240
6667,0.9160716533660888,0,B11067,B06506
6668,0.91607004404068,0,B07306,B03125
6669,0.9160647988319396,0,B11657,B11699
6670,0.9160645604133606,0,B07252,B04953
6671,0.9160600900650024,0,B05922,B05706
6672,0.9160526990890504,0,B13836,B06506
6673,0.9160519242286682,0,B01315,B01934
6674,0.9160516858100892,0,B14329,B02240
6675,0.9160504937171936,0,B09857,B00095
6676,0.9160466194152832,0,B10930,B05467
6677,0.9160419702529908,0,B08530,B06506
6678,0.9160341024398804,0,B01651,B04953
6679,0.9160298705101012,0,B11253,B12194
6680,0.9160292744636536,0,B05189,B03125
6681,0.9160152077674866,0,B00754,B04811
6682,0.9160136580467224,0,B03496,B06506
6683,0.9160016775131226,0,B13478,B10200
6684,0.9159972071647644,0,B12274,B05600
6685,0.9159969091415404,0,B07946,B05467
6686,0.9159910082817078,0,B02732,B06506
6687,0.9159883260726928,0,B10112,B01831
6688,0.9159836769104004,0,B00420,B05706
6689,0.915978729724884,0,B06367,B03139
6690,0.9159746170043944,0,B06525,B01934
6691,0.9159744381904602,0,B01544,B03125
6692,0.915968418121338,0,B02555,B03125
6693,0.9159682989120485,0,B10257,B07160
6694,0.9159677624702454,0,B00588,B02240
6695,0.9159622192382812,0,B05762,B00934
6696,0.9159558415412904,0,B03621,B06506
6697,0.9159521460533142,0,B09852,B06506
6698,0.9159517884254456,0,B00929,B02240
6699,0.9159469604492188,0,B07585,B00536
6700,0.9159444570541382,0,B07061,B06192
6701,0.915942132472992,0,B03749,B03125
6702,0.9159389734268188,0,B09904,B05706
6703,0.9159315824508668,0,B04210,B05467
6704,0.915928304195404,0,B03012,B02240
6705,0.9159263372421264,0,B10080,B07160
6706,0.915919542312622,0,B07559,B03125
6707,0.9159179329872132,0,B13061,B12194
6708,0.9159177541732788,0,B12927,B02240
6709,0.9159176349639891,0,B00026,B00724
6710,0.9159044027328492,0,B00292,B03139
6711,0.9158919453620912,0,B08075,B10089
6712,0.9158918857574464,0,B02566,B03125
6713,0.9158894419670104,0,B14173,B06506
6714,0.9158893823623656,0,B00719,B03139
6715,0.9158887267112732,0,B11404,B11699
6716,0.9158881306648254,0,B12281,B00934
6717,0.9158849716186525,0,B11810,B01067
6718,0.9158841967582704,0,B13311,B02240
6719,0.9158812761306764,0,B04001,B06506
6720,0.9158762097358704,0,B13117,B01796
6721,0.9158755540847778,0,B06180,B03139
6722,0.9158734679222108,0,B04200,B02240
6723,0.9158676862716676,0,B04313,B00724
6724,0.915863573551178,0,B09292,B04744
6725,0.915856957435608,0,B06236,B03139
6726,0.9158554077148438,0,B04614,B06192
6727,0.9158549904823304,0,B07337,B05706
6728,0.9158480763435364,0,B04807,B11529
6729,0.9158472418785096,0,B03302,B07160
6730,0.9158464670181274,0,B14091,B12194
6731,0.9158440828323364,0,B09180,B11699
6732,0.9158435463905334,0,B02621,B09441
6733,0.9158344268798828,0,B12079,B07160
6734,0.9158315658569336,0,B12022,B00229
6735,0.9158313870429992,0,B01782,B03125
6736,0.9158309102058412,0,B11266,B03139
6737,0.9158294200897216,0,B07937,B13549
6738,0.915825128555298,0,B05747,B04811
6739,0.9158181548118592,0,B03616,B07160
6740,0.9158148169517516,0,B12757,B06506
6741,0.9158146977424622,0,B02536,B02240
6742,0.9158127307891846,0,B06800,B13549
6743,0.915812611579895,0,B00975,B07878
6744,0.915810763835907,0,B02702,B02240
6745,0.915809690952301,0,B04295,B02892
6746,0.9158092737197876,0,B13014,B13549
6747,0.9158086180686952,0,B11231,B13549
6748,0.9158058166503906,0,B04898,B05706
6749,0.9158004522323608,0,B00822,B12194
6750,0.9157978892326356,0,B12287,B05706
6751,0.9157942533493042,0,B10913,B00095
6752,0.915789783000946,0,B06147,B06192
6753,0.9157863855361938,0,B07987,B05706
6754,0.9157837629318236,0,B08940,B03125
6755,0.9157834649086,0,B05786,B05706
6756,0.9157800674438475,0,B03620,B06506
6757,0.9157772064208984,0,B02155,B13549
6758,0.9157763719558716,0,B05443,B07205
6759,0.9157703518867492,0,B12087,B03139
6760,0.91575825214386,0,B01471,B04811
6761,0.9157574772834778,0,B07700,B02240
6762,0.9157558679580688,0,B02725,B06506
6763,0.9157537221908568,0,B05845,B06343
6764,0.9157489538192748,0,B09251,B04654
6765,0.9157348275184632,0,B06555,B03139
6766,0.9157328009605408,0,B07086,B03125
6767,0.9157294631004332,0,B06680,B04953
6768,0.915720760822296,0,B04935,B03125
6769,0.915719985961914,0,B08928,B03139
6770,0.915719509124756,0,B11350,B06506
6771,0.9157129526138306,0,B10061,B06192
6772,0.9157117605209352,0,B00998,B06506
6773,0.915704071521759,0,B14008,B12194
6774,0.915700376033783,0,B07580,B01934
6775,0.9156962037086488,0,B10994,B06506
6776,0.9156951904296876,0,B02116,B04744
6777,0.9156922698020936,0,B02710,B05706
6778,0.9156839847564696,0,B01183,B05706
6779,0.9156829118728638,0,B00455,B00724
6780,0.9156816601753236,0,B01771,B03139
6781,0.915681540966034,0,B02000,B00536
6782,0.9156792163848876,0,B07936,B13549
6783,0.9156718254089355,0,B07209,B03139
6784,0.915671706199646,0,B12100,B05706
6785,0.9156649708747864,0,B09008,B04953
6786,0.9156616926193236,0,B02576,B03125
6787,0.9156609773635864,0,B11393,B12194
6788,0.9156606793403624,0,B01292,B09245
6789,0.915655791759491,0,B01070,B06506
6790,0.9156495332717896,0,B09448,B04744
6791,0.9156462550163268,0,B13841,B02240
6792,0.9156423807144164,0,B03528,B06506
6793,0.9156417846679688,0,B13988,B02240
6794,0.915634274482727,0,B01513,B05706
6795,0.9156224727630616,0,B05592,B02240
6796,0.9156216979026794,0,B09572,B03125
6797,0.9156200885772704,0,B07088,B03139
6798,0.9156187772750854,0,B05421,B04953
6799,0.9156142473220824,0,B11086,B07429
6800,0.9156133532524108,0,B07006,B00146
6801,0.9156129956245422,0,B02673,B05467
6802,0.9156110286712646,0,B13506,B02240
6803,0.91561096906662,0,B03919,B02240
6804,0.9156104922294616,0,B13295,B04953
6805,0.9156063199043274,0,B07661,B01831
6806,0.9156030416488647,0,B13922,B03125
6807,0.9156028032302856,0,B03790,B03139
6808,0.9156028032302856,0,B05572,B00146
6809,0.9155943393707277,0,B00114,B03139
6810,0.9155938029289246,0,B04664,B05923
6811,0.9155929088592528,0,B11106,B03125
6812,0.915590524673462,0,B09329,B12194
6813,0.91558575630188,0,B07409,B01831
6814,0.91558176279068,0,B06641,B06192
6815,0.9155793786048888,0,B09622,B02026
6816,0.915578544139862,0,B08824,B06506
6817,0.9155753254890442,0,B11056,B12194
6818,0.915571391582489,0,B02926,B05706
6819,0.9155706763267516,0,B06148,B05600
6820,0.9155592918395996,0,B10984,B03139
6821,0.9155585765838624,0,B04400,B05600
6822,0.9155542850494384,0,B09944,B04744
6823,0.9155467748641968,0,B06181,B06506
6824,0.9155465364456176,0,B09308,B03125
6825,0.9155457019805908,0,B13085,B02026
6826,0.9155431389808656,0,B01756,B05706
6827,0.9155415892601012,0,B09620,B00146
6828,0.9155415296554564,0,B14141,B02026
6829,0.9155405163764954,0,B00456,B05467
6830,0.915540337562561,0,B12010,B02240
6831,0.9155380725860596,0,B05521,B05467
6832,0.915535569190979,0,B02629,B03125
6833,0.9155318737030028,0,B01979,B00229
6834,0.9155307412147522,0,B04762,B04953
6835,0.915525197982788,0,B01780,B05706
6836,0.915523886680603,0,B13990,B02026
6837,0.9155234098434448,0,B05280,B03139
6838,0.915513038635254,0,B00096,B06506
6839,0.9155114889144896,0,B14035,B00229
6840,0.9155105352401732,0,B04869,B06506
6841,0.9155051708221436,0,B12027,B02240
6842,0.9155045747756958,0,B05509,B00229
6843,0.9155040979385376,0,B08623,B04811
6844,0.9155035018920898,0,B02947,B04744
6845,0.9154954552650452,0,B03505,B05467
6846,0.9154930114746094,0,B03543,B05600
6847,0.9154921174049376,0,B12795,B02240
6848,0.9154882431030272,0,B03551,B02240
6849,0.9154845476150512,0,B01580,B06506
6850,0.9154843688011168,0,B02588,B07160
6851,0.9154757261276244,0,B01414,B05706
6852,0.915471076965332,0,B02746,B03139
6853,0.9154692888259888,0,B09198,B06506
6854,0.915467381477356,0,B08576,B02240
6855,0.915463924407959,0,B00671,B00146
6856,0.915459394454956,0,B03786,B02240
6857,0.9154590368270874,0,B05492,B03139
6858,0.9154589772224426,0,B06376,B10200
6859,0.9154503345489502,0,B08716,B04744
6860,0.9154499769210817,0,B10392,B02892
6861,0.9154456257820128,0,B14196,B05600
6862,0.915444552898407,0,B10944,B03125
6863,0.9154444932937622,0,B04628,B04953
6864,0.9154436588287354,0,B10490,B05600
6865,0.9154419898986816,0,B03319,B06343
6866,0.915439248085022,0,B08322,B06506
6867,0.9154372811317444,0,B02615,B00934
6868,0.9154368042945862,0,B09118,B03125
6869,0.9154314994812012,0,B08936,B04811
6870,0.9154311418533324,0,B10499,B04953
6871,0.9154292345046996,0,B12105,B12194
6872,0.915425419807434,0,B02580,B03125
6873,0.915420413017273,0,B04570,B06506
6874,0.9154117107391356,0,B00343,B06506
6875,0.9154073596000672,0,B10334,B04953
6876,0.9154056310653688,0,B03765,B02240
6877,0.9154050350189208,0,B06950,B04953
6878,0.915399432182312,0,B07831,B10640
6879,0.9153990745544434,0,B09952,B00146
6880,0.915398359298706,0,B05524,B01831
6881,0.9153923392295836,0,B07650,B02240
6882,0.9153878092765808,0,B10230,B02240
6883,0.9153876900672911,0,B09860,B03125
6884,0.915385603904724,0,B10481,B06506
6885,0.915381908416748,0,B13641,B00146
6886,0.9153792262077332,0,B02693,B00146
6887,0.9153791666030884,0,B08528,B10089
6888,0.915373682975769,0,B06470,B06506
6889,0.9153714179992676,0,B01863,B01934
6890,0.9153653979301452,0,B12646,B05706
6891,0.9153583645820618,0,B00134,B02240
6892,0.9153562784194946,0,B04129,B04953
6893,0.9153540134429932,0,B12631,B02026
6894,0.9153457880020142,0,B00800,B00229
6895,0.91534423828125,0,B08603,B10089
6896,0.91534423828125,0,B13146,B13549
6897,0.9153431057929992,0,B11970,B02240
6898,0.9153425693511964,0,B03761,B04811
6899,0.9153395891189576,0,B07257,B03139
6900,0.9153375029563904,0,B12536,B12194
6901,0.915333926677704,0,B02821,B02240
6902,0.915330410003662,0,B13935,B07429
6903,0.915321946144104,0,B05931,B05467
6904,0.9153168201446532,0,B08609,B03125
6905,0.9153143763542176,0,B11645,B01934
6906,0.9153131246566772,0,B01350,B05600
6907,0.9153109192848206,0,B02596,B01238
6908,0.9153004884719848,0,B09638,B02240
6909,0.915299355983734,0,B12555,B06506
6910,0.9152941703796388,0,B12167,B00934
6911,0.9152932167053224,0,B08629,B03125
6912,0.915291965007782,0,B01814,B02892
6913,0.9152915477752686,0,B08142,B03139
6914,0.9152908325195312,0,B02633,B03125
6915,0.915282905101776,0,B04593,B01934
6916,0.9152809381484984,0,B07106,B05600
6917,0.9152712821960448,0,B00037,B05706
6918,0.9152625203132628,0,B06494,B06506
6919,0.9152613878250122,0,B02117,B07367
6920,0.9152607917785645,0,B07906,B04744
6921,0.915256917476654,0,B06415,B06506
6922,0.9152520895004272,0,B02883,B02240
6923,0.9152517914772034,0,B08187,B04953
6924,0.91525000333786,0,B00578,B02240
6925,0.9152498245239258,0,B06743,B03125
6926,0.9152488112449646,0,B09665,B06506
6927,0.9152482151985168,0,B03084,B05706
6928,0.915245532989502,0,B10853,B02240
6929,0.9152442812919616,0,B03328,B03125
6930,0.9152432680130004,0,B11289,B13549
6931,0.915234923362732,0,B04110,B06506
6932,0.9152317643165588,0,B06653,B12194
6933,0.9152308702468872,0,B02174,B02240
6934,0.9152284860610962,0,B13912,B10200
6935,0.915225386619568,0,B08809,B05467
6936,0.9152238368988036,0,B02796,B01067
6937,0.9152201414108276,0,B00259,B05706
6938,0.9152188897132874,0,B03330,B03125
6939,0.9152183532714844,0,B08370,B04744
6940,0.9152174592018129,0,B01657,B00095
6941,0.9152172207832336,0,B06114,B07878
6942,0.9152053594589232,0,B08605,B07367
6943,0.9151970148086548,0,B11796,B05706
6944,0.915194034576416,0,B14036,B05706
6945,0.9151862263679504,0,B13381,B02240
6946,0.9151792526245116,0,B06638,B06506
6947,0.9151671528816224,0,B02428,B01238
6948,0.9151594638824464,0,B02913,B01238
6949,0.9151573181152344,0,B11466,B05706
6950,0.9151571989059448,0,B09774,B06506
6951,0.9151553511619568,0,B06903,B07205
6952,0.9151524305343628,0,B07179,B06506
6953,0.9151444435119628,0,B00400,B00934
6954,0.9151438474655152,0,B01966,B02240
6955,0.9151408672332764,0,B01328,B03139
6956,0.915132701396942,0,B11395,B00229
6957,0.9151301980018616,0,B07536,B09441
6958,0.915129780769348,0,B08779,B06506
6959,0.9151281714439392,0,B02628,B06343
6960,0.9151105880737304,0,B01156,B05467
6961,0.915106236934662,0,B01936,B11699
6962,0.915106236934662,0,B01937,B11699
6963,0.915102243423462,0,B07600,B05467
6964,0.9150952100753784,0,B02421,B09441
6965,0.9150949120521544,0,B04977,B00934
6966,0.9150912761688232,0,B11052,B03139
6967,0.9150841236114502,0,B01088,B06506
6968,0.915081262588501,0,B03631,B00095
6969,0.9150723814964294,0,B03731,B01481
6970,0.9150630235671996,0,B09784,B04953
6971,0.9150623083114624,0,B13334,B02026
6972,0.91505765914917,0,B08190,B06506
6973,0.9150421619415284,0,B09090,B06343
6974,0.9150409698486328,0,B06524,B05706
6975,0.915038764476776,0,B13279,B07429
6976,0.9150376319885254,0,B07756,B03125
6977,0.9150356650352478,0,B08461,B05706
6978,0.9150209426879884,0,B05217,B02240
6979,0.915019392967224,0,B03707,B06506
6980,0.9150171279907228,0,B05017,B06506
6981,0.915008306503296,0,B12656,B05600
6982,0.9150057435035706,0,B02515,B06506
6983,0.914999783039093,0,B05504,B02240
6984,0.914998471736908,0,B12950,B06506
6985,0.9149884581565856,0,B03223,B05706
6986,0.9149852991104126,0,B08606,B06506
6987,0.9149786233901978,0,B12929,B12194
6988,0.9149615168571472,0,B11977,B11699
6989,0.91494882106781,0,B04466,B06506
6990,0.9149475693702698,0,B07910,B02240
6991,0.9149439334869384,0,B14118,B07429
6992,0.9149404168128968,0,B08812,B06506
6993,0.9149370193481444,0,B00296,B03139
6994,0.9149261713027954,0,B06420,B06506
6995,0.9149242043495178,0,B07576,B02240
6996,0.9149169921875,0,B01958,B12194
6997,0.9149131774902344,0,B09294,B03125
6998,0.9149066209793092,0,B09494,B12194
6999,0.9149043560028076,0,B02405,B05706
7000,0.9149019122123718,0,B08919,B02026
7001,0.9148995876312256,0,B06176,B03139
7002,0.9148988723754884,0,B08831,B02240
7003,0.9148942232131958,0,B09492,B06506
7004,0.9148901700973512,0,B02269,B03125
7005,0.9148851037025452,0,B00129,B00095
7006,0.9148810505867004,0,B10425,B02240
7007,0.9148569703102112,0,B01454,B01934
7008,0.9148536920547484,0,B05121,B06506
7009,0.9148513674736024,0,B03149,B03139
7010,0.914850890636444,0,B13424,B12194
7011,0.9148367643356324,0,B13055,B03125
7012,0.9148317575454712,0,B02339,B13549
7013,0.9148293733596802,0,B02758,B03139
7014,0.9148261547088624,0,B06195,B03125
7015,0.9148240685462952,0,B01515,B05467
7016,0.9148238897323608,0,B09601,B06192
7017,0.9148184657096864,0,B09252,B04744
7018,0.9148162603378296,0,B09006,B04953
7019,0.9148135781288148,0,B00921,B03125
7020,0.9148104190826416,0,B02055,B06506
7021,0.9148103594779968,0,B05311,B03125
7022,0.9148010015487672,0,B14076,B03125
7023,0.9148003458976746,0,B13033,B05706
7024,0.9148000478744508,0,B11407,B02240
7025,0.9147948026657104,0,B00097,B03139
7026,0.9147922396659852,0,B01635,B06506
7027,0.9147909283638,0,B00121,B02240
7028,0.9147831797599792,0,B05953,B07878
7029,0.9147799015045166,0,B00104,B00095
7030,0.9147762060165404,0,B13568,B12194
7031,0.9147759675979614,0,B09505,B05706
7032,0.9147754311561584,0,B03949,B05706
7033,0.9147742390632628,0,B09238,B00229
7034,0.9147652983665466,0,B11816,B07429
7035,0.9147629737854004,0,B12491,B11699
7036,0.9147613644599916,0,B00393,B03125
7037,0.9147565960884094,0,B12619,B06506
7038,0.9147547483444214,0,B09707,B03139
7039,0.9147493243217468,0,B10129,B01934
7040,0.9147396683692932,0,B06876,B06506
7041,0.9147378206253052,0,B07689,B02240
7042,0.9147321581840516,0,B04141,B07878
7043,0.9147289991378784,0,B12283,B01796
7044,0.9147264361381532,0,B01926,B06506
7045,0.9147253036499025,0,B05439,B06506
7046,0.914723575115204,0,B03238,B03125
7047,0.9147220253944396,0,B03737,B05467
7048,0.9147205948829652,0,B04784,B02240
7049,0.91471266746521,0,B07608,B04744
7050,0.9147017002105712,0,B10290,B03139
7051,0.9146971106529236,0,B01867,B03125
7052,0.9146928787231444,0,B11773,B07429
7053,0.9146892428398132,0,B04909,B06506
7054,0.9146840572357178,0,B11620,B12194
7055,0.914682149887085,0,B04606,B00724
7056,0.9146799445152284,0,B00941,B04744
7057,0.9146783351898192,0,B00352,B03125
7058,0.9146775007247924,0,B06607,B03139
7059,0.9146775007247924,0,B12603,B05467
7060,0.9146757125854492,0,B10521,B00724
7061,0.9146749377250672,0,B00507,B02240
7062,0.9146727919578552,0,B06601,B04744
7063,0.91467022895813,0,B10516,B02026
7064,0.9146673679351808,0,B04473,B06506
7065,0.9146646857261658,0,B10934,B03125
7066,0.9146617650985718,0,B03808,B01645
7067,0.9146592617034912,0,B12146,B00146
7068,0.9146584272384644,0,B03212,B03125
7069,0.914656102657318,0,B03022,B05706
7070,0.9146528244018556,0,B00979,B00724
7071,0.9146455526351928,0,B05102,B05467
7072,0.9146391153335572,0,B00243,B06506
7073,0.9146372079849244,0,B13074,B04953
7074,0.9146281480789183,0,B13112,B06506
7075,0.9146268367767334,0,B14314,B02240
7076,0.9146246910095216,0,B09244,B04744
7077,0.9146221876144408,0,B07076,B06506
7078,0.9146146178245544,0,B06159,B06506
7079,0.91460782289505,0,B00295,B03139
7080,0.9146043658256532,0,B03828,B03125
7081,0.9146028757095336,0,B13474,B10200
7082,0.9146026968955994,0,B04486,B02240
7083,0.914587676525116,0,B03682,B07160
7084,0.914547562599182,0,B05498,B06192
7085,0.9145408868789672,0,B14021,B01796
7086,0.914522111415863,0,B13711,B01238
7087,0.9145174026489258,0,B13388,B11699
7088,0.9145167469978333,0,B13442,B12194
7089,0.914509654045105,0,B04574,B05923
7090,0.9145086407661438,0,B09977,B07160
7091,0.9145051836967468,0,B09875,B02026
7092,0.9145030379295348,0,B01962,B02892
7093,0.9144986867904664,0,B06814,B03125
7094,0.9144979119300842,0,B00853,B02240
7095,0.9144952297210692,0,B00951,B06343
7096,0.9144935011863708,0,B06968,B01831
7097,0.91448974609375,0,B08865,B03125
7098,0.9144896864891052,0,B06340,B03139
7099,0.9144877195358276,0,B07820,B05706
7100,0.9144636392593384,0,B02389,B06506
7101,0.9144613742828368,0,B12780,B06506
7102,0.9144584536552428,0,B00817,B06506
7103,0.9144583344459534,0,B04632,B06506
7104,0.9144580364227296,0,B03542,B01238
7105,0.9144534468650818,0,B03741,B02240
7106,0.9144521951675416,0,B13689,B07429
7107,0.9144445061683656,0,B06409,B06506
7108,0.9144434928894044,0,B10742,B02240
7109,0.9144420027732848,0,B09208,B05706
7110,0.9144367575645448,0,B10082,B11699
7111,0.9144359827041626,0,B00590,B06506
7112,0.9144276976585388,0,B05243,B06506
7113,0.9144232273101808,0,B02436,B03125
7114,0.9144216775894164,0,B03213,B03139
7115,0.9144214391708374,0,B07649,B02892
7116,0.9144167900085448,0,B04677,B13549
7117,0.9144091606140136,0,B08302,B03139
7118,0.9144078493118286,0,B02921,B05467
7119,0.9144014120101928,0,B12487,B02026
7120,0.9143970012664796,0,B12089,B06343
7121,0.914395809173584,0,B01441,B03777
7122,0.9143933057785034,0,B09381,B03125
7123,0.9143897294998168,0,B09487,B06506
7124,0.9143846035003662,0,B11641,B05923
7125,0.9143838882446288,0,B07098,B06506
7126,0.9143825769424438,0,B07773,B06506
7127,0.914381742477417,0,B06894,B06506
7128,0.9143791794776917,0,B07654,B05706
7129,0.914378821849823,0,B12067,B13549
7130,0.9143766164779664,0,B13140,B01796
7131,0.9143707752227784,0,B00108,B06506
7132,0.9143648147583008,0,B01964,B04953
7133,0.914363980293274,0,B02023,B03125
7134,0.914360523223877,0,B06957,B07160
7135,0.9143589735031128,0,B11532,B02240
7136,0.9143503308296204,0,B06070,B10640
7137,0.9143351316452026,0,B09837,B02240
7138,0.9143349528312684,0,B10863,B02240
7139,0.9143317937850952,0,B00949,B03139
7140,0.9143309593200684,0,B07636,B06506
7141,0.9143255949020386,0,B07017,B04953
7142,0.9143165946006776,0,B12264,B10640
7143,0.9143164157867432,0,B07952,B04953
7144,0.9143102169036864,0,B00884,B07367
7145,0.9143055081367492,0,B06341,B02240
7146,0.9143022298812866,0,B07630,B03139
7147,0.9142924547195436,0,B00368,B05467
7148,0.914283037185669,0,B00762,B06506
7149,0.9142804145812988,0,B10467,B06192
7150,0.9142787456512452,0,B02048,B02240
7151,0.9142773151397704,0,B14327,B11699
7152,0.9142703413963318,0,B10030,B05706
7153,0.9142688512802124,0,B12763,B02026
7154,0.9142564535140992,0,B00581,B06506
7155,0.9142564535140992,0,B10142,B02240
7156,0.914254903793335,0,B07561,B06506
7157,0.9142534732818604,0,B04979,B06506
7158,0.9142519235610962,0,B09661,B07160
7159,0.9142495393753052,0,B03530,B05467
7160,0.9142403602600098,0,B13729,B11529
7161,0.9142377972602844,0,B00772,B00146
7162,0.9142369031906128,0,B04072,B03125
7163,0.9142364263534546,0,B11227,B07160
7164,0.9142356514930724,0,B01890,B00905
7165,0.9142315983772278,0,B14263,B12194
7166,0.9142299890518188,0,B06440,B06192
7167,0.9142298102378844,0,B02901,B05706
7168,0.9142295122146606,0,B01541,B03125
7169,0.9142258167266846,0,B13023,B13549
7170,0.9142249226570128,0,B04561,B13549
7171,0.9142234325408936,0,B05084,B06506
7172,0.9142209887504578,0,B10833,B00229
7173,0.914220690727234,0,B02272,B06506
7174,0.914220094680786,0,B13920,B01067
7175,0.9142159819602966,0,B00815,B10089
7176,0.9142129421234132,0,B07497,B01481
7177,0.914212167263031,0,B01646,B00724
7178,0.9142076969146729,0,B13005,B06506
7179,0.9142075777053832,0,B10065,B00095
7180,0.9142061471939088,0,B08044,B05706
7181,0.914204716682434,0,B08380,B03139
7182,0.9142041802406312,0,B06719,B07160
7183,0.9142026901245116,0,B05684,B03125
7184,0.9142022132873536,0,B06167,B01238
7185,0.9141995310783386,0,B04713,B06506
7186,0.914177417755127,0,B07904,B00095
7187,0.9141623973846436,0,B03523,B04953
7188,0.9141620993614196,0,B01361,B03125
7189,0.914161503314972,0,B14178,B01796
7190,0.9141375422477722,0,B03340,B03125
7191,0.9141368865966796,0,B14159,B02240
7192,0.914136290550232,0,B08378,B02240
7193,0.9141343235969543,0,B03415,B05706
7194,0.914133846759796,0,B05794,B05467
7195,0.9141321778297424,0,B00040,B03139
7196,0.9141252040863036,0,B05555,B00229
7197,0.9141215682029724,0,B08615,B00146
7198,0.9141162633895874,0,B06563,B07429
7199,0.9141126871109008,0,B01398,B02240
7200,0.9141109585762024,0,B07538,B02892
7201,0.914108157157898,0,B13551,B13549
7202,0.9141069650650024,0,B02827,B10200
7203,0.9141030311584472,0,B05281,B07429
7204,0.9141014814376832,0,B01512,B05706
7205,0.9141002297401428,0,B10378,B07160
7206,0.914096176624298,0,B00395,B06506
7207,0.91409432888031,0,B05445,B02240
7208,0.9140904545783995,0,B08124,B05467
7209,0.9140883684158324,0,B08877,B06343
7210,0.9140877723693848,0,B10760,B05467
7211,0.914085865020752,0,B11437,B12194
7212,0.91408371925354,0,B13065,B05600
7213,0.914081871509552,0,B03915,B05467
7214,0.9140777587890624,0,B00763,B13549
7215,0.9140686988830566,0,B01675,B06506
7216,0.9140686988830566,0,B05201,B11699
7217,0.9140668511390686,0,B06755,B03125
7218,0.9140649437904358,0,B07240,B04953
7219,0.9140621423721312,0,B00011,B05706
7220,0.9140616059303284,0,B10177,B06506
7221,0.9140574932098388,0,B12265,B06506
7222,0.9140558242797852,0,B02519,B06506
7223,0.9140523672103882,0,B08889,B03125
7224,0.9140400886535645,0,B12504,B13549
7225,0.9140308499336244,0,B13121,B02026
7226,0.9140305519104004,0,B06997,B06192
7227,0.9140304923057556,0,B08776,B02026
7228,0.9140233993530272,0,B03059,B09441
7229,0.9140194058418274,0,B10950,B09245
7230,0.9140121936798096,0,B01508,B02026
7231,0.9140060544013976,0,B05544,B00095
7232,0.9140058755874634,0,B12501,B05706
7233,0.9139976501464844,0,B06661,B05706
7234,0.913996398448944,0,B08186,B13549
7235,0.9139932990074158,0,B10527,B03125
7236,0.9139887690544128,0,B13706,B11699
7237,0.9139854311943054,0,B04321,B02025
7238,0.9139833450317384,0,B08227,B03125
7239,0.913976550102234,0,B10746,B12194
7240,0.9139623641967772,0,B05091,B02240
7241,0.913957953453064,0,B05741,B13549
7242,0.9139550924301147,0,B01334,B05706
7243,0.9139516353607178,0,B12152,B07429
7244,0.9139422178268432,0,B11536,B03139
7245,0.9139254689216614,0,B11491,B00146
7246,0.9139238595962524,0,B12149,B05706
7247,0.9139233827590942,0,B10721,B05600
7248,0.9139204621315002,0,B06951,B13549
7249,0.9139175415039062,0,B08101,B06506
7250,0.9139081835746764,0,B14212,B05706
7251,0.9139062166213988,0,B05165,B05706
7252,0.9139044284820556,0,B13339,B05706
7253,0.9138951897621156,0,B01540,B05467
7254,0.9138945937156676,0,B12769,B05923
7255,0.913893461227417,0,B00233,B02025
7256,0.9138904809951782,0,B01365,B02240
7257,0.913885235786438,0,B09373,B03139
7258,0.913880169391632,0,B03784,B06506
7259,0.9138792753219604,0,B13884,B02240
7260,0.913872003555298,0,B02283,B03125
7261,0.9138635396957396,0,B13657,B12194
7262,0.913860559463501,0,B01027,B03125
7263,0.913852334022522,0,B05716,B03125
7264,0.9138514995574952,0,B12138,B06506
7265,0.9138485789299012,0,B06348,B06343
7266,0.9138481616973876,0,B11577,B04953
7267,0.9138413667678832,0,B05874,B06506
7268,0.9138375520706176,0,B11188,B00095
7269,0.9138343334197998,0,B07539,B05706
7270,0.91383296251297,0,B10978,B05706
7271,0.913831114768982,0,B11329,B05600
7272,0.9138181209564208,0,B09905,B06506
7273,0.9138081073760986,0,B00036,B05706
7274,0.913807451725006,0,B04039,B05600
7275,0.9137958884239196,0,B13488,B12194
7276,0.9137930274009703,0,B04453,B11699
7277,0.9137898683547974,0,B02265,B05706
7278,0.913771629333496,0,B00919,B02240
7279,0.9137572050094604,0,B11583,B05706
7280,0.9137508869171144,0,B12461,B07160
7281,0.9137498140335084,0,B02699,B06506
7282,0.913746178150177,0,B14254,B02240
7283,0.9137443900108336,0,B08198,B06506
7284,0.9137433767318726,0,B09371,B05600
7285,0.9137418866157532,0,B09323,B05706
7286,0.9137417674064636,0,B05833,B00724
7287,0.913732647895813,0,B06502,B00229
7288,0.9137259125709534,0,B05699,B03125
7289,0.9137165546417236,0,B03005,B00146
7290,0.9137150049209596,0,B05715,B03139
7291,0.913713812828064,0,B02219,B04744
7292,0.9137023687362672,0,B08788,B05706
7293,0.913701057434082,0,B13118,B00724
7294,0.9136993885040284,0,B04873,B00146
7295,0.9136782288551332,0,B07256,B03139
7296,0.9136771559715272,0,B01816,B04744
7297,0.913671612739563,0,B02319,B03139
7298,0.9136703610420228,0,B04373,B13549
7299,0.9136672019958496,0,B06477,B05706
7300,0.9136637449264526,0,B06737,B06192
7301,0.9136602878570556,0,B02522,B03139
7302,0.913657248020172,0,B05914,B06506
7303,0.9136492013931274,0,B08880,B02240
7304,0.91364586353302,0,B08147,B05467
7305,0.9136441946029664,0,B11371,B12194
7306,0.9136416912078856,0,B04399,B04744
7307,0.9136275053024292,0,B06627,B00146
7308,0.9136258959770204,0,B09743,B03125
7309,0.913618803024292,0,B08562,B05467
7310,0.9136172533035278,0,B03478,B02026
7311,0.913615345954895,0,B01416,B03139
7312,0.913603663444519,0,B13485,B03125
7313,0.9136021733283995,0,B06909,B05706
7314,0.9136008620262146,0,B04232,B03777
7315,0.9135958552360536,0,B06204,B09441
7316,0.9135933518409728,0,B09677,B04811
7317,0.9135805368423462,0,B09924,B01238
7318,0.9135804176330566,0,B04194,B05706
7319,0.9135701656341552,0,B05510,B06506
7320,0.9135698676109314,0,B06122,B07878
7321,0.9135524034500122,0,B02162,B03777
7322,0.9135519862174988,0,B12072,B05706
7323,0.913545310497284,0,B05463,B06192
7324,0.9135370254516602,0,B09210,B03125
7325,0.9135366678237916,0,B01548,B00146
7326,0.9135338664054872,0,B04005,B02025
7327,0.913525938987732,0,B05223,B06506
7328,0.9135165810585022,0,B01650,B04953
7329,0.913506805896759,0,B11864,B05706
7330,0.913502037525177,0,B11330,B02892
7331,0.913500428199768,0,B05842,B03125
7332,0.9134977459907532,0,B04261,B01831
7333,0.9134863615036012,0,B04709,B01934
7334,0.9134849905967712,0,B06021,B03139
7335,0.9134735465049744,0,B03255,B06506
7336,0.913471221923828,0,B01653,B04953
7337,0.9134705066680908,0,B10513,B04953
7338,0.9134699106216432,0,B02489,B00095
7339,0.913468599319458,0,B00432,B01238
7340,0.913460612297058,0,B08757,B07367
7341,0.9134578108787536,0,B06509,B03139
7342,0.91345477104187,0,B09313,B03139
7343,0.9134547114372252,0,B13633,B01067
7344,0.9134525656700134,0,B02951,B03125
7345,0.9134514331817628,0,B00520,B13549
7346,0.9134509563446044,0,B07950,B02240
7347,0.9134507775306702,0,B11139,B03125
7348,0.913447082042694,0,B07688,B06506
7349,0.913445234298706,0,B00771,B02240
7350,0.913438081741333,0,B06700,B02240
7351,0.9134315252304076,0,B08017,B03125
7352,0.9134312868118286,0,B03381,B02240
7353,0.9134292602539062,0,B09035,B00146
7354,0.9134279489517212,0,B01221,B06506
7355,0.9134275913238524,0,B05569,B01831
7356,0.9134258031845092,0,B02874,B07160
7357,0.9134249687194824,0,B08025,B02240
7358,0.9134156703948976,0,B11701,B06506
7359,0.9134149551391602,0,B04928,B09441
7360,0.9134136438369752,0,B04867,B03139
7361,0.9134079813957214,0,B09653,B02240
7362,0.9134048223495485,0,B03930,B03125
7363,0.913402795791626,0,B02458,B04654
7364,0.9134017825126648,0,B10464,B12194
7365,0.9134005308151244,0,B01216,B00724
7366,0.91339373588562,0,B07244,B03139
7367,0.913393497467041,0,B11246,B03125
7368,0.913392961025238,0,B06188,B03125
7369,0.9133846163749696,0,B05586,B00724
7370,0.9133821725845336,0,B04180,B03139
7371,0.9133803844451904,0,B09805,B02240
7372,0.9133800864219666,0,B09765,B02240
7373,0.9133732914924622,0,B03035,B05706
7374,0.913372814655304,0,B13929,B11699
7375,0.9133701324462892,0,B00916,B06506
7376,0.913369596004486,0,B03030,B05923
7377,0.9133683443069458,0,B01912,B02240
7378,0.9133673906326294,0,B12992,B05600
7379,0.9133649468421936,0,B11430,B05706
7380,0.9133647680282592,0,B11145,B02240
7381,0.9133628010749816,0,B11947,B06506
7382,0.913356602191925,0,B12926,B01796
7383,0.9133510589599608,0,B13314,B13549
7384,0.91334468126297,0,B11496,B02240
7385,0.9133427143096924,0,B09899,B00724
7386,0.9133424758911132,0,B01801,B06506
7387,0.9133371710777284,0,B08351,B02240
7388,0.9133226275444032,0,B12597,B05600
7389,0.9133061170578004,0,B07476,B07160
7390,0.9133032560348512,0,B05499,B05706
7391,0.91330087184906,0,B06044,B04811
7392,0.9132958054542542,0,B04729,B03125
7393,0.9132935404777528,0,B05795,B11529
7394,0.9132900238037108,0,B02979,B03125
7395,0.9132869243621826,0,B09932,B01067
7396,0.91328626871109,0,B10349,B02240
7397,0.9132850170135498,0,B13091,B02026
7398,0.9132754802703856,0,B12551,B01796
7399,0.9132713675498962,0,B09219,B07160
7400,0.9132657647132874,0,B01652,B06506
7401,0.9132600426673888,0,B00509,B03125
7402,0.9132574796676636,0,B05596,B04811
7403,0.913254976272583,0,B06547,B06506
7404,0.9132548570632936,0,B09369,B02240
7405,0.913250207901001,0,B09538,B00536
7406,0.9132485389709472,0,B02896,B06506
7407,0.9132471084594728,0,B05902,B06506
7408,0.91322660446167,0,B13455,B07160
7409,0.9132183790206908,0,B07201,B12194
7410,0.9132171869277954,0,B09692,B13549
7411,0.9132148027420044,0,B09032,B12194
7412,0.9132132530212402,0,B09357,B05467
7413,0.9132118225097656,0,B09627,B01238
7414,0.913209080696106,0,B10268,B05706
7415,0.9132050275802612,0,B09460,B04744
7416,0.9131948351860046,0,B05210,B06192
7417,0.9131898283958436,0,B05301,B06192
7418,0.9131811857223512,0,B13030,B05706
7419,0.913179337978363,0,B05142,B02240
7420,0.9131688475608826,0,B11786,B03125
7421,0.913157284259796,0,B01002,B12194
7422,0.9131448864936828,0,B04558,B05706
7423,0.9131405353546144,0,B00386,B02240
7424,0.9131389260292052,0,B05302,B02025
7425,0.9131380915641784,0,B02469,B03139
7426,0.913136661052704,0,B05829,B04654
7427,0.9131246209144592,0,B12617,B05706
7428,0.9131208062171936,0,B04885,B03139
7429,0.9131181240081788,0,B00084,B05923
7430,0.913111925125122,0,B06063,B06506
7431,0.9131113290786744,0,B06674,B06506
7432,0.9130930304527284,0,B04541,B10089
7433,0.9130926728248596,0,B06593,B03125
7434,0.9130889773368835,0,B04279,B10200
7435,0.9130861163139344,0,B01948,B03125
7436,0.9130849838256836,0,B04395,B03139
7437,0.9130801558494568,0,B05379,B02240
7438,0.9130792617797852,0,B11037,B06506
7439,0.9130781292915344,0,B09196,B03180
7440,0.9130722284317015,0,B09071,B03139
7441,0.9130720496177672,0,B08159,B06192
7442,0.9130643606185912,0,B11382,B07429
7443,0.913063645362854,0,B00883,B05706
7444,0.913044810295105,0,B11782,B02240
7445,0.9130443334579468,0,B02837,B01831
7446,0.9130433797836304,0,B07491,B04744
7447,0.913041055202484,0,B05538,B01238
7448,0.9130382537841796,0,B10235,B06506
7449,0.9130367040634156,0,B01766,B06506
7450,0.9130261540412904,0,B06084,B05600
7451,0.9130064249038696,0,B02216,B00724
7452,0.9130025506019592,0,B05789,B04811
7453,0.9130022525787354,0,B07336,B01796
7454,0.9130001068115234,0,B11696,B05706
7455,0.9129980802536012,0,B08538,B00095
7456,0.9129928350448608,0,B11978,B02240
7457,0.9129884243011476,0,B07484,B02240
7458,0.9129850268363952,0,B05321,B05467
7459,0.9129635095596312,0,B06991,B05706
7460,0.9129624366760254,0,B13492,B05706
7461,0.9129619598388672,0,B00512,B02240
7462,0.912960648536682,0,B11166,B06192
7463,0.9129547476768494,0,B05192,B06506
7464,0.9129500985145568,0,B03231,B03125
7465,0.9129431247711182,0,B02525,B02240
7466,0.9129424095153807,0,B01000,B01934
7467,0.912939429283142,0,B01784,B02892
7468,0.9129327535629272,0,B05548,B03125
7469,0.9129212498664856,0,B05549,B05467
7470,0.9129159450531006,0,B10353,B05706
7471,0.912915825843811,0,B08906,B01934
7472,0.9129153490066528,0,B11698,B01481
7473,0.9129035472869872,0,B02208,B04953
7474,0.9128944873809814,0,B02997,B02240
7475,0.912893295288086,0,B12290,B05600
7476,0.9128917455673218,0,B10445,B02240
7477,0.9128885865211488,0,B01043,B05600
7478,0.9128870368003844,0,B13472,B02026
7479,0.9128813743591307,0,B14097,B02026
7480,0.9128797054290771,0,B08427,B06506
7481,0.9128724336624146,0,B06103,B06506
7482,0.9128713607788086,0,B07721,B06506
7483,0.9128692150115968,0,B08667,B03125
7484,0.9128682017326356,0,B13446,B12194
7485,0.9128651022911072,0,B11926,B10200
7486,0.9128624796867372,0,B08321,B12194
7487,0.9128561615943908,0,B08272,B06506
7488,0.9128458499908448,0,B14108,B12194
7489,0.9128348231315612,0,B01815,B03139
7490,0.9128274321556092,0,B02326,B02240
7491,0.9128262400627136,0,B12020,B06506
7492,0.912824809551239,0,B00758,B13549
7493,0.9128201007843018,0,B05137,B02240
7494,0.912813663482666,0,B06584,B06506
7495,0.9128124713897704,0,B05188,B07878
7496,0.9128086566925048,0,B11348,B01934
7497,0.9128028750419616,0,B10123,B06192
7498,0.912797749042511,0,B08389,B02240
7499,0.9127767086029052,0,B08042,B06506
7500,0.9127747416496276,0,B10293,B06343
7501,0.9127720594406128,0,B06262,B07429
7502,0.9127703905105592,0,B11555,B05706
7503,0.9127660393714904,0,B07785,B06506
7504,0.912764310836792,0,B08540,B02240
7505,0.9127576351165771,0,B04107,B06506
7506,0.9127528667449952,0,B09325,B12194
7507,0.9127516150474548,0,B09195,B03180
7508,0.91274756193161,0,B09275,B02240
7509,0.91273432970047,0,B12507,B05706
7510,0.9127334952354432,0,B01576,B06506
7511,0.9127328395843506,0,B10508,B05600
7512,0.9127299189567566,0,B08402,B03139
7513,0.9127280712127686,0,B04105,B13549
7514,0.912726640701294,0,B05927,B03125
7515,0.9127246141433716,0,B00309,B06506
7516,0.9127240777015686,0,B04256,B12194
7517,0.9127123951911926,0,B11228,B12194
7518,0.9127113223075868,0,B06672,B03125
7519,0.9127074480056764,0,B04535,B10089
7520,0.9127065539360046,0,B05317,B03125
7521,0.9126967787742616,0,B00766,B03139
7522,0.9126928448677064,0,B10543,B00146
7523,0.912690818309784,0,B04933,B02240
7524,0.912688672542572,0,B05241,B02240
7525,0.9126861095428468,0,B01624,B03125
7526,0.9126861095428468,0,B13105,B02240
7527,0.9126854538917542,0,B09003,B03125
7528,0.9126843214035034,0,B06315,B03125
7529,0.9126818776130676,0,B12812,B05706
7530,0.912673830986023,0,B11010,B06343
7531,0.9126734137535096,0,B14039,B03125
7532,0.9126628041267396,0,B06128,B00934
7533,0.9126601219177246,0,B08110,B06343
7534,0.9126559495925904,0,B07312,B01238
7535,0.9126554131507874,0,B11422,B02240
7536,0.912651300430298,0,B01288,B13549
7537,0.9126480221748352,0,B10245,B03125
7538,0.912645936012268,0,B05790,B02026
7539,0.9126449823379515,0,B08996,B04953
7540,0.912639319896698,0,B10253,B07878
7541,0.9126378297805786,0,B10085,B07429
7542,0.9126356840133668,0,B05148,B04744
7543,0.9126311540603638,0,B00228,B02240
7544,0.9126300811767578,0,B12838,B07160
7545,0.9126215577125548,0,B05873,B03139
7546,0.912619948387146,0,B08281,B00229
7547,0.9126182794570924,0,B05254,B00146
7548,0.912616491317749,0,B07762,B07160
7549,0.9126157760620116,0,B02554,B04744
7550,0.9126126170158386,0,B01720,B07160
7551,0.9126116633415222,0,B10465,B00146
7552,0.912604570388794,0,B07562,B03125
7553,0.9125997424125672,0,B10296,B10089
7554,0.9125986099243164,0,B06447,B05467
7555,0.9125953316688538,0,B08599,B10200
7556,0.9125876426696776,0,B11930,B02240
7557,0.9125848412513732,0,B06349,B07205
7558,0.9125845432281494,0,B02968,B06506
7559,0.9125820994377136,0,B11715,B03180
7560,0.9125792980194092,0,B09370,B05467
7561,0.9125768542289734,0,B11318,B04744
7562,0.9125761985778807,0,B03310,B05923
7563,0.9125734567642212,0,B04205,B01238
7564,0.9125712513923644,0,B01875,B02240
7565,0.9125709533691406,0,B07406,B11699
7566,0.9125707745552064,0,B01569,B02240
7567,0.9125699400901794,0,B00611,B01238
7568,0.9125668406486512,0,B02777,B02892
7569,0.9125496745109558,0,B08287,B03125
7570,0.9125451445579528,0,B13616,B05706
7571,0.9125438332557678,0,B01283,B04744
7572,0.912539005279541,0,B07639,B00724
7573,0.9125384092330932,0,B00793,B01238
7574,0.9125377535820008,0,B11219,B03139
7575,0.9125328063964844,0,B08262,B06343
7576,0.91253262758255,0,B01127,B06506
7577,0.9125321507453918,0,B03664,B01481
7578,0.9125310182571412,0,B09643,B02025
7579,0.9125295281410216,0,B02712,B00934
7580,0.9125285744667052,0,B06268,B06506
7581,0.912527322769165,0,B04351,B02240
7582,0.9125171899795532,0,B08589,B05706
7583,0.9125156998634338,0,B09467,B04744
7584,0.912506937980652,0,B10443,B00229
7585,0.912506639957428,0,B10682,B04953
7586,0.9125040769577026,0,B07018,B06192
7587,0.912501096725464,0,B01522,B06506
7588,0.9125009775161744,0,B07352,B06506
7589,0.9125008583068848,0,B01352,B03139
7590,0.912500023841858,0,B02918,B00146
7591,0.9124981164932252,0,B02656,B05706
7592,0.9124884009361268,0,B05108,B03125
7593,0.9124874472618104,0,B10468,B05706
7594,0.9124865531921388,0,B06302,B13549
7595,0.9124825596809388,0,B12858,B05600
7596,0.9124801158905028,0,B03449,B06506
7597,0.9124791622161864,0,B01779,B06506
7598,0.9124717712402344,0,B08360,B06506
7599,0.9124608635902404,0,B09908,B01796
7600,0.9124554991722108,0,B10987,B06343
7601,0.9124512672424316,0,B09320,B13549
7602,0.9124432802200316,0,B00429,B00095
7603,0.9124429225921632,0,B07941,B06506
7604,0.912441611289978,0,B02032,B05706
7605,0.9124412536621094,0,B13147,B05706
7606,0.9124321937561036,0,B06135,B03139
7607,0.9124287962913512,0,B02833,B01934
7608,0.9124282598495485,0,B10738,B03139
7609,0.912420392036438,0,B09081,B03139
7610,0.912419319152832,0,B09092,B03125
7611,0.912419319152832,0,B10331,B06506
7612,0.9124147891998292,0,B13410,B02240
7613,0.9124097228050232,0,B11955,B01067
7614,0.9124093055725098,0,B14129,B05600
7615,0.9123998284339904,0,B06381,B10200
7616,0.9123982787132264,0,B12613,B01796
7617,0.912392556667328,0,B07196,B03125
7618,0.9123920202255248,0,B07893,B03139
7619,0.9123883247375488,0,B06115,B02240
7620,0.912385880947113,0,B05824,B03125
7621,0.9123858213424684,0,B06468,B12194
7622,0.9123831391334534,0,B02340,B03139
7623,0.9123827815055848,0,B11882,B06506
7624,0.9123765230178832,0,B11501,B07160
7625,0.9123668074607848,0,B12161,B05600
7626,0.9123660326004028,0,B07652,B02240
7627,0.912364423274994,0,B01688,B01067
7628,0.9123626947402954,0,B06137,B06506
7629,0.912357211112976,0,B06369,B05600
7630,0.9123549461364746,0,B02836,B00095
7631,0.9123431444168092,0,B14330,B12194
7632,0.9123355150222778,0,B10766,B06506
7633,0.912329375743866,0,B02818,B05467
7634,0.9123280644416808,0,B02039,B05467
7635,0.9123254418373108,0,B10430,B01831
7636,0.9123233556747437,0,B12544,B06506
7637,0.9123192429542542,0,B12133,B07429
7638,0.9123156070709229,0,B00756,B03139
7639,0.9123151302337646,0,B02396,B13549
7640,0.9123147130012512,0,B04212,B05467
7641,0.912308156490326,0,B01459,B00934
7642,0.912307620048523,0,B07415,B11699
7643,0.9123073220252992,0,B12570,B00229
7644,0.9123028516769408,0,B08485,B05706
7645,0.912302792072296,0,B13642,B12194
7646,0.9122980833053588,0,B10587,B12194
7647,0.9122924208641052,0,B06388,B05706
7648,0.9122903943061828,0,B12237,B06192
7649,0.912287175655365,0,B02279,B06506
7650,0.9122812747955322,0,B05355,B02026
7651,0.912281095981598,0,B00823,B06506
7652,0.9122809171676636,0,B09127,B11699
7653,0.9122745990753174,0,B11797,B05706
7654,0.9122735261917114,0,B03363,B05706
7655,0.9122589826583862,0,B09341,B02240
7656,0.9122517704963684,0,B05303,B03125
7657,0.9122476577758788,0,B01085,B05345
7658,0.9122462272644044,0,B01748,B06506
7659,0.912243664264679,0,B05517,B03125
7660,0.9122393131256104,0,B04694,B01238
7661,0.9122391939163208,0,B11747,B06192
7662,0.9122382998466492,0,B06258,B03125
7663,0.9122366905212402,0,B01687,B00146
7664,0.9122363924980164,0,B04019,B03777
7665,0.9122283458709716,0,B10095,B06343
7666,0.9122278094291688,0,B09804,B06343
7667,0.9122257232666016,0,B02278,B05706
7668,0.912212371826172,0,B00743,B03125
7669,0.9122093915939332,0,B03074,B10640
7670,0.9122018814086914,0,B07101,B01067
7671,0.9121885299682616,0,B03283,B02240
7672,0.9121859669685364,0,B14198,B02026
7673,0.9121859073638916,0,B09518,B01067
7674,0.9121828079223632,0,B10898,B07160
7675,0.91218239068985,0,B10504,B05706
7676,0.9121745228767396,0,B08687,B06506
7677,0.9121723771095276,0,B08119,B03125
7678,0.912170112133026,0,B02603,B07160
7679,0.9121672511100768,0,B08648,B03139
7680,0.9121648073196412,0,B08791,B01934
7681,0.912163257598877,0,B07570,B02240
7682,0.912161111831665,0,B07047,B03125
7683,0.912160336971283,0,B02733,B03125
7684,0.912155270576477,0,B03163,B06506
7685,0.9121530652046204,0,B11956,B06506
7686,0.9121526479721068,0,B00035,B05600
7687,0.9121515154838562,0,B06032,B04953
7688,0.9121509194374084,0,B11369,B03139
7689,0.9121496081352234,0,B11953,B04953
7690,0.9121467471122742,0,B01941,B03139
7691,0.912140130996704,0,B05904,B05706
7692,0.9121377468109132,0,B00141,B05706
7693,0.9121299386024476,0,B08197,B06506
7694,0.9121271967887878,0,B03299,B03139
7695,0.912126362323761,0,B00977,B02240
7696,0.912123680114746,0,B07699,B03139
7697,0.9121196269989014,0,B02157,B04654
7698,0.912111222743988,0,B06585,B06506
7699,0.9120945930480956,0,B01530,B00146
7700,0.9120943546295166,0,B05847,B02240
7701,0.9120912551879884,0,B12848,B01238
7702,0.9120842814445496,0,B05324,B05706
7703,0.9120798110961914,0,B10314,B03139
7704,0.9120795726776124,0,B02276,B02892
7705,0.912079095840454,0,B05907,B02240
7706,0.9120789766311646,0,B07184,B03139
7707,0.91207754611969,0,B04732,B03139
7708,0.9120726585388184,0,B09799,B04953
7709,0.9120709896087646,0,B13513,B02240
7710,0.9120680689811708,0,B06213,B06506
7711,0.912064790725708,0,B10805,B05706
7712,0.9120630025863647,0,B09597,B12194
7713,0.9120604991912842,0,B00253,B05706
7714,0.9120601415634156,0,B03359,B07160
7715,0.9120575189590454,0,B02330,B03125
7716,0.9120524525642396,0,B08086,B06506
7717,0.9120495319366456,0,B03807,B02240
7718,0.9120487570762634,0,B08459,B03139
7719,0.9120450019836426,0,B05799,B00095
7720,0.9120411276817322,0,B00938,B06506
7721,0.9120405912399292,0,B13066,B04953
7722,0.912036955356598,0,B12942,B00934
7723,0.9120354652404784,0,B03219,B00905
7724,0.9120341539382936,0,B14050,B12194
7725,0.9120241403579712,0,B11205,B03139
7726,0.9120159149169922,0,B04743,B00146
7727,0.9120138883590698,0,B11881,B07160
7728,0.9120078086853028,0,B07375,B06506
7729,0.9120007753372192,0,B05856,B07878
7730,0.91200053691864,0,B09272,B00146
7731,0.9119949340820312,0,B08282,B12194
7732,0.9119948744773864,0,B13262,B05600
7733,0.9119924306869508,0,B06046,B05706
7734,0.911990761756897,0,B02442,B03139
7735,0.911982536315918,0,B11544,B00229
7736,0.9119824171066284,0,B08429,B00724
7737,0.9119819402694702,0,B08964,B02892
7738,0.9119802713394164,0,B01806,B03139
7739,0.9119712114334106,0,B12710,B03125
7740,0.9119684100151062,0,B04158,B03125
7741,0.911967396736145,0,B08179,B03125
7742,0.9119619727134703,0,B14119,B12194
7743,0.9119591116905212,0,B06744,B03125
7744,0.9119547605514526,0,B03964,B02240
7745,0.9119536876678468,0,B04207,B12194
7746,0.9119521975517272,0,B06567,B04811
7747,0.9119483828544616,0,B02439,B06506
7748,0.911947786808014,0,B12170,B06506
7749,0.9119433164596558,0,B06604,B02240
7750,0.9119393825531006,0,B12695,B02240
7751,0.911936581134796,0,B11804,B07429
7752,0.9119321703910828,0,B09424,B03125
7753,0.9119308590888976,0,B05692,B06506
7754,0.9119293093681335,0,B03090,B02240
7755,0.9119271039962769,0,B10942,B02240
7756,0.911921501159668,0,B11670,B02240
7757,0.9119198322296144,0,B14286,B10640
7758,0.9119179248809814,0,B01803,B02240
7759,0.9119175672531128,0,B10533,B02240
7760,0.9119107723236084,0,B08480,B13549
7761,0.9119053483009338,0,B04387,B05706
7762,0.9119052886962892,0,B04783,B05467
7763,0.911903440952301,0,B06027,B12194
7764,0.9118984937667848,0,B11610,B12194
7765,0.9118974804878236,0,B07494,B03139
7766,0.9118969440460204,0,B03704,B03139
7767,0.911895513534546,0,B10286,B00724
7768,0.9118940830230712,0,B10689,B01481
7769,0.9118925333023072,0,B10720,B05600
7770,0.9118914604187012,0,B04853,B07160
7771,0.911887526512146,0,B13780,B11032
7772,0.9118804335594176,0,B04581,B01067
7773,0.9118801951408386,0,B10817,B00229
7774,0.9118773937225342,0,B11485,B06506
7775,0.911876142024994,0,B12502,B05706
7776,0.9118749499320984,0,B05050,B05706
7777,0.9118743538856506,0,B08144,B03139
7778,0.9118720889091492,0,B03643,B05467
7779,0.9118714332580566,0,B02356,B13549
7780,0.9118643999099731,0,B04119,B05600
7781,0.9118595719337464,0,B10903,B06506
7782,0.9118584394454956,0,B04388,B00934
7783,0.9118564128875732,0,B12524,B02240
7784,0.9118399620056152,0,B09254,B13549
7785,0.9118308424949646,0,B03364,B11699
7786,0.9118276238441468,0,B13755,B11529
7787,0.9118239879608154,0,B11911,B02026
7788,0.9118225574493408,0,B13547,B11699
7789,0.911818504333496,0,B04576,B03139
7790,0.911813259124756,0,B05807,B10200
7791,0.9118067026138306,0,B01850,B02240
7792,0.911805272102356,0,B03015,B00146
7793,0.9118030071258544,0,B14332,B13549
7794,0.911796808242798,0,B09928,B10200
7795,0.911791980266571,0,B12429,B11529
7796,0.911791443824768,0,B10391,B02892
7797,0.911781907081604,0,B13338,B02240
7798,0.9117809534072876,0,B06769,B05706
7799,0.9117798805236816,0,B07304,B02240
7800,0.9117798209190368,0,B10961,B03125
7801,0.9117794036865234,0,B00765,B03125
7802,0.9117702841758728,0,B00062,B06506
7803,0.9117656946182252,0,B03342,B03125
7804,0.9117641448974608,0,B05300,B07160
7805,0.9117639064788818,0,B12339,B04953
7806,0.911763310432434,0,B08269,B02240
7807,0.9117597341537476,0,B05924,B04953
7808,0.9117582440376282,0,B08246,B13549
7809,0.911755621433258,0,B04661,B06192
7810,0.911754071712494,0,B00857,B02240
7811,0.91174578666687,0,B08049,B04744
7812,0.911743938922882,0,B10329,B10640
7813,0.9117395877838136,0,B09495,B04953
7814,0.911738395690918,0,B13964,B13549
7815,0.9117366075515748,0,B07760,B04744
7816,0.9117364287376404,0,B04161,B07429
7817,0.9117269515991212,0,B09551,B06506
7818,0.9117206335067748,0,B02903,B06506
7819,0.9117200374603271,0,B06910,B00146
7820,0.9117168188095092,0,B11429,B03125
7821,0.911712646484375,0,B13464,B12194
7822,0.911705732345581,0,B12207,B02240
7823,0.911704123020172,0,B13342,B02026
7824,0.9117001891136168,0,B11152,B03139
7825,0.911699652671814,0,B13630,B03125
7826,0.911696434020996,0,B04013,B03125
7827,0.911695122718811,0,B05005,B03125
7828,0.9116932153701782,0,B07916,B04811
7829,0.9116914868354796,0,B08080,B05706
7830,0.9116811752319336,0,B02348,B05923
7831,0.9116754531860352,0,B08045,B06506
7832,0.9116745591163636,0,B02735,B03125
7833,0.911669373512268,0,B05772,B05923
7834,0.9116660356521606,0,B09298,B01067
7835,0.9116659164428712,0,B11475,B02240
7836,0.9116532802581788,0,B01270,B00724
7837,0.9116508364677428,0,B07286,B03139
7838,0.9116471409797668,0,B09376,B07160
7839,0.9116419553756714,0,B01483,B05467
7840,0.9116406440734864,0,B09723,B00146
7841,0.9116369485855104,0,B08635,B07160
7842,0.9116292595863342,0,B09660,B00724
7843,0.91162770986557,0,B04797,B06506
7844,0.9116265773773192,0,B07137,B02026
7845,0.9116249084472656,0,B10335,B02025
7846,0.9116233587265016,0,B12528,B02240
7847,0.9116088151931764,0,B10174,B10089
7848,0.9116060733795166,0,B08787,B06506
7849,0.9116019010543824,0,B07181,B03139
7850,0.9115908741950988,0,B05336,B03125
7851,0.9115899801254272,0,B07846,B03125
7852,0.9115895628929138,0,B11979,B10089
7853,0.9115893244743348,0,B09207,B03125
7854,0.9115869402885436,0,B05067,B03125
7855,0.9115809202194214,0,B11841,B02240
7856,0.9115803837776184,0,B07969,B04744
7857,0.9115797877311708,0,B02374,B06506
7858,0.9115779995918274,0,B04355,B10089
7859,0.9115739464759828,0,B04494,B03125
7860,0.9115737676620485,0,B10284,B05706
7861,0.9115705490112304,0,B04816,B06506
7862,0.911570131778717,0,B02750,B06506
7863,0.911570131778717,0,B07797,B04811
7864,0.9115656614303588,0,B11224,B06506
7865,0.9115527868270874,0,B12011,B06506
7866,0.9115471839904784,0,B12604,B11032
7867,0.911537230014801,0,B06526,B01645
7868,0.9115313291549684,0,B13844,B00146
7869,0.9115257263183594,0,B09705,B02026
7870,0.91151225566864,0,B05587,B05467
7871,0.9115093946456908,0,B00123,B03125
7872,0.9115089178085328,0,B13495,B02240
7873,0.9114972352981568,0,B05474,B02026
7874,0.9114971160888672,0,B03464,B06506
7875,0.9114950299263,0,B03533,B06506
7876,0.9114922881126404,0,B05051,B06506
7877,0.9114910364151,0,B07724,B05923
7878,0.9114906787872314,0,B07473,B01238
7879,0.9114893078804016,0,B07055,B03125
7880,0.911483347415924,0,B11298,B12194
7881,0.911473274230957,0,B00160,B06506
7882,0.9114716053009032,0,B10351,B11699
7883,0.91147118806839,0,B03403,B03125
7884,0.911467671394348,0,B05465,B00095
7885,0.9114631414413452,0,B00751,B06343
7886,0.9114603996276855,0,B09938,B02240
7887,0.9114594459533693,0,B13429,B13549
7888,0.9114590883255004,0,B00809,B03125
7889,0.9114568829536438,0,B05958,B00229
7890,0.9114528298377992,0,B11408,B12194
7891,0.911443829536438,0,B12412,B03125
7892,0.9114423990249634,0,B05222,B04744
7893,0.9114406704902648,0,B00911,B05706
7894,0.911437690258026,0,B03189,B06506
7895,0.9114339351654052,0,B07120,B13549
7896,0.911430299282074,0,B12575,B05706
7897,0.911429762840271,0,B03668,B06192
7898,0.9114290475845336,0,B13977,B05706
7899,0.9114239811897278,0,B08820,B03125
7900,0.911405861377716,0,B02300,B02240
7901,0.9114004969596864,0,B04918,B05706
7902,0.9113979935646056,0,B03469,B03139
7903,0.9113950133323668,0,B00466,B05706
7904,0.911389946937561,0,B05365,B06506
7905,0.9113895297050476,0,B12357,B12194
7906,0.9113881587982178,0,B06325,B02240
7907,0.9113852381706238,0,B08100,B05923
7908,0.9113828539848328,0,B12289,B05706
7909,0.911382257938385,0,B08702,B07367
7910,0.9113813042640686,0,B10309,B13549
7911,0.9113709926605223,0,B10189,B07160
7912,0.9113653302192688,0,B11785,B03125
7913,0.9113649725914,0,B00448,B00229
7914,0.9113576412200928,0,B01275,B02892
7915,0.9113556146621704,0,B13889,B11699
7916,0.9113484025001526,0,B02449,B01238
7917,0.9113457202911376,0,B07947,B05706
7918,0.9113450050354004,0,B14276,B05923
7919,0.911344587802887,0,B09633,B03125
7920,0.9113372564315796,0,B12896,B05706
7921,0.91133451461792,0,B10586,B03125
7922,0.911331832408905,0,B09701,B06506
7923,0.9113263487815856,0,B03063,B06506
7924,0.911324143409729,0,B12906,B01067
7925,0.9113232493400574,0,B10755,B02240
7926,0.911323070526123,0,B12779,B11529
7927,0.9113184213638306,0,B07957,B06506
7928,0.9113052487373352,0,B09558,B07160
7929,0.9112949967384338,0,B04742,B03139
7930,0.9112949371337892,0,B12373,B05706
7931,0.911273956298828,0,B09639,B01934
7932,0.9112697839736938,0,B04372,B03125
7933,0.911269187927246,0,B12661,B05600
7934,0.9112640619277954,0,B12667,B06506
7935,0.9112571477890016,0,B08978,B02240
7936,0.9112569093704224,0,B06560,B00146
7937,0.9112515449523926,0,B02427,B02240
7938,0.9112457036972046,0,B12987,B13549
7939,0.911245584487915,0,B08674,B02240
7940,0.9112392663955688,0,B01112,B05600
7941,0.911225199699402,0,B01379,B01238
7942,0.9112211465835572,0,B06658,B12194
7943,0.9112188816070556,0,B04305,B06506
7944,0.9112147688865662,0,B08295,B00229
7945,0.911214292049408,0,B02397,B02240
7946,0.9112116098403932,0,B04308,B05706
7947,0.9112060070037842,0,B01559,B04744
7948,0.911202073097229,0,B12518,B07429
7949,0.9112019538879396,0,B08689,B02240
7950,0.9111958742141724,0,B14161,B12194
7951,0.911194384098053,0,B08300,B12194
7952,0.9111934900283812,0,B07712,B03125
7953,0.9111908674240112,0,B04769,B01796
7954,0.911186933517456,0,B09295,B02025
7955,0.9111813306808472,0,B00405,B10200
7956,0.91118061542511,0,B00090,B02240
7957,0.9111761450767516,0,B05992,B04744
7958,0.911162495613098,0,B02293,B06506
7959,0.9111579060554504,0,B13732,B06192
7960,0.9111500978469848,0,B12166,B06506
7961,0.9111459255218506,0,B07472,B06506
7962,0.9111412167549132,0,B05298,B03125
7963,0.9111378192901612,0,B14232,B06506
7964,0.9111342430114746,0,B02262,B02240
7965,0.911127746105194,0,B08048,B05600
7966,0.911127746105194,0,B12660,B05923
7967,0.9111274480819702,0,B09923,B01238
7968,0.9111177325248718,0,B05113,B03125
7969,0.911114513874054,0,B07281,B04953
7970,0.91111421585083,0,B01230,B05467
7971,0.9111022353172302,0,B09861,B03125
7972,0.9111021161079408,0,B11080,B06506
7973,0.9111018776893616,0,B07298,B06506
7974,0.9111003875732422,0,B01726,B01831
7975,0.9110946655273438,0,B04881,B03125
7976,0.9110920429229736,0,B01563,B04953
7977,0.91109037399292,0,B00986,B03125
7978,0.9110900163650512,0,B09863,B03125
7979,0.911086082458496,0,B04548,B13549
7980,0.911082923412323,0,B07126,B06506
7981,0.91107577085495,0,B00413,B04744
7982,0.9110715985298156,0,B02524,B06506
7983,0.911071479320526,0,B11535,B05706
7984,0.9110709428787231,0,B14022,B10200
7985,0.9110699892044068,0,B12257,B04953
7986,0.9110669493675232,0,B08136,B05467
7987,0.911063313484192,0,B02218,B10200
7988,0.9110605716705322,0,B05704,B04744
7989,0.9110584259033204,0,B06712,B02240
7990,0.9110583662986756,0,B08323,B00229
7991,0.9110575914382936,0,B12750,B12303
7992,0.9110534191131592,0,B04375,B06506
7993,0.9110466837882996,0,B01719,B02240
7994,0.9110459089279176,0,B02392,B04744
7995,0.9110448956489564,0,B02847,B12194
7996,0.9110392928123474,0,B00369,B03125
7997,0.9110372066497804,0,B09000,B03125
7998,0.9110368490219116,0,B06374,B04953
7999,0.9110366106033324,0,B13919,B13549
8000,0.9110314249992372,0,B06226,B03125
8001,0.9110183715820312,0,B00585,B02240
8002,0.9110134840011596,0,B13109,B06506
8003,0.9110100269317628,0,B01285,B05706
8004,0.9110074043273926,0,B02587,B01934
8005,0.9110018014907836,0,B11588,B00229
8006,0.9109972715377808,0,B01432,B00146
8007,0.9109929800033568,0,B11055,B05467
8008,0.910990834236145,0,B04165,B06506
8009,0.9109907150268556,0,B10194,B02026
8010,0.9109903573989868,0,B09236,B06506
8011,0.9109891653060912,0,B13973,B07429
8012,0.9109801054000854,0,B01500,B05467
8013,0.9109796285629272,0,B13684,B07429
8014,0.9109780788421632,0,B12797,B01238
8015,0.9109745025634766,0,B08031,B07367
8016,0.910968542098999,0,B01404,B00229
8017,0.9109678268432616,0,B06707,B06506
8018,0.9109644889831544,0,B05159,B12194
8019,0.9109627604484558,0,B11720,B05706
8020,0.910957932472229,0,B04943,B06506
8021,0.9109559655189514,0,B02446,B06506
8022,0.910953402519226,0,B14261,B05706
8023,0.9109498858451844,0,B09997,B13549
8024,0.9109468460083008,0,B01201,B07429
8025,0.9109293222427368,0,B07002,B02025
8026,0.9109246730804444,0,B03473,B03125
8027,0.9109230041503906,0,B10223,B03139
8028,0.9109219312667848,0,B08306,B06506
8029,0.9109212160110474,0,B13131,B06506
8030,0.9109179377555848,0,B11321,B03139
8031,0.9109122157096864,0,B00216,B07160
8032,0.9109113812446594,0,B09316,B06506
8033,0.9109013080596924,0,B11809,B06506
8034,0.910893738269806,0,B08849,B13549
8035,0.9108864068984984,0,B02161,B02240
8036,0.9108853936195374,0,B00261,B07160
8037,0.9108723402023317,0,B01949,B00095
8038,0.9108665585517884,0,B04322,B03125
8039,0.9108628034591676,0,B11090,B04744
8040,0.9108598828315736,0,B07723,B06506
8041,0.9108598232269288,0,B12863,B06506
8042,0.9108594059944152,0,B05911,B05706
8043,0.9108453989028932,0,B11961,B06506
8044,0.91083824634552,0,B04054,B01934
8045,0.910835027694702,0,B04152,B06506
8046,0.910830557346344,0,B08512,B04744
8047,0.9108293056488036,0,B06993,B12194
8048,0.9108282327651978,0,B10889,B04744
8049,0.9108226895332336,0,B01674,B13549
8050,0.91081440448761,0,B03997,B06343
8051,0.9108123183250428,0,B01126,B00146
8052,0.910804271697998,0,B12483,B07160
8053,0.910802960395813,0,B08704,B06506
8054,0.9107999801635742,0,B07942,B02240
8055,0.9107981324195862,0,B02642,B03125
8056,0.9107928276062012,0,B09306,B04953
8057,0.9107917547225952,0,B10845,B00724
8058,0.9107906818389891,0,B00245,B07205
8059,0.910789430141449,0,B06864,B05706
8060,0.9107881784439088,0,B08338,B03125
8061,0.9107877016067504,0,B14018,B06506
8062,0.9107871055603028,0,B11490,B02240
8063,0.9107852578163148,0,B12774,B05706
8064,0.9107738137245178,0,B08595,B02240
8065,0.9107723236083984,0,B00176,B04744
8066,0.9107699990272522,0,B14316,B02240
8067,0.9107653498649596,0,B03306,B03125
8068,0.910755693912506,0,B10541,B05706
8069,0.9107500910758972,0,B07128,B06506
8070,0.9107487797737122,0,B09391,B03125
8071,0.910743772983551,0,B11449,B05706
8072,0.9107422232627868,0,B10090,B03139
8073,0.9107370972633362,0,B02790,B06506
8074,0.9107338190078736,0,B12559,B11529
8075,0.9107325077056884,0,B11242,B00095
8076,0.9107297658920288,0,B11232,B03125
8077,0.9107258319854736,0,B00438,B03125
8078,0.9107258319854736,0,B08407,B03139
8079,0.9107218980789183,0,B04641,B02240
8080,0.9107183814048768,0,B11944,B02240
8081,0.9107173681259156,0,B03902,B03125
8082,0.9107032418251038,0,B13789,B04953
8083,0.9107024669647216,0,B00901,B05706
8084,0.9106945991516112,0,B13336,B05706
8085,0.9106895923614502,0,B04074,B06506
8086,0.9106884002685548,0,B09037,B03125
8087,0.9106851816177368,0,B01092,B02025
8088,0.910684049129486,0,B01181,B03125
8089,0.9106771945953368,0,B08977,B05706
8090,0.9106628894805908,0,B10679,B02892
8091,0.9106602668762208,0,B14310,B03139
8092,0.910656988620758,0,B13226,B06506
8093,0.9106539487838744,0,B00421,B03125
8094,0.910642385482788,0,B05862,B06506
8095,0.9106418490409852,0,B05723,B04744
8096,0.9106412529945374,0,B07704,B06506
8097,0.9106403589248656,0,B13100,B10200
8098,0.9106385111808776,0,B04969,B00724
8099,0.9106274247169496,0,B05340,B04744
8100,0.9106232523918152,0,B09669,B06506
8101,0.9106224179267884,0,B01858,B02240
8102,0.9106147289276124,0,B13028,B05706
8103,0.9106107950210572,0,B07096,B05467
8104,0.9106035232543944,0,B11383,B04744
8105,0.910598874092102,0,B09227,B04811
8106,0.9105871319770812,0,B12815,B02240
8107,0.910586416721344,0,B10087,B06506
8108,0.9105810523033142,0,B12790,B02240
8109,0.9105793237686156,0,B01647,B02026
8110,0.910576581954956,0,B08140,B03139
8111,0.9105755686759948,0,B04091,B12194
8112,0.9105737209320068,0,B00752,B03125
8113,0.9105689525604248,0,B13199,B07160
8114,0.9105637073516846,0,B09197,B10200
8115,0.9105498790740968,0,B05055,B05467
8116,0.9105476140975952,0,B03451,B03125
8117,0.9105465412139891,0,B08184,B06506
8118,0.9105399250984192,0,B02856,B04744
8119,0.9105391502380372,0,B13710,B03125
8120,0.9105381965637208,0,B08108,B05467
8121,0.910535991191864,0,B03218,B03139
8122,0.9105359315872192,0,B02661,B04744
8123,0.910531520843506,0,B13500,B06506
8124,0.9105206727981568,0,B10028,B00146
8125,0.9105188250541688,0,B00808,B00146
8126,0.9105180501937866,0,B08909,B03125
8127,0.910517692565918,0,B07919,B06506
8128,0.9105159044265748,0,B03702,B02240
8129,0.9105089902877808,0,B03453,B06506
8130,0.9105087518692015,0,B03769,B02240
8131,0.9105044603347778,0,B07481,B03125
8132,0.9105000495910645,0,B13306,B00146
8133,0.9104906916618348,0,B05909,B05706
8134,0.9104852676391602,0,B01589,B00934
8135,0.9104758501052856,0,B05381,B02025
8136,0.9104703664779664,0,B02980,B03125
8137,0.9104673862457277,0,B10053,B06192
8138,0.910467267036438,0,B11255,B05706
8139,0.9104589223861694,0,B01272,B06506
8140,0.9104568958282472,0,B02183,B05467
8141,0.9104520678520204,0,B14163,B02240
8142,0.9104514718055724,0,B01382,B01481
8143,0.9104510545730592,0,B10937,B13549
8144,0.9104442596435548,0,B12099,B02026
8145,0.9104406833648682,0,B12980,B06506
8146,0.9104350805282592,0,B13994,B02026
8147,0.9104346036911012,0,B04287,B06506
8148,0.9104330539703368,0,B11542,B02240
8149,0.9104232788085938,0,B02372,B03139
8150,0.9104064702987672,0,B07646,B06506
8151,0.9103999137878418,0,B09184,B06506
8152,0.9103955030441284,0,B08135,B05345
8153,0.9103947281837464,0,B01051,B05600
8154,0.9103913903236388,0,B05769,B02240
8155,0.9103904962539672,0,B05347,B00229
8156,0.9103859663009644,0,B02634,B03125
8157,0.9103775024414062,0,B14172,B07367
8158,0.9103732109069824,0,B06745,B03125
8159,0.910366952419281,0,B01211,B05706
8160,0.9103645086288452,0,B02962,B06506
8161,0.910362184047699,0,B04836,B03139
8162,0.9103600382804872,0,B09856,B06506
8163,0.9103575944900512,0,B01594,B13549
8164,0.9103498458862304,0,B13222,B05706
8165,0.910348892211914,0,B09491,B06506
8166,0.9103349447250366,0,B11327,B02240
8167,0.9103312492370604,0,B04559,B04744
8168,0.9103291630744934,0,B12458,B02630
8169,0.9103209376335144,0,B08503,B02240
8170,0.9103189706802368,0,B10044,B03125
8171,0.9103096127510072,0,B06273,B10200
8172,0.9103018045425416,0,B08359,B00724
8173,0.9102972745895386,0,B08313,B05706
8174,0.9102752208709716,0,B14296,B05923
8175,0.9102743864059448,0,B13239,B13549
8176,0.9102739095687866,0,B13257,B02240
8177,0.9102697372436525,0,B12623,B12194
8178,0.9102656245231628,0,B04246,B07205
8179,0.9102613925933838,0,B00158,B03139
8180,0.91025972366333,0,B09672,B00095
8181,0.9102556705474854,0,B04112,B03125
8182,0.910247266292572,0,B14203,B07429
8183,0.910246729850769,0,B01015,B06506
8184,0.9102451801300048,0,B06077,B06506
8185,0.9102391004562378,0,B06890,B02240
8186,0.9102354645729064,0,B02514,B00724
8187,0.9102329015731812,0,B09397,B00724
8188,0.9102284908294678,0,B06155,B00905
8189,0.9102258682250975,0,B01040,B02240
8190,0.9102253913879396,0,B12574,B06506
8191,0.9102245569229126,0,B02862,B00095
8192,0.9102227687835692,0,B05484,B06506
8193,0.9102179408073424,0,B04080,B06506
8194,0.91021728515625,0,B05330,B07160
8195,0.9102110862731934,0,B13637,B01067
8196,0.9101953506469728,0,B07578,B02240
8197,0.9101940393447876,0,B04569,B04953
8198,0.9101872444152832,0,B02250,B12194
8199,0.9101837873458862,0,B03494,B06506
8200,0.9101836681365968,0,B05954,B07878
8201,0.9101832509040833,0,B08428,B03125
8202,0.9101821184158324,0,B03818,B03125
8203,0.9101778864860536,0,B00092,B06506
8204,0.9101778864860536,0,B01836,B00146
8205,0.9101719856262208,0,B10823,B03139
8206,0.910165011882782,0,B10472,B00095
8207,0.9101641178131104,0,B07738,B05923
8208,0.910158097743988,0,B13510,B03125
8209,0.9101516008377076,0,B12889,B05706
8210,0.9101458787918092,0,B06050,B04744
8211,0.9101450443267822,0,B13985,B05706
8212,0.9101439118385316,0,B00113,B05706
8213,0.9101427793502808,0,B09317,B05923
8214,0.910142719745636,0,B03507,B06506
8215,0.9101296067237854,0,B11580,B00229
8216,0.9101279377937316,0,B03953,B03139
8217,0.9101170897483826,0,B03768,B03125
8218,0.9101144671440125,0,B00757,B03125
8219,0.910114049911499,0,B00488,B05467
8220,0.9101135730743408,0,B04604,B03139
8221,0.9101125597953796,0,B03509,B03125
8222,0.910101592540741,0,B11710,B00934
8223,0.9101015329360962,0,B13017,B06506
8224,0.9101011753082277,0,B13332,B02240
8225,0.9100974202156068,0,B06994,B06192
8226,0.9100951552391052,0,B00612,B03139
8227,0.9100785255432128,0,B11463,B03125
8228,0.9100713729858398,0,B03969,B06506
8229,0.9100642204284668,0,B08335,B13549
8230,0.9100626707077026,0,B05178,B02240
8231,0.910060703754425,0,B09906,B04953
8232,0.9100464582443236,0,B08215,B02240
8233,0.9100452661514282,0,B07134,B13549
8234,0.910030961036682,0,B09834,B09441
8235,0.9100306034088136,0,B10751,B07429
8236,0.910027801990509,0,B12791,B13549
8237,0.910026788711548,0,B09007,B10089
8238,0.9100260138511658,0,B00924,B06506
8239,0.9100043773651124,0,B12034,B13549
8240,0.9100010991096495,0,B09488,B13549
8241,0.909993052482605,0,B13560,B12194
8242,0.9099902510643004,0,B06747,B02026
8243,0.9099827408790588,0,B10008,B13549
8244,0.9099777936935424,0,B13417,B01067
8245,0.9099750518798828,0,B08923,B00229
8246,0.9099696278572084,0,B12734,B05923
8247,0.9099667072296144,0,B10678,B07160
8248,0.909964919090271,0,B01810,B13549
8249,0.909953236579895,0,B10757,B03125
8250,0.9099489450454712,0,B14233,B12194
8251,0.9099440574645996,0,B03256,B13549
8252,0.9099243879318236,0,B09414,B00536
8253,0.9099196195602416,0,B06427,B03125
8254,0.9099016189575196,0,B04512,B03125
8255,0.9098995923995972,0,B09666,B06506
8256,0.9098982214927672,0,B11751,B04953
8257,0.9098954200744628,0,B11427,B02240
8258,0.9098823666572572,0,B13669,B13549
8259,0.9098717570304872,0,B10675,B06506
8260,0.9098621606826782,0,B01476,B06506
8261,0.9098618030548096,0,B02734,B01238
8262,0.9098544120788574,0,B09689,B06506
8263,0.9098528623580932,0,B06429,B03125
8264,0.909850299358368,0,B11765,B10200
8265,0.9098488092422484,0,B00627,B03125
8266,0.9098368287086488,0,B00569,B06506
8267,0.9098362326622008,0,B10184,B03125
8268,0.9098344445228576,0,B03352,B06506
8269,0.9098306894302368,0,B01908,B13549
8270,0.9098306894302368,0,B04956,B10089
8271,0.90982586145401,0,B06803,B06506
8272,0.9098256826400756,0,B06545,B07429
8273,0.9098215103149414,0,B13544,B11529
8274,0.909815788269043,0,B03485,B06192
8275,0.9098145961761476,0,B06182,B06506
8276,0.9098103642463684,0,B06393,B03139
8277,0.9098069071769714,0,B08341,B06506
8278,0.9098061323165894,0,B06439,B06506
8279,0.9098033308982848,0,B09360,B05706
8280,0.9098023772239684,0,B06935,B10200
8281,0.9098016619682312,0,B10278,B13549
8282,0.9097998142242432,0,B01279,B03777
8283,0.9097988605499268,0,B09575,B03125
8284,0.9097952842712402,0,B06454,B03125
8285,0.90979266166687,0,B01434,B00724
8286,0.9097909927368164,0,B00065,B01238
8287,0.909790813922882,0,B12885,B05923
8288,0.9097874760627748,0,B07692,B03125
8289,0.9097840189933776,0,B04949,B03139
8290,0.909782648086548,0,B12632,B00934
8291,0.9097795486450196,0,B03294,B05923
8292,0.9097775220870972,0,B05496,B05706
8293,0.909775972366333,0,B02838,B11529
8294,0.9097756147384644,0,B10264,B02026
8295,0.909773588180542,0,B13571,B12194
8296,0.9097733497619628,0,B02657,B03139
8297,0.9097720384597778,0,B03726,B00229
8298,0.9097647070884703,0,B13993,B07429
8299,0.9097501039505004,0,B08315,B03125
8300,0.9097460508346558,0,B07956,B00229
8301,0.9097416400909424,0,B07483,B06506
8302,0.9097378849983216,0,B12699,B01796
8303,0.9097288846969604,0,B08343,B00146
8304,0.9097185730934144,0,B11662,B06506
8305,0.9096989631652832,0,B08999,B00229
8306,0.9096974730491638,0,B03020,B07429
8307,0.9096922278404236,0,B03456,B06192
8308,0.909687042236328,0,B01495,B06343
8309,0.9096771478652954,0,B07174,B07878
8310,0.909667670726776,0,B07437,B02240
8311,0.9096658825874328,0,B13000,B02026
8312,0.9096589684486388,0,B01148,B00095
8313,0.9096584916114808,0,B10911,B05706
8314,0.9096578359603882,0,B06928,B02240
8315,0.9096505641937256,0,B04413,B02240
8316,0.9096446633338928,0,B08096,B00229
8317,0.9096423983573914,0,B10210,B07429
8318,0.9096423387527466,0,B04348,B03125
8319,0.9096423387527466,0,B13329,B13549
8320,0.909642219543457,0,B07590,B03125
8321,0.9096417427062988,0,B03531,B07160
8322,0.909637689590454,0,B04344,B03139
8323,0.9096356630325316,0,B02409,B06506
8324,0.9096280336380004,0,B02001,B12194
8325,0.9096270203590392,0,B14188,B02026
8326,0.90962553024292,0,B03968,B07160
8327,0.909623086452484,0,B12510,B06506
8328,0.909614324569702,0,B00640,B13549
8329,0.9096137285232544,0,B03776,B03180
8330,0.9096119403839112,0,B13910,B13549
8331,0.9096076488494872,0,B03607,B02240
8332,0.9096059799194336,0,B12471,B07878
8333,0.9096038341522216,0,B05999,B00095
8334,0.9096008539199828,0,B06403,B05600
8335,0.9095909595489502,0,B00993,B07205
8336,0.9095884561538696,0,B09043,B03139
8337,0.9095882177352904,0,B07004,B13549
8338,0.9095839858055116,0,B14059,B03125
8339,0.9095815420150756,0,B13229,B06506
8340,0.909576177597046,0,B14084,B02240
8341,0.9095668792724608,0,B13866,B05706
8342,0.9095646739006042,0,B00930,B03139
8343,0.9095629453659058,0,B10545,B02240
8344,0.909562349319458,0,B09328,B01934
8345,0.9095511436462402,0,B03480,B11699
8346,0.9095503687858582,0,B10818,B05706
8347,0.9095420837402344,0,B06314,B06506
8348,0.9095406532287598,0,B12154,B00229
8349,0.9095375537872314,0,B09185,B03125
8350,0.9095346331596376,0,B07835,B05706
8351,0.9095336198806764,0,B03819,B10089
8352,0.9095233678817748,0,B05851,B04953
8353,0.9095091223716736,0,B09956,B06192
8354,0.9095017910003662,0,B12082,B07160
8355,0.9095007181167604,0,B05047,B02240
8356,0.9095005989074708,0,B07341,B12194
8357,0.9094990491867064,0,B08946,B03125
8358,0.9094979763031006,0,B11267,B03139
8359,0.9094958305358888,0,B08320,B01645
8360,0.9094933867454528,0,B00003,B06506
8361,0.9094775915145874,0,B01096,B05706
8362,0.9094670414924622,0,B04015,B06506
8363,0.9094654321670532,0,B11001,B06192
8364,0.9094637036323548,0,B09024,B05706
8365,0.9094617366790771,0,B08015,B03125
8366,0.90945965051651,0,B04267,B06506
8367,0.9094538688659668,0,B06387,B10200
8368,0.9094521999359132,0,B02309,B05706
8369,0.9094516038894652,0,B11586,B06506
8370,0.9094514846801758,0,B04014,B00095
8371,0.9094512462615968,0,B01640,B05467
8372,0.9094491004943848,0,B00505,B12194
8373,0.9094485640525818,0,B05966,B03139
8374,0.9094452857971193,0,B04010,B03139
8375,0.9094433188438416,0,B06697,B03139
8376,0.9094318151474,0,B10374,B04953
8377,0.9094266891479492,0,B04020,B03139
8378,0.9094223976135254,0,B05949,B02240
8379,0.9094197154045104,0,B09976,B13549
8380,0.9094163179397584,0,B03271,B07429
8381,0.9094146490097046,0,B04023,B04744
8382,0.9094104766845704,0,B11831,B12194
8383,0.9094021320343018,0,B07113,B04811
8384,0.9094017744064332,0,B00662,B02240
8385,0.909398317337036,0,B09333,B03125
8386,0.909394919872284,0,B08564,B03125
8387,0.9093945622444152,0,B02807,B01238
8388,0.9093917608261108,0,B09755,B03125
8389,0.9093886613845824,0,B02303,B06506
8390,0.9093817472457886,0,B08700,B07160
8391,0.9093815684318542,0,B13970,B10200
8392,0.90938001871109,0,B07595,B04811
8393,0.9093650579452516,0,B05809,B06506
8394,0.9093592166900636,0,B08411,B06192
8395,0.90934556722641,0,B00733,B04744
8396,0.9093444347381592,0,B02224,B02025
8397,0.9093388319015504,0,B02358,B05600
8398,0.9093350172042848,0,B06497,B06506
8399,0.9093331694602966,0,B13270,B02240
8400,0.9093319773674012,0,B01007,B05706
8401,0.9093310832977296,0,B13208,B07160
8402,0.9093307852745056,0,B09504,B04953
8403,0.9093260765075684,0,B09691,B03125
8404,0.9093198776245116,0,B00157,B04811
8405,0.9093181490898132,0,B03833,B06506
8406,0.909316062927246,0,B11159,B02026
8407,0.9093151688575744,0,B11848,B05706
8408,0.9093114137649536,0,B13914,B01067
8409,0.9093098640441896,0,B04805,B05600
8410,0.9092956781387328,0,B09521,B00146
8411,0.909295380115509,0,B05369,B02240
8412,0.9092898368835448,0,B08441,B13549
8413,0.90928852558136,0,B13550,B03125
8414,0.9092800617218018,0,B11151,B03139
8415,0.9092799425125122,0,B09264,B06506
8416,0.9092759490013124,0,B03225,B04811
8417,0.9092720150947572,0,B04078,B12194
8418,0.909266710281372,0,B13573,B12194
8419,0.9092631340026855,0,B14010,B07429
8420,0.909251630306244,0,B14192,B02240
8421,0.9092482924461364,0,B12616,B01067
8422,0.9092424511909484,0,B08492,B03125
8423,0.9092413783073424,0,B03578,B04744
8424,0.9092383980751038,0,B10215,B02240
8425,0.9092378616333008,0,B08805,B06506
8426,0.9092340469360352,0,B09163,B10200
8427,0.9092249274253844,0,B10910,B03125
8428,0.909217894077301,0,B04128,B06343
8429,0.9092150926589966,0,B06675,B05706
8430,0.9092150330543518,0,B03775,B03139
8431,0.9092142581939696,0,B08962,B05467
8432,0.9092108607292176,0,B10321,B02026
8433,0.9092095494270324,0,B01215,B03125
8434,0.9092090725898744,0,B02697,B03777
8435,0.9092082977294922,0,B04177,B03139
8436,0.9092063903808594,0,B10730,B02240
8437,0.90920490026474,0,B03122,B00095
8438,0.9092029333114624,0,B00904,B02240
8439,0.9092001914978028,0,B10799,B06506
8440,0.9091908931732178,0,B03317,B05467
8441,0.9091891050338744,0,B04852,B07205
8442,0.9091877937316896,0,B08993,B00095
8443,0.9091849327087402,0,B00294,B06192
8444,0.909179985523224,0,B11986,B00146
8445,0.9091785550117492,0,B12953,B10200
8446,0.9091715812683104,0,B01146,B03125
8447,0.9091706871986388,0,B03316,B04744
8448,0.9091652035713196,0,B11886,B05923
8449,0.9091640710830688,0,B01029,B06506
8450,0.9091636538505554,0,B08926,B05923
8451,0.909163236618042,0,B09880,B02892
8452,0.909159243106842,0,B00764,B06506
8453,0.9091551303863524,0,B09884,B06506
8454,0.9091470241546632,0,B08271,B04811
8455,0.9091421365737916,0,B13367,B01645
8456,0.9091396331787108,0,B10784,B00536
8457,0.909138560295105,0,B12455,B13549
8458,0.9091312885284424,0,B06538,B06506
8459,0.9091235399246216,0,B06461,B06506
8460,0.9091159701347352,0,B04170,B06506
8461,0.9091079831123352,0,B09999,B03125
8462,0.9090996384620668,0,B03075,B03139
8463,0.9090986251831056,0,B12323,B05600
8464,0.9090944528579712,0,B04967,B00095
8465,0.9090914726257324,0,B04334,B13549
8466,0.909084141254425,0,B13830,B13549
8467,0.909081757068634,0,B09409,B03125
8468,0.9090613722801208,0,B09885,B12194
8469,0.9090580940246582,0,B13114,B02240
8470,0.9090572595596312,0,B04343,B00934
8471,0.9090563058853148,0,B01140,B00724
8472,0.9090518951416016,0,B10983,B06506
8473,0.9090495705604552,0,B12235,B02240
8474,0.9090428948402404,0,B13214,B11529
8475,0.9090402126312256,0,B04974,B02240
8476,0.909032702445984,0,B02017,B03139
8477,0.909031867980957,0,B13933,B01796
8478,0.9090315699577332,0,B13129,B00724
8479,0.9090250730514526,0,B10255,B02892
8480,0.9090240001678468,0,B13989,B02240
8481,0.9090216159820556,0,B05235,B02025
8482,0.9090197086334229,0,B07612,B02240
8483,0.909018576145172,0,B06750,B01831
8484,0.9090096354484558,0,B02255,B12194
8485,0.9090010523796082,0,B00741,B06506
8486,0.9089989066123962,0,B14081,B13549
8487,0.9089915752410888,0,B13505,B05600
8488,0.9089871644973756,0,B01542,B02240
8489,0.9089829921722412,0,B06078,B06506
8490,0.9089773893356324,0,B09843,B03139
8491,0.9089719653129578,0,B07641,B01481
8492,0.9089712500572203,0,B14194,B12194
8493,0.9089646935462952,0,B08972,B05467
8494,0.9089627265930176,0,B00279,B01238
8495,0.9089600443840028,0,B00487,B03125
8496,0.9089592695236206,0,B05483,B02240
8497,0.9089560508728028,0,B03467,B02240
8498,0.9089540243148804,0,B13850,B02026
8499,0.9089478850364684,0,B06996,B05467
8500,0.9089478254318236,0,B12655,B04953
8501,0.908945858478546,0,B02028,B03139
8502,0.908941388130188,0,B12690,B03125
8503,0.9089400768280028,0,B02674,B02240
8504,0.9089391827583312,0,B06717,B00934
8505,0.9089385271072388,0,B01713,B04744
8506,0.908932626247406,0,B08866,B03125
8507,0.908930480480194,0,B10811,B05706
8508,0.9089242219924928,0,B03474,B02240
8509,0.9089179039001464,0,B10482,B06506
8510,0.908916711807251,0,B04178,B06506
8511,0.9089136123657228,0,B08698,B00146
8512,0.908908486366272,0,B12758,B07429
8513,0.9089059829711914,0,B01084,B06506
8514,0.9089016914367676,0,B12329,B05706
8515,0.9088960886001588,0,B01793,B04744
8516,0.9088955521583556,0,B08505,B02026
8517,0.9088950753211976,0,B13291,B03180
8518,0.9088925123214722,0,B13636,B02026
8519,0.908890664577484,0,B03962,B06506
8520,0.9088862538337708,0,B09311,B07205
8521,0.908884048461914,0,B10528,B02892
8522,0.9088833928108216,0,B05312,B02025
8523,0.9088796377182008,0,B12650,B02026
8524,0.9088768362998962,0,B09732,B13549
8525,0.908860981464386,0,B08216,B06192
8526,0.9088539481163024,0,B04142,B06506
8527,0.9088526368141174,0,B05164,B07160
8528,0.9088494181632996,0,B00271,B06506
8529,0.908845603466034,0,B01690,B05706
8530,0.908844828605652,0,B11576,B02240
8531,0.9088431000709534,0,B00301,B02240
8532,0.9088350534439088,0,B12131,B05706
8533,0.9088349342346193,0,B00363,B03125
8534,0.9088301658630372,0,B01234,B03139
8535,0.9088285565376282,0,B02806,B03125
8536,0.908825159072876,0,B12813,B02240
8537,0.908818542957306,0,B14016,B02026
8538,0.9088152050971984,0,B08490,B02240
8539,0.9088116884231568,0,B14258,B05706
8540,0.9088048338890076,0,B05426,B02025
8541,0.9087958931922911,0,B07461,B06506
8542,0.908784568309784,0,B08498,B02240
8543,0.9087806940078736,0,B11110,B06506
8544,0.908777952194214,0,B09648,B00146
8545,0.9087748527526855,0,B05930,B05706
8546,0.9087693095207214,0,B14071,B02026
8547,0.9087674617767334,0,B01278,B06192
8548,0.9087629318237304,0,B00251,B06506
8549,0.9087622165679932,0,B01582,B04744
8550,0.9087557196617126,0,B14064,B06506
8551,0.908755660057068,0,B08653,B00146
8552,0.90875506401062,0,B14300,B05923
8553,0.9087539911270142,0,B08707,B06506
8554,0.908750295639038,0,B01776,B03125
8555,0.9087489247322084,0,B09382,B01067
8556,0.9087429642677308,0,B12890,B07160
8557,0.9087337851524352,0,B10007,B06506
8558,0.908729612827301,0,B10068,B01934
8559,0.9087289571762084,0,B12497,B05706
8560,0.9087270498275756,0,B09555,B03125
8561,0.90872460603714,0,B11434,B02240
8562,0.9087222814559937,0,B04841,B00724
8563,0.9087185263633728,0,B05253,B02025
8564,0.908718466758728,0,B03336,B06506
8565,0.908715009689331,0,B03582,B03139
8566,0.9087117314338684,0,B06059,B01067
8567,0.9087117314338684,0,B08759,B07205
8568,0.9086995124816896,0,B02899,B03139
8569,0.9086968302726746,0,B02561,B05600
8570,0.908696174621582,0,B08091,B00229
8571,0.9086859226226808,0,B13501,B05600
8572,0.9086772203445436,0,B09394,B03125
8573,0.9086766242980956,0,B05863,B03125
8574,0.9086610078811646,0,B05525,B02240
8575,0.9086484313011168,0,B00846,B02892
8576,0.9086477756500244,0,B12832,B01796
8577,0.9086465835571288,0,B10083,B03125
8578,0.9086419343948364,0,B00434,B03139
8579,0.9086415767669678,0,B09741,B06343
8580,0.9086397886276244,0,B04712,B13549
8581,0.908632755279541,0,B04737,B05467
8582,0.9086297154426576,0,B11514,B07160
8583,0.9086264371871948,0,B04209,B05467
8584,0.9086251258850098,0,B04403,B03125
8585,0.908625066280365,0,B11522,B06506
8586,0.9086244106292723,0,B07798,B03125
8587,0.908623218536377,0,B08439,B03125
8588,0.9086166024208068,0,B00332,B13549
8589,0.908613920211792,0,B04458,B11699
8590,0.9086122512817384,0,B08103,B00229
8591,0.9086105823516846,0,B08952,B02240
8592,0.908610224723816,0,B14053,B02026
8593,0.9086076617240906,0,B10547,B03139
8594,0.908606767654419,0,B09615,B00229
8595,0.9086009860038756,0,B03884,B06506
8596,0.908598780632019,0,B13135,B11529
8597,0.9085742831230164,0,B05749,B07429
8598,0.9085701704025269,0,B08286,B02240
8599,0.9085652232170104,0,B14216,B02240
8600,0.9085615277290344,0,B06592,B06506
8601,0.908561110496521,0,B11440,B05706
8602,0.9085609912872314,0,B06558,B02240
8603,0.9085596799850464,0,B02917,B02240
8604,0.9085513353347778,0,B08976,B01645
8605,0.9085491299629213,0,B13934,B06506
8606,0.9085468053817748,0,B07778,B06506
8607,0.9085451364517212,0,B01032,B07160
8608,0.9085342288017272,0,B13321,B02026
8609,0.9085286855697632,0,B04028,B00095
8610,0.9085272550582886,0,B02659,B05467
8611,0.9085161089897156,0,B06210,B11032
8612,0.9085118770599364,0,B09312,B11699
8613,0.908510148525238,0,B03572,B02240
8614,0.9085081219673156,0,B04771,B03139
8615,0.9084963798522948,0,B00684,B04744
8616,0.9084940552711488,0,B08385,B06506
8617,0.9084872007369996,0,B04302,B05706
8618,0.9084872007369996,0,B06834,B13549
8619,0.908484935760498,0,B11733,B02240
8620,0.9084822535514832,0,B08600,B00229
8621,0.9084792137145996,0,B04144,B01481
8622,0.9084778428077698,0,B05433,B03125
8623,0.9084765911102296,0,B13960,B02026
8624,0.9084738492965698,0,B11112,B10640
8625,0.908469557762146,0,B07905,B06506
8626,0.9084670543670654,0,B01676,B06506
8627,0.908457338809967,0,B07065,B02025
8628,0.9084475040435792,0,B03395,B07160
8629,0.9084407687187196,0,B12802,B02240
8630,0.9084404110908508,0,B09446,B11529
8631,0.9084283113479614,0,B09027,B10200
8632,0.908426821231842,0,B05020,B03139
8633,0.908425748348236,0,B12449,B01067
8634,0.90841805934906,0,B02877,B11699
8635,0.9084104299545288,0,B03333,B06506
8636,0.9084084033966064,0,B04017,B03125
8637,0.9084070920944214,0,B02757,B06506
8638,0.9084029197692872,0,B09909,B10200
8639,0.9083991050720216,0,B10797,B03125
8640,0.9083924889564514,0,B13150,B02026
8641,0.9083850383758544,0,B02517,B06506
8642,0.9083766341209412,0,B08772,B06506
8643,0.908372700214386,0,B09646,B03125
8644,0.9083645939826964,0,B12435,B02240
8645,0.9083605408668518,0,B05983,B03125
8646,0.9083560705184937,0,B05229,B01645
8647,0.9083535671234132,0,B11725,B11699
8648,0.9083529114723206,0,B07470,B06192
8649,0.908348023891449,0,B03951,B00146
8650,0.9083409309387208,0,B12512,B00229
8651,0.9083338379859924,0,B06579,B03125
8652,0.9083269238471984,0,B05216,B02240
8653,0.9083268642425536,0,B07073,B06506
8654,0.9083266258239746,0,B12633,B07878
8655,0.9083215594291688,0,B12677,B01067
8656,0.9083204865455629,0,B10841,B00095
8657,0.9083187580108644,0,B07651,B13549
8658,0.9083186984062196,0,B07025,B06506
8659,0.9083149433135986,0,B05574,B06506
8660,0.9083122611045836,0,B06519,B13549
8661,0.908309280872345,0,B01363,B01238
8662,0.9082990884780884,0,B08431,B11699
8663,0.9082964658737184,0,B07355,B03180
8664,0.908290147781372,0,B00885,B05706
8665,0.9082897305488586,0,B00437,B02240
8666,0.9082895517349244,0,B07663,B06192
8667,0.9082865118980408,0,B13809,B02240
8668,0.9082846641540528,0,B03813,B06506
8669,0.908278226852417,0,B05821,B03139
8670,0.9082725048065186,0,B01738,B06506
8671,0.908268928527832,0,B10936,B01831
8672,0.9082643389701844,0,B02363,B00934
8673,0.908258318901062,0,B12839,B11529
8674,0.9082462787628174,0,B05889,B06506
8675,0.9082458019256592,0,B02564,B00146
8676,0.9082424640655518,0,B03327,B07429
8677,0.908238410949707,0,B05903,B06506
8678,0.9082372188568116,0,B13680,B02026
8679,0.9082331657409668,0,B04456,B05706
8680,0.9082305431365968,0,B10672,B00229
8681,0.908227801322937,0,B05606,B06506
8682,0.908226728439331,0,B12586,B06506
8683,0.908226490020752,0,B11150,B03139
8684,0.9082207083702089,0,B09557,B03125
8685,0.908219575881958,0,B07920,B06343
8686,0.9082155227661132,0,B08012,B07160
8687,0.908214807510376,0,B07930,B03139
8688,0.9082120656967164,0,B12233,B05467
8689,0.9082104563713074,0,B00900,B13549
8690,0.9081997871398926,0,B09645,B06506
8691,0.908195972442627,0,B09801,B01481
8692,0.9081897735595704,0,B07909,B02025
8693,0.9081788063049316,0,B04047,B13549
8694,0.9081769585609436,0,B08676,B06506
8695,0.9081683158874512,0,B05655,B06343
8696,0.9081628918647766,0,B06768,B06506
8697,0.9081606268882751,0,B13489,B05706
8698,0.9081519842147828,0,B08998,B03139
8699,0.9081513285636902,0,B09540,B07160
8700,0.9081498384475708,0,B05425,B00095
8701,0.9081441164016724,0,B09655,B13549
8702,0.9081418514251708,0,B13946,B00229
8703,0.9081413745880128,0,B11688,B03125
8704,0.9081349968910216,0,B07934,B11032
8705,0.9081308841705322,0,B07292,B02240
8706,0.9081220626831056,0,B01265,B06506
8707,0.9081172943115234,0,B00523,B06506
8708,0.9081114530563354,0,B03624,B06506
8709,0.9081092476844788,0,B03353,B06506
8710,0.90810626745224,0,B13926,B06506
8711,0.9081040620803832,0,B03832,B03125
8712,0.9081012606620787,0,B11548,B02240
8713,0.908100128173828,0,B11157,B03125
8714,0.9080988168716432,0,B10690,B02240
8715,0.9080933928489684,0,B01256,B00724
8716,0.9080929756164552,0,B08566,B07160
8717,0.9080924987792968,0,B12367,B11529
8718,0.9080883264541626,0,B06274,B03125
8719,0.9080806970596312,0,B12948,B02026
8720,0.9080797433853148,0,B05488,B02240
8721,0.9080711007118224,0,B12479,B10640
8722,0.9080695509910583,0,B00242,B06506
8723,0.9080577492713928,0,B04968,B06506
8724,0.9080513119697572,0,B06962,B02240
8725,0.9080471992492676,0,B13155,B04953
8726,0.9080403447151184,0,B09584,B10089
8727,0.908035397529602,0,B04231,B01067
8728,0.9080318212509156,0,B02040,B00934
8729,0.9080299139022828,0,B06875,B03125
8730,0.908028244972229,0,B01557,B09441
8731,0.9080274701118468,0,B06382,B03125
8732,0.9080191254615784,0,B12600,B00724
8733,0.9080156683921814,0,B04778,B01238
8734,0.9080134630203248,0,B02698,B06506
8735,0.908010959625244,0,B09864,B03125
8736,0.9080063104629515,0,B03394,B02240
8737,0.9080039858818054,0,B09868,B03125
8738,0.9079799652099608,0,B02851,B05706
8739,0.9079763293266296,0,B08678,B06506
8740,0.9079756140708924,0,B04330,B06506
8741,0.9079732298851012,0,B13918,B11699
8742,0.907961130142212,0,B01030,B03125
8743,0.907950520515442,0,B13599,B13549
8744,0.9079464077949524,0,B07366,B06506
8745,0.9079427719116212,0,B03284,B13549
8746,0.9079230427742004,0,B06617,B02240
8747,0.9079198241233826,0,B13932,B06506
8748,0.9079115390777588,0,B01745,B05706
8749,0.9079035520553588,0,B05265,B13549
8750,0.9079024195671082,0,B12440,B01796
8751,0.907893717288971,0,B04477,B05600
8752,0.9078924655914308,0,B04923,B06506
8753,0.9078924655914308,0,B13685,B05923
8754,0.9078837037086488,0,B13059,B07429
8755,0.9078786969184875,0,B10416,B03139
8756,0.9078770279884338,0,B00270,B04744
8757,0.9078740477561952,0,B07271,B03139
8758,0.90786874294281,0,B04995,B05467
8759,0.9078651666641236,0,B04629,B04953
8760,0.9078633785247804,0,B04382,B02240
8761,0.9078481197357178,0,B00631,B03125
8762,0.9078378677368164,0,B00161,B10200
8763,0.9078367352485656,0,B03380,B00095
8764,0.9078313112258912,0,B13418,B06506
8765,0.907820999622345,0,B03549,B07429
8766,0.9078174829483032,0,B02567,B06506
8767,0.9078131914138794,0,B09792,B06506
8768,0.9078049659729004,0,B07031,B02026
8769,0.9077998995780944,0,B12199,B02240
8770,0.9077929258346558,0,B11606,B02240
8771,0.9077916741371156,0,B09678,B05706
8772,0.9077891707420348,0,B13171,B11529
8773,0.9077889919281006,0,B04332,B00934
8774,0.9077872037887572,0,B11019,B01481
8775,0.9077804088592528,0,B02765,B05467
8776,0.9077767133712769,0,B08107,B03125
8777,0.907766580581665,0,B13431,B05706
8778,0.9077646732330322,0,B13026,B02240
8779,0.9077600240707396,0,B04190,B02240
8780,0.9077577590942384,0,B13618,B02240
8781,0.9077574610710144,0,B08236,B11529
8782,0.90775328874588,0,B01501,B05467
8783,0.9077436923980712,0,B02516,B13549
8784,0.90773606300354,0,B12198,B11699
8785,0.9077356457710266,0,B06164,B02240
8786,0.9077348709106444,0,B00862,B03125
8787,0.9077324867248536,0,B08346,B06506
8788,0.9077322483062744,0,B04502,B04811
8789,0.9077311754226683,0,B01129,B06506
8790,0.9077215194702148,0,B11131,B13549
8791,0.9077125787734984,0,B06080,B07160
8792,0.9077105522155762,0,B01192,B02240
8793,0.9077090620994568,0,B10684,B13549
8794,0.9077024459838868,0,B06011,B00095
8795,0.907699167728424,0,B04201,B03139
8796,0.907698690891266,0,B01551,B02240
8797,0.9076949954032898,0,B00810,B06506
8798,0.907694697380066,0,B11771,B06506
8799,0.9076916575431824,0,B04630,B04953
8800,0.907689929008484,0,B10081,B02026
8801,0.9076852202415466,0,B07187,B06506
8802,0.9076831340789796,0,B12625,B05600
8803,0.9076789021492004,0,B09549,B03180
8804,0.907677412033081,0,B00005,B07160
8805,0.9076765179634094,0,B09201,B03139
8806,0.9076731204986572,0,B11030,B06192
8807,0.9076694250106812,0,B11076,B06506
8808,0.9076675772666932,0,B10317,B06192
8809,0.907666802406311,0,B09542,B03125
8810,0.9076540470123292,0,B05092,B04744
8811,0.9076526165008544,0,B11799,B05706
8812,0.9076504707336426,0,B14179,B12194
8813,0.907644748687744,0,B01932,B04744
8814,0.907642126083374,0,B07392,B01481
8815,0.9076390862464904,0,B09002,B00229
8816,0.9076374173164368,0,B04987,B02240
8817,0.9076371192932128,0,B03735,B05706
8818,0.9076335430145264,0,B07011,B06506
8819,0.907631516456604,0,B08879,B03125
8820,0.9076277613639832,0,B02606,B05706
8821,0.9076250791549684,0,B04213,B00724
8822,0.907623827457428,0,B06512,B13549
8823,0.9076211452484132,0,B03184,B03125
8824,0.907620131969452,0,B12997,B05706
8825,0.9076178669929504,0,B03472,B04744
8826,0.9076146483421326,0,B04390,B07429
8827,0.9076133966445924,0,B03113,B07878
8828,0.9076088070869446,0,B12004,B01067
8829,0.9076080322265624,0,B01422,B06506
8830,0.9076059460639954,0,B06521,B01934
8831,0.907603681087494,0,B13559,B00229
8832,0.9076033234596252,0,B09649,B00146
8833,0.9076008796691896,0,B01326,B04654
8834,0.9075992107391356,0,B06885,B06506
8835,0.9075897932052612,0,B04318,B10200
8836,0.9075889587402344,0,B10485,B02240
8837,0.907588005065918,0,B01970,B07429
8838,0.9075790047645568,0,B04011,B04744
8839,0.9075700044631958,0,B01309,B03180
8840,0.9075590372085572,0,B12599,B02240
8841,0.9075522422790528,0,B05783,B05706
8842,0.9075515866279602,0,B00571,B03125
8843,0.907547891139984,0,B10456,B00146
8844,0.9075428247451782,0,B04449,B04744
8845,0.9075404405593872,0,B10429,B06506
8846,0.9075312614440918,0,B08673,B02240
8847,0.9075220227241516,0,B05036,B07429
8848,0.9075194001197816,0,B13570,B06343
8849,0.9075160026550292,0,B12972,B06506
8850,0.9075155258178712,0,B05533,B06506
8851,0.9075154662132264,0,B03512,B02240
8852,0.9075154066085817,0,B02445,B06506
8853,0.9075133800506592,0,B05522,B03139
8854,0.9075118899345398,0,B03052,B06506
8855,0.9075061678886414,0,B07015,B06506
8856,0.90749990940094,0,B14061,B03180
8857,0.9074978232383728,0,B05919,B01067
8858,0.9074939489364624,0,B02213,B00095
8859,0.9074938297271729,0,B13525,B00229
8860,0.907492995262146,0,B07912,B06506
8861,0.9074844121932985,0,B09514,B03125
8862,0.9074819087982178,0,B10096,B05706
8863,0.9074813723564148,0,B00384,B04744
8864,0.907477855682373,0,B11960,B11699
8865,0.9074587821960448,0,B02544,B05467
8866,0.9074549674987792,0,B14328,B01796
8867,0.9074497222900392,0,B10981,B06192
8868,0.9074444770812988,0,B07955,B06506
8869,0.9074299931526184,0,B08350,B06506
8870,0.9074271321296692,0,B07255,B05706
8871,0.9074233174324036,0,B09552,B03139
8872,0.9074211120605468,0,B14312,B02240
8873,0.9074206352233888,0,B12094,B12194
8874,0.9074169397354126,0,B01121,B03139
8875,0.907409369945526,0,B11933,B06506
8876,0.9074080586433412,0,B06466,B03125
8877,0.907406449317932,0,B06546,B03777
8878,0.907406210899353,0,B01588,B01481
8879,0.9074043035507202,0,B06594,B04744
8880,0.9074024558067322,0,B12720,B06506
8881,0.9074010848999025,0,B08819,B06192
8882,0.9073977470397948,0,B11478,B13549
8883,0.9073914885520936,0,B10629,B02240
8884,0.9073880314826964,0,B02740,B05706
8885,0.9073858857154846,0,B04498,B06506
8886,0.907379150390625,0,B03534,B06506
8887,0.9073768854141236,0,B08758,B00146
8888,0.9073680639266968,0,B04478,B01238
8889,0.9073662757873536,0,B06969,B03139
8890,0.9073494672775269,0,B12727,B11529
8891,0.9073481559753418,0,B10475,B03125
8892,0.9073454737663268,0,B03124,B03139
8893,0.907342791557312,0,B04223,B06343
8894,0.9073392748832704,0,B00323,B06506
8895,0.9073306322097778,0,B10902,B13549
8896,0.9073272347450256,0,B02840,B10200
8897,0.907318353652954,0,B00318,B06506
8898,0.9073148965835572,0,B02243,B06506
8899,0.9073081016540528,0,B10360,B01796
8900,0.907303512096405,0,B11578,B05600
8901,0.9072709083557128,0,B09742,B00146
8902,0.9072633981704712,0,B00054,B03125
8903,0.9072625637054444,0,B01561,B02240
8904,0.9072604179382324,0,B04239,B13549
8905,0.9072600603103638,0,B04271,B06343
8906,0.9072567820549012,0,B04184,B03125
8907,0.907252550125122,0,B04596,B01067
8908,0.9072521924972534,0,B03308,B06192
8909,0.9072471261024476,0,B01909,B05345
8910,0.907239556312561,0,B02307,B05467
8911,0.9072335362434388,0,B07558,B03125
8912,0.9072243571281432,0,B08310,B12194
8913,0.9072186350822448,0,B07698,B05600
8914,0.9072176814079284,0,B07325,B00095
8915,0.9072136878967284,0,B08826,B02026
8916,0.9071964025497437,0,B12326,B02240
8917,0.9071893692016602,0,B03557,B05706
8918,0.9071889519691468,0,B10216,B05467
8919,0.907188892364502,0,B10050,B06506
8920,0.9071843028068542,0,B10320,B06506
8921,0.907183825969696,0,B13924,B02240
8922,0.9071824550628662,0,B12900,B12194
8923,0.907172441482544,0,B00863,B03125
8924,0.90717214345932,0,B08055,B01238
8925,0.9071600437164308,0,B06390,B00934
8926,0.907159686088562,0,B07245,B02240
8927,0.907159686088562,0,B11356,B02240
8928,0.9071581959724426,0,B01741,B06192
8929,0.9071530103683472,0,B01083,B00095
8930,0.9071471691131592,0,B05529,B02240
8931,0.907141923904419,0,B12219,B04953
8932,0.9071407318115234,0,B13043,B03180
8933,0.907139778137207,0,B10312,B03139
8934,0.9071370363235474,0,B01981,B06506
8935,0.9071336388587952,0,B14262,B02026
8936,0.9071261882781982,0,B06665,B03125
8937,0.9071250557899476,0,B01606,B02240
8938,0.9071155786514282,0,B04097,B13549
8939,0.9071097373962402,0,B08181,B04953
8940,0.907106637954712,0,B05184,B06506
8941,0.9071065187454224,0,B12213,B02240
8942,0.9071056246757508,0,B13401,B01796
8943,0.9071054458618164,0,B06754,B03125
8944,0.907101273536682,0,B04052,B03125
8945,0.9070910215377808,0,B12457,B12194
8946,0.907084047794342,0,B07923,B03139
8947,0.9070779085159302,0,B04734,B07367
8948,0.9070768356323242,0,B07041,B06506
8949,0.9070764183998108,0,B04986,B10640
8950,0.9070744514465332,0,B11138,B00934
8951,0.9070722460746764,0,B04801,B02240
8952,0.9070662260055542,0,B02167,B03125
8953,0.9070600271224976,0,B12178,B11699
8954,0.9070594310760498,0,B12148,B12194
8955,0.9070591926574708,0,B12868,B12194
8956,0.9070568084716796,0,B06371,B03139
8957,0.9070535898208618,0,B07013,B06506
8958,0.9070403575897216,0,B03504,B00095
8959,0.9070395827293396,0,B00431,B00724
8960,0.9070359468460084,0,B05512,B05706
8961,0.9070342779159546,0,B07647,B06506
8962,0.9070329070091248,0,B09242,B02240
8963,0.9070309400558472,0,B12563,B05706
8964,0.9070252776145936,0,B12247,B02026
8965,0.9070232510566713,0,B01767,B05467
8966,0.9070205688476562,0,B01322,B00146
8967,0.9070159792900084,0,B06791,B01831
8968,0.9070157408714294,0,B11817,B03125
8969,0.9070138335227966,0,B10925,B04953
8970,0.9070069789886476,0,B06434,B00146
8971,0.9070067405700684,0,B11590,B12303
8972,0.907006025314331,0,B07606,B04811
8973,0.9070019721984864,0,B08104,B02025
8974,0.906997799873352,0,B09582,B03139
8975,0.9069948196411132,0,B05342,B03139
8976,0.9069912433624268,0,B06363,B06506
8977,0.9069777131080629,0,B13815,B05706
8978,0.906977653503418,0,B13159,B06506
8979,0.9069475531578064,0,B09986,B06192
8980,0.9069452285766602,0,B11861,B02240
8981,0.9069412350654602,0,B13136,B07205
8982,0.9069369435310364,0,B09177,B00146
8983,0.9069325923919678,0,B03829,B02026
8984,0.906928777694702,0,B08191,B06192
8985,0.9069280624389648,0,B10252,B06506
8986,0.9069268107414246,0,B07230,B02240
8987,0.9069259166717528,0,B11907,B02240
8988,0.9069088101387024,0,B05361,B06506
8989,0.906906247138977,0,B00151,B06506
8990,0.906901478767395,0,B12175,B10640
8991,0.9068963527679444,0,B00950,B02025
8992,0.9068840146064758,0,B09415,B12194
8993,0.9068827629089355,0,B07814,B00724
8994,0.9068824052810668,0,B06975,B04811
8995,0.9068799018859864,0,B03558,B02240
8996,0.9068788290023804,0,B11423,B06506
8997,0.9068753123283386,0,B07598,B05706
8998,0.906869411468506,0,B10473,B12194
8999,0.9068668484687804,0,B06529,B13549
9000,0.9068652391433716,0,B01510,B00146
9001,0.9068636298179626,0,B08412,B04744
9002,0.9068567752838136,0,B00890,B04744
9003,0.9068504571914672,0,B13659,B02240
9004,0.9068363904953004,0,B08903,B02240
9005,0.9068340063095092,0,B08618,B02240
9006,0.906833827495575,0,B08713,B07367
9007,0.9068326354026794,0,B06265,B00146
9008,0.906828224658966,0,B08339,B00905
9009,0.9068186283111572,0,B11306,B00146
9010,0.9068180322647096,0,B11203,B01934
9011,0.9068132042884828,0,B07607,B09441
9012,0.906802535057068,0,B12125,B00146
9013,0.9068011045455932,0,B13854,B00934
9014,0.9067976474761964,0,B10227,B00146
9015,0.9067935347557068,0,B03548,B06506
9016,0.9067920446395874,0,B12181,B05600
9017,0.9067858457565308,0,B01060,B04744
9018,0.9067856073379515,0,B00170,B00536
9019,0.9067835807800292,0,B06016,B06506
9020,0.9067798256874084,0,B09768,B00095
9021,0.9067764282226562,0,B09606,B05923
9022,0.9067751169204712,0,B04396,B00934
9023,0.906772255897522,0,B11545,B02240
9024,0.9067680239677428,0,B03715,B04953
9025,0.9067628979682922,0,B06511,B07160
9026,0.9067623019218444,0,B05793,B06506
9027,0.906761109828949,0,B09352,B13549
9028,0.90673828125,0,B09058,B06343
9029,0.90673828125,0,B12517,B01934
9030,0.9067355394363404,0,B13156,B02240
9031,0.9067343473434448,0,B05594,B01934
9032,0.9067341089248656,0,B13783,B05600
9033,0.9067318439483644,0,B13276,B02026
9034,0.9067309498786926,0,B02507,B11529
9035,0.9067273139953612,0,B09285,B04953
9036,0.9067203998565674,0,B09356,B05706
9037,0.906718134880066,0,B05351,B05706
9038,0.906715214252472,0,B09233,B03139
9039,0.906700313091278,0,B07198,B01238
9040,0.9066997766494752,0,B14169,B06506
9041,0.9066969752311708,0,B03450,B03180
9042,0.90669047832489,0,B13965,B06506
9043,0.906688392162323,0,B04154,B01934
9044,0.9066808819770812,0,B02769,B06506
9045,0.9066503047943116,0,B07522,B06506
9046,0.9066413640975952,0,B13022,B05706
9047,0.9066398739814758,0,B07005,B04744
9048,0.9066388607025146,0,B11784,B03125
9049,0.9066324234008788,0,B11523,B05706
9050,0.9066298007965088,0,B11702,B02240
9051,0.9066177606582642,0,B04186,B09441
9052,0.9066175222396852,0,B02828,B00724
9053,0.9066166877746582,0,B08633,B04744
9054,0.9066139459609984,0,B11562,B02240
9055,0.9066119194030762,0,B12452,B07429
9056,0.9066101908683776,0,B08825,B00095
9057,0.9066100120544434,0,B07976,B00229
9058,0.9066063165664672,0,B01957,B00724
9059,0.9065942764282228,0,B10318,B06506
9060,0.9065883159637452,0,B05230,B03125
9061,0.9065880179405212,0,B01554,B06506
9062,0.9065813422203064,0,B13600,B02026
9063,0.906569242477417,0,B02739,B01067
9064,0.9065673351287842,0,B10948,B05706
9065,0.9065673351287842,0,B12279,B05706
9066,0.9065660238265992,0,B03729,B02240
9067,0.9065597057342528,0,B03488,B10200
9068,0.9065566062927246,0,B05358,B10200
9069,0.9065545797348022,0,B02007,B05706
9070,0.9065532088279724,0,B11892,B11699
9071,0.9065498113632202,0,B01677,B03139
9072,0.9065489172935486,0,B05974,B00095
9073,0.9065484404563904,0,B00860,B04953
9074,0.9065428376197816,0,B04929,B00095
9075,0.9065405130386353,0,B11802,B00146
9076,0.9065372943878174,0,B04600,B04744
9077,0.9065240621566772,0,B05360,B05923
9078,0.9065217971801758,0,B11871,B05923
9079,0.906513810157776,0,B12242,B13549
9080,0.906513810157776,0,B12836,B01796
9081,0.9065102338790894,0,B05271,B03125
9082,0.9064936637878418,0,B10724,B03139
9083,0.9064891338348388,0,B05179,B02240
9084,0.9064803719520568,0,B04070,B03125
9085,0.9064785838127136,0,B08760,B11699
9086,0.9064605236053468,0,B11609,B12194
9087,0.9064548015594482,0,B07293,B10200
9088,0.9064508676528932,0,B10023,B02892
9089,0.9064443111419678,0,B08058,B00229
9090,0.9064382314682008,0,B11487,B04953
9091,0.9064366817474364,0,B06518,B02240
9092,0.9064344763755798,0,B04927,B00146
9093,0.9064302444458008,0,B13507,B05345
9094,0.9064254760742188,0,B01768,B06506
9095,0.9064193964004515,0,B07533,B03139
9096,0.9064176082611084,0,B07266,B05467
9097,0.9064151048660278,0,B00068,B00934
9098,0.9064137935638428,0,B09690,B02025
9099,0.906407117843628,0,B12648,B02240
9100,0.9064052104949952,0,B13569,B07160
9101,0.906404674053192,0,B04379,B07429
9102,0.9063981771469116,0,B01123,B01934
9103,0.906395435333252,0,B09772,B06343
9104,0.9063950777053832,0,B02546,B07429
9105,0.9063915014266968,0,B03516,B03125
9106,0.9063913822174072,0,B13584,B00146
9107,0.90638530254364,0,B02239,B04654
9108,0.9063839316368104,0,B00260,B03125
9109,0.9063830971717834,0,B06906,B02240
9110,0.9063827991485596,0,B07748,B12194
9111,0.9063649773597716,0,B11355,B02026
9112,0.9063619375228882,0,B12702,B01796
9113,0.9063575267791748,0,B13962,B12194
9114,0.9063522815704346,0,B13778,B11699
9115,0.9063374400138856,0,B04095,B06506
9116,0.9063353538513184,0,B11737,B00724
9117,0.906332552433014,0,B13133,B00934
9118,0.906330943107605,0,B13166,B11529
9119,0.9063278436660768,0,B01714,B02240
9120,0.9063231348991394,0,B00168,B03139
9121,0.906314492225647,0,B00175,B02240
9122,0.9063141942024232,0,B09520,B05706
9123,0.9063059091567992,0,B04653,B06506
9124,0.906303644180298,0,B02950,B01934
9125,0.90630304813385,0,B08537,B04744
9126,0.9062951803207396,0,B10240,B01481
9127,0.9062875509262084,0,B10606,B05706
9128,0.9062862396240234,0,B08837,B06506
9129,0.9062827229499816,0,B06266,B02240
9130,0.906282603740692,0,B09070,B02240
9131,0.906281352043152,0,B07960,B06506
9132,0.90627521276474,0,B13205,B02630
9133,0.9062694907188416,0,B01709,B03125
9134,0.906264066696167,0,B02652,B11699
9135,0.9062407612800598,0,B11392,B05706
9136,0.9062352180480956,0,B07084,B10200
9137,0.9062328338623048,0,B00060,B04744
9138,0.9062320590019226,0,B09297,B06192
9139,0.9062294363975524,0,B11332,B04744
9140,0.9062258005142212,0,B00788,B07205
9141,0.906225085258484,0,B06125,B01934
9142,0.9062235355377196,0,B10259,B02240
9143,0.9062211513519288,0,B12024,B05706
9144,0.9062188863754272,0,B05759,B02240
9145,0.9062182307243348,0,B07124,B06506
9146,0.9062061309814452,0,B04684,B06506
9147,0.906204104423523,0,B13607,B13549
9148,0.9062029719352722,0,B02738,B06506
9149,0.9062017798423768,0,B13499,B02240
9150,0.9061983823776244,0,B12431,B03125
9151,0.9061895608901978,0,B11736,B05923
9152,0.9061862826347352,0,B11974,B12194
9153,0.9061839580535888,0,B00209,B12194
9154,0.9061822891235352,0,B01438,B12194
9155,0.9061697125434875,0,B07239,B06506
9156,0.9061681032180786,0,B06981,B01067
9157,0.9061646461486816,0,B12053,B10200
9158,0.9061628580093384,0,B11795,B02240
9159,0.9061508178710938,0,B10457,B05706
9160,0.9061471223831176,0,B08235,B03139
9161,0.9061377048492432,0,B04795,B06506
9162,0.9061357975006104,0,B03973,B06506
9163,0.9061306118965148,0,B04374,B03139
9164,0.9061286449432372,0,B08611,B00095
9165,0.9061216115951538,0,B05781,B06506
9166,0.9061185121536256,0,B09632,B00724
9167,0.906114101409912,0,B01753,B00095
9168,0.9061081409454346,0,B09598,B00146
9169,0.9060992002487184,0,B03520,B13549
9170,0.906089723110199,0,B12258,B02026
9171,0.9060882329940796,0,B05349,B04744
9172,0.906080424785614,0,B04826,B02240
9173,0.9060686826705932,0,B10957,B07367
9174,0.9060681462287904,0,B07967,B04744
9175,0.9060637950897216,0,B06812,B06506
9176,0.906060755252838,0,B14055,B12194
9177,0.9060508012771606,0,B07771,B03139
9178,0.9060498476028442,0,B07514,B07160
9179,0.9060436487197876,0,B02404,B02240
9180,0.9060384035110474,0,B00039,B02240
9181,0.9060304760932922,0,B10931,B05706
9182,0.9060192108154296,0,B12640,B07878
9183,0.906016170978546,0,B07217,B03139
9184,0.9060125946998596,0,B03190,B06506
9185,0.9060105085372924,0,B11344,B01831
9186,0.9060091972351074,0,B11320,B11699
9187,0.9060036540031432,0,B12498,B02240
9188,0.906002640724182,0,B10750,B02026
9189,0.9060015082359314,0,B13800,B05706
9190,0.9060000777244568,0,B06891,B05706
9191,0.9059984087944032,0,B08988,B05467
9192,0.9059916138648988,0,B00858,B01934
9193,0.905980944633484,0,B14174,B02026
9194,0.9059771299362184,0,B13589,B05706
9195,0.9059618711471558,0,B03082,B07160
9196,0.9059598445892334,0,B11600,B05706
9197,0.9059595465660096,0,B06805,B10089
9198,0.9059394001960754,0,B13475,B04953
9199,0.905927836894989,0,B03458,B03125
9200,0.9059255123138428,0,B01425,B03139
9201,0.905909776687622,0,B06668,B02240
9202,0.9059064388275146,0,B09588,B03139
9203,0.9059021472930908,0,B00023,B02026
9204,0.9059019088745116,0,B00312,B07160
9205,0.9058897495269777,0,B01804,B06506
9206,0.905889332294464,0,B03344,B07878
9207,0.9058883786201476,0,B04475,B05467
9208,0.9058863520622252,0,B05818,B01831
9209,0.9058777093887328,0,B00889,B13549
9210,0.9058626890182496,0,B13289,B13549
9211,0.9058617353439332,0,B13466,B06506
9212,0.9058603048324584,0,B07176,B04953
9213,0.9058598875999452,0,B07872,B03125
9214,0.9058526158332824,0,B03347,B03139
9215,0.9058511257171632,0,B04345,B05706
9216,0.9058481454849244,0,B13322,B00934
9217,0.9058393239974976,0,B03027,B05467
9218,0.9058300256729126,0,B13107,B06506
9219,0.9058291912078856,0,B03805,B02240
9220,0.9058272838592528,0,B03723,B05467
9221,0.905823528766632,0,B05372,B03139
9222,0.9058186411857604,0,B07828,B05706
9223,0.9058175086975098,0,B10397,B05923
9224,0.9058167934417723,0,B07926,B02240
9225,0.9058080911636353,0,B06300,B02240
9226,0.905802309513092,0,B08859,B03125
9227,0.9058011174201964,0,B03355,B01831
9228,0.9057936072349548,0,B06153,B05600
9229,0.9057718515396118,0,B11066,B06506
9230,0.9057711362838744,0,B05231,B06192
9231,0.9057673811912536,0,B01523,B06192
9232,0.9057498574256896,0,B04202,B01238
9233,0.9057471752166748,0,B00648,B04744
9234,0.9057435393333436,0,B13347,B02240
9235,0.9057352542877196,0,B11063,B02240
9236,0.9057302474975586,0,B02713,B03139
9237,0.9057242274284364,0,B14100,B06506
9238,0.9057214260101318,0,B07665,B03125
9239,0.905720591545105,0,B08397,B10200
9240,0.9057196378707886,0,B00683,B05467
9241,0.9056965112686156,0,B04059,B04953
9242,0.9056962728500366,0,B06040,B06506
9243,0.905674397945404,0,B06018,B13549
9244,0.9056711792945862,0,B08309,B03139
9245,0.9056687355041504,0,B06064,B04953
9246,0.9056680202484132,0,B04996,B06506
9247,0.9056666493415833,0,B07263,B03139
9248,0.9056604504585266,0,B03993,B00146
9249,0.9056552052497864,0,B13834,B02630
9250,0.9056547284126282,0,B03639,B06506
9251,0.9056494235992432,0,B05720,B03125
9252,0.9056455492973328,0,B06175,B04811
9253,0.9056379795074464,0,B00124,B03125
9254,0.9056373238563538,0,B10479,B06506
9255,0.9056362509727478,0,B10971,B00934
9256,0.9056275486946106,0,B11209,B07367
9257,0.905622124671936,0,B06071,B04744
9258,0.905616283416748,0,B00031,B03777
9259,0.9056156873703004,0,B11938,B03125
9260,0.9056100845336914,0,B13084,B03125
9261,0.905600130558014,0,B01655,B13549
9262,0.9055894613265992,0,B12548,B12194
9263,0.9055867195129396,0,B03470,B06506
9264,0.905577540397644,0,B02613,B00095
9265,0.905574381351471,0,B06879,B00146
9266,0.9055713415145874,0,B06322,B10200
9267,0.9055688381195068,0,B12183,B02026
9268,0.9055600762367249,0,B06418,B03125
9269,0.9055600762367249,0,B08367,B05467
9270,0.905559539794922,0,B14030,B01067
9271,0.9055564403533936,0,B08093,B03139
9272,0.905555248260498,0,B03430,B06192
9273,0.9055539965629578,0,B05825,B03139
9274,0.905547261238098,0,B11047,B06506
9275,0.9055337905883788,0,B01737,B03125
9276,0.9055308699607848,0,B04219,B03125
9277,0.9055286645889282,0,B09194,B02025
9278,0.90551495552063,0,B05588,B04744
9279,0.9055100083351136,0,B09947,B04953
9280,0.905504822731018,0,B00490,B10200
9281,0.90550297498703,0,B02314,B02025
9282,0.9054978489875792,0,B00262,B02240
9283,0.905496060848236,0,B13677,B13549
9284,0.9054914116859436,0,B03196,B06506
9285,0.9054911136627196,0,B09527,B04953
9286,0.9054890275001526,0,B13390,B03180
9287,0.905488669872284,0,B07140,B05467
9288,0.9054837822914124,0,B11644,B03139
9289,0.9054796695709229,0,B08488,B00146
9290,0.9054757356643676,0,B05128,B03125
9291,0.9054677486419678,0,B13076,B02026
9292,0.905467450618744,0,B07139,B02026
9293,0.905465602874756,0,B08450,B02026
9294,0.9054633378982544,0,B12229,B03125
9295,0.905462086200714,0,B06718,B06506
9296,0.9054601192474364,0,B10857,B01796
9297,0.9054552316665648,0,B10608,B02240
9298,0.9054498672485352,0,B10990,B04744
9299,0.9054404497146606,0,B08105,B02240
9300,0.9054388999938964,0,B12618,B07160
9301,0.9054372310638428,0,B11042,B04953
9302,0.9054312109947203,0,B07571,B00146
9303,0.9054030776023864,0,B05215,B06343
9304,0.9054027199745178,0,B12212,B00146
9305,0.9053986072540284,0,B11238,B05600
9306,0.9053979516029358,0,B04718,B06506
9307,0.9053947925567628,0,B03732,B13549
9308,0.9053773283958436,0,B07935,B06506
9309,0.9053734540939332,0,B10026,B02240
9310,0.9053727984428406,0,B06990,B06192
9311,0.9053700566291808,0,B00347,B05467
9312,0.9053683876991272,0,B00444,B10200
9313,0.9053669571876526,0,B02375,B00724
9314,0.9053668975830078,0,B00894,B02240
9315,0.9053557515144348,0,B14268,B05600
9316,0.90535569190979,0,B12174,B00229
9317,0.9053500294685364,0,B02640,B06506
9318,0.9053487181663512,0,B00945,B00724
9319,0.9053401947021484,0,B01411,B06506
9320,0.905339777469635,0,B01579,B06506
9321,0.9053279757499696,0,B07167,B02240
9322,0.9053145051002502,0,B07860,B00146
9323,0.9053111672401428,0,B12904,B04953
9324,0.9053046703338624,0,B01167,B06506
9325,0.905303955078125,0,B09273,B13549
9326,0.905301868915558,0,B06197,B07160
9327,0.905292809009552,0,B09413,B05600
9328,0.905281901359558,0,B00776,B07367
9329,0.9052797555923462,0,B12573,B05706
9330,0.9052740931510924,0,B10365,B03139
9331,0.9052714705467224,0,B01452,B01067
9332,0.905265212059021,0,B09541,B06192
9333,0.9052562713623048,0,B03811,B05467
9334,0.905247449874878,0,B01196,B12194
9335,0.9052423238754272,0,B07428,B01481
9336,0.9052398204803468,0,B08838,B10200
9337,0.905235767364502,0,B10822,B05600
9338,0.905231773853302,0,B04429,B02892
9339,0.9052304029464722,0,B08209,B06506
9340,0.9052232503890992,0,B11388,B02026
9341,0.905219793319702,0,B07068,B04953
9342,0.9052083492279052,0,B03370,B05706
9343,0.9052042961120604,0,B09400,B04811
9344,0.9052038192749025,0,B07175,B02026
9345,0.9052005410194396,0,B07776,B13549
9346,0.905198574066162,0,B05751,B05600
9347,0.9051947593688964,0,B01639,B01481
9348,0.905193030834198,0,B01037,B05706
9349,0.9051929116249084,0,B07664,B02892
9350,0.9051851034164428,0,B13244,B00934
9351,0.9051726460456848,0,B06105,B00229
9352,0.905170202255249,0,B00080,B06506
9353,0.9051679968833924,0,B11489,B02240
9354,0.9051617383956908,0,B02228,B02240
9355,0.9051511883735656,0,B05056,B00146
9356,0.905148148536682,0,B03633,B10089
9357,0.9051430225372314,0,B14038,B07160
9358,0.9051421880722046,0,B06448,B05923
9359,0.905134916305542,0,B09981,B02240
9360,0.9051342010498048,0,B12564,B05600
9361,0.905125617980957,0,B13010,B02240
9362,0.9051214456558228,0,B12275,B11699
9363,0.905113160610199,0,B09263,B00146
9364,0.9051105976104736,0,B04626,B11529
9365,0.905102014541626,0,B09635,B04744
9366,0.9050953388214112,0,B01504,B06506
9367,0.90509033203125,0,B09088,B07429
9368,0.9050669074058532,0,B02173,B07160
9369,0.9050649404525756,0,B12130,B03125
9370,0.9050593972206116,0,B11792,B05706
9371,0.9050315618515016,0,B07164,B09441
9372,0.9050306677818298,0,B10297,B06506
9373,0.9050288796424866,0,B11033,B11699
9374,0.9050158262252808,0,B08939,B04744
9375,0.9050143361091614,0,B06118,B03125
9376,0.905013918876648,0,B05436,B06506
9377,0.905009150505066,0,B12318,B12194
9378,0.9049997329711914,0,B13552,B03125
9379,0.9049955606460572,0,B10677,B02026
9380,0.904979646205902,0,B00475,B02026
9381,0.9049504995346068,0,B11286,B04744
9382,0.904942274093628,0,B07939,B00934
9383,0.904922366142273,0,B13415,B12194
9384,0.904915988445282,0,B04479,B00146
9385,0.9049080610275269,0,B09593,B03125
9386,0.9049033522605896,0,B06895,B02240
9387,0.9048944115638732,0,B09654,B10089
9388,0.9048906564712524,0,B14031,B03125
9389,0.9048893451690674,0,B00942,B05600
9390,0.9048742055892944,0,B09038,B02240
9391,0.9048701524734496,0,B12128,B03180
9392,0.904865264892578,0,B08266,B03139
9393,0.9048628211021424,0,B13612,B02240
9394,0.904862642288208,0,B04888,B06506
9395,0.9048582315444946,0,B04534,B10089
9396,0.9048511981964112,0,B01494,B04744
9397,0.904848337173462,0,B11129,B09441
9398,0.9048480987548828,0,B07350,B03139
9399,0.9048405289649964,0,B08454,B00146
9400,0.9048389196395874,0,B13013,B13549
9401,0.9048304557800292,0,B04735,B03139
9402,0.9048256278038024,0,B05855,B02240
9403,0.9048156142234802,0,B00183,B05600
9404,0.9048093557357788,0,B00873,B03125
9405,0.9047996997833252,0,B02861,B01831
9406,0.9047943949699402,0,B01625,B13549
9407,0.9047938585281372,0,B01210,B00934
9408,0.9047750234603882,0,B12141,B05706
9409,0.9047730565071106,0,B06259,B02026
9410,0.9047603607177734,0,B08318,B02240
9411,0.9047428369522096,0,B12888,B05706
9412,0.9047425389289856,0,B07373,B03125
9413,0.9047375917434692,0,B12252,B13549
9414,0.9047362804412842,0,B03604,B03139
9415,0.9047328233718872,0,B12348,B05706
9416,0.9047316312789916,0,B11593,B04953
9417,0.9047250747680664,0,B06670,B06506
9418,0.9047173857688904,0,B06150,B06506
9419,0.9047169089317322,0,B14115,B03125
9420,0.9047166109085084,0,B06401,B04744
9421,0.9047057628631592,0,B01374,B03139
9422,0.9047023057937622,0,B01482,B06506
9423,0.9046978950500488,0,B06902,B07205
9424,0.9046933054924012,0,B00297,B04744
9425,0.9046908020973206,0,B00111,B02240
9426,0.9046844840049744,0,B03933,B05706
9427,0.904682993888855,0,B05052,B03125
9428,0.9046815633773804,0,B11807,B05600
9429,0.9046785831451416,0,B13487,B00146
9430,0.9046772718429564,0,B00903,B10200
9431,0.9046691656112672,0,B08245,B06506
9432,0.9046589732170104,0,B05045,B02240
9433,0.9046587944030762,0,B11742,B01645
9434,0.9046546816825868,0,B11488,B13549
9435,0.9046533107757568,0,B11322,B13549
9436,0.9046465158462524,0,B03148,B07160
9437,0.9046367406845092,0,B03455,B04953
9438,0.9046171307563782,0,B08647,B00146
9439,0.9046026468276978,0,B05711,B04953
9440,0.904592990875244,0,B09963,B06506
9441,0.9045715928077698,0,B00173,B07160
9442,0.9045605659484864,0,B13203,B13549
9443,0.904543161392212,0,B02229,B03139
9444,0.9045423865318298,0,B07498,B06343
9445,0.9045417308807372,0,B11359,B03125
9446,0.9045371413230896,0,B06172,B06506
9447,0.9045257568359376,0,B02620,B01238
9448,0.9045220613479614,0,B12126,B06506
9449,0.9045169353485109,0,B01802,B02240
9450,0.9045153856277466,0,B03311,B07160
9451,0.9045040011405944,0,B11942,B01796
9452,0.904502809047699,0,B09695,B06506
9453,0.9045027494430542,0,B06888,B06506
9454,0.9045000672340392,0,B11905,B02240
9455,0.9044959545135498,0,B07971,B04744
9456,0.9044955372810364,0,B06183,B10200
9457,0.9044931530952454,0,B14046,B06506
9458,0.9044830799102784,0,B09579,B10089
9459,0.9044815897941588,0,B14037,B02240
9460,0.9044811725616456,0,B04282,B04953
9461,0.9044790267944336,0,B06827,B03125
9462,0.9044772386550904,0,B04557,B02240
9463,0.90447598695755,0,B10502,B12194
9464,0.90447199344635,0,B09554,B03125
9465,0.9044568538665771,0,B05729,B12194
9466,0.9044464230537416,0,B11337,B04953
9467,0.9044404029846193,0,B06496,B06506
9468,0.90444016456604,0,B11310,B04953
9469,0.904439389705658,0,B11200,B03125
9470,0.9044315218925476,0,B01560,B06506
9471,0.9044212102890016,0,B02478,B06506
9472,0.9044198989868164,0,B04436,B02240
9473,0.9044134616851808,0,B05442,B03125
9474,0.9044133424758912,0,B06491,B04744
9475,0.90440833568573,0,B13892,B03125
9476,0.9043946266174316,0,B06931,B11699
9477,0.9043853878974916,0,B07291,B03125
9478,0.9043843150138856,0,B13899,B13549
9479,0.9043831825256348,0,B04122,B13549
9480,0.904382586479187,0,B10042,B06192
9481,0.9043726325035096,0,B13223,B06506
9482,0.9043715596199036,0,B02188,B04953
9483,0.9043679237365724,0,B04008,B02240
9484,0.9043676853179932,0,B14067,B02026
9485,0.9043635725975036,0,B00075,B04744
9486,0.9043615460395812,0,B13392,B12303
9487,0.9043608903884888,0,B12685,B13549
9488,0.9043582677841188,0,B07129,B00095
9489,0.9043481945991516,0,B01896,B01934
9490,0.9043481945991516,0,B05268,B06192
9491,0.9043392539024352,0,B01386,B03139
9492,0.9043384194374084,0,B05071,B10200
9493,0.9043368101119996,0,B03711,B06506
9494,0.904329478740692,0,B13530,B13549
9495,0.9043050408363342,0,B11855,B12194
9496,0.9043029546737672,0,B08778,B04953
9497,0.9043020009994508,0,B12822,B02240
9498,0.904301643371582,0,B03290,B10089
9499,0.9042911529541016,0,B04874,B03125
9500,0.9042738676071168,0,B13995,B05600
9501,0.904271364212036,0,B06733,B06506
9502,0.9042688608169556,0,B12921,B06343
9503,0.9042680263519288,0,B11547,B02026
9504,0.9042653441429138,0,B13021,B06506
9505,0.9042575359344482,0,B05415,B07205
9506,0.904250144958496,0,B13868,B12194
9507,0.9042494893074036,0,B04920,B03125
9508,0.9042477607727052,0,B12681,B13549
9509,0.904236376285553,0,B09939,B02240
9510,0.904232621192932,0,B12756,B05706
9511,0.904227614402771,0,B08546,B00146
9512,0.9042261242866516,0,B10273,B01831
9513,0.904211163520813,0,B01005,B05467
9514,0.9042078256607056,0,B10531,B04953
9515,0.9042071104049684,0,B13940,B11699
9516,0.9042043685913086,0,B06715,B07429
9517,0.904200315475464,0,B03297,B02026
9518,0.904200315475464,0,B06742,B03125
9519,0.9041963815689088,0,B08591,B05706
9520,0.9041962623596193,0,B03178,B03125
9521,0.9041933417320251,0,B01317,B12194
9522,0.9041906595230104,0,B05780,B10200
9523,0.9041846990585328,0,B00954,B03125
9524,0.9041816592216492,0,B14040,B02026
9525,0.9041799306869508,0,B10798,B06506
9526,0.9041781425476074,0,B03248,B04654
9527,0.904175579547882,0,B02242,B06506
9528,0.9041656255722046,0,B04902,B02240
9529,0.9041625261306764,0,B05068,B03139
9530,0.9041609168052672,0,B01496,B05467
9531,0.9041599035263062,0,B05116,B02240
9532,0.9041479825973512,0,B10511,B01831
9533,0.9041478633880616,0,B00642,B07160
9534,0.9041471481323242,0,B08558,B04953
9535,0.9041471481323242,0,B12186,B02026
9536,0.9041441679000854,0,B03875,B02240
9537,0.904138207435608,0,B10726,B00724
9538,0.9041368961334229,0,B05787,B06192
9539,0.9041348099708556,0,B12666,B02240
9540,0.9041345715522766,0,B06110,B00934
9541,0.9041339755058287,0,B09087,B01481
9542,0.9041244983673096,0,B08710,B06506
9543,0.9041150808334352,0,B12302,B07160
9544,0.9041136503219604,0,B14209,B06506
9545,0.9041128754615784,0,B06086,B03139
9546,0.904112696647644,0,B05145,B13549
9547,0.9041109681129456,0,B06106,B13549
9548,0.904099941253662,0,B04483,B02892
9549,0.904094099998474,0,B12286,B06506
9550,0.9040906429290771,0,B13073,B01645
9551,0.9040883779525756,0,B06871,B06506
9552,0.9040817022323608,0,B12420,B04953
9553,0.9040788412094116,0,B01710,B06506
9554,0.9040708541870116,0,B11023,B02240
9555,0.9040544033050536,0,B13113,B04953
9556,0.9040486812591552,0,B03763,B03125
9557,0.904036819934845,0,B01727,B00146
9558,0.9040358066558838,0,B08513,B06506
9559,0.9040275812149048,0,B12234,B06192
9560,0.9040235877037048,0,B14086,B01796
9561,0.9040215015411376,0,B09269,B01067
9562,0.9040194749832152,0,B05551,B00095
9563,0.904018759727478,0,B06023,B06506
9564,0.9040167331695556,0,B07862,B03139
9565,0.9040082693099976,0,B12006,B02240
9566,0.9040059447288512,0,B06469,B04744
9567,0.9040055871009828,0,B05726,B06192
9568,0.904000759124756,0,B10601,B02240
9569,0.9039925336837769,0,B08074,B03139
9570,0.9039877653121948,0,B11469,B07160
9571,0.9039830565452576,0,B00952,B02240
9572,0.9039796590805054,0,B03065,B07429
9573,0.9039785861968994,0,B10756,B03125
9574,0.9039688110351562,0,B12823,B13549
9575,0.9039608240127563,0,B06229,B06506
9576,0.9039415121078492,0,B04079,B05706
9577,0.9039413332939148,0,B01856,B10089
9578,0.9039412140846252,0,B03291,B04744
9579,0.903940200805664,0,B03825,B05467
9580,0.90392804145813,0,B14027,B03125
9581,0.9039260149002076,0,B04428,B12194
9582,0.90392005443573,0,B06505,B13549
9583,0.903918445110321,0,B08930,B06192
9584,0.9039144515991212,0,B13508,B02026
9585,0.9039130806922911,0,B13545,B03180
9586,0.9039127826690674,0,B13687,B12194
9587,0.9039102792739868,0,B12173,B02240
9588,0.9039092063903807,0,B06305,B02240
9589,0.9039067029953004,0,B04269,B02240
9590,0.9039028882980348,0,B14096,B02026
9591,0.9038816690444946,0,B05943,B13549
9592,0.9038559794425964,0,B08518,B13549
9593,0.9038336277008056,0,B04814,B02892
9594,0.9038300514221193,0,B02474,B00095
9595,0.9038209915161132,0,B10695,B10200
9596,0.90381920337677,0,B07180,B02240
9597,0.9038151502609252,0,B08733,B06506
9598,0.9038146138191224,0,B09585,B06506
9599,0.9038066864013672,0,B04824,B06506
9600,0.9038060903549194,0,B13370,B02240
9601,0.9038048386573792,0,B09334,B06506
9602,0.9038013219833374,0,B10356,B03139
9603,0.903800904750824,0,B11719,B02240
9604,0.903800129890442,0,B04912,B03125
9605,0.9037994146347046,0,B02349,B05706
9606,0.9037982225418092,0,B12542,B06506
9607,0.9037966728210448,0,B13445,B07367
9608,0.9037930965423584,0,B00493,B00934
9609,0.9037902355194092,0,B01410,B06506
9610,0.903789222240448,0,B06346,B03125
9611,0.9037858843803406,0,B07229,B06506
9612,0.9037805199623108,0,B12584,B06192
9613,0.9037736654281616,0,B05195,B03125
9614,0.9037680625915528,0,B08588,B02240
9615,0.9037678241729736,0,B02579,B04953
9616,0.9037660360336304,0,B09822,B11699
9617,0.9037650227546692,0,B00131,B01238
9618,0.9037521481513976,0,B08390,B03139
9619,0.9037455320358276,0,B10338,B03125
9620,0.9037417769432068,0,B12421,B06506
9621,0.9037368297576904,0,B10395,B13549
9622,0.9037279486656188,0,B11183,B12194
9623,0.9037227630615234,0,B08857,B00146
9624,0.9037179946899414,0,B05760,B04744
9625,0.9037139415740968,0,B01066,B13549
9626,0.9037131071090698,0,B02880,B04811
9627,0.903712809085846,0,B01860,B13549
9628,0.9037115573883056,0,B13947,B05923
9629,0.9037102460861206,0,B01566,B00724
9630,0.9037070870399476,0,B10094,B13549
9631,0.9037065505981444,0,B11335,B06506
9632,0.9036995768547058,0,B08374,B06506
9633,0.9036946892738342,0,B08556,B06506
9634,0.9036800861358644,0,B04009,B07429
9635,0.903679609298706,0,B00891,B05706
9636,0.903677463531494,0,B08987,B06506
9637,0.9036762714385986,0,B04765,B06506
9638,0.9036704301834106,0,B07251,B05706
9639,0.9036700129508972,0,B03315,B06506
9640,0.903669536113739,0,B12949,B06343
9641,0.90366792678833,0,B04166,B03139
9642,0.9036575555801392,0,B12870,B02240
9643,0.9036569595336914,0,B06590,B02240
9644,0.9036319255828856,0,B01072,B02025
9645,0.903630256652832,0,B10444,B00146
9646,0.9036300182342528,0,B00855,B06506
9647,0.9036163091659546,0,B01042,B05467
9648,0.9036078453063964,0,B08756,B04811
9649,0.9036048650741576,0,B08435,B03125
9650,0.9036027193069458,0,B00840,B02026
9651,0.903595209121704,0,B09231,B03125
9652,0.9035820960998536,0,B02799,B02240
9653,0.903578519821167,0,B03434,B03139
9654,0.9035664200782776,0,B08375,B05600
9655,0.9035651087760924,0,B14077,B07205
9656,0.9035615921020508,0,B14120,B02240
9657,0.9035463333129884,0,B14303,B03125
9658,0.9035462141036988,0,B02398,B13549
9659,0.9035457372665404,0,B05021,B03125
9660,0.9035433530807496,0,B02499,B03777
9661,0.9035372138023376,0,B01928,B05706
9662,0.9035346508026124,0,B02018,B00229
9663,0.903531551361084,0,B06615,B11699
9664,0.9035286903381348,0,B12824,B05706
9665,0.903526782989502,0,B03321,B06506
9666,0.9035255908966064,0,B13563,B12194
9667,0.9035240411758424,0,B09891,B00724
9668,0.9035179018974304,0,B13878,B06506
9669,0.90351402759552,0,B03150,B02240
9670,0.9035099744796752,0,B11217,B01645
9671,0.9035077095031738,0,B00328,B06506
9672,0.903503954410553,0,B03179,B06506
9673,0.9034802317619324,0,B10501,B03125
9674,0.903477668762207,0,B06832,B06506
9675,0.9034745693206788,0,B11805,B00724
9676,0.9034727215766908,0,B09364,B02240
9677,0.9034708738327026,0,B07456,B06506
9678,0.9034696221351624,0,B05237,B05923
9679,0.9034684300422668,0,B02408,B13549
9680,0.9034581184387208,0,B08003,B10640
9681,0.9034560322761536,0,B11923,B01934
9682,0.9034494161605836,0,B12831,B06506
9683,0.9034348726272584,0,B08624,B03139
9684,0.9034340381622314,0,B03200,B06506
9685,0.903432846069336,0,B06493,B00934
9686,0.9034289717674256,0,B03161,B07160
9687,0.903416633605957,0,B14177,B03125
9688,0.903403639793396,0,B09722,B00724
9689,0.903397262096405,0,B08567,B05600
9690,0.903390884399414,0,B06860,B06506
9691,0.903388738632202,0,B08476,B05706
9692,0.9033820629119872,0,B12081,B13549
9693,0.9033793807029724,0,B13543,B13549
9694,0.9033638834953308,0,B11364,B05600
9695,0.903363823890686,0,B00025,B04744
9696,0.9033585786819458,0,B11413,B01796
9697,0.9033567905426024,0,B08230,B02240
9698,0.9033563733100892,0,B06025,B00095
9699,0.903351366519928,0,B09603,B04744
9700,0.9033417701721193,0,B10310,B03139
9701,0.9033310413360596,0,B09948,B02240
9702,0.9033243060112,0,B03241,B07878
9703,0.9033210277557372,0,B06679,B06506
9704,0.9033202528953552,0,B06995,B13549
9705,0.9033163785934448,0,B10359,B13549
9706,0.9033041000366212,0,B11743,B04953
9707,0.903295874595642,0,B04538,B04744
9708,0.9032847285270692,0,B05332,B01067
9709,0.9032717943191528,0,B01132,B03139
9710,0.903268039226532,0,B00390,B07160
9711,0.903264045715332,0,B07014,B06506
9712,0.903263509273529,0,B12083,B10200
9713,0.9032613635063172,0,B11367,B05923
9714,0.9032491445541382,0,B04660,B05706
9715,0.9032375812530518,0,B00327,B06506
9716,0.9032272696495056,0,B02653,B03139
9717,0.9032220244407654,0,B13003,B13549
9718,0.9032121300697328,0,B11345,B09441
9719,0.9032120108604432,0,B12746,B07160
9720,0.9032119512557985,0,B09795,B07429
9721,0.9031974077224731,0,B08743,B02026
9722,0.9031932353973388,0,B10594,B02240
9723,0.903188169002533,0,B02530,B07429
9724,0.903185486793518,0,B04612,B07160
9725,0.9031761884689332,0,B08229,B03139
9726,0.9031693935394288,0,B07082,B06506
9727,0.903156280517578,0,B12590,B03125
9728,0.9031493663787842,0,B00491,B01831
9729,0.903134822845459,0,B09365,B06192
9730,0.9031304717063904,0,B09010,B03125
9731,0.9031200408935548,0,B09212,B06506
9732,0.903117835521698,0,B08261,B04744
9733,0.9031164050102234,0,B11006,B13549
9734,0.9031071066856384,0,B01242,B10089
9735,0.9031040668487548,0,B06542,B03125
9736,0.9030975699424744,0,B09879,B06506
9737,0.903087317943573,0,B02175,B13170
9738,0.9030854105949402,0,B09432,B03139
9739,0.9030743837356568,0,B07089,B05600
9740,0.903074324131012,0,B00072,B03139
9741,0.9030698537826538,0,B01012,B00095
9742,0.903069019317627,0,B01079,B03125
9743,0.9030672311782836,0,B04897,B03139
9744,0.9030659198760986,0,B04203,B00934
9745,0.9030609726905824,0,B04516,B02892
9746,0.9030598402023317,0,B13654,B06506
9747,0.9030557870864868,0,B02233,B01645
9748,0.9030380249023438,0,B12206,B02026
9749,0.9030379056930542,0,B08867,B03125
9750,0.9030296802520752,0,B10062,B06506
9751,0.902999222278595,0,B14199,B02240
9752,0.9029949307441713,0,B01917,B04744
9753,0.9029787182807922,0,B12085,B02240
9754,0.9029650688171388,0,B13268,B02026
9755,0.90296471118927,0,B03996,B13549
9756,0.9029640555381776,0,B07673,B01645
9757,0.9029579758644104,0,B13201,B05706
9758,0.9029409885406494,0,B02352,B06506
9759,0.9029396176338196,0,B11215,B07205
9760,0.9029219150543212,0,B07854,B06506
9761,0.9029023051261902,0,B06386,B03139
9762,0.9028937816619872,0,B02825,B01238
9763,0.9028926491737366,0,B11237,B06506
9764,0.9028925895690918,0,B11410,B02240
9765,0.9028809070587158,0,B13931,B02026
9766,0.9028804898262024,0,B04812,B05467
9767,0.902878999710083,0,B00618,B04744
9768,0.9028732180595398,0,B04003,B06506
9769,0.902861714363098,0,B06532,B06506
9770,0.9028615951538086,0,B01039,B10200
9771,0.9028581380844116,0,B10768,B06192
9772,0.9028388261795044,0,B11460,B13549
9773,0.9028267860412598,0,B12162,B13549
9774,0.902825891971588,0,B04627,B00146
9775,0.9028171896934508,0,B12891,B03180
9776,0.9028156399726868,0,B07710,B03125
9777,0.9028076529502868,0,B13403,B05600
9778,0.9028065800666808,0,B03675,B06506
9779,0.9028034806251526,0,B08541,B02240
9780,0.902802348136902,0,B14277,B03125
9781,0.9027960300445556,0,B08092,B05600
9782,0.9027948975563048,0,B00643,B02240
9783,0.9027943015098572,0,B13639,B13549
9784,0.9027922749519348,0,B12587,B00146
9785,0.9027913808822632,0,B07908,B06192
9786,0.9027902483940125,0,B09967,B02026
9787,0.9027876853942872,0,B01420,B04744
9788,0.9027820229530334,0,B08753,B06192
9789,0.90277498960495,0,B10411,B02025
9790,0.9027719497680664,0,B12668,B00724
9791,0.9027693271636964,0,B05234,B02026
9792,0.90276837348938,0,B11239,B02026
9793,0.9027650356292723,0,B13394,B13549
9794,0.90275776386261,0,B06001,B12194
9795,0.9027577042579652,0,B04905,B09441
9796,0.902757465839386,0,B12236,B06192
9797,0.9027569890022278,0,B13556,B13549
9798,0.9027506113052368,0,B03023,B13549
9799,0.9027482867240906,0,B13302,B01796
9800,0.9027470946311952,0,B11909,B05600
9801,0.9027453660964966,0,B01665,B06506
9802,0.9027442932128906,0,B04173,B02240
9803,0.9027426242828368,0,B00344,B03139
9804,0.902713656425476,0,B02895,B03125
9805,0.902710735797882,0,B08827,B03125
9806,0.9027097225189208,0,B08625,B00146
9807,0.9027084708213806,0,B12354,B05706
9808,0.9027034640312196,0,B06728,B06506
9809,0.902689814567566,0,B11505,B06506
9810,0.902673363685608,0,B03570,B03125
9811,0.9026705026626588,0,B06194,B02025
9812,0.9026669859886168,0,B06193,B01238
9813,0.9026514887809752,0,B02461,B01481
9814,0.9026405215263368,0,B00582,B03125
9815,0.902629852294922,0,B07768,B06506
9816,0.902624487876892,0,B11622,B05923
9817,0.9026241302490234,0,B06458,B06506
9818,0.9026209712028505,0,B02691,B05600
9819,0.9026176929473876,0,B03672,B02892
9820,0.9026139378547668,0,B14098,B05706
9821,0.902613401412964,0,B12038,B05467
9822,0.9026108980178832,0,B12816,B02026
9823,0.9026063680648804,0,B10982,B05467
9824,0.902596354484558,0,B09344,B13549
9825,0.9025956988334656,0,B12850,B02026
9826,0.9025955200195312,0,B11716,B12194
9827,0.9025891423225404,0,B13477,B12303
9828,0.9025871753692628,0,B01093,B06506
9829,0.9025781750679016,0,B03812,B05467
9830,0.9025737643241882,0,B10381,B03125
9831,0.9025704264640808,0,B09509,B04811
9832,0.9025627970695496,0,B04573,B09441
9833,0.902559757232666,0,B12003,B00146
9834,0.9025533199310304,0,B10803,B06506
9835,0.9025452136993408,0,B06483,B02026
9836,0.9025449156761168,0,B02230,B02630
9837,0.9025442600250244,0,B12160,B05600
9838,0.9025311470031738,0,B05194,B02240
9839,0.9025274515151978,0,B03638,B06506
9840,0.9025241136550904,0,B12156,B03125
9841,0.9025232195854188,0,B10790,B12194
9842,0.9025188088417052,0,B11891,B13549
9843,0.9025084972381592,0,B03514,B06506
9844,0.9025039076805116,0,B04611,B02630
9845,0.9025005102157592,0,B10927,B06506
9846,0.902493953704834,0,B06421,B03139
9847,0.9024934768676758,0,B08183,B06506
9848,0.9024899005889891,0,B10375,B06506
9849,0.902474880218506,0,B12557,B03125
9850,0.9024747610092164,0,B02914,B01831
9851,0.9024683237075806,0,B11403,B05706
9852,0.9024674892425536,0,B10376,B04654
9853,0.9024554491043092,0,B07024,B02240
9854,0.9024531841278076,0,B04793,B06343
9855,0.9024415016174316,0,B13083,B06506
9856,0.9024345874786376,0,B11752,B10200
9857,0.9024271965026855,0,B09543,B06192
9858,0.9024252891540528,0,B05344,B05467
9859,0.902414321899414,0,B03197,B00146
9860,0.9024127125740052,0,B08357,B00146
9861,0.902402400970459,0,B13300,B05706
9862,0.9023955464363098,0,B11040,B02026
9863,0.9023904204368592,0,B02549,B04953
9864,0.902382791042328,0,B03998,B06506
9865,0.9023786187171936,0,B05558,B01238
9866,0.9023780822753906,0,B11458,B10200
9867,0.9023715257644652,0,B12568,B00146
9868,0.9023654460906982,0,B09217,B06192
9869,0.9023640155792236,0,B12893,B11699
9870,0.9023582339286804,0,B13449,B02026
9871,0.9023439884185792,0,B06031,B09245
9872,0.902334213256836,0,B12438,B03125
9873,0.902327001094818,0,B08968,B06506
9874,0.902308702468872,0,B02677,B05706
9875,0.9023067355155944,0,B14135,B06506
9876,0.9023030996322632,0,B06047,B02240
9877,0.9023014307022096,0,B01507,B01238
9878,0.902284860610962,0,B08424,B07160
9879,0.9022838473320008,0,B05490,B04953
9880,0.9022836089134216,0,B00865,B05345
9881,0.9022754430770874,0,B05702,B06506
9882,0.902274250984192,0,B08751,B06192
9883,0.9022698402404784,0,B08275,B02240
9884,0.902269721031189,0,B06802,B01934
9885,0.9022670984268188,0,B09202,B10089
9886,0.902265191078186,0,B03407,B00146
9887,0.9022552371025084,0,B10243,B12194
9888,0.902254581451416,0,B12533,B11529
9889,0.902253806591034,0,B04536,B02240
9890,0.902251124382019,0,B01346,B07878
9891,0.9022459387779236,0,B09277,B03125
9892,0.9022359251976012,0,B07237,B06343
9893,0.9022286534309388,0,B04311,B00536
9894,0.9022194147109984,0,B00345,B00095
9895,0.902207851409912,0,B00336,B05467
9896,0.9021899700164796,0,B13480,B13549
9897,0.90218847990036,0,B06320,B07878
9898,0.902171552181244,0,B02994,B03125
9899,0.9021695852279664,0,B07811,B05345
9900,0.9021658897399902,0,B14260,B02026
9901,0.90216064453125,0,B12722,B02026
9902,0.9021576642990112,0,B01740,B06506
9903,0.902153253555298,0,B09300,B02026
9904,0.90214604139328,0,B03361,B09441
9905,0.9021431803703308,0,B13727,B13549
9906,0.9021385908126832,0,B03459,B06192
9907,0.90213805437088,0,B05748,B02240
9908,0.9021245837211608,0,B02311,B03125
9909,0.902122676372528,0,B13012,B02240
9910,0.902112364768982,0,B02159,B03139
9911,0.902108073234558,0,B01846,B01934
9912,0.902107298374176,0,B09265,B05600
9913,0.902096688747406,0,B08118,B10200
9914,0.9020882844924928,0,B00583,B00095
9915,0.9020841121673584,0,B08294,B03139
9916,0.9020738005638124,0,B00881,B00934
9917,0.9020732045173644,0,B07705,B07160
9918,0.902065634727478,0,B00013,B03125
9919,0.9020626544952391,0,B11314,B02026
9920,0.9020617008209229,0,B09367,B07878
9921,0.9020577669143676,0,B14208,B12194
9922,0.9020494222640992,0,B04656,B02240
9923,0.9020438194274902,0,B02911,B04811
9924,0.9020429849624634,0,B14217,B03180
9925,0.902042806148529,0,B01565,B02240
9926,0.90203058719635,0,B12919,B11699
9927,0.9020287990570068,0,B04065,B03139
9928,0.9020140171051024,0,B04749,B03125
9929,0.9020127058029176,0,B01134,B06506
9930,0.9020105600357056,0,B00059,B06506
9931,0.9019992351531982,0,B14234,B02240
9932,0.901996374130249,0,B08176,B06192
9933,0.9019875526428224,0,B00708,B06506
9934,0.901974320411682,0,B13974,B05600
9935,0.9019668102264404,0,B09326,B12194
9936,0.9019601345062256,0,B04234,B03125
9937,0.9019458293914796,0,B10387,B00724
9938,0.9019380807876588,0,B14058,B02026
9939,0.90193772315979,0,B03185,B04953
9940,0.9019282460212708,0,B10715,B04744
9941,0.9019269943237304,0,B08917,B06343
9942,0.9019196629524232,0,B14292,B02240
9943,0.9019182920455932,0,B01479,B07367
9944,0.9019140005111694,0,B08828,B03125
9945,0.9019129276275636,0,B13245,B06506
9946,0.9019116163253784,0,B08121,B03125
9947,0.9019046425819396,0,B00670,B03125
9948,0.9018937349319458,0,B12523,B01067
9949,0.9018876552581788,0,B08521,B06506
9950,0.9018837213516236,0,B02897,B06192
9951,0.9018738269805908,0,B01187,B03139
9952,0.9018691778182985,0,B13248,B02026
9953,0.9018537998199464,0,B09770,B03125
9954,0.9018504619598388,0,B07103,B03125
9955,0.901848554611206,0,B06637,B13549
9956,0.9018471240997314,0,B08550,B06192
9957,0.901842713356018,0,B13725,B10200
9958,0.901837944984436,0,B04315,B00536
9959,0.9018347859382628,0,B04050,B04953
9960,0.9018316864967346,0,B02323,B02240
9961,0.9018309116363524,0,B11840,B07205
9962,0.9018280506134032,0,B11679,B11699
9963,0.9018248915672302,0,B13192,B13549
9964,0.9018207788467408,0,B11147,B11699
9965,0.9018125534057616,0,B12223,B07160
9966,0.9018121361732484,0,B12983,B05706
9967,0.901803731918335,0,B01911,B06192
9968,0.9018019437789916,0,B13296,B13549
9969,0.9017993807792664,0,B10855,B04811
9970,0.9017935991287231,0,B02906,B03139
9971,0.901792287826538,0,B13294,B04953
9972,0.90179044008255,0,B07540,B07429
9973,0.9017759561538696,0,B12752,B02240
9974,0.901774287223816,0,B04513,B06506
9975,0.9017638564109802,0,B11730,B03125
9976,0.901750147342682,0,B03428,B03125
9977,0.9017499685287476,0,B13624,B06506
9978,0.9017475843429564,0,B00927,B10089
9979,0.9017419815063475,0,B08194,B02025
9980,0.901740312576294,0,B03641,B03180
9981,0.9017385244369508,0,B10143,B00095
9982,0.9017289876937866,0,B00653,B07878
9983,0.9017265439033508,0,B05959,B07160
9984,0.9017261862754822,0,B11524,B06506
9985,0.9017188549041748,0,B11661,B06506
9986,0.9017099738121032,0,B03398,B06506
9987,0.9017058610916138,0,B07143,B06506
9988,0.9017030000686646,0,B05354,B06506
9989,0.9017013907432556,0,B12211,B06506
9990,0.9016987085342408,0,B01955,B03139
9991,0.9016975164413452,0,B06689,B02240
9992,0.901697278022766,0,B07611,B07367
9993,0.9016927480697632,0,B12663,B07878
9994,0.9016864895820618,0,B07938,B06506
9995,0.9016799926757812,0,B05968,B00724
9996,0.9016762375831604,0,B00665,B06506
9997,0.90167498588562,0,B00988,B01934
9998,0.9016738533973694,0,B12679,B03125
9999,0.9016722440719604,0,B02577,B03125
10000,0.901669979095459,0,B09250,B02240
10001,0.9016695022583008,0,B14049,B00229
10002,0.9016693830490112,0,B13520,B02026
10003,0.9016672372817992,0,B10602,B02026
10004,0.901665210723877,0,B12459,B00724
10005,0.9016466736793518,0,B03018,B05467
10006,0.901646614074707,0,B03562,B10200
10007,0.9016419649124146,0,B03792,B02240
10008,0.9016413688659668,0,B01429,B02026
10009,0.9016377925872804,0,B07277,B03139
10010,0.9016266465187072,0,B01316,B13549
10011,0.901625633239746,0,B14305,B01796
10012,0.9016192555427552,0,B01267,B06506
10013,0.9016146659851074,0,B12645,B06343
10014,0.9016098976135254,0,B06276,B03125
10015,0.9016017317771912,0,B04208,B03139
10016,0.9015937447547911,0,B08079,B12194
10017,0.9015932083129884,0,B03963,B05706
10018,0.9015803933143616,0,B00500,B00724
10019,0.9015746116638184,0,B10607,B05706
10020,0.9015744924545288,0,B12730,B06506
10021,0.9015734195709229,0,B11412,B02240
10022,0.9015634655952454,0,B06334,B09441
10023,0.901562750339508,0,B08732,B13549
10024,0.90155291557312,0,B01145,B02025
10025,0.9015464782714844,0,B06139,B06506
10026,0.901541829109192,0,B09405,B06506
10027,0.9015401601791382,0,B07725,B01238
10028,0.9015368223190308,0,B13274,B02240
10029,0.9015340805053712,0,B06443,B06506
10030,0.9015215635299684,0,B14123,B02240
10031,0.9015184044837952,0,B12552,B10200
10032,0.9015114903450012,0,B12978,B05923
10033,0.9015051126480104,0,B14029,B02240
10034,0.9014885425567628,0,B09290,B02240
10035,0.9014688730239868,0,B08365,B05467
10036,0.9014670848846436,0,B11912,B04744
10037,0.9014589190483092,0,B07972,B03125
10038,0.9014493227005004,0,B02298,B12194
10039,0.9014433026313782,0,B07504,B03139
10040,0.90143883228302,0,B12608,B12194
10041,0.9014020562171936,0,B12411,B11699
10042,0.9013875722885132,0,B06866,B05600
10043,0.9013858437538148,0,B01287,B06506
10044,0.9013754725456238,0,B11821,B02240
10045,0.9013564586639404,0,B11454,B02240
10046,0.9013530015945436,0,B10593,B04953
10047,0.9013490676879884,0,B02327,B02892
10048,0.9013428688049316,0,B08955,B06506
10049,0.9013420343399048,0,B03404,B01238
10050,0.901335060596466,0,B06124,B07878
10051,0.9013346433639526,0,B12254,B05706
10052,0.9013338088989258,0,B05971,B04811
10053,0.901324450969696,0,B13235,B00724
10054,0.9013117551803588,0,B05098,B06506
10055,0.9013081789016724,0,B06081,B06506
10056,0.9013011455535888,0,B03093,B13549
10057,0.9012997150421144,0,B11764,B02240
10058,0.901299238204956,0,B10718,B04953
10059,0.9012950658798218,0,B11915,B13549
10060,0.9012888669967652,0,B03017,B00934
10061,0.901274800300598,0,B01130,B02892
10062,0.9012693762779236,0,B13658,B13549
10063,0.9012638926506042,0,B12759,B02025
10064,0.9012625217437744,0,B05934,B03180
10065,0.9012556672096252,0,B11887,B07429
10066,0.9012526273727416,0,B13099,B06506
10067,0.9012524485588074,0,B03406,B03125
10068,0.9012434482574464,0,B03712,B04744
10069,0.9012370705604552,0,B07959,B04654
10070,0.9012218117713928,0,B08847,B06506
10071,0.9012197256088256,0,B02966,B13549
10072,0.9012072682380676,0,B12007,B05706
10073,0.9012054800987244,0,B12765,B01831
10074,0.9012029767036438,0,B03038,B01934
10075,0.9012013673782348,0,B01237,B04744
10076,0.901186227798462,0,B01851,B02240
10077,0.9011858105659484,0,B08536,B03139
10078,0.9011701941490172,0,B13305,B05923
10079,0.9011628031730652,0,B11134,B06343
10080,0.9011582732200624,0,B11417,B12194
10081,0.901157557964325,0,B13676,B02240
10082,0.9011436104774476,0,B09535,B13549
10083,0.9011391401290894,0,B00946,B03125
10084,0.9011351466178894,0,B06787,B03125
10085,0.9011220932006836,0,B10915,B02240
10086,0.9011175632476808,0,B06191,B02240
10087,0.9011138677597046,0,B07505,B02240
10088,0.9011120796203612,0,B07087,B00724
10089,0.9011051654815674,0,B04113,B10640
10090,0.9010931253433228,0,B09696,B10200
10091,0.9010909795761108,0,B13941,B02026
10092,0.9010865688323976,0,B14117,B02026
10093,0.9010831117630004,0,B03618,B07878
10094,0.9010823369026184,0,B04564,B06343
10095,0.9010778665542604,0,B13759,B05600
10096,0.9010751247406006,0,B05730,B06506
10097,0.9010737538337708,0,B03320,B00229
10098,0.9010615348815918,0,B00718,B01238
10099,0.9010601043701172,0,B05016,B03125
10100,0.9010559916496276,0,B14184,B13549
10101,0.9010474681854248,0,B10368,B05467
10102,0.9010451436042786,0,B09829,B06506
10103,0.9010369181632996,0,B02963,B04744
10104,0.9010302424430848,0,B13565,B05600
10105,0.9010157585144044,0,B01344,B06506
10106,0.901015043258667,0,B08792,B00229
10107,0.9010139107704164,0,B12680,B01067
10108,0.9009966850280762,0,B14341,B02026
10109,0.9009883403778076,0,B12821,B13549
10110,0.900987982749939,0,B04325,B12303
10111,0.9009801745414734,0,B12114,B12194
10112,0.9009740352630616,0,B05294,B07429
10113,0.9009685516357422,0,B01117,B06506
10114,0.9009618759155272,0,B10900,B03125
10115,0.9009604454040528,0,B13561,B12194
10116,0.9009578227996826,0,B01967,B00229
10117,0.9009564518928528,0,B04662,B06506
10118,0.9009485840797424,0,B00244,B02025
10119,0.9009466171264648,0,B13116,B03125
10120,0.9009376168251038,0,B14326,B02026
10121,0.900937557220459,0,B13928,B06506
10122,0.9009344577789308,0,B00200,B02025
10123,0.9009236097335817,0,B01520,B05706
10124,0.9009074568748474,0,B08616,B04953
10125,0.9009057879447936,0,B01269,B02026
10126,0.9009045958518982,0,B12729,B11699
10127,0.9009040594100952,0,B10645,B07160
10128,0.9009014368057252,0,B13576,B06506
10129,0.9008995890617372,0,B04349,B05467
10130,0.9008926153182985,0,B12547,B02240
10131,0.9008763432502748,0,B08228,B00229
10132,0.9008572697639464,0,B06417,B04744
10133,0.9008516073226928,0,B03454,B04953
10134,0.9008312821388244,0,B06635,B06506
10135,0.9008302092552184,0,B02140,B09245
10136,0.900827407836914,0,B10698,B02240
10137,0.9008161425590516,0,B00357,B05467
10138,0.9008107781410216,0,B07021,B06192
10139,0.9008034467697144,0,B06306,B00146
10140,0.9007999897003174,0,B11236,B06343
10141,0.9007933139801024,0,B07141,B00934
10142,0.9007833003997804,0,B12123,B05600
10143,0.9007712006568908,0,B04936,B02240
10144,0.900769591331482,0,B11240,B02025
10145,0.9007608890533448,0,B09410,B13549
10146,0.900754690170288,0,B14167,B02026
10147,0.9007513523101808,0,B04741,B00724
10148,0.9007425904273988,0,B06954,B06506
10149,0.9007331132888794,0,B13757,B11529
10150,0.9007293581962584,0,B02573,B02240
10151,0.900725483894348,0,B05890,B11529
10152,0.900722086429596,0,B02647,B03125
10153,0.9007154107093811,0,B09259,B06506
10154,0.9007067680358887,0,B04002,B00146
10155,0.9007048010826111,0,B12001,B06506
10156,0.9007012248039246,0,B11896,B02240
10157,0.9006925821304321,0,B12588,B00724
10158,0.9006900191307068,0,B03121,B13549
10159,0.9006893634796143,0,B12810,B02240
10160,0.9006829261779785,0,B09700,B02240
10161,0.9006770849227905,0,B06979,B01238
10162,0.9006761312484741,0,B09833,B06506
10163,0.9006741046905518,0,B00067,B00095
10164,0.9006715416908264,0,B12365,B02240
10165,0.9006705284118652,0,B07853,B02240
10166,0.9006672501564026,0,B12060,B13549
10167,0.900666356086731,0,B04176,B03139
10168,0.9006607532501221,0,B07821,B03139
10169,0.900638997554779,0,B09001,B02240
10170,0.9006245732307434,0,B09228,B06192
10171,0.9006237387657166,0,B12826,B06506
10172,0.9006168842315674,0,B07074,B05467
10173,0.9006161093711853,0,B03273,B02240
10174,0.9006122946739197,0,B08032,B03125
10175,0.90060955286026,0,B09211,B06506
10176,0.900607168674469,0,B01590,B05706
10177,0.9006060361862183,0,B10346,B04953
10178,0.9006004333496094,0,B04309,B07205
10179,0.9005996584892273,0,B13682,B05706
10180,0.9005881547927856,0,B10020,B06506
10181,0.9005796909332275,0,B13644,B11529
10182,0.9005625247955322,0,B09314,B06506
10183,0.9005530476570129,0,B06037,B03125
10184,0.9005202054977417,0,B02202,B00229
10185,0.90050208568573,0,B04998,B03125
10186,0.900499701499939,0,B04450,B06506
10187,0.9004904627799988,0,B00335,B03125
10188,0.9004887938499451,0,B06899,B03139
10189,0.9004820585250854,0,B02727,B02026
10190,0.9004796743392944,0,B09374,B13549
10191,0.9004635810852051,0,B08583,B03125
10192,0.90046226978302,0,B03280,B12303
10193,0.9004562497138977,0,B06574,B03139
10194,0.9004538059234619,0,B11853,B02240
10195,0.9004527926445007,0,B09594,B06506
10196,0.9004493355751038,0,B14289,B03125
10197,0.9004491567611694,0,B05238,B05706
10198,0.9004428386688232,0,B13119,B00724
10199,0.9004362225532532,0,B01968,B03125
10200,0.9004337191581726,0,B06821,B06506
10201,0.90040123462677,0,B01746,B04654
10202,0.900383710861206,0,B07565,B02240
10203,0.9003815650939941,0,B11703,B10200
10204,0.9003753066062927,0,B04082,B03125
10205,0.9003686904907227,0,B03323,B05467
10206,0.9003636837005615,0,B07168,B01067
10207,0.9003636240959167,0,B12874,B07429
10208,0.9003596901893616,0,B07108,B07205
10209,0.9003528356552124,0,B06383,B03125
10210,0.9003404378890991,0,B00417,B06506
10211,0.9003234505653381,0,B02324,B03125
10212,0.9003210663795471,0,B07062,B04744
10213,0.9003150463104248,0,B06277,B06506
10214,0.9003092646598816,0,B05002,B06506
10215,0.9002992510795593,0,B04875,B06506
10216,0.9002947807312012,0,B06911,B13549
10217,0.9002865552902222,0,B03667,B00095
10218,0.9002779722213745,0,B09271,B03125
10219,0.9002728462219238,0,B13722,B01645
10220,0.9002459049224854,0,B14044,B02026
10221,0.9002451300621033,0,B13308,B02240
10222,0.9002422094345093,0,B08120,B10200
10223,0.9002318978309631,0,B06093,B02026
10224,0.9002246260643005,0,B01236,B04654
10225,0.900206983089447,0,B01595,B10089
10226,0.9002010822296143,0,B12120,B02240
10227,0.9001996517181396,0,B07927,B04953
10228,0.9001944661140442,0,B11305,B06506
10229,0.9001925587654114,0,B04275,B02240
10230,0.9001908302307129,0,B12224,B06343
10231,0.900183916091919,0,B13583,B13549
10232,0.9001829028129578,0,B09343,B06506
10233,0.9001621603965759,0,B14309,B02240
10234,0.9001574516296387,0,B11520,B05706
10235,0.9001353979110718,0,B07071,B03125
10236,0.9001350402832031,0,B00943,B03139
10237,0.9001294374465942,0,B03210,B05706
10238,0.9001287221908569,0,B08882,B06506
10239,0.9001263380050659,0,B12876,B02240
10240,0.9001197218894958,0,B08947,B07878
10241,0.9001178741455078,0,B10975,B00724
10242,0.900116503238678,0,B12074,B02240
10243,0.9001163244247437,0,B10350,B11699
10244,0.9001147747039795,0,B07463,B06506
10245,0.9001087546348572,0,B10204,B10200
10246,0.9001019597053528,0,B05912,B03139
10247,0.9000982642173767,0,B14185,B11529
10248,0.900091290473938,0,B14012,B02026
10249,0.9000899195671082,0,B01289,B01481
10250,0.9000846147537231,0,B06449,B02240
10251,0.9000821709632874,0,B06868,B03139
10252,0.9000809788703918,0,B10431,B06506
10253,0.9000799655914307,0,B10300,B06506
10254,0.9000692367553711,0,B03192,B05467
10255,0.9000566601753235,0,B12866,B06506
10256,0.9000546932220459,0,B11723,B03125
10257,0.9000536203384399,0,B01207,B03125
10258,0.9000465869903564,0,B03024,B06506
10259,0.9000431299209595,0,B12104,B11529
10260,0.900036633014679,0,B10716,B09441
10261,0.9000344276428223,0,B12755,B05706
10262,0.9000325202941895,0,B07066,B06506
10263,0.9000303745269775,0,B03417,B02240
10264,0.8999960422515869,0,B02854,B03125
10265,0.8999927639961243,0,B10706,B06192
10266,0.8999725580215454,0,B13194,B05706
10267,0.8999717235565186,0,B13196,B00724
10268,0.899968147277832,0,B10687,B06506
10269,0.8999615907669067,0,B06966,B13549
10270,0.8999403715133667,0,B03346,B04744
10271,0.8999188542366028,0,B01757,B06343
10272,0.8999098539352417,0,B02684,B06506
10273,0.8999039530754089,0,B08690,B12194
10274,0.8998963832855225,0,B03045,B03125
10275,0.8998910784721375,0,B09261,B03139
10276,0.8998879194259644,0,B13238,B02240
10277,0.8998771905899048,0,B06457,B06506
10278,0.8998688459396362,0,B02395,B02240
10279,0.8998676538467407,0,B05007,B05600
10280,0.8998650312423706,0,B09190,B06506
10281,0.8998620510101318,0,B01718,B03125
10282,0.8998576402664185,0,B11326,B00146
10283,0.8998562097549438,0,B11717,B00536
10284,0.8998537659645081,0,B03174,B04744
10285,0.8998519778251648,0,B13747,B04811
10286,0.8998458385467529,0,B04972,B00536
10287,0.8998429775238037,0,B10436,B00229
10288,0.8998255133628845,0,B00990,B03125
10289,0.8998228311538696,0,B10014,B07429
10290,0.8998157382011414,0,B01209,B03125
10291,0.8997994065284729,0,B13665,B05600
10292,0.8997904658317566,0,B14148,B12194
10293,0.8997887372970581,0,B02898,B05467
10294,0.8997814059257507,0,B10047,B05600
10295,0.8997771143913269,0,B10127,B02240
10296,0.8997713327407837,0,B14274,B01067
10297,0.8997671604156494,0,B14311,B07160
10298,0.8997331857681274,0,B13320,B07205
10299,0.8997313976287842,0,B06239,B06506
10300,0.8997300863265991,0,B11281,B13549
10301,0.8997195959091187,0,B14032,B02026
10302,0.8997089862823486,0,B05464,B06192
10303,0.8997082114219666,0,B05882,B06343
10304,0.8996943831443787,0,B03259,B04744
10305,0.8996933102607727,0,B13674,B13549
10306,0.8996805548667908,0,B04767,B06192
10307,0.8996689319610596,0,B10164,B04953
10308,0.899665117263794,0,B03676,B03125
10309,0.8996485471725464,0,B02016,B00905
10310,0.8996468782424927,0,B01717,B02240
10311,0.8996432423591614,0,B07221,B03125
10312,0.8996422290802002,0,B12143,B06506
10313,0.8996308445930481,0,B06520,B13549
10314,0.8996304869651794,0,B13566,B00229
10315,0.8996254801750183,0,B05006,B06506
10316,0.899614155292511,0,B11654,B11699
10317,0.8995989561080933,0,B14245,B12303
10318,0.8995983600616455,0,B13179,B07160
10319,0.8995857238769531,0,B08975,B02240
10320,0.8995810151100159,0,B14301,B13549
10321,0.8995705842971802,0,B08458,B00724
10322,0.8995638489723206,0,B14272,B03180
10323,0.8995532989501953,0,B03411,B10200
10324,0.8995417356491089,0,B13195,B00724
10325,0.8995382785797119,0,B10276,B06506
10326,0.8995210528373718,0,B04346,B07160
10327,0.899519145488739,0,B01337,B02026
10328,0.8995147347450256,0,B08373,B13549
10329,0.8995116949081421,0,B11103,B07160
10330,0.8995057344436646,0,B09699,B13549
10331,0.8995002508163452,0,B10970,B11529
10332,0.8994941115379333,0,B06953,B00146
10333,0.8994898796081543,0,B11099,B02025
10334,0.8994894623756409,0,B10428,B02026
10335,0.8994855880737305,0,B10438,B05923
10336,0.8994855284690857,0,B06789,B00095
10337,0.899482786655426,0,B13219,B06506
10338,0.8994825482368469,0,B11409,B05706
10339,0.8994801640510559,0,B06633,B03139
10340,0.89947909116745,0,B14078,B02240
10341,0.8994691967964172,0,B03037,B05467
10342,0.8994635939598083,0,B04618,B05923
10343,0.8994557857513428,0,B07049,B02025
10344,0.899454653263092,0,B10519,B04953
10345,0.8994472026824951,0,B05208,B05706
10346,0.8994189500808716,0,B01537,B03125
10347,0.8994156718254089,0,B08123,B02240
10348,0.8994055986404419,0,B09529,B13549
10349,0.8993996977806091,0,B05870,B04654
10350,0.8993842601776123,0,B02441,B06506
10351,0.8993626832962036,0,B00686,B02240
10352,0.8993592262268066,0,B06710,B06506
10353,0.8993508219718933,0,B04657,B03139
10354,0.8993502855300903,0,B12701,B05706
10355,0.8993435502052307,0,B09685,B02026
10356,0.8993202447891235,0,B06098,B06506
10357,0.899308443069458,0,B01258,B02630
10358,0.8993034362792969,0,B06432,B06506
10359,0.8992987871170044,0,B08657,B10089
10360,0.8992940783500671,0,B11453,B13549
10361,0.8992837071418762,0,B02641,B03139
10362,0.8992814421653748,0,B02186,B06506
10363,0.8992723226547241,0,B10476,B07429
10364,0.8992658257484436,0,B09704,B03125
10365,0.899262547492981,0,B11899,B12194
10366,0.8992511034011841,0,B06099,B13549
10367,0.8992466926574707,0,B13601,B03180
10368,0.8992425203323364,0,B10458,B05706
10369,0.8992316722869873,0,B12990,B06506
10370,0.8992282152175903,0,B00598,B00934
10371,0.8992013335227966,0,B12490,B06506
10372,0.8992008566856384,0,B07482,B06506
10373,0.8991967439651489,0,B01473,B01934
10374,0.8991836905479431,0,B01252,B05600
10375,0.8991813063621521,0,B13586,B13549
10376,0.8991739749908447,0,B10322,B01067
10377,0.8991599082946777,0,B07892,B13549
10378,0.8991571664810181,0,B11137,B03125
10379,0.8991453647613525,0,B12008,B02026
10380,0.8991405367851257,0,B10985,B03139
10381,0.8991363048553467,0,B01643,B03139
10382,0.8991270661354065,0,B03842,B06343
10383,0.8991180062294006,0,B12208,B07160
10384,0.8991101980209351,0,B07162,B10089
10385,0.8991096019744873,0,B07642,B06506
10386,0.8990985155105591,0,B01975,B03139
10387,0.8990979790687561,0,B13948,B13549
10388,0.8990954160690308,0,B05957,B00724
10389,0.8990930318832397,0,B04191,B00724
10390,0.8990753889083862,0,B03602,B06343
10391,0.8990722894668579,0,B09386,B07160
10392,0.8990679979324341,0,B06088,B07429
10393,0.8990637063980103,0,B13843,B03125
10394,0.899059534072876,0,B08846,B03125
10395,0.8990505933761597,0,B07262,B04811
10396,0.8990424275398254,0,B08514,B06343
10397,0.8990414142608643,0,B00660,B07429
10398,0.8990387320518494,0,B06947,B04744
10399,0.8990377187728882,0,B02034,B07878
10400,0.8990374803543091,0,B07605,B06506
10401,0.899031400680542,0,B07077,B03125
10402,0.8990280628204346,0,B01199,B03125
10403,0.8990277051925659,0,B01668,B03139
10404,0.8990275859832764,0,B13781,B06506
10405,0.8990206718444824,0,B10998,B10200
10406,0.8990160226821899,0,B11798,B02240
10407,0.8990119099617004,0,B06861,B06506
10408,0.8990061283111572,0,B06385,B03139
10409,0.8989964723587036,0,B14102,B10200
10410,0.8989924788475037,0,B12070,B13549
10411,0.8989866971969604,0,B11563,B13549
10412,0.8989836573600769,0,B12425,B13549
10413,0.8989793062210083,0,B08479,B03139
10414,0.8989618420600891,0,B08927,B00146
10415,0.8989589810371399,0,B03427,B05600
10416,0.8989579677581787,0,B06029,B04953
10417,0.8989533185958862,0,B03927,B06506
10418,0.8989531397819519,0,B07847,B02240
10419,0.8989439010620117,0,B11158,B00146
10420,0.8989379405975342,0,B04138,B00934
10421,0.8989353775978088,0,B05998,B03139
10422,0.898935079574585,0,B01859,B06506
10423,0.8989281058311462,0,B09510,B05467
10424,0.8989267349243164,0,B00208,B13549
10425,0.8989236354827881,0,B02440,B05600
10426,0.8989198803901672,0,B12153,B10200
10427,0.8989107608795166,0,B06345,B03125
10428,0.898901104927063,0,B12310,B06506
10429,0.8988960385322571,0,B13502,B00146
10430,0.8988898396492004,0,B00812,B06506
10431,0.8988769054412842,0,B12525,B13549
10432,0.898873507976532,0,B00844,B03125
10433,0.8988518714904785,0,B08265,B07160
10434,0.8988460302352905,0,B10701,B02240
10435,0.8988401889801025,0,B07512,B00146
10436,0.8988395929336548,0,B14025,B06506
10437,0.8988229036331177,0,B12239,B05706
10438,0.8988180756568909,0,B06572,B05600
10439,0.8988178372383118,0,B04835,B05600
10440,0.8988162875175476,0,B06630,B05467
10441,0.8988025188446045,0,B05412,B01067
10442,0.8987906575202942,0,B09780,B04953
10443,0.898779034614563,0,B06748,B02240
10444,0.8987778425216675,0,B03637,B03125
10445,0.8987756967544556,0,B07259,B06506
10446,0.8987741470336914,0,B13774,B13549
10447,0.8987712860107422,0,B11499,B02240
10448,0.8987630605697632,0,B08094,B02240
10449,0.8987542986869812,0,B09682,B06506
10450,0.8987478613853455,0,B13512,B12194
10451,0.8987402319908142,0,B03468,B04744
10452,0.898724377155304,0,B10681,B03180
10453,0.8987226486206055,0,B10412,B02240
10454,0.8987196087837219,0,B06729,B01934
10455,0.8987170457839966,0,B12012,B02240
10456,0.8987069129943848,0,B07931,B05706
10457,0.8987047672271729,0,B01165,B06506
10458,0.8986925482749939,0,B00489,B04744
10459,0.8986914157867432,0,B06974,B13549
10460,0.8986760377883911,0,B07552,B06506
10461,0.8986755013465881,0,B04356,B03125
10462,0.8986700773239136,0,B06245,B06506
10463,0.898659348487854,0,B10247,B03125
10464,0.8986536264419556,0,B04292,B00229
10465,0.8986527919769287,0,B00995,B03139
10466,0.8986513614654541,0,B10015,B05467
10467,0.8986442685127258,0,B11991,B02240
10468,0.8986399173736572,0,B12305,B06506
10469,0.8986160755157471,0,B00447,B04744
10470,0.8986004590988159,0,B10801,B02240
10471,0.8985836505889893,0,B11894,B04953
10472,0.8985752463340759,0,B12843,B05706
10473,0.8985670208930969,0,B09528,B05706
10474,0.8985582590103149,0,B12762,B07429
10475,0.8985580801963806,0,B04416,B05467
10476,0.8985497951507568,0,B14166,B07367
10477,0.8985372185707092,0,B10423,B03125
10478,0.8985294103622437,0,B10946,B13549
10479,0.8985216617584229,0,B06394,B06506
10480,0.8985010385513306,0,B13479,B01238
10481,0.8984972834587097,0,B06516,B05467
10482,0.8984950184822083,0,B09411,B10200
10483,0.8984641432762146,0,B13253,B13549
10484,0.8984456062316895,0,B04613,B03139
10485,0.8984236121177673,0,B13987,B05600
10486,0.8984205722808838,0,B02846,B02025
10487,0.8984171152114868,0,B10849,B04953
10488,0.8984053134918213,0,B09941,B10089
10489,0.8983933329582214,0,B02694,B00724
10490,0.8983926773071289,0,B07503,B02240
10491,0.898392379283905,0,B02286,B03125
10492,0.8983813524246216,0,B10357,B02892
10493,0.8983756303787231,0,B09182,B05706
10494,0.8983666300773621,0,B13736,B12303
10495,0.8983649611473083,0,B13137,B06506
10496,0.8983429670333862,0,B04040,B06506
10497,0.8983408212661743,0,B02337,B06506
10498,0.898338258266449,0,B08671,B03139
10499,0.8983350992202759,0,B01525,B06506
10500,0.8983279466629028,0,B14313,B02240
10501,0.8983264565467834,0,B04392,B06343
10502,0.8983243107795715,0,B02802,B04744
10503,0.8983146548271179,0,B00722,B04744
10504,0.8982957005500793,0,B14149,B06506
10505,0.8982887864112854,0,B08628,B07160
10506,0.8982878923416138,0,B10505,B04953
10507,0.8982869386672974,0,B04423,B00095
10508,0.8982824087142944,0,B01586,B01796
10509,0.8982788920402527,0,B00760,B02892
10510,0.8982774019241333,0,B09346,B03139
10511,0.8982661962509155,0,B13087,B02240
10512,0.8982645869255066,0,B01786,B06506
10513,0.8982616066932678,0,B06904,B05467
10514,0.8982519507408142,0,B04543,B13549
10515,0.898250937461853,0,B02865,B03125
10516,0.89824378490448,0,B11913,B05600
10517,0.8982356786727905,0,B06438,B02240
10518,0.8982256650924683,0,B08452,B01238
10519,0.8982125520706177,0,B04440,B04953
10520,0.8982044458389282,0,B11574,B03125
10521,0.898193359375,0,B10402,B07367
10522,0.8981919288635254,0,B06756,B00934
10523,0.8981798887252808,0,B04848,B03125
10524,0.8981770873069763,0,B02812,B02240
10525,0.8981534242630005,0,B04808,B04744
10526,0.8981517553329468,0,B10426,B02892
10527,0.8981444239616394,0,B11405,B00724
10528,0.8981422185897827,0,B06478,B05467
10529,0.8981413841247559,0,B09546,B06506
10530,0.8981413841247559,0,B11498,B05600
10531,0.8981412053108215,0,B12789,B05706
10532,0.8981366157531738,0,B11263,B13549
10533,0.8981269598007202,0,B03623,B07205
10534,0.898123562335968,0,B00426,B06506
10535,0.8981202840805054,0,B13567,B03180
10536,0.8981114625930786,0,B02794,B06506
10537,0.8981095552444458,0,B14136,B02026
10538,0.8980967402458191,0,B05079,B03125
10539,0.8980937600135803,0,B06581,B03125
10540,0.8980908989906311,0,B12432,B02240
10541,0.8980845808982849,0,B02704,B03139
10542,0.8980616331100464,0,B08481,B03139
10543,0.8980544805526733,0,B14273,B06506
10544,0.8980526924133301,0,B08430,B03125
10545,0.898046612739563,0,B11860,B00724
10546,0.8980395197868347,0,B14237,B12194
10547,0.8980280160903931,0,B08484,B02240
10548,0.8980079889297485,0,B12127,B13549
10549,0.8979883193969727,0,B01891,B00536
10550,0.897982656955719,0,B00314,B07878
10551,0.897980809211731,0,B13259,B12194
10552,0.8979758024215698,0,B12129,B11699
10553,0.8979753851890564,0,B02038,B03125
10554,0.8979523181915283,0,B01377,B02025
10555,0.8979520797729492,0,B03350,B05467
10556,0.8979496359825134,0,B07958,B03139
10557,0.897948145866394,0,B13400,B02240
10558,0.8979467749595642,0,B12945,B03125
10559,0.8979454636573792,0,B00964,B06506
10560,0.8979353904724121,0,B08005,B02026
10561,0.8979326486587524,0,B09522,B10200
10562,0.8979170322418213,0,B14093,B02026
10563,0.8979160785675049,0,B13068,B04953
10564,0.8979146480560303,0,B09246,B05467
10565,0.8979088664054871,0,B05130,B07160
10566,0.8979018926620483,0,B04286,B02026
10567,0.8979007005691528,0,B08571,B06506
10568,0.8978987336158752,0,B02973,B03139
10569,0.897895872592926,0,B01318,B03125
10570,0.897890031337738,0,B06444,B02240
10571,0.8978869318962097,0,B01409,B06506
10572,0.8978784084320068,0,B02871,B04811
10573,0.8978744745254517,0,B01064,B05467
10574,0.8978726863861084,0,B05228,B05600
10575,0.8978717923164368,0,B12469,B05706
10576,0.8978712558746338,0,B12665,B05600
10577,0.8978643417358398,0,B11058,B05706
10578,0.8978636264801025,0,B00620,B06506
10579,0.8978615999221802,0,B04175,B04811
10580,0.897858202457428,0,B09713,B05467
10581,0.8978575468063354,0,B08259,B04744
10582,0.8978546857833862,0,B09993,B00724
10583,0.897842288017273,0,B09802,B06506
10584,0.8978411555290222,0,B05797,B00146
10585,0.8978300094604492,0,B13271,B11699
10586,0.8978188037872314,0,B01553,B04744
10587,0.8978183269500732,0,B01765,B06192
10588,0.8977868556976318,0,B01735,B02240
10589,0.8977631330490112,0,B06704,B03139
10590,0.8977478742599487,0,B04775,B00146
10591,0.8977473974227905,0,B01407,B02240
10592,0.8977450132369995,0,B00139,B06506
10593,0.8977431654930115,0,B01797,B06343
10594,0.89772629737854,0,B12122,B05600
10595,0.8977138996124268,0,B10092,B06506
10596,0.8977060914039612,0,B10488,B05923
10597,0.8976982235908508,0,B04810,B04953
10598,0.8976879119873047,0,B12857,B13549
10599,0.8976824283599854,0,B11935,B00934
10600,0.8976753950119019,0,B02137,B06506
10601,0.8976724147796631,0,B09629,B04744
10602,0.8976436853408813,0,B14085,B02240
10603,0.8976407051086426,0,B04701,B05467
10604,0.8976390361785889,0,B00293,B03139
10605,0.8976284265518188,0,B10197,B04953
10606,0.8976249694824219,0,B11249,B03139
10607,0.8976248502731323,0,B14319,B12194
10608,0.8976138234138489,0,B00521,B06506
10609,0.8976042866706848,0,B11346,B06506
10610,0.897600531578064,0,B12775,B12194
10611,0.897599995136261,0,B13681,B05706
10612,0.8975942134857178,0,B00878,B00724
10613,0.8975903987884521,0,B00167,B06506
10614,0.8975863456726074,0,B14147,B02026
10615,0.8975692987442017,0,B10703,B10200
10616,0.8975692391395569,0,B08775,B02240
10617,0.8975683450698853,0,B13917,B05600
10618,0.89756178855896,0,B06798,B03139
10619,0.8975614905357361,0,B09304,B05467
10620,0.89755779504776,0,B14146,B02026
10621,0.8975274562835693,0,B12215,B13549
10622,0.897526741027832,0,B07534,B06192
10623,0.8974974155426025,0,B05770,B01831
10624,0.8974963426589966,0,B13730,B02026
10625,0.8974958062171936,0,B10783,B02026
10626,0.8974782824516296,0,B13842,B03125
10627,0.8974635601043701,0,B09636,B03180
10628,0.8974573016166687,0,B14318,B12194
10629,0.8974406719207764,0,B03382,B11699
10630,0.8974354267120361,0,B02291,B02240
10631,0.8974243998527527,0,B10181,B07160
10632,0.8974131345748901,0,B13998,B06506
10633,0.897408127784729,0,B10919,B04811
10634,0.8974060416221619,0,B06291,B12194
10635,0.8973949551582336,0,B09972,B00724
10636,0.8973856568336487,0,B14095,B02026
10637,0.8973783254623413,0,B13911,B02026
10638,0.8973749279975891,0,B04181,B05600
10639,0.8973721265792847,0,B01684,B06343
10640,0.8973656296730042,0,B06757,B06506
10641,0.897363543510437,0,B07508,B12194
10642,0.8973393440246582,0,B04731,B06506
10643,0.8973370790481567,0,B06186,B06506
10644,0.8973332047462463,0,B09658,B07367
10645,0.8973102569580078,0,B01764,B07878
10646,0.8973046541213989,0,B13726,B12194
10647,0.8973017334938049,0,B03157,B05467
10648,0.8972911834716797,0,B11467,B00724
10649,0.8972911238670349,0,B05334,B03125
10650,0.8972870111465454,0,B01049,B02240
10651,0.8972769975662231,0,B04966,B06506
10652,0.8972740173339844,0,B02301,B13549
10653,0.8972725868225098,0,B10714,B02240
10654,0.8972551226615906,0,B02009,B04654
10655,0.8972508907318115,0,B00015,B06506
10656,0.8972479701042175,0,B05075,B05600
10657,0.8972437381744385,0,B06187,B06506
10658,0.8972436785697937,0,B11876,B00229
10659,0.8972422480583191,0,B00600,B03139
10660,0.8972378969192505,0,B06069,B03125
10661,0.8972361087799072,0,B00644,B03125
10662,0.8972331285476685,0,B11186,B02240
10663,0.8972241878509521,0,B02976,B03125
10664,0.897217869758606,0,B07840,B10089
10665,0.8972176313400269,0,B07667,B06192
10666,0.8972166776657104,0,B12834,B00229
10667,0.8971956968307495,0,B11988,B01645
10668,0.8971896171569824,0,B07929,B06506
10669,0.897188663482666,0,B06596,B11699
10670,0.8971785306930542,0,B01683,B03139
10671,0.8971772193908691,0,B09567,B02240
10672,0.8971764445304871,0,B00422,B07878
10673,0.8971712589263916,0,B04830,B05600
10674,0.8971455097198486,0,B14307,B02026
10675,0.8971441388130188,0,B04746,B01934
10676,0.8970901966094971,0,B05828,B06506
10677,0.8970808982849121,0,B11973,B06506
10678,0.8970784544944763,0,B00330,B06343
10679,0.8970730900764465,0,B04777,B13549
10680,0.8970657587051392,0,B03044,B03139
10681,0.8970569372177124,0,B04434,B00229
10682,0.8970389366149902,0,B11927,B03125
10683,0.8970327973365784,0,B10694,B00724
10684,0.8970248699188232,0,B11510,B12194
10685,0.8970150947570801,0,B07861,B06506
10686,0.8970146775245667,0,B06780,B05600
10687,0.8970136642456055,0,B08149,B00934
10688,0.8970069885253906,0,B09307,B07429
10689,0.8970014452934265,0,B12159,B12194
10690,0.8969950079917908,0,B02707,B06192
10691,0.8969849944114685,0,B06749,B07878
10692,0.8969792723655701,0,B12499,B03180
10693,0.8969782590866089,0,B10187,B00146
10694,0.8969755172729492,0,B06288,B13549
10695,0.8969730138778687,0,B12851,B06506
10696,0.896971583366394,0,B05810,B06343
10697,0.8969659209251404,0,B02362,B04744
10698,0.8969531655311584,0,B13246,B03125
10699,0.896938681602478,0,B07274,B04744
10700,0.8969355821609497,0,B03527,B03139
10701,0.8969228267669678,0,B05899,B05706
10702,0.8969046473503113,0,B02160,B06506
10703,0.8969041109085083,0,B13845,B02240
10704,0.8969033360481262,0,B12739,B10200
10705,0.8969017267227173,0,B10213,B03777
10706,0.8968987464904785,0,B04878,B07367
10707,0.8968935608863831,0,B12624,B07878
10708,0.8968809843063354,0,B06331,B02240
10709,0.8968791365623474,0,B06927,B06506
10710,0.896869421005249,0,B12492,B02026
10711,0.8968409299850464,0,B07390,B02026
10712,0.8968324661254883,0,B08010,B02026
10713,0.8968132734298706,0,B13966,B13549
10714,0.8968026638031006,0,B09761,B00146
10715,0.8968014717102051,0,B05315,B03125
10716,0.896793007850647,0,B02811,B07160
10717,0.896790087223053,0,B08299,B00146
10718,0.8967744708061218,0,B03688,B02240
10719,0.8967604041099548,0,B00136,B09441
10720,0.8967317938804626,0,B06073,B06343
10721,0.8966912031173706,0,B11068,B03125
10722,0.8966878652572632,0,B06076,B02240
10723,0.8966858386993408,0,B13399,B06506
10724,0.8966820240020752,0,B06926,B13549
10725,0.8966770172119141,0,B05967,B13549
10726,0.8966744542121887,0,B12002,B04953
10727,0.896654486656189,0,B12171,B13549
10728,0.8966469764709473,0,B12467,B11032
10729,0.896644651889801,0,B04481,B00536
10730,0.8966434597969055,0,B04540,B09441
10731,0.896640956401825,0,B13857,B06506
10732,0.8966310024261475,0,B06355,B06506
10733,0.8966009616851807,0,B06849,B07429
10734,0.8965946435928345,0,B11507,B13549
10735,0.8965935707092285,0,B03766,B04654
10736,0.8965814113616943,0,B13623,B05706
10737,0.8965773582458496,0,B04789,B03125
10738,0.8965432047843933,0,B03366,B03125
10739,0.8965412974357605,0,B11649,B07429
10740,0.896534264087677,0,B12245,B13549
10741,0.8965299725532532,0,B03544,B03125
10742,0.8965234160423279,0,B02179,B01238
10743,0.8965182304382324,0,B01615,B03139
10744,0.8965173959732056,0,B07792,B11529
10745,0.8965011239051819,0,B07232,B06506
10746,0.8965004682540894,0,B00996,B02025
10747,0.8964905142784119,0,B05972,B01238
10748,0.8964862823486328,0,B00610,B03125
10749,0.8964836597442627,0,B06261,B13549
10750,0.8964822292327881,0,B11121,B04811
10751,0.8964793682098389,0,B11342,B05600
10752,0.8964731693267822,0,B01139,B00724
10753,0.8964731097221375,0,B12704,B13549
10754,0.8964596390724182,0,B04833,B06506
10755,0.8964512944221497,0,B04882,B05467
10756,0.8964501619338989,0,B13517,B09441
10757,0.8964405655860901,0,B06230,B11699
10758,0.8964230418205261,0,B04505,B00934
10759,0.8963977098464966,0,B13115,B00229
10760,0.8963606953620911,0,B05839,B09245
10761,0.8963593244552612,0,B08442,B06506
10762,0.896343469619751,0,B05444,B06343
10763,0.8963381052017212,0,B08436,B03125
10764,0.8963358402252197,0,B03491,B06506
10765,0.8963295221328735,0,B05213,B03125
10766,0.8963264226913452,0,B12993,B07160
10767,0.8963257670402527,0,B14248,B05600
10768,0.896323561668396,0,B12550,B02026
10769,0.896317720413208,0,B13596,B07160
10770,0.8963127136230469,0,B01993,B06506
10771,0.8963040113449097,0,B12971,B06506
10772,0.8962956070899963,0,B10699,B07429
10773,0.896271824836731,0,B12841,B07205
10774,0.8962672352790833,0,B06321,B10089
10775,0.8962572813034058,0,B13451,B13549
10776,0.8962565064430237,0,B04837,B06506
10777,0.8962522149085999,0,B12427,B11529
10778,0.8962520956993103,0,B10489,B06506
10779,0.896242618560791,0,B00307,B06506
10780,0.8962395191192627,0,B12476,B05923
10781,0.8962276577949524,0,B11872,B01067
10782,0.896225094795227,0,B09366,B01831
10783,0.8962196707725525,0,B10862,B07160
10784,0.8962122797966003,0,B00773,B05467
10785,0.8962111473083496,0,B13494,B02240
10786,0.8962094187736511,0,B00227,B03125
10787,0.8962041735649109,0,B06067,B10640
10788,0.8961693048477173,0,B06650,B03125
10789,0.8961683511734009,0,B11024,B06506
10790,0.8961578607559204,0,B02273,B02025
10791,0.8961546421051025,0,B01324,B00146
10792,0.8961546421051025,0,B07083,B02240
10793,0.8961540460586548,0,B12954,B10200
10794,0.8961498737335205,0,B03194,B03125
10795,0.8961435556411743,0,B14157,B00146
10796,0.896141767501831,0,B13997,B11699
10797,0.8961260914802551,0,B05413,B05923
10798,0.8961195349693298,0,B03817,B11032
10799,0.8961164951324463,0,B04537,B04744
10800,0.8961135149002075,0,B05952,B01934
10801,0.896109402179718,0,B09216,B06506
10802,0.8961088061332703,0,B08782,B04953
10803,0.8961079716682434,0,B09667,B06506
10804,0.8961002230644226,0,B04511,B06506
10805,0.8960870504379272,0,B04542,B02240
10806,0.8960781693458557,0,B05266,B04744
10807,0.8960565328598022,0,B06166,B06506
10808,0.8960550427436829,0,B12172,B03125
10809,0.8960400819778442,0,B04124,B06506
10810,0.8960357904434204,0,B07782,B10200
10811,0.8960310220718384,0,B06535,B11699
10812,0.8960307240486145,0,B07895,B03125
10813,0.8960281014442444,0,B12500,B04744
10814,0.8960279822349548,0,B01493,B03777
10815,0.895995020866394,0,B05291,B06506
10816,0.8959757685661316,0,B04409,B13549
10817,0.8959743976593018,0,B11543,B11529
10818,0.8959735631942749,0,B01439,B06506
10819,0.8959686756134033,0,B07774,B06506
10820,0.8959653377532959,0,B05956,B00724
10821,0.895964503288269,0,B01649,B03139
10822,0.8959587216377258,0,B13748,B05706
10823,0.895952582359314,0,B07574,B06192
10824,0.8959323167800903,0,B02867,B01831
10825,0.8959259390830994,0,B11486,B06506
10826,0.8959145545959473,0,B04044,B06506
10827,0.8959097266197205,0,B11695,B06506
10828,0.8958958387374878,0,B11569,B00229
10829,0.8958834409713745,0,B10400,B13549
10830,0.8958715796470642,0,B03632,B04744
10831,0.8958645462989807,0,B09955,B06506
10832,0.8958556652069092,0,B00759,B03139
10833,0.8958471417427063,0,B11914,B07160
10834,0.8958338499069214,0,B03207,B02240
10835,0.8958103656768799,0,B04312,B06343
10836,0.8957838416099548,0,B00599,B03125
10837,0.8957805633544922,0,B03288,B06343
10838,0.89577716588974,0,B10579,B03139
10839,0.8957695364952087,0,B11550,B02026
10840,0.8957610130310059,0,B07170,B01238
10841,0.8957437872886658,0,B06251,B06506
10842,0.8957432508468628,0,B10347,B07429
10843,0.8957241177558899,0,B06391,B03139
10844,0.8957239985466003,0,B03666,B02025
10845,0.8957096338272095,0,B09771,B03139
10846,0.8957058191299438,0,B01628,B01238
10847,0.8957048058509827,0,B09847,B12194
10848,0.895702064037323,0,B09206,B05467
10849,0.8957015872001648,0,B13448,B05706
10850,0.8956981897354126,0,B12565,B06506
10851,0.8956937193870544,0,B06865,B02240
10852,0.8956819772720337,0,B12988,B03125
10853,0.8956807851791382,0,B00185,B11032
10854,0.8956668972969055,0,B13447,B13549
10855,0.8956664800643921,0,B10752,B06506
10856,0.8956652879714966,0,B11002,B05706
10857,0.8956610560417175,0,B13286,B04953
10858,0.8956595659255981,0,B14252,B13549
10859,0.8956557512283325,0,B02081,B02240
10860,0.8956384062767029,0,B14138,B02026
10861,0.8956344723701477,0,B13082,B05706
10862,0.8956175446510315,0,B12591,B02240
10863,0.8956173658370972,0,B02905,B02892
10864,0.8955901861190796,0,B14337,B11699
10865,0.8955765962600708,0,B12295,B03180
10866,0.8955674767494202,0,B01673,B00724
10867,0.8955470323562622,0,B12828,B02026
10868,0.8955337405204773,0,B01920,B06343
10869,0.8955153822898865,0,B03301,B07205
10870,0.8954985737800598,0,B03233,B06506
10871,0.8954941630363464,0,B14137,B11032
10872,0.8954713940620422,0,B00073,B07160
10873,0.8954276442527771,0,B04584,B03125
10874,0.8954108953475952,0,B07072,B02240
10875,0.895404577255249,0,B11039,B03125
10876,0.8953859210014343,0,B10562,B01238
10877,0.895380437374115,0,B09625,B00095
10878,0.8953680992126465,0,B00433,B02240
10879,0.8953675031661987,0,B10906,B07367
10880,0.895354151725769,0,B13178,B01067
10881,0.8953405022621155,0,B11651,B07878
10882,0.8953379988670349,0,B12088,B02240
10883,0.895325779914856,0,B08434,B02240
10884,0.8953223824501038,0,B09215,B03125
10885,0.8953170776367188,0,B12903,B05600
10886,0.89528888463974,0,B13120,B02240
10887,0.8952829837799072,0,B04983,B03139
10888,0.8952814936637878,0,B01023,B03125
10889,0.895260214805603,0,B13770,B12194
10890,0.8952562808990479,0,B06170,B00934
10891,0.8952551484107971,0,B14288,B03125
10892,0.8952385783195496,0,B13673,B06506
10893,0.8952241539955139,0,B06664,B05600
10894,0.8952052593231201,0,B11311,B07429
10895,0.8951951265335083,0,B00387,B03125
10896,0.8951816558837891,0,B08729,B06506
10897,0.8951739072799683,0,B07928,B06506
10898,0.8951699733734131,0,B10205,B06343
10899,0.8951692581176758,0,B10363,B05600
10900,0.8951579928398132,0,B01983,B06506
10901,0.895151674747467,0,B13876,B02026
10902,0.8951280117034912,0,B06372,B00146
10903,0.8951215744018555,0,B14193,B05923
10904,0.8951099514961243,0,B13897,B02026
10905,0.8950968384742737,0,B01907,B13549
10906,0.8950953483581543,0,B10071,B13549
10907,0.8950867056846619,0,B08393,B06506
10908,0.8950843214988708,0,B06943,B03139
10909,0.8950747847557068,0,B12609,B01796
10910,0.8950719833374023,0,B09232,B06506
10911,0.8950549960136414,0,B05881,B06506
10912,0.8950413465499878,0,B10546,B06506
10913,0.8950197100639343,0,B14298,B12194
10914,0.895018994808197,0,B04293,B00095
10915,0.894999623298645,0,B04226,B02025
10916,0.8949882984161377,0,B12505,B02240
10917,0.894964873790741,0,B14092,B06506
10918,0.8949642777442932,0,B07770,B01831
10919,0.8949551582336426,0,B05727,B06506
10920,0.8949455618858337,0,B02986,B06343
10921,0.8949148654937744,0,B04041,B03125
10922,0.894905149936676,0,B03525,B00095
10923,0.8949038982391357,0,B10496,B13549
10924,0.894897997379303,0,B11734,B04654
10925,0.8948957324028015,0,B12553,B10200
10926,0.894870400428772,0,B11133,B03125
10927,0.8948701620101929,0,B13225,B03139
10928,0.8948659896850586,0,B14024,B02026
10929,0.8948558568954468,0,B08082,B06506
10930,0.8948097825050354,0,B00138,B05467
10931,0.8947995901107788,0,B10825,B03139
10932,0.8947758674621582,0,B06978,B05706
10933,0.8947720527648926,0,B10762,B04811
10934,0.8947487473487854,0,B03526,B06506
10935,0.8947291374206543,0,B11755,B11699
10936,0.8947264552116394,0,B04102,B00095
10937,0.8947179317474365,0,B00608,B00934
10938,0.8947045803070068,0,B08326,B10200
10939,0.8946700096130371,0,B05530,B06506
10940,0.8946660161018372,0,B06582,B05467
10941,0.894665539264679,0,B02241,B12194
10942,0.8946491479873657,0,B03502,B05600
10943,0.8946434259414673,0,B07983,B04744
10944,0.8946223258972168,0,B00603,B06506
10945,0.8946157693862915,0,B08233,B00934
10946,0.8946013450622559,0,B02226,B06192
10947,0.8945837020874023,0,B11368,B06506
10948,0.894582986831665,0,B14001,B00229
10949,0.8945747017860413,0,B11036,B02025
10950,0.8945695161819458,0,B04103,B06506
10951,0.8945674300193787,0,B07268,B04744
10952,0.8945534229278564,0,B07793,B13549
10953,0.8945464491844177,0,B12291,B01796
10954,0.8945352435112,0,B01144,B03125
10955,0.8945239782333374,0,B11533,B06506
10956,0.8945164680480957,0,B05745,B06343
10957,0.8945134878158569,0,B13402,B13549
10958,0.894507884979248,0,B03490,B06506
10959,0.8944593071937561,0,B03961,B13549
10960,0.8944591283798218,0,B13896,B11699
10961,0.8944377899169922,0,B14125,B12194
10962,0.8944286704063416,0,B11976,B13549
10963,0.8944286108016968,0,B00425,B13549
10964,0.8944250345230103,0,B01835,B12194
10965,0.8944244384765625,0,B13822,B04953
10966,0.8944242596626282,0,B04825,B04744
10967,0.8944125175476074,0,B07109,B02025
10968,0.8944113850593567,0,B08011,B06506
10969,0.8944053649902344,0,B00077,B06506
10970,0.8943899869918823,0,B11694,B00229
10971,0.8943833112716675,0,B00187,B13549
10972,0.8943473100662231,0,B10001,B01796
10973,0.8943358063697815,0,B11493,B01238
10974,0.894333004951477,0,B02829,B04953
10975,0.894329845905304,0,B10415,B01934
10976,0.8943252563476562,0,B06924,B01238
10977,0.8943228721618652,0,B04121,B00934
10978,0.8943095207214355,0,B01280,B06506
10979,0.8943012356758118,0,B10908,B06506
10980,0.8942916393280029,0,B11132,B03125
10981,0.8942750692367554,0,B05812,B04953
10982,0.8942745923995972,0,B10854,B06192
10983,0.8942714333534241,0,B11884,B00724
10984,0.894263744354248,0,B02344,B01238
10985,0.8942501544952393,0,B05225,B04953
10986,0.8942462205886841,0,B07995,B06506
10987,0.8942432403564453,0,B10172,B03139
10988,0.8942419290542603,0,B14101,B05600
10989,0.8942370414733887,0,B02817,B06506
10990,0.8942341804504395,0,B13333,B06506
10991,0.8942304253578186,0,B02791,B03139
10992,0.8942251801490784,0,B08137,B00095
10993,0.8942211866378784,0,B14041,B04953
10994,0.8942192196846008,0,B09591,B06506
10995,0.8942181468009949,0,B13588,B02026
10996,0.8941966891288757,0,B02181,B06506
10997,0.8941952586174011,0,B14145,B12194
10998,0.8941940069198608,0,B01433,B06506
10999,0.8941922783851624,0,B01319,B03125
11000,0.8941770792007446,0,B07871,B02240
11001,0.8941381573677063,0,B03202,B03125
11002,0.8941313028335571,0,B07799,B06506
11003,0.8940994739532471,0,B00214,B06506
11004,0.8940917253494263,0,B04702,B03139
11005,0.8940728306770325,0,B11602,B02240
11006,0.8940562605857849,0,B09824,B04744
11007,0.8940557241439819,0,B05754,B01934
11008,0.8940377235412598,0,B13089,B03125
11009,0.8940354585647583,0,B10977,B03125
11010,0.8940039873123169,0,B13008,B02026
11011,0.8939964771270752,0,B13174,B07878
11012,0.893993616104126,0,B03412,B07429
11013,0.893986701965332,0,B14336,B12194
11014,0.8939862251281738,0,B10997,B04953
11015,0.8939822912216187,0,B14215,B01067
11016,0.8939769864082336,0,B04236,B04953
11017,0.8939729928970337,0,B11803,B01067
11018,0.893959105014801,0,B01845,B05706
11019,0.8939582109451294,0,B05380,B03139
11020,0.8939535021781921,0,B08364,B04744
11021,0.8939406871795654,0,B08037,B06506
11022,0.893937349319458,0,B01142,B03125
11023,0.8939201235771179,0,B09082,B05467
11024,0.8939116597175598,0,B00116,B03139
11025,0.8939085006713867,0,B00064,B02240
11026,0.8939074873924255,0,B05293,B03125
11027,0.8939030170440674,0,B03026,B03125
11028,0.8938913345336914,0,B00201,B03139
11029,0.893885612487793,0,B00190,B10200
11030,0.8938830494880676,0,B04539,B13549
11031,0.8938632011413574,0,B12075,B02240
11032,0.893836259841919,0,B13009,B03180
11033,0.8938255310058594,0,B11415,B05706
11034,0.8938125967979431,0,B10256,B02026
11035,0.8938115239143372,0,B14116,B02026
11036,0.8938008546829224,0,B11156,B06192
11037,0.8937952518463135,0,B13971,B10200
11038,0.8937636613845825,0,B01971,B03777
11039,0.8937582969665527,0,B11336,B13549
11040,0.8937511444091797,0,B13069,B04953
11041,0.8937439322471619,0,B09286,B13549
11042,0.8937385082244873,0,B02335,B07878
11043,0.8937351107597351,0,B02118,B06506
11044,0.8937259316444397,0,B08813,B03125
11045,0.8937140107154846,0,B13330,B06506
11046,0.8937037587165833,0,B06028,B02240
11047,0.8936843872070312,0,B00816,B03125
11048,0.8936823606491089,0,B09650,B04953
11049,0.8936703205108643,0,B13209,B06506
11050,0.893661379814148,0,B04726,B07878
11051,0.893659770488739,0,B13090,B06506
11052,0.8936473727226257,0,B12475,B10200
11053,0.8936160802841187,0,B13002,B02026
11054,0.8936097621917725,0,B10816,B06506
11055,0.8936076760292053,0,B12981,B06506
11056,0.8936001062393188,0,B13062,B04953
11057,0.8935899138450623,0,B05204,B07429
11058,0.8935897350311279,0,B04115,B05923
11059,0.8935721516609192,0,B04633,B06506
11060,0.8935642242431641,0,B06319,B07878
11061,0.8935521841049194,0,B05275,B00146
11062,0.8935371041297913,0,B12637,B10200
11063,0.8935368657112122,0,B04188,B03777
11064,0.8935297131538391,0,B11247,B10200
11065,0.8935267925262451,0,B13837,B02026
11066,0.8935256004333496,0,B02742,B06506
11067,0.8935229778289795,0,B05550,B02240
11068,0.8934915065765381,0,B12579,B12194
11069,0.8934902548789978,0,B07094,B06506
11070,0.893481969833374,0,B11387,B07429
11071,0.8934780359268188,0,B09769,B03125
11072,0.8934628963470459,0,B11020,B01934
11073,0.8934609889984131,0,B02583,B05467
11074,0.89345782995224,0,B01689,B02240
11075,0.89345383644104,0,B00957,B07367
11076,0.8934305906295776,0,B03376,B13549
11077,0.8934182524681091,0,B08056,B03125
11078,0.8934147357940674,0,B04738,B00934
11079,0.8934136629104614,0,B11811,B04953
11080,0.8934117555618286,0,B09717,B06506
11081,0.8934097290039062,0,B01383,B02240
11082,0.8934078216552734,0,B09407,B00724
11083,0.8933734893798828,0,B04510,B03125
11084,0.8933640718460083,0,B12786,B07878
11085,0.8933568000793457,0,B10031,B01238
11086,0.8933493494987488,0,B08420,B06506
11087,0.8933464884757996,0,B11282,B00724
11088,0.8933391571044922,0,B12045,B01934
11089,0.8933360576629639,0,B00020,B02240
11090,0.8933277130126953,0,B12025,B06506
11091,0.8933258056640625,0,B06293,B06506
11092,0.8933104872703552,0,B08637,B07205
11093,0.8933089971542358,0,B10821,B05706
11094,0.893303632736206,0,B11898,B02240
11095,0.8932878971099854,0,B14168,B10200
11096,0.8932862281799316,0,B02749,B03139
11097,0.8932827711105347,0,B07019,B06192
11098,0.8932817578315735,0,B07282,B01831
11099,0.8932781219482422,0,B02041,B01238
11100,0.8932470083236694,0,B10130,B04744
11101,0.8932440280914307,0,B11794,B13549
11102,0.8932325839996338,0,B01658,B03139
11103,0.8932102918624878,0,B07619,B06506
11104,0.893194317817688,0,B01371,B01067
11105,0.8931925296783447,0,B07500,B02026
11106,0.893183708190918,0,B13037,B12194
11107,0.8931766748428345,0,B07223,B05345
11108,0.8931366205215454,0,B03519,B05467
11109,0.8931262493133545,0,B03128,B03125
11110,0.893125593662262,0,B08542,B00146
11111,0.8930996656417847,0,B08959,B03139
11112,0.8930932283401489,0,B13293,B02026
11113,0.8930624723434448,0,B01930,B06506
11114,0.8930515050888062,0,B10289,B10089
11115,0.8930308818817139,0,B03260,B03125
11116,0.8930236101150513,0,B00303,B05600
11117,0.893016517162323,0,B08620,B13549
11118,0.8930093050003052,0,B08047,B06506
11119,0.8930040001869202,0,B02050,B09441
11120,0.89299476146698,0,B11418,B05600
11121,0.892973780632019,0,B02308,B02240
11122,0.8929269909858704,0,B04610,B06506
11123,0.892906665802002,0,B12332,B02240
11124,0.8928983807563782,0,B14139,B12194
11125,0.89289790391922,0,B11538,B06506
11126,0.8928941488265991,0,B03999,B00724
11127,0.892879068851471,0,B13602,B06506
11128,0.8928462862968445,0,B08543,B03139
11129,0.8928354382514954,0,B12835,B04953
11130,0.8928185105323792,0,B06024,B04744
11131,0.8928167223930359,0,B11116,B05706
11132,0.8928083181381226,0,B03335,B06506
11133,0.8927916288375854,0,B11446,B12194
11134,0.8927814364433289,0,B01732,B06506
11135,0.8927765488624573,0,B10236,B11699
11136,0.8927569389343262,0,B04329,B06506
11137,0.8927542567253113,0,B03034,B04811
11138,0.8927524089813232,0,B11120,B03139
11139,0.8927395343780518,0,B04099,B09441
11140,0.8927319049835205,0,B14333,B12194
11141,0.8927131295204163,0,B08126,B06506
11142,0.8926780223846436,0,B05682,B05467
11143,0.8926778435707092,0,B01393,B02240
11144,0.8926402926445007,0,B04508,B06506
11145,0.8925979137420654,0,B13668,B06506
11146,0.8925607800483704,0,B08656,B06343
11147,0.8925382494926453,0,B01503,B05467
11148,0.8925090432167053,0,B06925,B00934
11149,0.8924868106842041,0,B12708,B03125
11150,0.8924790620803833,0,B11315,B11699
11151,0.8924755454063416,0,B04829,B00724
11152,0.8924754858016968,0,B05717,B03139
11153,0.8924726843833923,0,B11635,B02240
11154,0.8924708366394043,0,B03304,B00934
11155,0.8924456834793091,0,B04993,B03139
11156,0.8924410939216614,0,B08661,B06506
11157,0.8924316167831421,0,B04341,B07878
11158,0.8924282789230347,0,B00617,B04744
11159,0.8924105763435364,0,B07093,B11699
11160,0.8923917412757874,0,B07454,B10200
11161,0.8923629522323608,0,B13925,B02026
11162,0.8923501968383789,0,B08319,B03125
11163,0.8923419713973999,0,B11372,B06506
11164,0.8923288583755493,0,B12063,B01238
11165,0.8923228979110718,0,B01095,B06506
11166,0.8923075795173645,0,B06566,B06506
11167,0.8923056125640869,0,B11989,B02240
11168,0.892288327217102,0,B04323,B03125
11169,0.8922597169876099,0,B12998,B01796
11170,0.8922537565231323,0,B01065,B07160
11171,0.8922418355941772,0,B06162,B02240
11172,0.8922258615493774,0,B11459,B01796
11173,0.8922030925750732,0,B11937,B04953
11174,0.8921689391136169,0,B05273,B01067
11175,0.8921679258346558,0,B05438,B00146
11176,0.8921573162078857,0,B11857,B13549
11177,0.8921445608139038,0,B11594,B04953
11178,0.8921270370483398,0,B01448,B05600
11179,0.8921024203300476,0,B01485,B00095
11180,0.892069935798645,0,B14297,B12194
11181,0.8920680284500122,0,B12862,B02630
11182,0.8920590281486511,0,B06771,B06506
11183,0.8920294046401978,0,B05288,B13549
11184,0.8920291662216187,0,B07668,B03139
11185,0.8920238018035889,0,B05049,B03139
11186,0.8920211791992188,0,B14241,B02026
11187,0.892015814781189,0,B12267,B13549
11188,0.8920056223869324,0,B13838,B06506
11189,0.8919958472251892,0,B12016,B04744
11190,0.8919894099235535,0,B07030,B04953
11191,0.8919858932495117,0,B13724,B10200
11192,0.8919724225997925,0,B07560,B06506
11193,0.8919718265533447,0,B03435,B13549
11194,0.8919718265533447,0,B12594,B07160
11195,0.8919656276702881,0,B08803,B06506
11196,0.8919609189033508,0,B03236,B03139
11197,0.8919436931610107,0,B11560,B07160
11198,0.8919364213943481,0,B13595,B06506
11199,0.8919239640235901,0,B12745,B03125
11200,0.891913890838623,0,B04916,B02240
11201,0.8919124603271484,0,B13327,B13549
11202,0.8919034600257874,0,B11582,B01796
11203,0.891893744468689,0,B03463,B00724
11204,0.8918901681900024,0,B02814,B10200
11205,0.8918896317481995,0,B12155,B03180
11206,0.8918647170066833,0,B03286,B06506
11207,0.8918647170066833,0,B11290,B03125
11208,0.8918538689613342,0,B06916,B06506
11209,0.8918231129646301,0,B12869,B05923
11210,0.8918120861053467,0,B10043,B04811
11211,0.891794741153717,0,B07800,B01238
11212,0.8917887210845947,0,B02695,B06506
11213,0.8917773365974426,0,B09900,B06506
11214,0.8917615413665771,0,B00098,B05467
11215,0.8917442560195923,0,B06908,B02240
11216,0.8917440176010132,0,B14057,B02240
11217,0.8917391896247864,0,B13984,B04744
11218,0.8917161822319031,0,B11758,B06506
11219,0.8916809558868408,0,B07511,B02240
11220,0.8916555643081665,0,B08869,B02026
11221,0.8916526436805725,0,B05978,B02240
11222,0.8916495442390442,0,B13833,B02240
11223,0.8916333913803101,0,B08781,B06192
11224,0.8916183114051819,0,B03513,B04744
11225,0.8915684223175049,0,B01150,B05600
11226,0.8915640711784363,0,B01376,B06506
11227,0.8915592432022095,0,B12093,B13549
11228,0.8915273547172546,0,B06824,B04744
11229,0.891507625579834,0,B02172,B03139
11230,0.8914898037910461,0,B08077,B03125
11231,0.8914752006530762,0,B11744,B05345
11232,0.8914700746536255,0,B10451,B02240
11233,0.8914695978164673,0,B12615,B10200
11234,0.8914599418640137,0,B08688,B00934
11235,0.8914592862129211,0,B01388,B07160
11236,0.8914556503295898,0,B08087,B02026
11237,0.8914166688919067,0,B02139,B01481
11238,0.8913851976394653,0,B05037,B07160
11239,0.8913535475730896,0,B02220,B01934
11240,0.8913495540618896,0,B14247,B07160
11241,0.8913359642028809,0,B09918,B07160
11242,0.891325056552887,0,B07954,B11032
11243,0.8913062214851379,0,B01427,B03139
11244,0.8912868499755859,0,B08316,B03125
11245,0.8912354111671448,0,B12268,B06506
11246,0.8912268877029419,0,B14347,B02026
11247,0.891221284866333,0,B13231,B06506
11248,0.8912185430526733,0,B06676,B06343
11249,0.8912183046340942,0,B11888,B06506
11250,0.8912099599838257,0,B12799,B11529
11251,0.8912026286125183,0,B13805,B02026
11252,0.8911938667297363,0,B12970,B01067
11253,0.8911445140838623,0,B09937,B04744
11254,0.8911395072937012,0,B13285,B09441
11255,0.8911204934120178,0,B03665,B06506
11256,0.8910777568817139,0,B08028,B13549
11257,0.8910554647445679,0,B12606,B02026
11258,0.8910509943962097,0,B10217,B03125
11259,0.8910422325134277,0,B11468,B06506
11260,0.8910176753997803,0,B01455,B06506
11261,0.8909865021705627,0,B10494,B03125
11262,0.8909739255905151,0,B13217,B02026
11263,0.8909466862678528,0,B09726,B03125
11264,0.890933632850647,0,B13316,B11699
11265,0.8909046649932861,0,B14306,B00229
11266,0.8908933401107788,0,B09489,B05467
11267,0.8908830881118774,0,B10009,B06506
11268,0.8908798098564148,0,B10943,B12194
11269,0.8908752799034119,0,B08288,B03777
11270,0.8908531069755554,0,B14075,B06506
11271,0.8908004760742188,0,B10173,B07367
11272,0.8907879590988159,0,B13542,B02026
11273,0.8907747268676758,0,B12200,B00934
11274,0.8907356262207031,0,B10918,B02026
11275,0.890735387802124,0,B11155,B07205
11276,0.8907345533370972,0,B10160,B02240
11277,0.8907285928726196,0,B05187,B06506
11278,0.890723705291748,0,B11940,B02240
11279,0.8907217979431152,0,B01724,B01831
11280,0.8906996250152588,0,B13972,B11699
11281,0.8906474709510803,0,B08088,B11699
11282,0.8906406760215759,0,B08918,B03125
11283,0.890636682510376,0,B11196,B06506
11284,0.8906357288360596,0,B10207,B03125
11285,0.8906279802322388,0,B03515,B03125
11286,0.8905689716339111,0,B13605,B05600
11287,0.8905682563781738,0,B11948,B07160
11288,0.890552818775177,0,B13768,B12194
11289,0.8905445337295532,0,B04985,B07878
11290,0.8905408978462219,0,B06022,B03139
11291,0.8905064463615417,0,B11749,B05600
11292,0.8905059695243835,0,B13139,B02026
11293,0.8904896378517151,0,B10828,B03139
11294,0.8904793858528137,0,B07966,B02240
11295,0.8904752135276794,0,B03694,B01831
11296,0.8904693722724915,0,B05270,B03139
11297,0.8904460668563843,0,B12611,B00146
11298,0.8904125094413757,0,B00218,B07160
11299,0.8903946280479431,0,B00613,B00934
11300,0.8903946280479431,0,B07839,B03139
11301,0.8903884291648865,0,B12725,B12303
11302,0.8903620839118958,0,B08845,B12194
11303,0.8903363347053528,0,B10969,B04811
11304,0.8903043866157532,0,B14285,B13549
11305,0.8902989625930786,0,B09866,B10200
11306,0.890296459197998,0,B11187,B04744
11307,0.890265703201294,0,B06384,B02026
11308,0.8902430534362793,0,B05756,B04744
11309,0.890235424041748,0,B10219,B06506
11310,0.8902312517166138,0,B07548,B04811
11311,0.8902226090431213,0,B12103,B02240
11312,0.8902194499969482,0,B12288,B02026
11313,0.8902069926261902,0,B12800,B03125
11314,0.8901975154876709,0,B10603,B04744
11315,0.8901863098144531,0,B03603,B06506
11316,0.8901674747467041,0,B12761,B06506
11317,0.8901431560516357,0,B00119,B06506
11318,0.8901259899139404,0,B11954,B05706
11319,0.89011150598526,0,B02234,B01831
11320,0.8901104927062988,0,B03296,B04953
11321,0.8900959491729736,0,B10610,B10200
11322,0.8900919556617737,0,B03276,B10200
11323,0.8900601863861084,0,B05190,B06506
11324,0.8900594115257263,0,B13354,B13549
11325,0.8900442123413086,0,B04048,B06506
11326,0.8900412321090698,0,B13713,B06343
11327,0.8900371789932251,0,B01923,B13549
11328,0.8900188207626343,0,B04595,B06506
11329,0.8900034427642822,0,B10305,B02026
11330,0.8899794220924377,0,B13751,B01067
11331,0.889968991279602,0,B03057,B03125
11332,0.8898878693580627,0,B13227,B00724
11333,0.8898862600326538,0,B02407,B05706
11334,0.8898808360099792,0,B05080,B03125
11335,0.88987135887146,0,B13617,B13549
11336,0.8898634314537048,0,B12269,B11699
11337,0.889843761920929,0,B05854,B02240
11338,0.8898425102233887,0,B11285,B06506
11339,0.8898307085037231,0,B13122,B13549
11340,0.8898240327835083,0,B01446,B00095
11341,0.8898147940635681,0,B13290,B02026
11342,0.8898106813430786,0,B10753,B06506
11343,0.889788031578064,0,B11278,B10200
11344,0.8897850513458252,0,B08553,B06506
11345,0.8897826671600342,0,B06132,B00095
11346,0.889763593673706,0,B07592,B07429
11347,0.8897619247436523,0,B10710,B06506
11348,0.889712929725647,0,B08158,B04744
11349,0.8897106647491455,0,B11819,B07367
11350,0.8897056579589844,0,B14191,B12194
11351,0.8896687030792236,0,B04468,B02026
11352,0.8896394371986389,0,B11966,B00229
11353,0.8896281719207764,0,B08902,B06343
11354,0.8896210193634033,0,B13160,B06506
11355,0.8896024227142334,0,B12748,B02240
11356,0.8895696401596069,0,B06571,B13549
11357,0.8895524144172668,0,B01175,B01238
11358,0.8895514011383057,0,B02403,B05706
11359,0.889536440372467,0,B10599,B13549
11360,0.8895326256752014,0,B04101,B06506
11361,0.8895304203033447,0,B00377,B00934
11362,0.889518678188324,0,B08669,B06506
11363,0.8895078897476196,0,B02768,B07429
11364,0.8895039558410645,0,B05775,B01831
11365,0.8894862532615662,0,B04061,B05923
11366,0.8894851207733154,0,B08038,B02240
11367,0.8894708156585693,0,B03011,B04744
11368,0.8894702792167664,0,B06094,B05600
11369,0.8894562721252441,0,B04337,B01934
11370,0.8894557952880859,0,B07028,B13549
11371,0.8893944621086121,0,B08933,B03125
11372,0.8893904685974121,0,B12059,B05345
11373,0.8893884420394897,0,B10413,B07160
11374,0.8893275260925293,0,B04727,B06506
11375,0.8893238306045532,0,B12561,B03125
11376,0.8893155455589294,0,B12358,B02240
11377,0.8893133997917175,0,B03685,B06506
11378,0.8893086314201355,0,B03708,B04953
11379,0.8893051147460938,0,B14320,B00146
11380,0.8892554044723511,0,B11358,B03125
11381,0.8892536759376526,0,B13828,B12194
11382,0.8892407417297363,0,B00522,B07878
11383,0.889228343963623,0,B11519,B05467
11384,0.889221727848053,0,B11374,B07878
11385,0.8892186880111694,0,B04976,B02240
11386,0.8892172574996948,0,B08345,B06506
11387,0.8892056345939636,0,B04556,B12194
11388,0.889196515083313,0,B13626,B11699
11389,0.8891829252243042,0,B12202,B03125
11390,0.8891719579696655,0,B03541,B01238
11391,0.8891701698303223,0,B00449,B03139
11392,0.8891565203666687,0,B11952,B06192
11393,0.8891122341156006,0,B07133,B06506
11394,0.8890910744667053,0,B03622,B00146
11395,0.8890826106071472,0,B03141,B03139
11396,0.8890472650527954,0,B10808,B02240
11397,0.8890381455421448,0,B13882,B00724
11398,0.889032244682312,0,B14090,B06506
11399,0.8890236616134644,0,B12168,B05600
11400,0.8890112638473511,0,B10447,B02240
11401,0.8890062570571899,0,B11517,B13170
11402,0.8889999389648438,0,B11769,B12194
11403,0.888976514339447,0,B09039,B07160
11404,0.8889715671539307,0,B13585,B12194
11405,0.8889564275741577,0,B08196,B02240
11406,0.8889532089233398,0,B08706,B06343
11407,0.8889169692993164,0,B12058,B01796
11408,0.8889017105102539,0,B14080,B02240
11409,0.8888829946517944,0,B08956,B03125
11410,0.888882040977478,0,B13875,B05923
11411,0.8888689875602722,0,B04551,B00905
11412,0.8888475298881531,0,B07365,B06506
11413,0.8888314962387085,0,B06541,B00724
11414,0.8887887001037598,0,B02332,B06506
11415,0.8887854218482971,0,B04238,B07429
11416,0.8887415528297424,0,B06089,B06506
11417,0.8887302279472351,0,B14283,B06506
11418,0.8887228965759277,0,B09744,B12194
11419,0.8887172341346741,0,B02170,B01481
11420,0.8887163400650024,0,B08127,B06343
11421,0.8886883854866028,0,B09684,B02025
11422,0.8886738419532776,0,B14211,B02026
11423,0.8886514902114868,0,B05744,B03125
11424,0.8886513710021973,0,B08009,B02026
11425,0.8886475563049316,0,B00879,B13549
11426,0.888618528842926,0,B13779,B06506
11427,0.8886138796806335,0,B12837,B04654
11428,0.8886027336120605,0,B05970,B06343
11429,0.8885912299156189,0,B03626,B10200
11430,0.8885593414306641,0,B07052,B06506
11431,0.8885461091995239,0,B07962,B03125
11432,0.8885196447372437,0,B05096,B04744
11433,0.888511061668396,0,B11708,B13549
11434,0.8884928226470947,0,B01389,B06506
11435,0.8884793519973755,0,B05138,B07160
11436,0.8884745836257935,0,B04786,B02240
11437,0.8884714245796204,0,B07363,B03125
11438,0.8884701728820801,0,B08654,B06343
11439,0.8884595632553101,0,B00695,B07160
11440,0.888455867767334,0,B07896,B03125
11441,0.888442873954773,0,B00143,B00536
11442,0.8884384632110596,0,B10382,B06506
11443,0.8884363174438477,0,B06705,B10089
11444,0.888412356376648,0,B08953,B05467
11445,0.8883982300758362,0,B00856,B02240
11446,0.8883870244026184,0,B12649,B07205
11447,0.8883723616600037,0,B14264,B11699
11448,0.8883402347564697,0,B04414,B06506
11449,0.8883396983146667,0,B10295,B04744
11450,0.8883376717567444,0,B02184,B03139
11451,0.8883357048034668,0,B12280,B03125
11452,0.888332724571228,0,B12560,B06506
11453,0.8883084654808044,0,B07975,B07367
11454,0.8883013725280762,0,B10933,B05923
11455,0.8882579207420349,0,B07132,B01645
11456,0.8882462382316589,0,B04844,B07160
11457,0.8882426023483276,0,B14231,B07160
11458,0.888225793838501,0,B00682,B01067
11459,0.8882254958152771,0,B10261,B03125
11460,0.8882110714912415,0,B12292,B02026
11461,0.8882076144218445,0,B11082,B07205
11462,0.88819819688797,0,B08818,B06506
11463,0.888194739818573,0,B11057,B02240
11464,0.8881732821464539,0,B00221,B13549
11465,0.8881686925888062,0,B11128,B13549
11466,0.8881484270095825,0,B07123,B06506
11467,0.8881428241729736,0,B02190,B06506
11468,0.8881210684776306,0,B11022,B13549
11469,0.8881140351295471,0,B13096,B13549
11470,0.8881104588508606,0,B04721,B02240
11471,0.8881080150604248,0,B10383,B03125
11472,0.888107419013977,0,B02223,B13549
11473,0.8880515098571777,0,B11130,B06506
11474,0.8880294561386108,0,B14175,B06506
11475,0.8880058526992798,0,B03424,B03777
11476,0.8879907131195068,0,B01041,B06506
11477,0.8879762291908264,0,B11357,B10200
11478,0.8879507780075073,0,B02855,B06343
11479,0.8879422545433044,0,B03409,B03125
11480,0.8879244327545166,0,B13794,B13549
11481,0.8879104256629944,0,B02415,B13549
11482,0.88788902759552,0,B10048,B13549
11483,0.8878433704376221,0,B14290,B03125
11484,0.8878223299980164,0,B13481,B10200
11485,0.8878167867660522,0,B00609,B06506
11486,0.8878057599067688,0,B12434,B02240
11487,0.8877856135368347,0,B05872,B06506
11488,0.887769341468811,0,B14205,B12194
11489,0.8877636194229126,0,B08777,B03125
11490,0.8877578973770142,0,B11234,B06506
11491,0.8877174854278564,0,B03972,B06506
11492,0.8877161741256714,0,B03815,B03139
11493,0.8877040147781372,0,B03869,B01481
11494,0.887679934501648,0,B03984,B06506
11495,0.8876641392707825,0,B02822,B06506
11496,0.8876129984855652,0,B13169,B02240
11497,0.8876129388809204,0,B14197,B02026
11498,0.8875896334648132,0,B10013,B02240
11499,0.8875765800476074,0,B08106,B02240
11500,0.8875583410263062,0,B11431,B00146
11501,0.8875236511230469,0,B13025,B05706
11502,0.8874963521957397,0,B12359,B01067
11503,0.8874850273132324,0,B01018,B03125
11504,0.8874850273132324,0,B14315,B00146
11505,0.8874615430831909,0,B01521,B03125
11506,0.8874601125717163,0,B13182,B00146
11507,0.8874571323394775,0,B10923,B06506
11508,0.8873453140258789,0,B12979,B06506
11509,0.8873385190963745,0,B13039,B06506
11510,0.8873134255409241,0,B11095,B03139
11511,0.8872831463813782,0,B11402,B10200
11512,0.8872765898704529,0,B11822,B13549
11513,0.8872342109680176,0,B09592,B12194
11514,0.8872315287590027,0,B03662,B06506
11515,0.8872303366661072,0,B11883,B02240
11516,0.8872171640396118,0,B13060,B02026
11517,0.887174665927887,0,B02714,B02892
11518,0.8871618509292603,0,B04225,B06506
11519,0.8870697617530823,0,B03717,B10200
11520,0.887069046497345,0,B13272,B03180
11521,0.8870549201965332,0,B12076,B06506
11522,0.8870445489883423,0,B13536,B05706
11523,0.8870042562484741,0,B06324,B06506
11524,0.8870027661323547,0,B13181,B01067
11525,0.8869712948799133,0,B11297,B00095
11526,0.8869550228118896,0,B14048,B00146
11527,0.8869147300720215,0,B11992,B12194
11528,0.886877179145813,0,B00046,B02240
11529,0.8868622183799744,0,B12069,B02026
11530,0.8868448734283447,0,B05597,B13549
11531,0.8868249654769897,0,B13063,B11529
11532,0.8868132829666138,0,B12539,B12194
11533,0.8867881298065186,0,B08433,B07429
11534,0.8867751359939575,0,B13863,B02240
11535,0.8867685794830322,0,B05186,B00229
11536,0.8867654800415039,0,B06087,B06192
11537,0.8867342472076416,0,B12165,B06343
11538,0.8867226839065552,0,B12742,B04953
11539,0.8866816163063049,0,B12721,B01238
11540,0.8866652846336365,0,B13939,B06506
11541,0.8866637349128723,0,B07963,B06506
11542,0.8866595029830933,0,B14073,B02026
11543,0.8866553902626038,0,B04828,B04953
11544,0.8866255283355713,0,B11192,B03139
11545,0.8866226673126221,0,B00215,B13549
11546,0.8866097927093506,0,B10406,B04953
11547,0.8865875005722046,0,B00467,B00146
11548,0.8865785598754883,0,B01262,B02026
11549,0.8865457773208618,0,B04227,B10200
11550,0.8865426778793335,0,B13915,B04953
11551,0.886518120765686,0,B10693,B00146
11552,0.8865090012550354,0,B08342,B04811
11553,0.8864873647689819,0,B13880,B06506
11554,0.886461079120636,0,B01644,B02240
11555,0.8864575624465942,0,B10086,B06506
11556,0.8863958120346069,0,B14132,B05923
11557,0.8863776326179504,0,B08856,B04744
11558,0.8862558603286743,0,B08277,B02025
11559,0.8861834406852722,0,B02668,B03139
11560,0.8861696124076843,0,B10840,B11529
11561,0.8861660957336426,0,B12873,B03125
11562,0.886154055595398,0,B00217,B07160
11563,0.8860853910446167,0,B08534,B03125
11564,0.8860774636268616,0,B13835,B06506
11565,0.886070191860199,0,B08622,B03125
11566,0.8860571384429932,0,B14201,B07367
11567,0.886043906211853,0,B03414,B06506
11568,0.8860393166542053,0,B09359,B02892
11569,0.886017918586731,0,B02703,B02240
11570,0.8860067129135132,0,B12605,B07878
11571,0.885971188545227,0,B06766,B03139
11572,0.8859599232673645,0,B08951,B12194
11573,0.8859291672706604,0,B12999,B12194
11574,0.8859233260154724,0,B06804,B06506
11575,0.8858932256698608,0,B03481,B05923
11576,0.8858931660652161,0,B04530,B06506
11577,0.8858909606933594,0,B11849,B13549
11578,0.8858854174613953,0,B08896,B06506
11579,0.8858839869499207,0,B04310,B03777
11580,0.8858468532562256,0,B02607,B02240
11581,0.8858354687690735,0,B14014,B07429
11582,0.885816216468811,0,B02277,B06506
11583,0.8858107328414917,0,B07142,B06506
11584,0.8857917785644531,0,B03021,B03125
11585,0.8857309818267822,0,B05077,B00146
11586,0.8856513500213623,0,B06945,B13549
11587,0.8856426477432251,0,B11366,B03125
11588,0.8856327533721924,0,B13777,B02240
11589,0.8856117129325867,0,B00820,B13549
11590,0.8856049180030823,0,B01099,B07160
11591,0.8856011033058167,0,B11939,B07205
11592,0.8855949640274048,0,B04018,B10200
11593,0.8855715394020081,0,B13820,B02240
11594,0.8855566382408142,0,B11477,B02025
11595,0.8855081796646118,0,B01390,B01934
11596,0.8854803442955017,0,B13646,B02026
11597,0.8854655623435974,0,B11492,B01238
11598,0.8854480981826782,0,B06312,B07878
11599,0.885425329208374,0,B10390,B13170
11600,0.8853925466537476,0,B09842,B13549
11601,0.885389506816864,0,B03130,B04744
11602,0.8853843212127686,0,B08785,B04744
11603,0.8853743076324463,0,B10779,B10200
11604,0.8853728175163269,0,B09663,B06506
11605,0.8853724002838135,0,B02305,B06506
11606,0.8853543996810913,0,B04187,B00095
11607,0.8853409886360168,0,B10432,B02025
11608,0.8853404521942139,0,B14266,B13549
11609,0.8853256106376648,0,B09844,B12194
11610,0.8853042125701904,0,B13247,B06506
11611,0.8852958679199219,0,B11206,B06506
11612,0.8852756023406982,0,B11258,B03139
11613,0.8852672576904297,0,B14151,B12194
11614,0.8852540254592896,0,B08864,B06506
11615,0.885248601436615,0,B04420,B03125
11616,0.8852213025093079,0,B03938,B12194
11617,0.885212242603302,0,B00614,B06343
11618,0.8852044343948364,0,B07547,B06192
11619,0.8851548433303833,0,B13853,B12194
11620,0.8851540684700012,0,B06844,B03125
11621,0.8851156830787659,0,B11389,B02240
11622,0.8850896954536438,0,B06889,B05923
11623,0.8850679397583008,0,B09935,B03180
11624,0.8850635290145874,0,B05008,B06343
11625,0.8850434422492981,0,B07127,B06506
11626,0.8850365877151489,0,B14210,B02026
11627,0.885020911693573,0,B11874,B04953
11628,0.8850134015083313,0,B04076,B00095
11629,0.8849742412567139,0,B13319,B06506
11630,0.8849596381187439,0,B14228,B02026
11631,0.8849543929100037,0,B06782,B06343
11632,0.8849449157714844,0,B14114,B05600
11633,0.8849223852157593,0,B12833,B04953
11634,0.8849087953567505,0,B11770,B06506
11635,0.8848574161529541,0,B01069,B06506
11636,0.8848303556442261,0,B00110,B06506
11637,0.8847914934158325,0,B04648,B06506
11638,0.8847395181655884,0,B06083,B04744
11639,0.8847270607948303,0,B11233,B13549
11640,0.884698212146759,0,B13452,B00146
11641,0.8846795558929443,0,B00351,B03125
11642,0.8846527934074402,0,B05059,B04811
11643,0.8846320509910583,0,B05136,B06506
11644,0.884610652923584,0,B13943,B07429
11645,0.8845786452293396,0,B05846,B04744
11646,0.884568452835083,0,B14186,B06506
11647,0.8845488429069519,0,B12785,B10200
11648,0.8845230937004089,0,B01062,B00934
11649,0.8845223784446716,0,B07569,B00724
11650,0.8845187425613403,0,B06254,B06506
11651,0.8844954371452332,0,B10704,B03125
11652,0.8844766020774841,0,B11416,B00536
11653,0.8844736218452454,0,B07023,B02240
11654,0.8844215869903564,0,B10424,B03139
11655,0.8843659162521362,0,B10148,B00724
11656,0.8843405842781067,0,B03293,B02026
11657,0.8843036890029907,0,B13826,B03180
11658,0.8842551708221436,0,B14065,B06506
11659,0.884179949760437,0,B14267,B06506
11660,0.8841667175292969,0,B13864,B06506
11661,0.8841308355331421,0,B13269,B05706
11662,0.884112536907196,0,B13484,B05600
11663,0.8841087222099304,0,B11168,B03139
11664,0.8841070532798767,0,B10813,B03139
11665,0.8840885758399963,0,B02730,B06506
11666,0.884082555770874,0,B12478,B00724
11667,0.884052038192749,0,B13804,B00724
11668,0.8839739561080933,0,B07616,B00095
11669,0.8839659094810486,0,B06260,B02025
11670,0.8839570879936218,0,B07660,B07429
11671,0.8839003443717957,0,B03070,B07160
11672,0.8838925361633301,0,B12021,B06506
11673,0.8838658332824707,0,B10005,B06506
11674,0.8838648796081543,0,B01716,B00146
11675,0.8838595151901245,0,B14284,B01067
11676,0.8838512897491455,0,B13102,B07429
11677,0.8838056325912476,0,B11713,B01067
11678,0.8837562799453735,0,B13861,B02026
11679,0.8837366104125977,0,B07902,B03125
11680,0.8837321400642395,0,B01742,B04744
11681,0.8836988806724548,0,B13909,B04654
11682,0.8836926817893982,0,B01723,B13549
11683,0.883676290512085,0,B11014,B10200
11684,0.8836735486984253,0,B13232,B03180
11685,0.883658766746521,0,B12221,B02026
11686,0.8836143016815186,0,B14062,B12303
11687,0.8835882544517517,0,B13310,B03125
11688,0.8835604190826416,0,B01905,B03125
11689,0.8835502862930298,0,B08260,B01238
11690,0.8834742307662964,0,B11772,B03125
11691,0.8834526538848877,0,B14226,B12194
11692,0.8834494948387146,0,B02831,B06506
11693,0.8834478855133057,0,B11088,B02026
11694,0.8834428787231445,0,B13450,B11699
11695,0.8834183216094971,0,B07579,B06506
11696,0.8834127187728882,0,B03978,B06506
11697,0.8833466172218323,0,B01731,B02240
11698,0.8833242058753967,0,B04397,B06506
11699,0.8832269310951233,0,B07549,B06506
11700,0.883213222026825,0,B09506,B06506
11701,0.8831735849380493,0,B13714,B06506
11702,0.8831018805503845,0,B08000,B03125
11703,0.8831009268760681,0,B13954,B05923
11704,0.8830858469009399,0,B01841,B04744
11705,0.8830772638320923,0,B03112,B06506
11706,0.8830763101577759,0,B04007,B03125
11707,0.8830468654632568,0,B13982,B02026
11708,0.8830294013023376,0,B02743,B06506
11709,0.8830192685127258,0,B14253,B02026
11710,0.8830047845840454,0,B03367,B06343
11711,0.8830043077468872,0,B03932,B00146
11712,0.8829812407493591,0,B09587,B04811
11713,0.8829618692398071,0,B10739,B02026
11714,0.8829235434532166,0,B12598,B05600
11715,0.8829171061515808,0,B02341,B00146
11716,0.8828878998756409,0,B13992,B06506
11717,0.8828660249710083,0,B06178,B03139
11718,0.882856547832489,0,B13827,B02240
11719,0.8828514218330383,0,B05353,B00229
11720,0.8828504681587219,0,B13123,B11529
11721,0.8828234076499939,0,B08006,B12194
11722,0.8828233480453491,0,B06092,B06506
11723,0.8828096389770508,0,B11190,B02240
11724,0.8828064203262329,0,B13975,B02026
11725,0.8827917575836182,0,B00899,B03125
11726,0.8827827572822571,0,B10333,B06192
11727,0.8827750086784363,0,B07046,B04953
11728,0.8827728033065796,0,B00604,B13549
11729,0.8827217817306519,0,B09234,B03139
11730,0.8826881051063538,0,B12474,B02240
11731,0.8826813101768494,0,B14033,B02026
11732,0.882646918296814,0,B01468,B07367
11733,0.8826438188552856,0,B11910,B06506
11734,0.8826128840446472,0,B12718,B02026
11735,0.8825968503952026,0,B11370,B06506
11736,0.8825724124908447,0,B12102,B02240
11737,0.8825600147247314,0,B09353,B05600
11738,0.8825486302375793,0,B03215,B01238
11739,0.8825405836105347,0,B13817,B07429
11740,0.882526159286499,0,B07783,B03125
11741,0.8825134038925171,0,B00132,B00095
11742,0.882503867149353,0,B03322,B05467
11743,0.8824957609176636,0,B11244,B06506
11744,0.8824775218963623,0,B11425,B06506
11745,0.8824299573898315,0,B13006,B13549
11746,0.8823922276496887,0,B00329,B06506
11747,0.8823798298835754,0,B11875,B02240
11748,0.8823636770248413,0,B07842,B03125
11749,0.8823372721672058,0,B08021,B06192
11750,0.8822686672210693,0,B13787,B02026
11751,0.8822331428527832,0,B07509,B06506
11752,0.8822149038314819,0,B13432,B06192
11753,0.8821969032287598,0,B05475,B06506
11754,0.8821704983711243,0,B14187,B06506
11755,0.8821573853492737,0,B04476,B01238
11756,0.8821392059326172,0,B10336,B10200
11757,0.8821322321891785,0,B02689,B00724
11758,0.8821168541908264,0,B03211,B06506
11759,0.8821048736572266,0,B04465,B13549
11760,0.8820900917053223,0,B02955,B09441
11761,0.8820894956588745,0,B13949,B12194
11762,0.8820886611938477,0,B00017,B02240
11763,0.8820772767066956,0,B07572,B06343
11764,0.8820709586143494,0,B05840,B00146
11765,0.8819534182548523,0,B13712,B12303
11766,0.8819334506988525,0,B08007,B02630
11767,0.8819067478179932,0,B04419,B01238
11768,0.8819011449813843,0,B09657,B03125
11769,0.881862998008728,0,B04368,B00934
11770,0.8818371295928955,0,B10605,B13549
11771,0.8818214535713196,0,B01366,B04744
11772,0.8817869424819946,0,B02476,B03125
11773,0.8817273378372192,0,B10734,B06506
11774,0.8817102313041687,0,B01384,B04811
11775,0.8817092776298523,0,B06220,B02026
11776,0.8817028403282166,0,B09989,B03125
11777,0.8816922307014465,0,B05132,B01067
11778,0.8816754817962646,0,B01300,B03125
11779,0.8816191554069519,0,B12314,B02026
11780,0.8816186189651489,0,B09089,B06192
11781,0.8815807700157166,0,B07702,B03777
11782,0.8815779685974121,0,B10972,B03125
11783,0.8813691139221191,0,B14270,B02240
11784,0.8813472986221313,0,B04672,B06343
11785,0.8813201189041138,0,B06199,B04811
11786,0.8813062906265259,0,B10249,B01238
11787,0.8813022375106812,0,B13395,B11699
11788,0.8812854886054993,0,B10185,B03125
11789,0.8812822103500366,0,B13721,B01067
11790,0.8812674880027771,0,B10025,B00724
11791,0.8811445236206055,0,B12272,B02026
11792,0.8811312913894653,0,B07810,B10200
11793,0.8811273574829102,0,B14190,B03125
11794,0.8810944557189941,0,B05274,B03125
11795,0.8810442090034485,0,B13581,B03125
11796,0.8810222148895264,0,B12101,B12303
11797,0.8809595704078674,0,B14294,B02026
11798,0.8809278011322021,0,B01408,B06506
11799,0.8809278011322021,0,B12064,B11529
11800,0.8808810114860535,0,B13331,B02026
11801,0.8808380365371704,0,B03254,B06506
11802,0.8808256983757019,0,B01006,B03125
11803,0.8808250427246094,0,B08808,B06506
11804,0.8808215856552124,0,B11424,B02240
11805,0.8807708024978638,0,B10807,B05467
11806,0.880748450756073,0,B13771,B02026
11807,0.8807337880134583,0,B12293,B02240
11808,0.8807235956192017,0,B08554,B03139
11809,0.8806937336921692,0,B14339,B00934
11810,0.8806877136230469,0,B07069,B10200
11811,0.8806362152099609,0,B13886,B03139
11812,0.8806027770042419,0,B06741,B07878
11813,0.88059401512146,0,B12805,B13549
11814,0.8805921077728271,0,B03203,B01481
11815,0.8805640935897827,0,B08699,B06506
11816,0.8805487155914307,0,B11711,B05706
11817,0.8805133104324341,0,B06352,B00905
11818,0.8804884552955627,0,B13468,B02026
11819,0.8804758787155151,0,B10806,B02240
11820,0.8804748058319092,0,B06537,B00724
11821,0.8804086446762085,0,B13963,B02026
11822,0.880401074886322,0,B10774,B00724
11823,0.8803783655166626,0,B02602,B07878
11824,0.8803718090057373,0,B00394,B13549
11825,0.8803126811981201,0,B13088,B02026
11826,0.880270779132843,0,B12753,B02240
11827,0.8802687525749207,0,B08658,B06506
11828,0.8802071213722229,0,B04831,B02026
11829,0.8801501989364624,0,B10993,B05467
11830,0.8801218867301941,0,B10149,B06506
11831,0.8800954222679138,0,B03033,B11032
11832,0.8800415396690369,0,B02572,B03125
11833,0.8800095915794373,0,B13397,B03125
11834,0.880008339881897,0,B11518,B13170
11835,0.8799614310264587,0,B10098,B06506
11836,0.8798613548278809,0,B09911,B03139
11837,0.8798607587814331,0,B04804,B11032
11838,0.8798242807388306,0,B14219,B02026
11839,0.8797727823257446,0,B08577,B13549
11840,0.8796449899673462,0,B02177,B05345
11841,0.8796297311782837,0,B12682,B03180
11842,0.8795751333236694,0,B09084,B10200
11843,0.8795682787895203,0,B07826,B00095
11844,0.8795596957206726,0,B04500,B02240
11845,0.8795576095581055,0,B09289,B06343
11846,0.8795500993728638,0,B06301,B06506
11847,0.879417359828949,0,B13080,B12194
11848,0.8794047236442566,0,B03156,B04744
11849,0.8793684840202332,0,B11141,B06343
11850,0.8793368339538574,0,B04733,B03139
11851,0.8792740702629089,0,B14200,B12194
11852,0.8792486190795898,0,B10492,B05706
11853,0.8792387247085571,0,B13737,B00229
11854,0.8792338967323303,0,B04549,B03125
11855,0.8792020082473755,0,B13885,B02026
11856,0.8791957497596741,0,B04172,B03125
11857,0.8791816234588623,0,B10743,B12194
11858,0.8791672587394714,0,B12157,B06343
11859,0.8791603446006775,0,B09706,B07878
11860,0.8791359663009644,0,B02231,B06192
11861,0.8790831565856934,0,B09853,B00095
11862,0.8790460228919983,0,B03674,B04811
11863,0.8789612054824829,0,B12819,B10200
11864,0.8789273500442505,0,B08870,B00724
11865,0.8789162635803223,0,B04443,B04744
11866,0.8789125084877014,0,B11191,B05467
11867,0.8789065480232239,0,B08317,B13549
11868,0.8788696527481079,0,B02679,B13549
11869,0.8787815570831299,0,B13483,B10200
11870,0.8787251710891724,0,B12571,B00229
11871,0.8785919547080994,0,B13819,B13549
11872,0.8785761594772339,0,B00316,B04744
11873,0.8784384727478027,0,B14338,B06506
11874,0.8783771991729736,0,B05103,B00146
11875,0.8783009052276611,0,B14155,B11032
11876,0.8782223463058472,0,B05338,B04744
11877,0.8781939148902893,0,B14322,B13549
11878,0.8781799077987671,0,B12883,B02026
11879,0.8781694769859314,0,B13731,B11529
11880,0.8781455755233765,0,B09926,B01481
11881,0.8780752420425415,0,B11376,B03125
11882,0.8780001401901245,0,B09544,B06506
11883,0.8779967427253723,0,B13671,B03180
11884,0.8779487609863281,0,B08584,B06506
11885,0.8779422044754028,0,B00389,B02026
11886,0.8778307437896729,0,B12801,B07160
11887,0.8778246641159058,0,B06642,B06506
11888,0.8777963519096375,0,B03250,B03125
11889,0.8777779340744019,0,B11775,B02240
11890,0.8777716159820557,0,B07601,B07160
11891,0.8776958584785461,0,B04488,B10089
11892,0.8776736855506897,0,B03957,B06506
11893,0.8774296045303345,0,B12218,B02026
11894,0.8773338794708252,0,B02774,B00229
11895,0.8773293495178223,0,B12056,B01645
11896,0.8772766590118408,0,B04747,B03139
11897,0.8772478103637695,0,B11968,B05467
11898,0.8772412538528442,0,B11768,B13170
11899,0.8771888613700867,0,B12009,B13549
11900,0.8771710991859436,0,B14362,B02026
11901,0.8771586418151855,0,B06133,B11032
11902,0.8771476745605469,0,B14346,B06506
11903,0.8770571947097778,0,B02953,B04953
11904,0.8770520091056824,0,B11756,B00146
11905,0.8769866824150085,0,B13011,B13549
11906,0.8769803047180176,0,B10442,B13549
11907,0.8769318461418152,0,B08363,B00146
11908,0.8768851161003113,0,B12526,B03125
11909,0.8768324255943298,0,B06198,B10200
11910,0.8768274784088135,0,B10474,B10200
11911,0.8768216967582703,0,B09668,B00934
11912,0.8768192529678345,0,B05094,B07160
11913,0.8767191171646118,0,B06863,B02240
11914,0.8766410946846008,0,B09072,B02026
11915,0.8765856623649597,0,B12019,B07429
11916,0.8765525817871094,0,B11008,B06506
11917,0.8764843940734863,0,B01571,B01238
11918,0.8764711618423462,0,B03222,B01934
11919,0.8764376044273376,0,B14340,B06506
11920,0.8764327764511108,0,B13282,B03125
11921,0.8764313459396362,0,B10965,B03125
11922,0.8763829469680786,0,B06648,B01238
11923,0.8763247132301331,0,B07631,B06192
11924,0.8762679100036621,0,B12855,B02026
11925,0.8762444257736206,0,B05813,B04811
11926,0.8761994242668152,0,B08264,B06343
11927,0.8761069774627686,0,B14280,B02026
11928,0.8760305643081665,0,B04192,B06506
11929,0.876003623008728,0,B12572,B06506
11930,0.875946581363678,0,B08898,B06343
11931,0.8759261965751648,0,B11098,B02240
11932,0.8758907914161682,0,B13587,B06506
11933,0.8758605718612671,0,B14335,B00934
11934,0.8758582472801208,0,B06244,B13549
11935,0.8758497834205627,0,B01087,B06506
11936,0.87584388256073,0,B08774,B00724
11937,0.8758077621459961,0,B09867,B04811
11938,0.8758039474487305,0,B06235,B03125
11939,0.8757744431495667,0,B12078,B03139
11940,0.8757560849189758,0,B13756,B13549
11941,0.8757559061050415,0,B01097,B01238
11942,0.8757038116455078,0,B12169,B04811
11943,0.875657320022583,0,B10283,B06506
11944,0.8756460547447205,0,B03230,B06506
11945,0.87555992603302,0,B11639,B02026
11946,0.8755328059196472,0,B10904,B13549
11947,0.8754313588142395,0,B13132,B12194
11948,0.8754313588142395,0,B13157,B13549
11949,0.8753173351287842,0,B06318,B07205
11950,0.8751908540725708,0,B11732,B06506
11951,0.8751870393753052,0,B11965,B06506
11952,0.875169575214386,0,B12709,B00724
11953,0.8751355409622192,0,B08630,B01238
11954,0.8751293420791626,0,B11551,B12194
11955,0.8751148581504822,0,B13847,B06506
11956,0.8750226497650146,0,B14365,B12194
11957,0.8749350309371948,0,B06108,B02240
11958,0.8749338388442993,0,B07045,B00229
11959,0.874848484992981,0,B08033,B07205
11960,0.8747293949127197,0,B01116,B04811
11961,0.8746516704559326,0,B14180,B02026
11962,0.8746134042739868,0,B11722,B10200
11963,0.8745903968811035,0,B13862,B03125
11964,0.8745466470718384,0,B05740,B05706
11965,0.8744950294494629,0,B06577,B04811
11966,0.8744733929634094,0,B12788,B03125
11967,0.874456524848938,0,B14352,B11529
11968,0.8744486570358276,0,B12163,B05923
11969,0.8744070529937744,0,B08675,B05345
11970,0.874356746673584,0,B03338,B00724
11971,0.8743153214454651,0,B04800,B11699
11972,0.8742395043373108,0,B09590,B13549
11973,0.8742380738258362,0,B04948,B13549
11974,0.8742321729660034,0,B14321,B05600
11975,0.8741958141326904,0,B14054,B00934
11976,0.8740751147270203,0,B00133,B06506
11977,0.8740255832672119,0,B04445,B01481
11978,0.8740202188491821,0,B10989,B06506
11979,0.8740116357803345,0,B07658,B01831
11980,0.8739394545555115,0,B12764,B07429
11981,0.8739041090011597,0,B09950,B13549
11982,0.8738871812820435,0,B12017,B06506
11983,0.8738048672676086,0,B02985,B05706
11984,0.8737220168113708,0,B02724,B06192
11985,0.8736448287963867,0,B09076,B13549
11986,0.8736389875411987,0,B11879,B01067
11987,0.8736087083816528,0,B06817,B02025
11988,0.8734829425811768,0,B03303,B05467
11989,0.8734444379806519,0,B07218,B06506
11990,0.8733530044555664,0,B14094,B02026
11991,0.8733524084091187,0,B09378,B03139
11992,0.8733503222465515,0,B11248,B00934
11993,0.8733459711074829,0,B04073,B06506
11994,0.8733012676239014,0,B00331,B06506
11995,0.8731248378753662,0,B14240,B12194
11996,0.8731004595756531,0,B13416,B12194
11997,0.8730725049972534,0,B13421,B02026
11998,0.8730212450027466,0,B10419,B06506
11999,0.8730046153068542,0,B07090,B10200
12000,0.8729201555252075,0,B11259,B13170
12001,0.8728933334350586,0,B08401,B00934
12002,0.8728232383728027,0,B04106,B10089
12003,0.8727278709411621,0,B10852,B01481
12004,0.8726912140846252,0,B11268,B04953
12005,0.8724586367607117,0,B04663,B01645
12006,0.8724019527435303,0,B14229,B13170
12007,0.8723040223121643,0,B07479,B02025
12008,0.8720667958259583,0,B02908,B02026
12009,0.8719722628593445,0,B10124,B10200
12010,0.8718878030776978,0,B04780,B06192
12011,0.871831476688385,0,B12735,B01067
12012,0.8718193769454956,0,B05714,B01238
12013,0.8717609643936157,0,B13072,B12303
12014,0.8717488646507263,0,B06380,B04744
12015,0.8715870380401611,0,B10136,B03125
12016,0.8715575933456421,0,B03518,B07160
12017,0.8714098334312439,0,B13979,B00934
12018,0.8713216781616211,0,B11851,B07429
12019,0.8712507486343384,0,B11650,B05923
12020,0.8712210655212402,0,B14133,B11699
12021,0.8711616396903992,0,B10260,B07429
12022,0.8710852861404419,0,B12071,B03139
12023,0.871083676815033,0,B14351,B12194
12024,0.8710404634475708,0,B11011,B03139
12025,0.8709810376167297,0,B14088,B00724
12026,0.870951235294342,0,B04568,B03125
12027,0.8709091544151306,0,B03673,B03125
12028,0.8707156777381897,0,B11525,B02026
12029,0.8707032203674316,0,B03556,B01831
12030,0.8706789016723633,0,B06795,B10200
12031,0.8705548644065857,0,B01048,B13549
12032,0.8704444766044617,0,B04114,B02240
12033,0.870293378829956,0,B09957,B06192
12034,0.870204508304596,0,B11721,B05923
12035,0.8698650598526001,0,B14171,B13549
12036,0.8698450326919556,0,B07161,B06506
12037,0.8697466254234314,0,B08349,B13549
12038,0.8697257041931152,0,B00619,B02240
12039,0.8697181940078735,0,B13851,B06506
12040,0.8696247935295105,0,B11945,B06506
12041,0.8696106672286987,0,B02636,B03125
12042,0.8693387508392334,0,B13104,B02026
12043,0.8690230846405029,0,B12307,B05600
12044,0.8689233660697937,0,B11748,B05600
12045,0.8688364028930664,0,B12578,B06506
12046,0.8688161373138428,0,B12596,B00724
12047,0.8685492873191833,0,B14345,B06506
12048,0.8683338165283203,0,B14269,B06506
12049,0.8683074712753296,0,B14246,B13549
12050,0.868236780166626,0,B12117,B07160
12051,0.8682152628898621,0,B14015,B06506
12052,0.8682151436805725,0,B14221,B00146
12053,0.868137001991272,0,B04153,B04744
12054,0.868069589138031,0,B14052,B03125
12055,0.8678328394889832,0,B05461,B13549
12056,0.8677328824996948,0,B13906,B06506
12057,0.8677115440368652,0,B13814,B13549
12058,0.867577075958252,0,B03345,B02026
12059,0.8675092458724976,0,B13575,B01238
12060,0.8674424886703491,0,B08276,B07878
12061,0.8673820495605469,0,B00024,B05467
12062,0.8673410415649414,0,B14183,B06506
12063,0.8673332929611206,0,B10352,B02026
12064,0.8671104907989502,0,B05095,B05923
12065,0.8669420480728149,0,B04871,B01934
12066,0.8668551445007324,0,B08344,B06506
12067,0.8667862415313721,0,B12784,B12194
12068,0.8667112588882446,0,B10974,B02026
12069,0.8665809035301208,0,B11216,B06506
12070,0.8665469884872437,0,B12273,B02026
12071,0.86646968126297,0,B12589,B03125
12072,0.8660250902175903,0,B01916,B02240
12073,0.8660094738006592,0,B14023,B03125
12074,0.8657368421554565,0,B13961,B03180
12075,0.8657286167144775,0,B04706,B06506
12076,0.8656964898109436,0,B10815,B06506
12077,0.8655977249145508,0,B10183,B00724
12078,0.8654126524925232,0,B10131,B06506
12079,0.8653407096862793,0,B11292,B02026
12080,0.8653101325035095,0,B10179,B03777
12081,0.86524498462677,0,B11931,B11032
12082,0.8651800155639648,0,B07591,B03125
12083,0.8649611473083496,0,B09688,B06506
12084,0.8646255731582642,0,B08862,B03125
12085,0.864544153213501,0,B13788,B07878
12086,0.8645169734954834,0,B13149,B00146
12087,0.8642853498458862,0,B08551,B06506
12088,0.8637065291404724,0,B12585,B06343
12089,0.863599419593811,0,B03036,B04744
12090,0.8634889721870422,0,B08703,B06343
12091,0.8634583950042725,0,B02977,B06506
12092,0.8634248971939087,0,B12864,B02026
12093,0.8633140325546265,0,B13883,B03125
12094,0.8630093932151794,0,B14348,B02240
12095,0.8627085089683533,0,B03264,B07367
12096,0.8625727295875549,0,B14358,B03180
12097,0.8621326088905334,0,B09858,B03125
12098,0.8620685338973999,0,B13574,B01238
12099,0.8620531558990479,0,B14343,B02026
12100,0.86199951171875,0,B10781,B00934
12101,0.8618860244750977,0,B14356,B06506
12102,0.8618188500404358,0,B13769,B06506
12103,0.8616301417350769,0,B04221,B10200
12104,0.8615801334381104,0,B12897,B02240
12105,0.8611571788787842,0,B09605,B06506
12106,0.8600862622261047,0,B14342,B02026
12107,0.8597237467765808,0,B14230,B02026
12108,0.8596411347389221,0,B06200,B04953
12109,0.8593723177909851,0,B07070,B13549
12110,0.859015166759491,0,B06839,B04744
12111,0.8589622378349304,0,B06507,B06506
12112,0.8587625026702881,0,B11951,B05923
12113,0.8584237098693848,0,B14354,B12194
12114,0.8582081198692322,0,B11399,B06506
12115,0.8576048612594604,0,B12895,B01067
12116,0.8572961688041687,0,B11497,B10200
12117,0.8571866154670715,0,B12845,B07429
12118,0.8560899496078491,0,B04068,B00229
12119,0.855366587638855,0,B14344,B00724
12120,0.8550535440444946,0,B12401,B11699
12121,0.8546729683876038,0,B13648,B02026
12122,0.8546254634857178,0,B06039,B00724
12123,0.8531445860862732,0,B11245,B13549
12124,0.853142261505127,0,B03684,B05600
12125,0.8519666194915771,0,B14357,B11699
12126,0.851763129234314,0,B12657,B02026
12127,0.8515730500221252,0,B01478,B06506
12128,0.8509014844894409,0,B01618,B03180
12129,0.850644588470459,0,B14361,B06506
12130,0.8498578667640686,0,B14355,B07878
12131,0.8498544692993164,0,B11171,B05467
12132,0.8475940227508545,0,B11564,B06506
12133,0.8471820950508118,0,B14363,B06506
12134,0.8431531190872192,0,B10922,B03777
12135,0.8424968719482422,0,B13634,B12194
12136,0.8423522114753723,0,B10597,B11032
12137,0.84087073802948,0,B14359,B06506
12138,0.8399597406387329,0,B14331,B10200
12139,0.8384999632835388,0,B14353,B06506
12140,0.8383891582489014,0,B14239,B10200
12141,0.8354007601737976,0,B12092,B07205
12142,0.8318975567817688,0,B14349,B05467
12143,0.8317744135856628,0,B14366,B00536
12144,0.8292808532714844,0,B14360,B05923
12145,0.826432466506958,0,B14350,B11699
12146,0.8046303987503052,0,B14364,B11032
