Broad_ID,UMAP1,UMAP2,Cluster_ID,Semantic_domain,Candidate52
B00001,10.169292,9.583157,3,Broad cancer EV biology,0
B00002,10.667597,1.5837171,0,MSC / regenerative EV therapy,0
B00003,9.495108,4.257772,1,Vascular / systemic inflammation,0
B00004,11.217025,1.4953065,0,MSC / regenerative EV therapy,0
B00005,12.606054,0.9781348,0,MSC / regenerative EV therapy,0
B00006,11.044035,1.7504028,0,MSC / regenerative EV therapy,0
B00007,9.265789,1.9147989,0,MSC / regenerative EV therapy,0
B00008,10.123315,10.1666355,5,Lung cancer EV biology,0
B00009,8.970455,1.1390679,1,Vascular / systemic inflammation,0
B00010,8.753483,1.2736344,4,Respiratory / airway EV biology,0
B00011,9.56159,7.7238965,5,Lung cancer EV biology,0
B00012,10.865973,1.8698231,0,MSC / regenerative EV therapy,0
B00013,13.316012,4.7583356,4,Respiratory / airway EV biology,0
B00014,9.245638,9.163785,4,Respiratory / airway EV biology,0
B00015,12.58374,2.9229746,1,Vascular / systemic inflammation,0
B00016,12.082266,9.233058,3,Broad cancer EV biology,0
B00017,7.0030913,7.78177,2,EV engineering / delivery,0
B00018,10.858955,7.1111236,2,EV engineering / delivery,0
B00019,9.119677,10.705735,3,Broad cancer EV biology,0
B00020,7.7166886,7.7401013,2,EV engineering / delivery,0
B00021,13.639313,0.48353192,0,MSC / regenerative EV therapy,0
B00022,9.6665125,3.6257162,0,MSC / regenerative EV therapy,0
B00023,8.167194,3.9913697,1,Vascular / systemic inflammation,0
B00024,10.778209,5.9387984,1,Vascular / systemic inflammation,0
B00025,7.1708646,7.8255067,2,EV engineering / delivery,0
B00026,11.36144,7.4881163,3,Broad cancer EV biology,0
B00027,10.3640785,7.6887455,3,Broad cancer EV biology,0
B00028,13.675018,0.8587185,2,EV engineering / delivery,0
B00029,10.829646,5.167166,2,EV engineering / delivery,0
B00030,10.991368,2.4044592,0,MSC / regenerative EV therapy,0
B00031,11.731408,3.6770985,1,Vascular / systemic inflammation,0
B00032,10.360325,1.8968737,4,Respiratory / airway EV biology,0
B00033,11.986354,5.6303253,3,Broad cancer EV biology,0
B00034,8.27888,9.906295,3,Broad cancer EV biology,0
B00035,9.839617,9.058682,3,Broad cancer EV biology,0
B00036,9.221015,10.667106,5,Lung cancer EV biology,0
B00037,8.789722,10.702933,5,Lung cancer EV biology,0
B00038,9.488231,3.2902951,0,MSC / regenerative EV therapy,0
B00039,10.486987,9.280686,3,Broad cancer EV biology,0
B00040,7.422488,7.4106994,5,Lung cancer EV biology,0
B00041,8.617176,8.305838,5,Lung cancer EV biology,0
B00042,9.477909,10.872052,5,Lung cancer EV biology,0
B00043,9.405354,2.3159704,0,MSC / regenerative EV therapy,0
B00044,8.870241,7.200254,2,EV engineering / delivery,0
B00045,8.470084,7.1086903,2,EV engineering / delivery,0
B00046,7.3588967,7.761094,2,EV engineering / delivery,0
B00047,12.000726,4.6048675,4,Respiratory / airway EV biology,0
B00048,10.40872,2.5898893,2,EV engineering / delivery,0
B00049,9.268672,10.579828,5,Lung cancer EV biology,0
B00050,11.104619,7.2439075,2,EV engineering / delivery,0
B00051,9.635688,4.9828973,2,EV engineering / delivery,0
B00052,8.684889,5.8363624,2,EV engineering / delivery,0
B00053,9.318106,3.2002919,0,MSC / regenerative EV therapy,0
B00054,8.990514,5.884405,2,EV engineering / delivery,0
B00055,9.802763,5.655445,1,Vascular / systemic inflammation,0
B00056,8.811571,5.0390434,1,Vascular / systemic inflammation,0
B00057,11.576348,2.7438993,1,Vascular / systemic inflammation,0
B00058,11.446437,9.45367,3,Broad cancer EV biology,0
B00059,8.994007,3.6780922,0,MSC / regenerative EV therapy,0
B00060,9.26447,3.3648043,0,MSC / regenerative EV therapy,0
B00061,10.118467,1.8065134,0,MSC / regenerative EV therapy,0
B00062,10.178988,3.8895605,1,Vascular / systemic inflammation,0
B00063,11.555471,8.919976,3,Broad cancer EV biology,0
B00064,10.035583,9.782256,3,Broad cancer EV biology,0
B00065,13.647473,0.68030137,2,EV engineering / delivery,0
B00066,10.965549,1.7910564,0,MSC / regenerative EV therapy,0
B00067,8.751546,4.0459733,1,Vascular / systemic inflammation,0
B00068,9.5161915,4.178259,0,MSC / regenerative EV therapy,0
B00069,9.984428,1.1900741,4,Respiratory / airway EV biology,0
B00070,10.638761,3.5240636,2,EV engineering / delivery,0
B00071,11.515262,2.0817559,0,MSC / regenerative EV therapy,0
B00072,7.253701,8.248643,5,Lung cancer EV biology,0
B00073,13.336365,0.68005073,0,MSC / regenerative EV therapy,0
B00074,8.252738,5.442582,2,EV engineering / delivery,0
B00075,7.442256,7.1462393,2,EV engineering / delivery,0
B00076,10.728657,3.4035125,2,EV engineering / delivery,0
B00077,7.2604256,8.072685,2,EV engineering / delivery,0
B00078,9.986816,9.327453,5,Lung cancer EV biology,0
B00079,10.011379,2.8970542,0,MSC / regenerative EV therapy,0
B00080,7.621107,8.991374,5,Lung cancer EV biology,0
B00081,10.445115,9.459632,3,Broad cancer EV biology,0
B00082,11.936496,9.189047,5,Lung cancer EV biology,0
B00083,10.346133,5.542739,2,EV engineering / delivery,0
B00084,12.800104,2.9551926,2,EV engineering / delivery,0
B00085,10.059344,10.61974,5,Lung cancer EV biology,0
B00086,9.68662,6.2299504,2,EV engineering / delivery,0
B00087,11.689989,4.7920275,2,EV engineering / delivery,0
B00088,10.771787,1.8146299,0,MSC / regenerative EV therapy,0
B00089,10.95558,0.47175902,0,MSC / regenerative EV therapy,0
B00090,7.1453214,7.824646,2,EV engineering / delivery,0
B00091,10.844292,3.3964252,2,EV engineering / delivery,0
B00092,8.045844,3.3247962,1,Vascular / systemic inflammation,0
B00093,11.458269,3.8686485,4,Respiratory / airway EV biology,0
B00094,8.633009,4.9554,1,Vascular / systemic inflammation,0
B00095,10.948625,1.8362752,0,MSC / regenerative EV therapy,1
B00096,8.787634,7.7017393,1,Vascular / systemic inflammation,0
B00097,7.386285,8.15377,5,Lung cancer EV biology,0
B00098,11.659492,3.776641,4,Respiratory / airway EV biology,0
B00099,11.083121,2.1222236,0,MSC / regenerative EV therapy,0
B00100,10.97829,2.0589573,0,MSC / regenerative EV therapy,0
B00101,13.588126,0.7608133,0,MSC / regenerative EV therapy,0
B00102,11.522681,4.123011,4,Respiratory / airway EV biology,0
B00103,9.956705,1.9074472,0,MSC / regenerative EV therapy,0
B00104,9.891639,1.224908,0,MSC / regenerative EV therapy,0
B00105,10.360167,1.7331612,5,Lung cancer EV biology,0
B00106,10.848836,0.45642075,0,MSC / regenerative EV therapy,0
B00107,11.457321,2.2686665,4,Respiratory / airway EV biology,0
B00108,9.315259,5.9979215,2,EV engineering / delivery,0
B00109,8.095845,7.5660977,2,EV engineering / delivery,0
B00110,7.131886,7.840161,2,EV engineering / delivery,0
B00111,7.112588,7.7090387,2,EV engineering / delivery,0
B00112,13.656702,0.66366065,0,MSC / regenerative EV therapy,0
B00113,6.6973166,3.4879744,5,Lung cancer EV biology,0
B00114,10.623316,6.7730975,2,EV engineering / delivery,0
B00115,7.375379,7.787227,2,EV engineering / delivery,0
B00116,6.9912057,7.9175816,2,EV engineering / delivery,0
B00117,6.347634,4.742132,4,Respiratory / airway EV biology,0
B00118,9.184666,10.708077,3,Broad cancer EV biology,0
B00119,8.04472,8.781749,5,Lung cancer EV biology,0
B00120,12.120127,8.435495,5,Lung cancer EV biology,0
B00121,11.0375805,6.556218,2,EV engineering / delivery,0
B00122,10.027479,3.9329128,2,EV engineering / delivery,0
B00123,11.946894,4.7315607,4,Respiratory / airway EV biology,0
B00124,13.098228,5.039543,2,EV engineering / delivery,0
B00125,9.966008,8.534986,3,Broad cancer EV biology,0
B00126,10.964681,7.1075835,2,EV engineering / delivery,0
B00127,9.635604,3.6246595,0,MSC / regenerative EV therapy,0
B00128,13.116671,1.1577873,0,MSC / regenerative EV therapy,0
B00129,12.579605,2.2275531,0,MSC / regenerative EV therapy,0
B00130,13.057121,0.7958272,0,MSC / regenerative EV therapy,0
B00131,13.681091,0.6715902,0,MSC / regenerative EV therapy,0
B00132,10.791994,0.29379132,1,Vascular / systemic inflammation,0
B00133,11.74444,4.9418287,2,EV engineering / delivery,0
B00134,7.8159823,7.780572,2,EV engineering / delivery,0
B00135,7.4484444,7.951232,2,EV engineering / delivery,0
B00136,10.983156,6.9287376,2,EV engineering / delivery,0
B00137,8.912124,0.9795238,2,EV engineering / delivery,0
B00138,7.204583,8.0146675,2,EV engineering / delivery,0
B00139,7.5878816,9.02745,5,Lung cancer EV biology,0
B00140,9.293772,4.4948106,1,Vascular / systemic inflammation,0
B00141,8.105424,10.034563,5,Lung cancer EV biology,0
B00142,12.545203,7.4473515,0,MSC / regenerative EV therapy,0
B00143,9.361044,4.6326838,0,MSC / regenerative EV therapy,0
B00144,7.569999,8.263549,5,Lung cancer EV biology,0
B00145,9.777613,9.376715,3,Broad cancer EV biology,0
B00146,10.424839,9.761622,5,Lung cancer EV biology,1
B00147,10.644909,6.930407,2,EV engineering / delivery,0
B00148,8.777916,6.2945814,2,EV engineering / delivery,0
B00149,10.609356,8.288217,3,Broad cancer EV biology,0
B00150,11.369462,6.7686977,2,EV engineering / delivery,0
B00151,11.560624,9.551066,5,Lung cancer EV biology,0
B00152,11.808214,4.4489083,4,Respiratory / airway EV biology,0
B00153,11.809766,4.6938086,4,Respiratory / airway EV biology,0
B00154,11.565553,4.929947,2,EV engineering / delivery,0
B00155,11.916104,5.2733836,2,EV engineering / delivery,0
B00156,10.244269,3.0285363,4,Respiratory / airway EV biology,0
B00157,11.023058,2.4585454,4,Respiratory / airway EV biology,0
B00158,11.517832,6.8841085,2,EV engineering / delivery,0
B00159,10.7071905,7.0024457,5,Lung cancer EV biology,0
B00160,8.643706,8.616838,5,Lung cancer EV biology,0
B00161,12.215648,3.9330344,4,Respiratory / airway EV biology,0
B00162,9.038951,10.780588,3,Broad cancer EV biology,0
B00163,10.88294,2.4066584,0,MSC / regenerative EV therapy,0
B00164,9.233828,9.131558,5,Lung cancer EV biology,0
B00165,11.363036,8.841549,5,Lung cancer EV biology,0
B00166,13.749262,0.71716994,0,MSC / regenerative EV therapy,0
B00167,8.042592,8.826203,5,Lung cancer EV biology,0
B00168,7.9727387,8.912594,5,Lung cancer EV biology,0
B00169,9.668618,4.2957244,1,Vascular / systemic inflammation,0
B00170,9.462989,4.665081,0,MSC / regenerative EV therapy,0
B00171,10.726339,3.3635778,2,EV engineering / delivery,0
B00172,10.719518,6.832142,2,EV engineering / delivery,0
B00173,13.099936,0.9821041,0,MSC / regenerative EV therapy,0
B00174,9.959618,2.2878203,0,MSC / regenerative EV therapy,0
B00175,7.3034387,8.222586,2,EV engineering / delivery,0
B00176,10.385712,1.8212128,0,MSC / regenerative EV therapy,0
B00177,9.690412,1.9119166,5,Lung cancer EV biology,0
B00178,10.2768,1.7154027,0,MSC / regenerative EV therapy,0
B00179,11.327803,1.8011345,0,MSC / regenerative EV therapy,0
B00180,8.903736,2.2093885,0,MSC / regenerative EV therapy,0
B00181,10.571288,0.69676864,0,MSC / regenerative EV therapy,0
B00182,12.050085,9.310583,3,Broad cancer EV biology,0
B00183,10.473536,4.4044957,4,Respiratory / airway EV biology,0
B00184,10.750738,4.8687944,4,Respiratory / airway EV biology,0
B00185,9.30228,4.393522,1,Vascular / systemic inflammation,0
B00186,8.937391,4.7664294,2,EV engineering / delivery,0
B00187,11.603796,9.488581,3,Broad cancer EV biology,0
B00188,11.354621,9.281703,2,EV engineering / delivery,0
B00189,10.232329,8.171943,5,Lung cancer EV biology,0
B00190,11.370605,4.852868,4,Respiratory / airway EV biology,0
B00191,8.697409,8.052525,2,EV engineering / delivery,0
B00192,11.747759,2.2946131,4,Respiratory / airway EV biology,0
B00193,9.323444,4.335352,1,Vascular / systemic inflammation,0
B00194,11.883849,1.5713938,5,Lung cancer EV biology,0
B00195,9.833216,2.9634616,1,Vascular / systemic inflammation,0
B00196,10.178685,9.321497,5,Lung cancer EV biology,0
B00197,10.082663,9.54617,3,Broad cancer EV biology,0
B00198,10.478412,10.080048,5,Lung cancer EV biology,0
B00199,10.8625,9.690664,5,Lung cancer EV biology,0
B00200,6.8510957,3.5312011,1,Vascular / systemic inflammation,0
B00201,8.038356,8.8432455,5,Lung cancer EV biology,0
B00202,11.187494,2.7779214,5,Lung cancer EV biology,0
B00203,9.7577715,8.4076185,5,Lung cancer EV biology,0
B00204,11.17093,8.284549,3,Broad cancer EV biology,0
B00205,10.710821,9.859319,5,Lung cancer EV biology,0
B00206,13.537822,0.8469752,0,MSC / regenerative EV therapy,0
B00207,10.650087,6.5720377,2,EV engineering / delivery,0
B00208,8.423042,4.277024,1,Vascular / systemic inflammation,0
B00209,9.162464,1.3184009,0,MSC / regenerative EV therapy,0
B00210,10.145882,4.1503196,0,MSC / regenerative EV therapy,0
B00211,12.006415,8.304594,5,Lung cancer EV biology,0
B00212,10.5116,10.125165,5,Lung cancer EV biology,0
B00213,7.701859,4.419008,1,Vascular / systemic inflammation,0
B00214,7.315711,3.2790945,1,Vascular / systemic inflammation,0
B00215,10.949775,8.525492,5,Lung cancer EV biology,0
B00216,10.537051,5.88754,2,EV engineering / delivery,0
B00217,10.025134,6.025809,2,EV engineering / delivery,0
B00218,9.124329,5.972534,2,EV engineering / delivery,0
B00219,9.306222,2.965932,0,MSC / regenerative EV therapy,0
B00220,9.217443,1.0232282,1,Vascular / systemic inflammation,0
B00221,12.431406,4.6999307,1,Vascular / systemic inflammation,0
B00222,10.514967,2.6548884,4,Respiratory / airway EV biology,0
B00223,9.436236,3.7487304,0,MSC / regenerative EV therapy,0
B00224,10.361245,7.0226502,2,EV engineering / delivery,0
B00225,10.339339,5.2276335,2,EV engineering / delivery,0
B00226,12.607387,7.253494,2,EV engineering / delivery,0
B00227,9.000868,0.9865529,2,EV engineering / delivery,0
B00228,10.145911,4.6663246,2,EV engineering / delivery,0
B00229,11.634903,2.226678,4,Respiratory / airway EV biology,1
B00230,12.341541,2.4020395,4,Respiratory / airway EV biology,0
B00231,10.501042,10.752861,5,Lung cancer EV biology,0
B00232,10.339311,10.182903,3,Broad cancer EV biology,0
B00233,8.02135,8.653528,5,Lung cancer EV biology,0
B00234,9.737353,2.6463563,1,Vascular / systemic inflammation,0
B00235,8.451023,10.034661,5,Lung cancer EV biology,0
B00236,10.119526,2.7733495,4,Respiratory / airway EV biology,0
B00237,8.726321,3.9311068,1,Vascular / systemic inflammation,0
B00238,8.218571,8.296128,3,Broad cancer EV biology,0
B00239,7.9388723,4.6244097,4,Respiratory / airway EV biology,0
B00240,11.128102,9.401156,5,Lung cancer EV biology,0
B00241,11.101122,2.920581,4,Respiratory / airway EV biology,0
B00242,8.98208,10.329281,5,Lung cancer EV biology,0
B00243,8.381712,7.0330734,5,Lung cancer EV biology,0
B00244,8.585256,4.1580086,1,Vascular / systemic inflammation,0
B00245,9.332356,2.605168,1,Vascular / systemic inflammation,0
B00246,11.145527,2.3247693,5,Lung cancer EV biology,0
B00247,10.942934,3.214275,4,Respiratory / airway EV biology,0
B00248,6.2185125,4.7496834,4,Respiratory / airway EV biology,0
B00249,8.389736,8.46327,5,Lung cancer EV biology,0
B00250,10.114164,9.38421,5,Lung cancer EV biology,0
B00251,7.463414,3.3898537,1,Vascular / systemic inflammation,0
B00252,9.5473795,10.158272,3,Broad cancer EV biology,0
B00253,7.8042965,10.267025,3,Broad cancer EV biology,0
B00254,9.696688,5.5730996,2,EV engineering / delivery,0
B00255,9.5974245,10.969552,5,Lung cancer EV biology,0
B00256,10.598615,2.0311913,0,MSC / regenerative EV therapy,0
B00257,9.782648,7.113849,2,EV engineering / delivery,0
B00258,10.617511,6.1440244,2,EV engineering / delivery,0
B00259,10.806932,9.660951,3,Broad cancer EV biology,0
B00260,8.192292,1.7884483,1,Vascular / systemic inflammation,0
B00261,8.632078,3.5628343,0,MSC / regenerative EV therapy,0
B00262,12.0597,8.29609,5,Lung cancer EV biology,0
B00263,7.8371396,10.136528,5,Lung cancer EV biology,0
B00264,13.185424,4.6998315,4,Respiratory / airway EV biology,0
B00265,10.439484,7.112033,2,EV engineering / delivery,0
B00266,10.830214,1.8347921,0,MSC / regenerative EV therapy,0
B00267,10.883121,0.53752637,1,Vascular / systemic inflammation,0
B00268,8.940647,6.513065,4,Respiratory / airway EV biology,0
B00269,11.377277,3.0966594,4,Respiratory / airway EV biology,0
B00270,7.6153884,7.713723,2,EV engineering / delivery,0
B00271,9.765755,8.254781,1,Vascular / systemic inflammation,0
B00272,9.693442,10.274197,5,Lung cancer EV biology,0
B00273,9.693753,10.912302,5,Lung cancer EV biology,0
B00274,10.164211,5.981134,2,EV engineering / delivery,0
B00275,11.46965,8.739496,2,EV engineering / delivery,0
B00276,11.333943,3.0234313,4,Respiratory / airway EV biology,0
B00277,11.269711,2.9391944,4,Respiratory / airway EV biology,0
B00278,10.205015,1.7507895,4,Respiratory / airway EV biology,0
B00279,13.714298,0.73223245,0,MSC / regenerative EV therapy,0
B00280,9.837019,7.5096154,3,Broad cancer EV biology,0
B00281,10.540912,9.989516,5,Lung cancer EV biology,0
B00282,9.995048,4.3987947,0,MSC / regenerative EV therapy,0
B00283,11.423974,6.9460435,2,EV engineering / delivery,0
B00284,9.537561,10.544965,5,Lung cancer EV biology,0
B00285,9.483461,3.6292057,0,MSC / regenerative EV therapy,0
B00286,10.4590435,9.824153,5,Lung cancer EV biology,0
B00287,10.964199,1.6974887,0,MSC / regenerative EV therapy,0
B00288,10.537448,6.4425335,2,EV engineering / delivery,0
B00289,10.080029,10.621252,5,Lung cancer EV biology,0
B00290,8.8570795,7.3211665,2,EV engineering / delivery,0
B00291,10.254306,8.82979,5,Lung cancer EV biology,0
B00292,10.348527,8.997484,5,Lung cancer EV biology,0
B00293,7.474683,7.1635237,5,Lung cancer EV biology,0
B00294,9.762304,10.531567,5,Lung cancer EV biology,0
B00295,7.7426715,6.935771,5,Lung cancer EV biology,0
B00296,7.8045087,6.8570147,2,EV engineering / delivery,0
B00297,7.6956644,6.812381,2,EV engineering / delivery,0
B00298,7.809966,6.953308,5,Lung cancer EV biology,0
B00299,11.93596,1.4226618,5,Lung cancer EV biology,0
B00300,11.507234,2.168867,5,Lung cancer EV biology,0
B00301,7.8500137,8.891041,3,Broad cancer EV biology,0
B00302,13.009212,4.565562,0,MSC / regenerative EV therapy,0
B00303,7.4302135,7.1882577,2,EV engineering / delivery,0
B00304,9.027597,2.1125576,1,Vascular / systemic inflammation,0
B00305,8.631032,4.8019094,4,Respiratory / airway EV biology,0
B00306,8.896979,5.8550153,2,EV engineering / delivery,0
B00307,8.793816,8.625989,3,Broad cancer EV biology,0
B00308,11.909281,9.178015,3,Broad cancer EV biology,0
B00309,8.477624,9.5559845,5,Lung cancer EV biology,0
B00310,9.04483,0.92964536,1,Vascular / systemic inflammation,0
B00311,10.973465,2.961764,5,Lung cancer EV biology,0
B00312,10.609677,0.53363055,1,Vascular / systemic inflammation,0
B00313,8.348206,5.423958,5,Lung cancer EV biology,0
B00314,7.22359,8.261368,2,EV engineering / delivery,0
B00315,9.2306185,0.9434555,4,Respiratory / airway EV biology,0
B00316,7.1204686,7.839277,2,EV engineering / delivery,0
B00317,9.465323,3.62845,0,MSC / regenerative EV therapy,0
B00318,10.24901,3.830647,1,Vascular / systemic inflammation,0
B00319,13.622366,0.5400854,0,MSC / regenerative EV therapy,0
B00320,13.386386,0.70936894,0,MSC / regenerative EV therapy,0
B00321,10.660233,6.5663967,2,EV engineering / delivery,0
B00322,9.923924,9.34111,3,Broad cancer EV biology,0
B00323,7.477757,2.58416,1,Vascular / systemic inflammation,0
B00324,11.896924,4.064994,4,Respiratory / airway EV biology,0
B00325,8.550768,9.522621,3,Broad cancer EV biology,0
B00326,7.601769,7.890715,2,EV engineering / delivery,0
B00327,12.637663,4.1022587,4,Respiratory / airway EV biology,0
B00328,13.331535,4.7648196,2,EV engineering / delivery,0
B00329,8.068868,2.5666957,4,Respiratory / airway EV biology,0
B00330,8.547037,3.7084937,0,MSC / regenerative EV therapy,0
B00331,6.670231,3.4873781,5,Lung cancer EV biology,0
B00332,8.424282,10.289324,5,Lung cancer EV biology,0
B00333,10.079716,10.080096,5,Lung cancer EV biology,0
B00334,9.388188,5.460152,2,EV engineering / delivery,0
B00335,13.424025,4.7032347,4,Respiratory / airway EV biology,0
B00336,11.727562,3.680333,5,Lung cancer EV biology,0
B00337,12.23455,3.054291,4,Respiratory / airway EV biology,0
B00338,11.8931265,3.3879418,4,Respiratory / airway EV biology,0
B00339,11.272934,2.0581965,4,Respiratory / airway EV biology,0
B00340,9.882381,3.4313369,0,MSC / regenerative EV therapy,0
B00341,9.617443,1.8831614,1,Vascular / systemic inflammation,0
B00342,8.690045,10.051975,5,Lung cancer EV biology,0
B00343,11.409643,8.407225,5,Lung cancer EV biology,0
B00344,11.480383,7.6908307,2,EV engineering / delivery,0
B00345,8.384687,1.8074062,1,Vascular / systemic inflammation,0
B00346,10.123258,9.552059,3,Broad cancer EV biology,0
B00347,12.692122,2.585095,4,Respiratory / airway EV biology,0
B00348,8.888089,7.209052,3,Broad cancer EV biology,0
B00349,10.251213,4.6080647,1,Vascular / systemic inflammation,0
B00350,11.561212,9.408732,3,Broad cancer EV biology,0
B00351,13.581077,0.6279241,2,EV engineering / delivery,0
B00352,13.240954,4.7201595,1,Vascular / systemic inflammation,0
B00353,9.36679,9.789433,5,Lung cancer EV biology,0
B00354,13.331159,4.7437086,4,Respiratory / airway EV biology,0
B00355,6.283643,4.8289123,3,Broad cancer EV biology,0
B00356,13.652807,0.5915632,0,MSC / regenerative EV therapy,0
B00357,13.358208,0.83602476,0,MSC / regenerative EV therapy,0
B00358,8.2672615,7.4927335,2,EV engineering / delivery,0
B00359,11.026937,8.153861,5,Lung cancer EV biology,0
B00360,8.740022,2.7082613,4,Respiratory / airway EV biology,0
B00361,11.397318,9.6273985,5,Lung cancer EV biology,0
B00362,12.083687,4.788859,4,Respiratory / airway EV biology,0
B00363,9.950539,8.1125,5,Lung cancer EV biology,0
B00364,10.078785,1.9862474,4,Respiratory / airway EV biology,0
B00365,9.3624115,9.495515,3,Broad cancer EV biology,0
B00366,9.788048,9.681477,5,Lung cancer EV biology,0
B00367,8.059741,7.860406,2,EV engineering / delivery,0
B00368,11.120712,0.6704655,4,Respiratory / airway EV biology,0
B00369,13.656633,1.1633033,4,Respiratory / airway EV biology,0
B00370,12.647521,2.6070952,4,Respiratory / airway EV biology,0
B00371,8.730437,8.85897,3,Broad cancer EV biology,0
B00372,10.268939,3.6771848,1,Vascular / systemic inflammation,0
B00373,9.400315,3.5039036,0,MSC / regenerative EV therapy,0
B00374,10.298783,3.8700612,1,Vascular / systemic inflammation,0
B00375,10.605819,3.6574907,4,Respiratory / airway EV biology,0
B00376,11.914979,2.4434016,4,Respiratory / airway EV biology,0
B00377,9.150447,3.3682954,0,MSC / regenerative EV therapy,0
B00378,11.751123,3.9892056,5,Lung cancer EV biology,0
B00379,10.440079,6.8703113,2,EV engineering / delivery,0
B00380,10.100791,1.3030792,0,MSC / regenerative EV therapy,0
B00381,13.641679,0.5349722,0,MSC / regenerative EV therapy,0
B00382,8.418429,4.8453574,1,Vascular / systemic inflammation,0
B00383,9.364672,3.3171737,0,MSC / regenerative EV therapy,0
B00384,9.07731,1.6862265,0,MSC / regenerative EV therapy,0
B00385,7.8750563,7.790949,2,EV engineering / delivery,0
B00386,10.57327,6.695497,2,EV engineering / delivery,0
B00387,9.271885,6.0190816,2,EV engineering / delivery,0
B00388,10.849187,8.352387,3,Broad cancer EV biology,0
B00389,7.050423,3.2002888,1,Vascular / systemic inflammation,0
B00390,13.651073,0.44625098,0,MSC / regenerative EV therapy,0
B00391,9.622957,8.684426,5,Lung cancer EV biology,0
B00392,10.764366,1.511415,0,MSC / regenerative EV therapy,0
B00393,11.173283,3.7130148,4,Respiratory / airway EV biology,0
B00394,10.045865,4.2891154,1,Vascular / systemic inflammation,0
B00395,10.679846,3.5717041,1,Vascular / systemic inflammation,0
B00396,9.360581,2.757345,1,Vascular / systemic inflammation,0
B00397,8.957146,1.2282012,4,Respiratory / airway EV biology,0
B00398,10.850066,3.2680793,4,Respiratory / airway EV biology,0
B00399,9.69628,1.821166,4,Respiratory / airway EV biology,0
B00400,10.132704,5.3622384,2,EV engineering / delivery,0
B00401,11.799691,3.2209795,4,Respiratory / airway EV biology,0
B00402,9.46389,0.9000834,0,MSC / regenerative EV therapy,0
B00403,10.195404,6.030207,2,EV engineering / delivery,0
B00404,8.885667,1.0388484,2,EV engineering / delivery,0
B00405,9.582246,6.085458,2,EV engineering / delivery,0
B00406,11.037347,2.4659452,0,MSC / regenerative EV therapy,0
B00407,11.241492,7.3976865,2,EV engineering / delivery,0
B00408,12.638458,7.3570433,5,Lung cancer EV biology,0
B00409,10.754886,3.2473993,2,EV engineering / delivery,0
B00410,11.359599,7.510315,2,EV engineering / delivery,0
B00411,10.976563,7.6692967,5,Lung cancer EV biology,0
B00412,11.122303,7.091438,2,EV engineering / delivery,0
B00413,10.444544,6.4076357,2,EV engineering / delivery,0
B00414,10.656241,7.0597343,3,Broad cancer EV biology,0
B00415,10.675891,2.7890673,2,EV engineering / delivery,0
B00416,13.168305,4.692093,4,Respiratory / airway EV biology,0
B00417,11.973133,4.898848,2,EV engineering / delivery,0
B00418,9.346658,9.381588,5,Lung cancer EV biology,0
B00419,12.919503,2.73637,4,Respiratory / airway EV biology,0
B00420,8.259476,10.4138565,5,Lung cancer EV biology,0
B00421,11.912059,4.8094153,4,Respiratory / airway EV biology,0
B00422,11.922317,4.832537,4,Respiratory / airway EV biology,0
B00423,12.363868,2.7136528,4,Respiratory / airway EV biology,0
B00424,9.528231,9.663911,5,Lung cancer EV biology,0
B00425,13.266191,4.7625103,4,Respiratory / airway EV biology,0
B00426,9.162703,3.0930874,1,Vascular / systemic inflammation,0
B00427,9.079326,7.503662,5,Lung cancer EV biology,0
B00428,9.7382555,7.6193814,5,Lung cancer EV biology,0
B00429,9.827073,3.0149763,1,Vascular / systemic inflammation,0
B00430,8.3074465,9.913948,5,Lung cancer EV biology,0
B00431,11.279294,8.991107,3,Broad cancer EV biology,0
B00432,13.768717,0.7038941,0,MSC / regenerative EV therapy,0
B00433,8.358041,6.9294653,3,Broad cancer EV biology,0
B00434,8.049859,9.136616,5,Lung cancer EV biology,0
B00435,8.86219,7.7506504,5,Lung cancer EV biology,0
B00436,9.469527,10.89066,5,Lung cancer EV biology,0
B00437,10.820697,6.9648285,2,EV engineering / delivery,0
B00438,13.308518,4.7774,4,Respiratory / airway EV biology,0
B00439,11.044878,10.233074,5,Lung cancer EV biology,0
B00440,10.558463,10.975297,5,Lung cancer EV biology,0
B00441,10.340507,10.903283,5,Lung cancer EV biology,0
B00442,10.986663,9.990394,5,Lung cancer EV biology,0
B00443,10.417638,10.247268,3,Broad cancer EV biology,0
B00444,11.257143,3.7158787,5,Lung cancer EV biology,0
B00445,8.557249,4.1991096,5,Lung cancer EV biology,0
B00446,10.539878,10.006355,3,Broad cancer EV biology,0
B00447,8.488952,4.0268292,1,Vascular / systemic inflammation,0
B00448,9.129855,3.7255852,0,MSC / regenerative EV therapy,0
B00449,10.151171,8.724855,5,Lung cancer EV biology,0
B00450,9.322288,10.960724,3,Broad cancer EV biology,0
B00451,11.608824,3.4985726,4,Respiratory / airway EV biology,0
B00452,8.678563,10.5304365,5,Lung cancer EV biology,0
B00453,9.360897,8.335839,5,Lung cancer EV biology,0
B00454,13.826752,0.8060051,1,Vascular / systemic inflammation,0
B00455,10.079798,2.8364036,1,Vascular / systemic inflammation,0
B00456,12.2799015,2.2573204,5,Lung cancer EV biology,0
B00457,11.641935,2.2644253,4,Respiratory / airway EV biology,0
B00458,9.440937,2.2657948,0,MSC / regenerative EV therapy,0
B00459,11.827435,2.5300157,4,Respiratory / airway EV biology,0
B00460,8.840434,4.357195,0,MSC / regenerative EV therapy,0
B00461,11.50397,9.884896,5,Lung cancer EV biology,0
B00462,9.891036,1.2773398,4,Respiratory / airway EV biology,0
B00463,10.605369,10.715731,5,Lung cancer EV biology,0
B00464,9.889212,1.0282481,0,MSC / regenerative EV therapy,0
B00465,11.895637,1.4042617,5,Lung cancer EV biology,0
B00466,11.479628,10.171063,5,Lung cancer EV biology,0
B00467,10.243773,8.902671,5,Lung cancer EV biology,0
B00468,12.360997,2.3549926,4,Respiratory / airway EV biology,0
B00469,11.601436,2.6561217,4,Respiratory / airway EV biology,0
B00470,9.907031,8.217728,5,Lung cancer EV biology,0
B00471,9.585529,8.650119,5,Lung cancer EV biology,0
B00472,9.1463995,5.096148,1,Vascular / systemic inflammation,0
B00473,10.2344055,10.206222,5,Lung cancer EV biology,0
B00474,12.975047,4.8380113,4,Respiratory / airway EV biology,0
B00475,8.233493,3.7837856,1,Vascular / systemic inflammation,0
B00476,9.2699795,0.9340815,1,Vascular / systemic inflammation,0
B00477,10.830174,9.68764,5,Lung cancer EV biology,0
B00478,9.475827,4.39459,0,MSC / regenerative EV therapy,0
B00479,10.508711,10.157618,3,Broad cancer EV biology,0
B00480,10.577782,10.148084,3,Broad cancer EV biology,0
B00481,9.914564,9.95349,3,Broad cancer EV biology,0
B00482,9.332559,6.2063446,2,EV engineering / delivery,0
B00483,11.063236,2.2988973,2,EV engineering / delivery,0
B00484,9.269613,8.047388,5,Lung cancer EV biology,0
B00485,7.208504,7.9174733,2,EV engineering / delivery,0
B00486,10.680552,6.9347615,2,EV engineering / delivery,0
B00487,11.715423,7.951326,2,EV engineering / delivery,0
B00488,11.03884,5.1666613,2,EV engineering / delivery,0
B00489,9.345344,0.80256206,0,MSC / regenerative EV therapy,0
B00490,8.875665,5.176648,4,Respiratory / airway EV biology,0
B00491,9.457165,0.8215356,0,MSC / regenerative EV therapy,0
B00492,9.50898,3.855211,0,MSC / regenerative EV therapy,0
B00493,9.972764,4.604199,0,MSC / regenerative EV therapy,0
B00494,9.315547,0.8918982,0,MSC / regenerative EV therapy,0
B00495,13.301116,0.8760321,0,MSC / regenerative EV therapy,0
B00496,9.003963,0.8412235,1,Vascular / systemic inflammation,0
B00497,10.51154,9.035787,5,Lung cancer EV biology,0
B00498,10.785938,1.5365783,0,MSC / regenerative EV therapy,0
B00499,11.066944,1.8585997,0,MSC / regenerative EV therapy,0
B00500,8.525912,3.5797665,0,MSC / regenerative EV therapy,0
B00501,10.938845,10.314248,5,Lung cancer EV biology,0
B00502,10.338572,7.784665,3,Broad cancer EV biology,0
B00503,9.831025,3.4745338,0,MSC / regenerative EV therapy,0
B00504,11.380434,2.5175745,4,Respiratory / airway EV biology,0
B00505,8.726647,1.2679509,4,Respiratory / airway EV biology,0
B00506,10.807254,7.971593,3,Broad cancer EV biology,0
B00507,10.869668,6.3323436,2,EV engineering / delivery,0
B00508,13.509045,0.58735144,0,MSC / regenerative EV therapy,0
B00509,8.284519,5.541852,2,EV engineering / delivery,0
B00510,10.44872,9.803116,5,Lung cancer EV biology,0
B00511,11.543038,7.8756676,3,Broad cancer EV biology,0
B00512,11.253959,6.634851,2,EV engineering / delivery,0
B00513,11.124603,8.191055,3,Broad cancer EV biology,0
B00514,10.643437,1.895778,4,Respiratory / airway EV biology,0
B00515,10.666299,11.114618,5,Lung cancer EV biology,0
B00516,10.6596365,6.8060727,2,EV engineering / delivery,0
B00517,11.272346,2.1854923,4,Respiratory / airway EV biology,0
B00518,10.621246,8.485328,5,Lung cancer EV biology,0
B00519,10.10061,9.185072,3,Broad cancer EV biology,0
B00520,9.708486,10.088555,5,Lung cancer EV biology,0
B00521,7.6650357,3.6739476,1,Vascular / systemic inflammation,0
B00522,7.035434,7.758061,2,EV engineering / delivery,0
B00523,7.763197,1.957121,1,Vascular / systemic inflammation,0
B00524,10.990912,4.4519224,3,Broad cancer EV biology,0
B00525,9.051733,7.268461,2,EV engineering / delivery,0
B00526,8.835655,9.52186,3,Broad cancer EV biology,0
B00527,9.551685,2.065854,4,Respiratory / airway EV biology,0
B00528,8.988844,1.1671797,4,Respiratory / airway EV biology,0
B00529,7.74278,4.585248,2,EV engineering / delivery,0
B00530,10.334657,7.7652936,3,Broad cancer EV biology,0
B00531,9.204086,9.836667,5,Lung cancer EV biology,0
B00532,8.8131485,10.122512,3,Broad cancer EV biology,0
B00533,11.115936,3.7180452,4,Respiratory / airway EV biology,0
B00534,8.833818,4.4076657,2,EV engineering / delivery,0
B00535,11.110564,2.7297325,0,MSC / regenerative EV therapy,0
B00536,11.003856,2.4015577,0,MSC / regenerative EV therapy,1
B00537,10.280753,2.628653,4,Respiratory / airway EV biology,0
B00538,9.420212,0.89871997,0,MSC / regenerative EV therapy,0
B00539,11.736705,4.291709,4,Respiratory / airway EV biology,0
B00540,11.715527,4.911623,2,EV engineering / delivery,0
B00541,8.159662,4.666461,1,Vascular / systemic inflammation,0
B00542,10.3082075,6.476795,2,EV engineering / delivery,0
B00543,10.483872,10.286423,5,Lung cancer EV biology,0
B00544,10.316038,9.354229,5,Lung cancer EV biology,0
B00545,10.991432,0.41029987,0,MSC / regenerative EV therapy,0
B00546,11.225697,6.7282734,2,EV engineering / delivery,0
B00547,8.831709,1.2682654,1,Vascular / systemic inflammation,0
B00548,11.11402,2.8568637,4,Respiratory / airway EV biology,0
B00549,10.0258255,2.13623,4,Respiratory / airway EV biology,0
B00550,9.004914,3.9513304,0,MSC / regenerative EV therapy,0
B00551,13.710451,1.0495763,4,Respiratory / airway EV biology,0
B00552,12.684106,3.3554196,4,Respiratory / airway EV biology,0
B00553,7.43669,2.895799,1,Vascular / systemic inflammation,0
B00554,8.527551,3.8168025,2,EV engineering / delivery,0
B00555,8.677959,9.56727,5,Lung cancer EV biology,0
B00556,12.09348,9.334543,2,EV engineering / delivery,0
B00557,10.772016,0.37638485,0,MSC / regenerative EV therapy,0
B00558,9.349144,7.727268,2,EV engineering / delivery,0
B00559,13.3882475,0.6729809,0,MSC / regenerative EV therapy,0
B00560,8.43334,3.7632327,1,Vascular / systemic inflammation,0
B00561,10.5916,8.110192,3,Broad cancer EV biology,0
B00562,10.840876,6.3383594,2,EV engineering / delivery,0
B00563,10.981177,3.1383812,4,Respiratory / airway EV biology,0
B00564,9.256854,4.8932953,4,Respiratory / airway EV biology,0
B00565,10.217855,8.962663,3,Broad cancer EV biology,0
B00566,6.6914854,3.4415853,3,Broad cancer EV biology,0
B00567,10.006348,1.9097472,0,MSC / regenerative EV therapy,0
B00568,10.9763565,0.5872017,0,MSC / regenerative EV therapy,0
B00569,8.980347,4.7931457,1,Vascular / systemic inflammation,0
B00570,12.307794,2.9299536,4,Respiratory / airway EV biology,0
B00571,12.338644,4.780652,4,Respiratory / airway EV biology,0
B00572,13.0727415,4.784265,4,Respiratory / airway EV biology,0
B00573,9.935703,9.41242,4,Respiratory / airway EV biology,0
B00574,8.503271,5.0930395,2,EV engineering / delivery,0
B00575,11.347783,3.061291,4,Respiratory / airway EV biology,0
B00576,10.159963,7.736939,3,Broad cancer EV biology,0
B00577,12.038269,2.6917245,4,Respiratory / airway EV biology,0
B00578,10.804453,6.7039466,2,EV engineering / delivery,0
B00579,9.059586,2.9580867,0,MSC / regenerative EV therapy,0
B00580,11.3376,10.167343,5,Lung cancer EV biology,0
B00581,11.25868,5.975194,5,Lung cancer EV biology,0
B00582,7.968994,4.254242,1,Vascular / systemic inflammation,0
B00583,13.672498,0.6001708,0,MSC / regenerative EV therapy,0
B00584,10.908365,7.6914964,2,EV engineering / delivery,0
B00585,8.824936,7.8188353,5,Lung cancer EV biology,0
B00586,13.274837,0.7059415,0,MSC / regenerative EV therapy,0
B00587,8.934672,5.00322,1,Vascular / systemic inflammation,0
B00588,10.566912,6.85125,2,EV engineering / delivery,0
B00589,9.239016,6.3539734,1,Vascular / systemic inflammation,0
B00590,9.259671,4.8021984,1,Vascular / systemic inflammation,0
B00591,9.32442,2.6599467,1,Vascular / systemic inflammation,0
B00592,10.106027,2.6695638,0,MSC / regenerative EV therapy,0
B00593,8.995149,10.810607,3,Broad cancer EV biology,0
B00594,10.887496,1.8230169,0,MSC / regenerative EV therapy,0
B00595,9.965133,3.735612,0,MSC / regenerative EV therapy,0
B00596,7.876326,10.422894,5,Lung cancer EV biology,0
B00597,9.370744,6.636507,2,EV engineering / delivery,0
B00598,9.456647,3.3846776,0,MSC / regenerative EV therapy,0
B00599,8.158283,4.9007654,2,EV engineering / delivery,0
B00600,8.140356,10.3972845,5,Lung cancer EV biology,0
B00601,10.468994,6.6547146,2,EV engineering / delivery,0
B00602,7.781269,7.727302,2,EV engineering / delivery,0
B00603,8.046303,8.842851,5,Lung cancer EV biology,0
B00604,11.517951,9.589207,3,Broad cancer EV biology,0
B00605,11.278539,6.7842307,2,EV engineering / delivery,0
B00606,9.02065,0.9523963,1,Vascular / systemic inflammation,0
B00607,9.1279955,9.853283,5,Lung cancer EV biology,0
B00608,9.511184,5.703342,2,EV engineering / delivery,0
B00609,7.5553255,6.2583914,1,Vascular / systemic inflammation,0
B00610,9.139863,5.9566617,2,EV engineering / delivery,0
B00611,13.694955,0.7099735,0,MSC / regenerative EV therapy,0
B00612,10.779219,10.786461,5,Lung cancer EV biology,0
B00613,9.317817,4.5977373,1,Vascular / systemic inflammation,0
B00614,9.374062,4.749442,0,MSC / regenerative EV therapy,0
B00615,9.341052,7.2662935,2,EV engineering / delivery,0
B00616,8.864054,7.0097203,2,EV engineering / delivery,0
B00617,7.063903,7.7340784,2,EV engineering / delivery,0
B00618,9.537159,4.5139284,1,Vascular / systemic inflammation,0
B00619,11.798416,4.855161,2,EV engineering / delivery,0
B00620,8.157601,3.9665577,1,Vascular / systemic inflammation,0
B00621,11.896461,4.7876086,2,EV engineering / delivery,0
B00622,12.719573,7.2574553,5,Lung cancer EV biology,0
B00623,11.828876,4.862972,4,Respiratory / airway EV biology,0
B00624,11.203729,3.3448844,4,Respiratory / airway EV biology,0
B00625,9.221189,1.6638277,0,MSC / regenerative EV therapy,0
B00626,9.943743,10.864177,5,Lung cancer EV biology,0
B00627,11.483542,7.832425,2,EV engineering / delivery,0
B00628,9.407685,10.941822,5,Lung cancer EV biology,0
B00629,9.349371,3.162969,0,MSC / regenerative EV therapy,0
B00630,9.088146,2.837742,1,Vascular / systemic inflammation,0
B00631,11.471731,4.967243,4,Respiratory / airway EV biology,0
B00632,10.605351,7.0156307,2,EV engineering / delivery,0
B00633,7.8423367,2.018844,1,Vascular / systemic inflammation,0
B00634,13.559683,0.6667198,0,MSC / regenerative EV therapy,0
B00635,11.643504,3.0266106,4,Respiratory / airway EV biology,0
B00636,7.42809,3.8292882,1,Vascular / systemic inflammation,0
B00637,8.922945,7.826226,5,Lung cancer EV biology,0
B00638,10.2219515,6.4583035,2,EV engineering / delivery,0
B00639,5.9303923,5.8713427,1,Vascular / systemic inflammation,0
B00640,11.342811,6.046004,5,Lung cancer EV biology,0
B00641,10.349341,6.029623,2,EV engineering / delivery,0
B00642,9.159462,2.8574445,0,MSC / regenerative EV therapy,0
B00643,7.89953,7.608719,2,EV engineering / delivery,0
B00644,8.975526,4.9613724,1,Vascular / systemic inflammation,0
B00645,10.376098,2.001661,4,Respiratory / airway EV biology,0
B00646,10.624697,10.058136,3,Broad cancer EV biology,0
B00647,9.757466,1.0158412,0,MSC / regenerative EV therapy,0
B00648,9.445609,4.6157956,0,MSC / regenerative EV therapy,0
B00649,10.023842,7.414377,3,Broad cancer EV biology,0
B00650,9.861911,7.0749335,0,MSC / regenerative EV therapy,0
B00651,11.146459,3.3335798,4,Respiratory / airway EV biology,0
B00652,10.620246,2.0598023,0,MSC / regenerative EV therapy,0
B00653,13.595822,0.56915754,0,MSC / regenerative EV therapy,0
B00654,9.8662,1.1463525,0,MSC / regenerative EV therapy,0
B00655,10.480827,1.0143982,0,MSC / regenerative EV therapy,0
B00656,12.478257,2.2427552,4,Respiratory / airway EV biology,0
B00657,10.871667,0.2410759,0,MSC / regenerative EV therapy,0
B00658,12.303015,2.2522712,0,MSC / regenerative EV therapy,0
B00659,12.73983,7.205898,0,MSC / regenerative EV therapy,0
B00660,11.790757,4.9296474,4,Respiratory / airway EV biology,0
B00661,9.603932,0.91849387,0,MSC / regenerative EV therapy,0
B00662,11.291679,6.777143,2,EV engineering / delivery,0
B00663,10.638227,10.125224,3,Broad cancer EV biology,0
B00664,9.754755,0.8656436,0,MSC / regenerative EV therapy,0
B00665,9.533919,1.4566157,1,Vascular / systemic inflammation,0
B00666,12.305264,3.7342057,4,Respiratory / airway EV biology,0
B00667,12.10093,5.13504,2,EV engineering / delivery,0
B00668,9.213094,10.703506,5,Lung cancer EV biology,0
B00669,8.778676,9.898733,5,Lung cancer EV biology,0
B00670,8.900146,1.0472996,4,Respiratory / airway EV biology,0
B00671,11.704093,7.917512,5,Lung cancer EV biology,0
B00672,9.532292,9.8545065,5,Lung cancer EV biology,0
B00673,13.825862,0.6796902,0,MSC / regenerative EV therapy,0
B00674,10.006677,9.533401,5,Lung cancer EV biology,0
B00675,8.440642,7.208714,2,EV engineering / delivery,0
B00676,8.736475,7.1370835,2,EV engineering / delivery,0
B00677,8.921786,10.028927,5,Lung cancer EV biology,0
B00678,10.8645315,5.441946,2,EV engineering / delivery,0
B00679,13.33,4.7022324,4,Respiratory / airway EV biology,0
B00680,13.7872,0.73630655,0,MSC / regenerative EV therapy,0
B00681,11.265831,8.966325,3,Broad cancer EV biology,0
B00682,7.942199,1.9795867,1,Vascular / systemic inflammation,0
B00683,11.090481,3.374181,4,Respiratory / airway EV biology,0
B00684,9.253286,0.9343124,1,Vascular / systemic inflammation,0
B00685,12.43432,2.3189418,0,MSC / regenerative EV therapy,0
B00686,8.276461,7.532666,2,EV engineering / delivery,0
B00687,10.637342,6.78644,2,EV engineering / delivery,0
B00688,11.042482,6.8241615,2,EV engineering / delivery,0
B00689,11.431513,2.937086,4,Respiratory / airway EV biology,0
B00690,8.844977,7.1082597,2,EV engineering / delivery,0
B00691,12.38326,2.4415457,4,Respiratory / airway EV biology,0
B00692,10.462674,4.353048,5,Lung cancer EV biology,0
B00693,7.8910613,4.6289706,1,Vascular / systemic inflammation,0
B00694,9.545134,3.1796494,0,MSC / regenerative EV therapy,0
B00695,9.582587,4.8278065,0,MSC / regenerative EV therapy,0
B00696,10.906298,3.029628,4,Respiratory / airway EV biology,0
B00697,10.509758,2.8530009,4,Respiratory / airway EV biology,0
B00698,10.808416,2.412925,2,EV engineering / delivery,0
B00699,10.219002,2.0523577,0,MSC / regenerative EV therapy,0
B00700,11.319006,1.9859233,0,MSC / regenerative EV therapy,0
B00701,10.993747,2.314474,0,MSC / regenerative EV therapy,0
B00702,10.042818,1.8280741,0,MSC / regenerative EV therapy,0
B00703,8.372496,1.8697624,1,Vascular / systemic inflammation,0
B00704,13.662372,0.89592624,0,MSC / regenerative EV therapy,0
B00705,9.572134,3.6106017,0,MSC / regenerative EV therapy,0
B00706,9.917625,5.897982,2,EV engineering / delivery,0
B00707,8.518634,3.7384136,1,Vascular / systemic inflammation,0
B00708,7.7597876,8.971833,5,Lung cancer EV biology,0
B00709,10.272549,1.9961149,0,MSC / regenerative EV therapy,0
B00710,11.541741,2.2275443,4,Respiratory / airway EV biology,0
B00711,11.2134905,3.0913606,4,Respiratory / airway EV biology,0
B00712,11.712807,2.8393817,4,Respiratory / airway EV biology,0
B00713,11.788172,4.97728,4,Respiratory / airway EV biology,0
B00714,8.690151,4.7707047,1,Vascular / systemic inflammation,0
B00715,9.909808,9.702793,5,Lung cancer EV biology,0
B00716,9.777082,3.7562833,2,EV engineering / delivery,0
B00717,7.8173213,10.349673,5,Lung cancer EV biology,0
B00718,13.573478,0.5668584,0,MSC / regenerative EV therapy,0
B00719,11.504439,7.365957,2,EV engineering / delivery,0
B00720,8.99671,10.079647,5,Lung cancer EV biology,0
B00721,9.426551,4.7686744,0,MSC / regenerative EV therapy,0
B00722,7.0543585,7.756075,2,EV engineering / delivery,0
B00723,11.909416,4.0435996,4,Respiratory / airway EV biology,0
B00724,10.334495,4.147589,4,Respiratory / airway EV biology,1
B00725,10.01029,2.075617,0,MSC / regenerative EV therapy,0
B00726,10.548978,10.967984,5,Lung cancer EV biology,0
B00727,10.497857,5.0092444,2,EV engineering / delivery,0
B00728,9.436872,4.56509,0,MSC / regenerative EV therapy,0
B00729,9.438921,4.5543785,0,MSC / regenerative EV therapy,0
B00730,9.480156,4.86105,2,EV engineering / delivery,0
B00731,11.868293,5.7449193,2,EV engineering / delivery,0
B00732,10.539059,9.522685,5,Lung cancer EV biology,0
B00733,9.907343,3.5663152,1,Vascular / systemic inflammation,0
B00734,7.6262307,7.742823,2,EV engineering / delivery,0
B00735,10.841526,2.1330006,0,MSC / regenerative EV therapy,0
B00736,10.263388,4.721557,4,Respiratory / airway EV biology,0
B00737,12.59159,7.4507113,5,Lung cancer EV biology,0
B00738,11.157708,1.9380358,0,MSC / regenerative EV therapy,0
B00739,11.306975,2.3278575,4,Respiratory / airway EV biology,0
B00740,11.206765,5.3780107,4,Respiratory / airway EV biology,0
B00741,7.77084,7.766957,2,EV engineering / delivery,0
B00742,11.20452,1.788455,0,MSC / regenerative EV therapy,0
B00743,8.749814,5.3268247,4,Respiratory / airway EV biology,0
B00744,11.934731,5.71318,5,Lung cancer EV biology,0
B00745,10.227532,3.8680372,4,Respiratory / airway EV biology,0
B00746,11.400822,9.641222,3,Broad cancer EV biology,0
B00747,11.540313,4.8324475,4,Respiratory / airway EV biology,0
B00748,9.212092,1.3011961,4,Respiratory / airway EV biology,0
B00749,10.717301,6.6053486,2,EV engineering / delivery,0
B00750,11.949229,8.508193,3,Broad cancer EV biology,0
B00751,8.632681,3.3737497,1,Vascular / systemic inflammation,0
B00752,11.048599,4.0783134,1,Vascular / systemic inflammation,0
B00753,9.07894,7.6240945,2,EV engineering / delivery,0
B00754,9.871681,1.0677453,0,MSC / regenerative EV therapy,0
B00755,8.007033,3.8181336,1,Vascular / systemic inflammation,0
B00756,10.155279,10.36346,5,Lung cancer EV biology,0
B00757,12.2697315,4.749236,4,Respiratory / airway EV biology,0
B00758,7.6567,9.076063,5,Lung cancer EV biology,0
B00759,7.6125436,9.018587,5,Lung cancer EV biology,0
B00760,7.906264,10.619554,5,Lung cancer EV biology,0
B00761,7.919986,10.465638,5,Lung cancer EV biology,0
B00762,7.584802,8.955613,5,Lung cancer EV biology,0
B00763,7.825518,9.082433,3,Broad cancer EV biology,0
B00764,7.7297,8.994584,5,Lung cancer EV biology,0
B00765,12.119616,3.7841825,4,Respiratory / airway EV biology,0
B00766,11.198505,9.4255905,5,Lung cancer EV biology,0
B00767,8.738543,2.567572,0,MSC / regenerative EV therapy,0
B00768,11.005764,0.41170615,0,MSC / regenerative EV therapy,0
B00769,10.929908,8.129083,5,Lung cancer EV biology,0
B00770,10.93528,2.6939943,2,EV engineering / delivery,0
B00771,7.5359473,7.7874966,2,EV engineering / delivery,0
B00772,11.54038,8.881528,5,Lung cancer EV biology,0
B00773,11.002176,0.16541034,1,Vascular / systemic inflammation,0
B00774,10.04127,5.798172,2,EV engineering / delivery,0
B00775,10.587803,2.5944796,4,Respiratory / airway EV biology,0
B00776,12.613096,7.341086,1,Vascular / systemic inflammation,0
B00777,9.591213,6.1394258,2,EV engineering / delivery,0
B00778,10.82362,8.563974,5,Lung cancer EV biology,0
B00779,10.979518,9.993362,3,Broad cancer EV biology,0
B00780,8.495411,10.272542,5,Lung cancer EV biology,0
B00781,8.166814,10.416126,5,Lung cancer EV biology,0
B00782,11.004464,10.094075,5,Lung cancer EV biology,0
B00783,7.4478993,8.475714,5,Lung cancer EV biology,0
B00784,10.853617,9.576585,5,Lung cancer EV biology,0
B00785,10.790827,3.2066534,1,Vascular / systemic inflammation,0
B00786,10.74478,3.431331,2,EV engineering / delivery,0
B00787,9.555651,9.518795,5,Lung cancer EV biology,0
B00788,8.481606,3.9150863,1,Vascular / systemic inflammation,0
B00789,11.135326,10.3364105,5,Lung cancer EV biology,0
B00790,10.764395,10.059114,3,Broad cancer EV biology,0
B00791,10.979132,10.123156,3,Broad cancer EV biology,0
B00792,10.653218,0.68687147,4,Respiratory / airway EV biology,0
B00793,13.788148,0.6885377,0,MSC / regenerative EV therapy,0
B00794,10.908385,2.4061234,4,Respiratory / airway EV biology,0
B00795,12.154894,2.6425772,4,Respiratory / airway EV biology,0
B00796,11.084445,10.221659,5,Lung cancer EV biology,0
B00797,10.938526,0.61060286,4,Respiratory / airway EV biology,0
B00798,12.709136,2.808562,4,Respiratory / airway EV biology,0
B00799,11.847466,1.5613953,4,Respiratory / airway EV biology,0
B00800,11.775516,3.162735,4,Respiratory / airway EV biology,0
B00801,11.399281,3.2703915,4,Respiratory / airway EV biology,0
B00802,9.144405,1.0064495,1,Vascular / systemic inflammation,0
B00803,9.253359,1.0856286,1,Vascular / systemic inflammation,0
B00804,10.527124,2.815573,4,Respiratory / airway EV biology,0
B00805,11.240421,9.586846,5,Lung cancer EV biology,0
B00806,8.1800585,7.417638,2,EV engineering / delivery,0
B00807,9.331255,4.304393,0,MSC / regenerative EV therapy,0
B00808,9.923078,9.889826,5,Lung cancer EV biology,0
B00809,11.169318,7.9782686,5,Lung cancer EV biology,0
B00810,7.7838283,8.236095,5,Lung cancer EV biology,0
B00811,9.738102,5.9946294,2,EV engineering / delivery,0
B00812,11.55794,4.835528,1,Vascular / systemic inflammation,0
B00813,11.055881,10.028304,5,Lung cancer EV biology,0
B00814,10.971001,8.180911,5,Lung cancer EV biology,0
B00815,10.0880785,10.708281,5,Lung cancer EV biology,0
B00816,12.688081,3.0872903,1,Vascular / systemic inflammation,0
B00817,11.50674,4.9339414,1,Vascular / systemic inflammation,0
B00818,11.184581,3.0025141,4,Respiratory / airway EV biology,0
B00819,10.459035,5.986961,2,EV engineering / delivery,0
B00820,6.675782,3.5218408,1,Vascular / systemic inflammation,0
B00821,9.492468,8.920146,5,Lung cancer EV biology,0
B00822,10.693239,3.3811936,4,Respiratory / airway EV biology,0
B00823,7.7393594,3.2620192,1,Vascular / systemic inflammation,0
B00824,10.577701,8.6029625,3,Broad cancer EV biology,0
B00825,9.42426,4.3608193,0,MSC / regenerative EV therapy,0
B00826,13.090482,4.622346,4,Respiratory / airway EV biology,0
B00827,9.703036,4.363868,0,MSC / regenerative EV therapy,0
B00828,8.595966,2.138682,0,MSC / regenerative EV therapy,0
B00829,10.761894,1.8949394,0,MSC / regenerative EV therapy,0
B00830,9.428577,1.9233425,0,MSC / regenerative EV therapy,0
B00831,10.549315,1.7706676,0,MSC / regenerative EV therapy,0
B00832,11.032003,0.3980269,0,MSC / regenerative EV therapy,0
B00833,9.49763,3.674774,2,EV engineering / delivery,0
B00834,8.959492,2.9162314,0,MSC / regenerative EV therapy,0
B00835,9.602396,2.655679,0,MSC / regenerative EV therapy,0
B00836,9.082928,1.1836483,0,MSC / regenerative EV therapy,0
B00837,9.813618,1.9364078,0,MSC / regenerative EV therapy,0
B00838,9.433307,3.4580061,0,MSC / regenerative EV therapy,0
B00839,9.4081955,4.579924,0,MSC / regenerative EV therapy,0
B00840,7.061415,3.0751815,1,Vascular / systemic inflammation,0
B00841,9.758782,2.965998,4,Respiratory / airway EV biology,0
B00842,7.441505,3.7823944,1,Vascular / systemic inflammation,0
B00843,9.735287,4.91063,2,EV engineering / delivery,0
B00844,8.881247,4.9539123,4,Respiratory / airway EV biology,0
B00845,10.119076,7.357497,3,Broad cancer EV biology,0
B00846,10.442913,9.319558,5,Lung cancer EV biology,0
B00847,9.841453,4.398218,0,MSC / regenerative EV therapy,0
B00848,11.42332,6.8653817,2,EV engineering / delivery,0
B00849,8.72649,6.310515,1,Vascular / systemic inflammation,0
B00850,11.548947,3.878186,4,Respiratory / airway EV biology,0
B00851,12.00833,3.942311,4,Respiratory / airway EV biology,0
B00852,11.913883,5.661718,5,Lung cancer EV biology,0
B00853,11.393698,6.134291,2,EV engineering / delivery,0
B00854,10.325308,6.543327,2,EV engineering / delivery,0
B00855,7.525469,8.229158,2,EV engineering / delivery,0
B00856,9.991599,6.1992226,2,EV engineering / delivery,0
B00857,9.689864,5.8979726,2,EV engineering / delivery,0
B00858,9.639763,2.7029054,0,MSC / regenerative EV therapy,0
B00859,11.736568,3.2706406,4,Respiratory / airway EV biology,0
B00860,8.892607,8.537357,5,Lung cancer EV biology,0
B00861,10.158965,2.735277,5,Lung cancer EV biology,0
B00862,8.959777,1.2790774,1,Vascular / systemic inflammation,0
B00863,11.471963,4.2823024,4,Respiratory / airway EV biology,0
B00864,8.240264,5.11118,1,Vascular / systemic inflammation,0
B00865,13.860154,0.7851677,1,Vascular / systemic inflammation,0
B00866,10.537597,8.281904,5,Lung cancer EV biology,0
B00867,9.695256,5.1739254,4,Respiratory / airway EV biology,0
B00868,10.595515,10.295568,5,Lung cancer EV biology,0
B00869,12.654671,3.094596,4,Respiratory / airway EV biology,0
B00870,13.545536,0.71504456,0,MSC / regenerative EV therapy,0
B00871,10.787801,7.391951,2,EV engineering / delivery,0
B00872,10.71702,9.909867,3,Broad cancer EV biology,0
B00873,10.190714,3.791644,4,Respiratory / airway EV biology,0
B00874,13.526038,0.6918092,0,MSC / regenerative EV therapy,0
B00875,12.160054,2.2188873,0,MSC / regenerative EV therapy,0
B00876,9.210067,4.659384,2,EV engineering / delivery,0
B00877,10.623516,10.721536,3,Broad cancer EV biology,0
B00878,12.120252,8.379711,5,Lung cancer EV biology,0
B00879,9.408122,10.565649,5,Lung cancer EV biology,0
B00880,9.169152,4.399839,0,MSC / regenerative EV therapy,0
B00881,9.477931,4.826759,0,MSC / regenerative EV therapy,0
B00882,9.43118,4.7930436,0,MSC / regenerative EV therapy,0
B00883,9.639393,5.299521,5,Lung cancer EV biology,0
B00884,7.452779,2.4737048,1,Vascular / systemic inflammation,0
B00885,9.50478,5.4351935,3,Broad cancer EV biology,0
B00886,9.410639,4.6991053,0,MSC / regenerative EV therapy,0
B00887,10.805791,0.7580969,4,Respiratory / airway EV biology,0
B00888,9.58812,5.204138,5,Lung cancer EV biology,0
B00889,9.573694,5.2917314,3,Broad cancer EV biology,0
B00890,9.465841,5.0028815,2,EV engineering / delivery,0
B00891,11.0497875,9.038856,3,Broad cancer EV biology,0
B00892,11.85733,4.767311,2,EV engineering / delivery,0
B00893,11.933697,4.055713,4,Respiratory / airway EV biology,0
B00894,11.698921,5.475118,5,Lung cancer EV biology,0
B00895,6.2532296,4.9275537,4,Respiratory / airway EV biology,0
B00896,10.69995,9.959477,5,Lung cancer EV biology,0
B00897,9.216268,10.210499,5,Lung cancer EV biology,0
B00898,12.434024,2.932736,4,Respiratory / airway EV biology,0
B00899,8.446108,5.355475,1,Vascular / systemic inflammation,0
B00900,6.1937265,4.7188163,1,Vascular / systemic inflammation,0
B00901,11.456666,8.959524,5,Lung cancer EV biology,0
B00902,10.431267,3.721705,1,Vascular / systemic inflammation,0
B00903,8.558071,5.806369,2,EV engineering / delivery,0
B00904,9.805637,6.453105,2,EV engineering / delivery,0
B00905,9.457947,3.402948,0,MSC / regenerative EV therapy,1
B00906,12.428614,2.2046828,4,Respiratory / airway EV biology,0
B00907,9.811328,1.6575425,0,MSC / regenerative EV therapy,0
B00908,9.935419,2.0240111,0,MSC / regenerative EV therapy,0
B00909,11.404288,9.155468,5,Lung cancer EV biology,0
B00910,10.506619,9.912248,5,Lung cancer EV biology,0
B00911,7.9356966,8.427152,5,Lung cancer EV biology,0
B00912,11.642553,3.931729,5,Lung cancer EV biology,0
B00913,8.29387,10.172012,3,Broad cancer EV biology,0
B00914,10.762805,6.861188,2,EV engineering / delivery,0
B00915,11.119169,6.7910085,2,EV engineering / delivery,0
B00916,8.699048,7.923405,5,Lung cancer EV biology,0
B00917,9.592582,4.560701,1,Vascular / systemic inflammation,0
B00918,8.870884,9.240145,3,Broad cancer EV biology,0
B00919,10.88713,6.758734,2,EV engineering / delivery,0
B00920,10.49775,1.8124086,5,Lung cancer EV biology,0
B00921,13.183763,4.880338,4,Respiratory / airway EV biology,0
B00922,10.8907995,2.4594712,0,MSC / regenerative EV therapy,0
B00923,10.926468,9.590231,5,Lung cancer EV biology,0
B00924,11.088243,3.8223562,1,Vascular / systemic inflammation,0
B00925,10.135153,9.993372,5,Lung cancer EV biology,0
B00926,11.152109,7.449628,2,EV engineering / delivery,0
B00927,10.826945,7.4350133,2,EV engineering / delivery,0
B00928,10.457237,9.317293,5,Lung cancer EV biology,0
B00929,7.430908,7.915926,2,EV engineering / delivery,0
B00930,9.666254,6.2078185,2,EV engineering / delivery,0
B00931,7.5163226,2.5048082,4,Respiratory / airway EV biology,0
B00932,11.472736,7.0856633,2,EV engineering / delivery,0
B00933,10.811519,2.1840036,0,MSC / regenerative EV therapy,0
B00934,9.791945,4.541492,0,MSC / regenerative EV therapy,1
B00935,10.8788805,2.606436,4,Respiratory / airway EV biology,0
B00936,10.821726,2.6219425,0,MSC / regenerative EV therapy,0
B00937,11.32468,2.7046456,4,Respiratory / airway EV biology,0
B00938,11.004024,0.52527255,4,Respiratory / airway EV biology,0
B00939,9.180358,0.9015224,1,Vascular / systemic inflammation,0
B00940,9.52737,4.8251405,0,MSC / regenerative EV therapy,0
B00941,9.74669,1.8059226,0,MSC / regenerative EV therapy,0
B00942,9.648824,10.175841,5,Lung cancer EV biology,0
B00943,11.391475,8.603067,5,Lung cancer EV biology,0
B00944,9.375686,1.8279861,4,Respiratory / airway EV biology,0
B00945,10.533938,3.2325246,1,Vascular / systemic inflammation,0
B00946,10.891077,3.3889415,1,Vascular / systemic inflammation,0
B00947,11.650569,2.9461129,4,Respiratory / airway EV biology,0
B00948,9.100382,9.6375,5,Lung cancer EV biology,0
B00949,9.0189085,8.673178,5,Lung cancer EV biology,0
B00950,7.746694,3.371993,1,Vascular / systemic inflammation,0
B00951,9.36562,4.598246,0,MSC / regenerative EV therapy,0
B00952,10.492936,6.3713717,2,EV engineering / delivery,0
B00953,10.288215,9.682261,5,Lung cancer EV biology,0
B00954,13.166891,4.8003845,4,Respiratory / airway EV biology,0
B00955,11.2356615,5.944869,3,Broad cancer EV biology,0
B00956,8.040355,10.50981,5,Lung cancer EV biology,0
B00957,11.819024,3.0436943,4,Respiratory / airway EV biology,0
B00958,8.38314,10.446306,5,Lung cancer EV biology,0
B00959,8.229479,10.422327,5,Lung cancer EV biology,0
B00960,9.891547,10.65711,5,Lung cancer EV biology,0
B00961,9.496048,4.889137,4,Respiratory / airway EV biology,0
B00962,11.343175,2.592279,4,Respiratory / airway EV biology,0
B00963,8.96996,9.773884,5,Lung cancer EV biology,0
B00964,8.813182,4.577877,2,EV engineering / delivery,0
B00965,9.952595,7.2067833,5,Lung cancer EV biology,0
B00966,9.117461,7.5188923,5,Lung cancer EV biology,0
B00967,10.72626,7.6123633,3,Broad cancer EV biology,0
B00968,10.90198,9.553548,5,Lung cancer EV biology,0
B00969,11.418392,3.5043118,4,Respiratory / airway EV biology,0
B00970,9.451189,4.1476684,0,MSC / regenerative EV therapy,0
B00971,9.635274,4.4565616,4,Respiratory / airway EV biology,0
B00972,9.524586,4.249253,0,MSC / regenerative EV therapy,0
B00973,9.512991,4.4064064,0,MSC / regenerative EV therapy,0
B00974,7.720071,7.930982,2,EV engineering / delivery,0
B00975,7.1045656,7.847033,2,EV engineering / delivery,0
B00976,8.660815,6.8465614,1,Vascular / systemic inflammation,0
B00977,9.803787,6.124283,2,EV engineering / delivery,0
B00978,13.6977005,1.0653253,4,Respiratory / airway EV biology,0
B00979,11.934639,8.803173,5,Lung cancer EV biology,0
B00980,11.922306,8.534898,5,Lung cancer EV biology,0
B00981,10.317774,3.28649,1,Vascular / systemic inflammation,0
B00982,11.326694,9.005619,5,Lung cancer EV biology,0
B00983,10.925705,2.1302705,0,MSC / regenerative EV therapy,0
B00984,12.11102,9.39085,3,Broad cancer EV biology,0
B00985,9.249687,4.9627786,2,EV engineering / delivery,0
B00986,11.999355,5.1023774,2,EV engineering / delivery,0
B00987,12.107333,4.93687,4,Respiratory / airway EV biology,0
B00988,9.74796,3.8207533,0,MSC / regenerative EV therapy,0
B00989,10.887391,0.3130791,0,MSC / regenerative EV therapy,0
B00990,12.041253,4.643168,4,Respiratory / airway EV biology,0
B00991,11.409158,3.090315,4,Respiratory / airway EV biology,0
B00992,9.395264,1.0748959,1,Vascular / systemic inflammation,0
B00993,9.236783,2.6228192,1,Vascular / systemic inflammation,0
B00994,10.853968,3.969093,4,Respiratory / airway EV biology,0
B00995,10.739894,9.388981,5,Lung cancer EV biology,0
B00996,7.101969,3.3574743,1,Vascular / systemic inflammation,0
B00997,7.7082305,1.1721207,0,MSC / regenerative EV therapy,0
B00998,11.102989,3.0493033,5,Lung cancer EV biology,0
B00999,10.28394,9.819211,5,Lung cancer EV biology,0
B01000,10.059793,6.1168766,2,EV engineering / delivery,0
B01001,11.056545,2.454015,4,Respiratory / airway EV biology,0
B01002,13.737715,0.57453656,0,MSC / regenerative EV therapy,0
B01003,13.725735,0.9247018,4,Respiratory / airway EV biology,0
B01004,10.604071,2.4205291,4,Respiratory / airway EV biology,0
B01005,10.511857,1.8414105,5,Lung cancer EV biology,0
B01006,11.693757,5.3496375,2,EV engineering / delivery,0
B01007,10.448358,9.594158,5,Lung cancer EV biology,0
B01008,10.296157,1.774766,4,Respiratory / airway EV biology,0
B01009,8.826834,2.7538173,0,MSC / regenerative EV therapy,0
B01010,10.700366,5.6376133,2,EV engineering / delivery,0
B01011,10.269032,2.2566955,0,MSC / regenerative EV therapy,0
B01012,9.470728,3.7241282,0,MSC / regenerative EV therapy,0
B01013,12.071443,3.100808,4,Respiratory / airway EV biology,0
B01014,9.726817,9.402224,2,EV engineering / delivery,0
B01015,8.4465685,3.486169,1,Vascular / systemic inflammation,0
B01016,10.791497,5.3402305,4,Respiratory / airway EV biology,0
B01017,10.626913,5.520817,2,EV engineering / delivery,0
B01018,12.249583,4.751312,4,Respiratory / airway EV biology,0
B01019,10.763358,3.07607,4,Respiratory / airway EV biology,0
B01020,11.0773115,2.5000885,5,Lung cancer EV biology,0
B01021,11.04091,0.6388758,4,Respiratory / airway EV biology,0
B01022,10.46029,2.881737,1,Vascular / systemic inflammation,0
B01023,10.994785,4.7349176,1,Vascular / systemic inflammation,0
B01024,9.771653,1.1444807,4,Respiratory / airway EV biology,0
B01025,9.488571,3.6826658,0,MSC / regenerative EV therapy,0
B01026,8.821656,7.136382,2,EV engineering / delivery,0
B01027,12.133188,5.022483,2,EV engineering / delivery,0
B01028,7.3695846,8.194317,2,EV engineering / delivery,0
B01029,7.3952866,8.350151,2,EV engineering / delivery,0
B01030,12.521529,5.4029384,1,Vascular / systemic inflammation,0
B01031,12.560848,3.2464287,4,Respiratory / airway EV biology,0
B01032,11.077473,4.384642,2,EV engineering / delivery,0
B01033,9.540617,2.3250823,0,MSC / regenerative EV therapy,0
B01034,11.9396105,4.0109234,4,Respiratory / airway EV biology,0
B01035,11.961531,4.098979,4,Respiratory / airway EV biology,0
B01036,11.654827,3.7563207,4,Respiratory / airway EV biology,0
B01037,11.199269,10.084256,5,Lung cancer EV biology,0
B01038,11.945654,5.7744417,5,Lung cancer EV biology,0
B01039,12.670945,3.580144,4,Respiratory / airway EV biology,0
B01040,9.997786,8.68082,5,Lung cancer EV biology,0
B01041,7.105111,3.3610737,1,Vascular / systemic inflammation,0
B01042,11.752113,4.3376846,4,Respiratory / airway EV biology,0
B01043,12.128019,9.507491,3,Broad cancer EV biology,0
B01044,10.049315,3.5532389,0,MSC / regenerative EV therapy,0
B01045,7.79339,10.324802,5,Lung cancer EV biology,0
B01046,6.1256895,5.830286,1,Vascular / systemic inflammation,0
B01047,12.850398,2.938387,0,MSC / regenerative EV therapy,0
B01048,11.378835,4.002498,1,Vascular / systemic inflammation,0
B01049,7.747487,7.5733237,2,EV engineering / delivery,0
B01050,8.253498,7.2331176,2,EV engineering / delivery,0
B01051,12.335087,2.7032266,4,Respiratory / airway EV biology,0
B01052,10.645546,7.8482904,5,Lung cancer EV biology,0
B01053,9.589818,10.786974,5,Lung cancer EV biology,0
B01054,8.069171,4.559479,1,Vascular / systemic inflammation,0
B01055,7.5774736,3.1076546,1,Vascular / systemic inflammation,0
B01056,9.233966,9.75766,5,Lung cancer EV biology,0
B01057,10.835591,8.9764185,5,Lung cancer EV biology,0
B01058,8.107903,4.693562,1,Vascular / systemic inflammation,0
B01059,11.016413,7.2487593,2,EV engineering / delivery,0
B01060,10.7348795,0.17934154,0,MSC / regenerative EV therapy,0
B01061,10.870352,0.30987775,0,MSC / regenerative EV therapy,0
B01062,13.827075,0.6584399,0,MSC / regenerative EV therapy,0
B01063,10.034772,1.9194057,0,MSC / regenerative EV therapy,0
B01064,6.985721,7.7040324,2,EV engineering / delivery,0
B01065,13.714577,0.6270266,0,MSC / regenerative EV therapy,0
B01066,11.4165125,8.800437,3,Broad cancer EV biology,0
B01067,12.707858,7.231088,0,MSC / regenerative EV therapy,1
B01068,9.323596,3.7013664,0,MSC / regenerative EV therapy,0
B01069,7.156492,7.678324,2,EV engineering / delivery,0
B01070,9.07631,9.977388,3,Broad cancer EV biology,0
B01071,11.233528,2.9480157,4,Respiratory / airway EV biology,0
B01072,6.8442974,3.4393635,1,Vascular / systemic inflammation,0
B01073,7.4862657,3.911989,1,Vascular / systemic inflammation,0
B01074,7.853249,4.5742407,4,Respiratory / airway EV biology,0
B01075,9.041527,8.07979,2,EV engineering / delivery,0
B01076,8.890093,9.607175,5,Lung cancer EV biology,0
B01077,11.898629,4.038281,4,Respiratory / airway EV biology,0
B01078,11.710075,4.0190697,4,Respiratory / airway EV biology,0
B01079,13.351739,4.746788,4,Respiratory / airway EV biology,0
B01080,11.472917,6.4745045,2,EV engineering / delivery,0
B01081,9.488092,2.9353201,4,Respiratory / airway EV biology,0
B01082,11.165017,5.6446877,4,Respiratory / airway EV biology,0
B01083,10.52925,2.5818794,0,MSC / regenerative EV therapy,0
B01084,10.174874,3.8049088,1,Vascular / systemic inflammation,0
B01085,9.856085,1.0104814,4,Respiratory / airway EV biology,0
B01086,8.375802,7.4591227,2,EV engineering / delivery,0
B01087,7.8429074,3.4935565,1,Vascular / systemic inflammation,0
B01088,13.339103,4.772698,4,Respiratory / airway EV biology,0
B01089,12.287502,3.1745133,4,Respiratory / airway EV biology,0
B01090,10.112085,8.5630455,5,Lung cancer EV biology,0
B01091,11.24771,2.296362,0,MSC / regenerative EV therapy,0
B01092,7.3946214,7.9392734,2,EV engineering / delivery,0
B01093,8.058703,8.889162,5,Lung cancer EV biology,0
B01094,10.494401,1.8239756,4,Respiratory / airway EV biology,0
B01095,7.0260935,7.983584,2,EV engineering / delivery,0
B01096,7.6437297,8.323472,5,Lung cancer EV biology,0
B01097,13.648064,0.57286215,0,MSC / regenerative EV therapy,0
B01098,7.3501472,8.160817,2,EV engineering / delivery,0
B01099,7.6855273,8.07194,2,EV engineering / delivery,0
B01100,10.936191,2.553841,0,MSC / regenerative EV therapy,0
B01101,6.3810773,5.5384364,1,Vascular / systemic inflammation,0
B01102,9.530609,10.227828,5,Lung cancer EV biology,0
B01103,8.581479,3.290083,4,Respiratory / airway EV biology,0
B01104,10.058841,3.3004694,0,MSC / regenerative EV therapy,0
B01105,10.910277,0.40540394,0,MSC / regenerative EV therapy,0
B01106,10.951862,2.0388603,0,MSC / regenerative EV therapy,0
B01107,11.062894,5.3775373,4,Respiratory / airway EV biology,0
B01108,11.055449,5.7109714,1,Vascular / systemic inflammation,0
B01109,9.857107,7.106679,3,Broad cancer EV biology,0
B01110,10.118673,1.809665,4,Respiratory / airway EV biology,0
B01111,9.850653,1.6828407,0,MSC / regenerative EV therapy,0
B01112,8.582434,4.0369267,1,Vascular / systemic inflammation,0
B01113,9.60641,4.4823613,0,MSC / regenerative EV therapy,0
B01114,8.588155,8.878375,3,Broad cancer EV biology,0
B01115,10.978075,2.3601198,4,Respiratory / airway EV biology,0
B01116,8.90115,4.1985817,1,Vascular / systemic inflammation,0
B01117,8.409469,8.728517,5,Lung cancer EV biology,0
B01118,9.854638,5.3620543,0,MSC / regenerative EV therapy,0
B01119,9.803424,10.779731,5,Lung cancer EV biology,0
B01120,11.402016,4.042544,4,Respiratory / airway EV biology,0
B01121,11.31093,8.26818,5,Lung cancer EV biology,0
B01122,8.947163,2.8272254,1,Vascular / systemic inflammation,0
B01123,10.493425,5.7076397,2,EV engineering / delivery,0
B01124,9.675798,10.51392,3,Broad cancer EV biology,0
B01125,10.311249,10.57929,5,Lung cancer EV biology,0
B01126,12.042379,8.409823,5,Lung cancer EV biology,0
B01127,8.076323,8.353974,5,Lung cancer EV biology,0
B01128,8.415686,4.1888075,3,Broad cancer EV biology,0
B01129,11.539681,5.011122,4,Respiratory / airway EV biology,0
B01130,8.081228,10.475319,5,Lung cancer EV biology,0
B01131,8.751763,1.4570754,1,Vascular / systemic inflammation,0
B01132,9.5250635,6.2057824,2,EV engineering / delivery,0
B01133,11.690823,3.1734772,4,Respiratory / airway EV biology,0
B01134,8.131898,8.786131,5,Lung cancer EV biology,0
B01135,11.007808,3.1820316,4,Respiratory / airway EV biology,0
B01136,9.347717,8.627934,3,Broad cancer EV biology,0
B01137,9.306842,2.6044993,1,Vascular / systemic inflammation,0
B01138,9.442063,4.5384917,1,Vascular / systemic inflammation,0
B01139,11.7758,8.31293,5,Lung cancer EV biology,0
B01140,11.367734,9.025703,5,Lung cancer EV biology,0
B01141,11.451007,9.510408,5,Lung cancer EV biology,0
B01142,9.799211,5.3262033,1,Vascular / systemic inflammation,0
B01143,13.32703,0.7130145,0,MSC / regenerative EV therapy,0
B01144,13.3348675,4.7859473,2,EV engineering / delivery,0
B01145,8.04529,8.223889,1,Vascular / systemic inflammation,0
B01146,7.953859,5.701626,2,EV engineering / delivery,0
B01147,10.014121,5.913493,0,MSC / regenerative EV therapy,0
B01148,7.2728157,8.398171,5,Lung cancer EV biology,0
B01149,11.616627,1.8072398,4,Respiratory / airway EV biology,0
B01150,8.449111,4.139401,1,Vascular / systemic inflammation,0
B01151,11.042978,6.279314,2,EV engineering / delivery,0
B01152,11.290448,3.1101453,4,Respiratory / airway EV biology,0
B01153,9.442125,3.551617,0,MSC / regenerative EV therapy,0
B01154,8.68909,3.779142,1,Vascular / systemic inflammation,0
B01155,8.48056,9.859832,3,Broad cancer EV biology,0
B01156,7.122764,7.9023147,2,EV engineering / delivery,0
B01157,7.7342243,7.5738792,2,EV engineering / delivery,0
B01158,12.30739,2.9433994,4,Respiratory / airway EV biology,0
B01159,9.435927,10.39629,5,Lung cancer EV biology,0
B01160,9.023786,1.1025473,1,Vascular / systemic inflammation,0
B01161,9.335708,4.1894174,1,Vascular / systemic inflammation,0
B01162,9.291589,10.17925,3,Broad cancer EV biology,0
B01163,11.593135,8.1784115,5,Lung cancer EV biology,0
B01164,13.682914,0.60416156,0,MSC / regenerative EV therapy,0
B01165,8.094504,6.429327,1,Vascular / systemic inflammation,0
B01166,6.4908895,5.604088,1,Vascular / systemic inflammation,0
B01167,9.289696,8.224291,5,Lung cancer EV biology,0
B01168,10.584623,9.744728,3,Broad cancer EV biology,0
B01169,11.345821,6.6510606,2,EV engineering / delivery,0
B01170,9.744979,5.0271983,0,MSC / regenerative EV therapy,0
B01171,10.951428,0.40831771,0,MSC / regenerative EV therapy,0
B01172,7.4536204,7.5389485,2,EV engineering / delivery,0
B01173,13.293471,4.7627516,2,EV engineering / delivery,0
B01174,8.454049,7.4385815,2,EV engineering / delivery,0
B01175,13.562155,0.6138187,0,MSC / regenerative EV therapy,0
B01176,8.536249,7.2714963,2,EV engineering / delivery,0
B01177,11.131103,2.9224443,4,Respiratory / airway EV biology,0
B01178,7.7686086,4.3848233,1,Vascular / systemic inflammation,0
B01179,12.173068,2.9701045,4,Respiratory / airway EV biology,0
B01180,11.233429,3.0658808,4,Respiratory / airway EV biology,0
B01181,8.958391,5.3291583,1,Vascular / systemic inflammation,0
B01182,10.806167,1.8377559,0,MSC / regenerative EV therapy,0
B01183,8.669863,10.4180355,5,Lung cancer EV biology,0
B01184,11.010346,3.385783,4,Respiratory / airway EV biology,0
B01185,9.320833,2.6998012,1,Vascular / systemic inflammation,0
B01186,10.484991,7.8354597,2,EV engineering / delivery,0
B01187,11.001483,9.235561,5,Lung cancer EV biology,0
B01188,6.5842648,5.5636897,1,Vascular / systemic inflammation,0
B01189,8.954317,0.99405146,1,Vascular / systemic inflammation,0
B01190,9.326802,7.107834,1,Vascular / systemic inflammation,0
B01191,10.314006,2.956975,4,Respiratory / airway EV biology,0
B01192,10.337727,7.1036496,2,EV engineering / delivery,0
B01193,9.292979,4.199022,4,Respiratory / airway EV biology,0
B01194,7.8420444,10.507863,5,Lung cancer EV biology,0
B01195,10.864367,3.7436845,2,EV engineering / delivery,0
B01196,12.306613,4.1230283,4,Respiratory / airway EV biology,0
B01197,12.845262,0.97865266,0,MSC / regenerative EV therapy,0
B01198,11.0658245,1.8765056,0,MSC / regenerative EV therapy,0
B01199,8.055212,5.203999,1,Vascular / systemic inflammation,0
B01200,10.627883,7.0120873,2,EV engineering / delivery,0
B01201,7.975419,8.469939,4,Respiratory / airway EV biology,0
B01202,11.263823,3.0114446,5,Lung cancer EV biology,0
B01203,12.080169,3.3994875,4,Respiratory / airway EV biology,0
B01204,9.608414,5.8615313,2,EV engineering / delivery,0
B01205,7.9797683,4.900446,2,EV engineering / delivery,0
B01206,10.794043,7.1130357,2,EV engineering / delivery,0
B01207,8.457007,5.8941708,2,EV engineering / delivery,0
B01208,10.083732,4.708136,2,EV engineering / delivery,0
B01209,10.607802,9.056187,5,Lung cancer EV biology,0
B01210,9.346934,3.8093178,0,MSC / regenerative EV therapy,0
B01211,8.6990185,9.640036,5,Lung cancer EV biology,0
B01212,10.828465,8.189537,5,Lung cancer EV biology,0
B01213,9.141417,4.868053,1,Vascular / systemic inflammation,0
B01214,10.413981,5.9715185,2,EV engineering / delivery,0
B01215,12.381432,4.9721265,4,Respiratory / airway EV biology,0
B01216,11.35524,8.591112,5,Lung cancer EV biology,0
B01217,10.941124,10.157545,5,Lung cancer EV biology,0
B01218,10.813829,7.132823,2,EV engineering / delivery,0
B01219,9.792896,2.5805311,1,Vascular / systemic inflammation,0
B01220,10.361066,1.7486883,0,MSC / regenerative EV therapy,0
B01221,9.150162,0.97957706,1,Vascular / systemic inflammation,0
B01222,8.7603855,3.8214335,4,Respiratory / airway EV biology,0
B01223,10.731372,1.6122011,0,MSC / regenerative EV therapy,0
B01224,10.874309,2.3008463,0,MSC / regenerative EV therapy,0
B01225,10.102271,10.853591,5,Lung cancer EV biology,0
B01226,12.618035,7.4352026,0,MSC / regenerative EV therapy,0
B01227,13.684769,0.9254776,4,Respiratory / airway EV biology,0
B01228,11.043617,0.391262,0,MSC / regenerative EV therapy,0
B01229,9.921871,9.59771,5,Lung cancer EV biology,0
B01230,12.53802,2.8929362,4,Respiratory / airway EV biology,0
B01231,10.775998,7.469406,2,EV engineering / delivery,0
B01232,9.427739,0.9264569,1,Vascular / systemic inflammation,0
B01233,10.069377,10.75251,5,Lung cancer EV biology,0
B01234,10.257723,9.326443,5,Lung cancer EV biology,0
B01235,7.7678456,1.9241116,1,Vascular / systemic inflammation,0
B01236,10.051083,5.453429,2,EV engineering / delivery,0
B01237,12.719293,5.493426,4,Respiratory / airway EV biology,0
B01238,13.211693,0.98589915,0,MSC / regenerative EV therapy,1
B01239,10.241303,7.8139906,5,Lung cancer EV biology,0
B01240,9.731144,3.8497777,0,MSC / regenerative EV therapy,0
B01241,12.493211,7.339433,5,Lung cancer EV biology,0
B01242,10.281157,8.039219,3,Broad cancer EV biology,0
B01243,10.652515,1.9316294,0,MSC / regenerative EV therapy,0
B01244,11.60116,9.064365,5,Lung cancer EV biology,0
B01245,8.18998,8.715821,5,Lung cancer EV biology,0
B01246,6.2463765,4.8641033,4,Respiratory / airway EV biology,0
B01247,10.957183,3.0834327,2,EV engineering / delivery,0
B01248,9.861687,4.6227365,2,EV engineering / delivery,0
B01249,11.4124975,3.306007,4,Respiratory / airway EV biology,0
B01250,10.38185,6.626392,2,EV engineering / delivery,0
B01251,9.552033,8.713497,5,Lung cancer EV biology,0
B01252,13.852501,0.7299473,1,Vascular / systemic inflammation,0
B01253,12.132215,2.617367,4,Respiratory / airway EV biology,0
B01254,10.732118,10.118751,5,Lung cancer EV biology,0
B01255,8.579894,3.8094587,1,Vascular / systemic inflammation,0
B01256,11.487221,8.098379,2,EV engineering / delivery,0
B01257,9.722635,5.375023,2,EV engineering / delivery,0
B01258,7.9677143,3.085653,1,Vascular / systemic inflammation,0
B01259,10.359979,8.809915,3,Broad cancer EV biology,0
B01260,12.479742,2.16124,0,MSC / regenerative EV therapy,0
B01261,11.976895,4.8340917,4,Respiratory / airway EV biology,0
B01262,7.042106,3.3997738,1,Vascular / systemic inflammation,0
B01263,13.726091,0.94153136,4,Respiratory / airway EV biology,0
B01264,9.59693,5.02944,5,Lung cancer EV biology,0
B01265,9.390156,5.06508,1,Vascular / systemic inflammation,0
B01266,10.798346,2.6249866,1,Vascular / systemic inflammation,0
B01267,9.516048,4.6891074,1,Vascular / systemic inflammation,0
B01268,11.91296,3.6781101,4,Respiratory / airway EV biology,0
B01269,7.3794627,3.0787756,1,Vascular / systemic inflammation,0
B01270,9.4213295,4.604951,1,Vascular / systemic inflammation,0
B01271,10.173144,3.323638,1,Vascular / systemic inflammation,0
B01272,7.146901,3.3400428,1,Vascular / systemic inflammation,0
B01273,11.100268,5.5801263,0,MSC / regenerative EV therapy,0
B01274,11.478615,8.86852,3,Broad cancer EV biology,0
B01275,8.032836,10.464877,5,Lung cancer EV biology,0
B01276,13.549897,0.682746,0,MSC / regenerative EV therapy,0
B01277,9.173875,9.340763,2,EV engineering / delivery,0
B01278,9.473681,8.717115,5,Lung cancer EV biology,0
B01279,9.808406,1.5577694,1,Vascular / systemic inflammation,0
B01280,8.061528,8.861693,5,Lung cancer EV biology,0
B01281,10.989934,3.541512,4,Respiratory / airway EV biology,0
B01282,10.032411,10.613003,5,Lung cancer EV biology,0
B01283,8.616433,4.050788,0,MSC / regenerative EV therapy,0
B01284,10.085307,9.980955,5,Lung cancer EV biology,0
B01285,12.061065,9.490386,5,Lung cancer EV biology,0
B01286,9.43977,3.8187017,0,MSC / regenerative EV therapy,0
B01287,7.245498,3.1124508,1,Vascular / systemic inflammation,0
B01288,7.758178,9.085314,3,Broad cancer EV biology,0
B01289,9.0009985,3.4391308,0,MSC / regenerative EV therapy,0
B01290,9.462628,5.867854,0,MSC / regenerative EV therapy,0
B01291,10.089512,5.0709457,1,Vascular / systemic inflammation,0
B01292,12.579634,7.2147994,0,MSC / regenerative EV therapy,0
B01293,9.9145355,5.751933,2,EV engineering / delivery,0
B01294,10.808891,2.2930567,0,MSC / regenerative EV therapy,0
B01295,9.762333,3.5602334,0,MSC / regenerative EV therapy,0
B01296,11.216117,1.8872488,0,MSC / regenerative EV therapy,0
B01297,10.976452,1.7748077,0,MSC / regenerative EV therapy,0
B01298,10.806625,0.36154634,0,MSC / regenerative EV therapy,0
B01299,10.980154,5.995739,2,EV engineering / delivery,0
B01300,9.126918,0.9218791,1,Vascular / systemic inflammation,0
B01301,10.692403,5.7175984,2,EV engineering / delivery,0
B01302,11.022173,1.9337484,0,MSC / regenerative EV therapy,0
B01303,11.710628,7.912329,2,EV engineering / delivery,0
B01304,11.567176,7.690391,5,Lung cancer EV biology,0
B01305,9.946628,3.892266,1,Vascular / systemic inflammation,0
B01306,8.028358,3.1090133,1,Vascular / systemic inflammation,0
B01307,8.726789,9.819651,3,Broad cancer EV biology,0
B01308,8.916508,9.623459,5,Lung cancer EV biology,0
B01309,6.941356,3.1526513,0,MSC / regenerative EV therapy,0
B01310,9.521172,3.5498614,0,MSC / regenerative EV therapy,0
B01311,10.842805,8.64634,3,Broad cancer EV biology,0
B01312,10.995199,3.5940897,4,Respiratory / airway EV biology,0
B01313,13.554624,0.6738774,0,MSC / regenerative EV therapy,0
B01314,8.618939,5.564661,4,Respiratory / airway EV biology,0
B01315,10.59055,5.833354,2,EV engineering / delivery,0
B01316,11.369364,7.8491087,2,EV engineering / delivery,0
B01317,8.928339,3.3286066,0,MSC / regenerative EV therapy,0
B01318,7.790779,1.9061356,1,Vascular / systemic inflammation,0
B01319,12.430771,4.9805074,4,Respiratory / airway EV biology,0
B01320,10.107663,3.923223,1,Vascular / systemic inflammation,0
B01321,13.377197,0.90395474,0,MSC / regenerative EV therapy,0
B01322,10.993428,8.154983,3,Broad cancer EV biology,0
B01323,11.292953,8.35181,3,Broad cancer EV biology,0
B01324,11.596807,8.147749,3,Broad cancer EV biology,0
B01325,11.107929,9.619142,5,Lung cancer EV biology,0
B01326,10.342666,7.9552164,5,Lung cancer EV biology,0
B01327,9.790726,9.842195,5,Lung cancer EV biology,0
B01328,10.354624,8.877158,5,Lung cancer EV biology,0
B01329,9.770013,9.161119,3,Broad cancer EV biology,0
B01330,10.944671,9.3643675,3,Broad cancer EV biology,0
B01331,9.224196,9.806822,5,Lung cancer EV biology,0
B01332,11.019987,9.832441,5,Lung cancer EV biology,0
B01333,9.989907,10.205621,5,Lung cancer EV biology,0
B01334,11.174079,9.922222,5,Lung cancer EV biology,0
B01335,11.352624,8.605882,3,Broad cancer EV biology,0
B01336,11.314278,9.3374195,5,Lung cancer EV biology,0
B01337,6.4962826,3.419791,3,Broad cancer EV biology,0
B01338,11.964999,5.76592,3,Broad cancer EV biology,0
B01339,10.612203,6.991076,2,EV engineering / delivery,0
B01340,11.322137,8.7675295,3,Broad cancer EV biology,0
B01341,11.008126,10.181369,5,Lung cancer EV biology,0
B01342,10.769105,7.1818275,5,Lung cancer EV biology,0
B01343,10.921199,7.040447,2,EV engineering / delivery,0
B01344,8.795328,6.221018,1,Vascular / systemic inflammation,0
B01345,9.285095,0.876502,1,Vascular / systemic inflammation,0
B01346,7.3172507,7.879366,2,EV engineering / delivery,0
B01347,8.815207,4.106812,1,Vascular / systemic inflammation,0
B01348,10.192603,9.844505,5,Lung cancer EV biology,0
B01349,9.72323,6.0664697,0,MSC / regenerative EV therapy,0
B01350,8.713077,8.512258,3,Broad cancer EV biology,0
B01351,8.229375,10.3855295,5,Lung cancer EV biology,0
B01352,11.316607,7.9561315,5,Lung cancer EV biology,0
B01353,11.557792,8.860255,3,Broad cancer EV biology,0
B01354,7.9041467,5.339179,1,Vascular / systemic inflammation,0
B01355,8.449639,10.245455,3,Broad cancer EV biology,0
B01356,8.939493,10.188372,3,Broad cancer EV biology,0
B01357,9.191954,10.450113,3,Broad cancer EV biology,0
B01358,10.71069,1.8737646,0,MSC / regenerative EV therapy,0
B01359,9.482964,4.0725985,0,MSC / regenerative EV therapy,0
B01360,11.345755,9.046304,5,Lung cancer EV biology,0
B01361,8.721406,5.091767,2,EV engineering / delivery,0
B01362,8.374098,5.438125,2,EV engineering / delivery,0
B01363,13.751178,0.65816504,0,MSC / regenerative EV therapy,0
B01364,9.746169,6.446637,2,EV engineering / delivery,0
B01365,7.7399507,7.689291,2,EV engineering / delivery,0
B01366,7.1901193,7.733964,2,EV engineering / delivery,0
B01367,10.186005,3.1996214,0,MSC / regenerative EV therapy,0
B01368,10.941091,0.13876738,1,Vascular / systemic inflammation,0
B01369,10.427267,2.8907676,4,Respiratory / airway EV biology,0
B01370,8.597336,5.1067324,2,EV engineering / delivery,0
B01371,12.135386,9.454033,5,Lung cancer EV biology,0
B01372,11.639254,3.9782224,5,Lung cancer EV biology,0
B01373,12.190009,9.395974,2,EV engineering / delivery,0
B01374,9.560272,8.550347,5,Lung cancer EV biology,0
B01375,8.468034,4.8534937,1,Vascular / systemic inflammation,0
B01376,7.685125,8.639216,2,EV engineering / delivery,0
B01377,7.062135,8.058099,2,EV engineering / delivery,0
B01378,10.537218,7.830213,3,Broad cancer EV biology,0
B01379,9.141916,3.9997718,0,MSC / regenerative EV therapy,0
B01380,11.661644,8.0508795,2,EV engineering / delivery,0
B01381,12.029355,8.293472,2,EV engineering / delivery,0
B01382,9.764503,2.7565837,0,MSC / regenerative EV therapy,0
B01383,7.1474643,8.017873,2,EV engineering / delivery,0
B01384,10.810045,5.6788683,1,Vascular / systemic inflammation,0
B01385,13.249532,0.9312826,0,MSC / regenerative EV therapy,0
B01386,7.4526453,7.2836957,2,EV engineering / delivery,0
B01387,9.605279,7.8898335,5,Lung cancer EV biology,0
B01388,13.525723,0.6215448,0,MSC / regenerative EV therapy,0
B01389,7.058806,7.758424,2,EV engineering / delivery,0
B01390,11.362095,6.489907,2,EV engineering / delivery,0
B01391,7.841889,7.7751265,2,EV engineering / delivery,0
B01392,11.99569,4.9028177,2,EV engineering / delivery,0
B01393,10.8264885,6.861092,2,EV engineering / delivery,0
B01394,10.239512,5.373891,2,EV engineering / delivery,0
B01395,11.226982,9.180096,5,Lung cancer EV biology,0
B01396,7.9797716,8.487225,5,Lung cancer EV biology,0
B01397,9.368763,10.676007,5,Lung cancer EV biology,0
B01398,10.649001,6.7551804,2,EV engineering / delivery,0
B01399,10.688216,6.993139,2,EV engineering / delivery,0
B01400,10.949005,2.4343333,1,Vascular / systemic inflammation,0
B01401,11.191215,0.29960072,0,MSC / regenerative EV therapy,0
B01402,8.15081,10.365023,3,Broad cancer EV biology,0
B01403,9.921359,9.700678,3,Broad cancer EV biology,0
B01404,12.769428,2.9317791,4,Respiratory / airway EV biology,0
B01405,11.201209,6.3785305,2,EV engineering / delivery,0
B01406,9.44572,3.430393,0,MSC / regenerative EV therapy,0
B01407,7.156389,7.692255,2,EV engineering / delivery,0
B01408,7.001528,7.946121,2,EV engineering / delivery,0
B01409,7.76606,9.001971,3,Broad cancer EV biology,0
B01410,7.5356393,7.4971824,2,EV engineering / delivery,0
B01411,9.317173,7.50597,5,Lung cancer EV biology,0
B01412,10.907761,8.246328,5,Lung cancer EV biology,0
B01413,10.022586,9.503885,0,MSC / regenerative EV therapy,0
B01414,9.337364,10.735248,5,Lung cancer EV biology,0
B01415,9.583321,3.6291723,0,MSC / regenerative EV therapy,0
B01416,11.252971,6.9878488,2,EV engineering / delivery,0
B01417,9.015538,10.780349,3,Broad cancer EV biology,0
B01418,10.673343,8.465235,5,Lung cancer EV biology,0
B01419,8.66716,5.9348264,2,EV engineering / delivery,0
B01420,7.1210136,7.59356,2,EV engineering / delivery,0
B01421,8.880753,8.540836,3,Broad cancer EV biology,0
B01422,7.989626,4.93091,1,Vascular / systemic inflammation,0
B01423,10.387832,6.237556,2,EV engineering / delivery,0
B01424,10.841625,9.838337,5,Lung cancer EV biology,0
B01425,10.929982,8.009578,5,Lung cancer EV biology,0
B01426,11.607736,4.682176,4,Respiratory / airway EV biology,0
B01427,10.288566,9.4644985,5,Lung cancer EV biology,0
B01428,9.780968,9.994837,5,Lung cancer EV biology,0
B01429,8.910763,1.0606949,1,Vascular / systemic inflammation,0
B01430,9.640953,1.8604072,4,Respiratory / airway EV biology,0
B01431,9.991212,1.9657546,0,MSC / regenerative EV therapy,0
B01432,10.367782,9.501982,3,Broad cancer EV biology,0
B01433,10.638601,8.685251,5,Lung cancer EV biology,0
B01434,11.937474,9.050227,5,Lung cancer EV biology,0
B01435,9.421397,1.073058,0,MSC / regenerative EV therapy,0
B01436,9.318941,1.0238217,0,MSC / regenerative EV therapy,0
B01437,9.5483885,3.488558,0,MSC / regenerative EV therapy,0
B01438,12.6985445,2.159784,4,Respiratory / airway EV biology,0
B01439,10.106262,3.86338,0,MSC / regenerative EV therapy,0
B01440,12.372524,2.0911927,0,MSC / regenerative EV therapy,0
B01441,9.472823,0.77784514,0,MSC / regenerative EV therapy,0
B01442,10.723871,3.255339,0,MSC / regenerative EV therapy,0
B01443,10.45501,2.0872939,4,Respiratory / airway EV biology,0
B01444,7.8644323,7.570151,2,EV engineering / delivery,0
B01445,10.59207,2.7029853,4,Respiratory / airway EV biology,0
B01446,9.379453,3.4085422,0,MSC / regenerative EV therapy,0
B01447,10.64526,5.9113297,2,EV engineering / delivery,0
B01448,8.086523,8.616083,3,Broad cancer EV biology,0
B01449,10.575029,7.178758,5,Lung cancer EV biology,0
B01450,10.030763,10.118416,5,Lung cancer EV biology,0
B01451,10.695726,5.7889767,2,EV engineering / delivery,0
B01452,11.650242,7.369829,3,Broad cancer EV biology,0
B01453,11.271653,6.994152,2,EV engineering / delivery,0
B01454,8.949221,4.267348,0,MSC / regenerative EV therapy,0
B01455,8.207414,7.85408,2,EV engineering / delivery,0
B01456,9.32035,10.093037,5,Lung cancer EV biology,0
B01457,10.964297,2.0441053,4,Respiratory / airway EV biology,0
B01458,10.651844,2.8787389,0,MSC / regenerative EV therapy,0
B01459,9.816429,6.2845592,2,EV engineering / delivery,0
B01460,12.545051,7.4957976,3,Broad cancer EV biology,0
B01461,11.329545,7.6574135,5,Lung cancer EV biology,0
B01462,10.7240095,3.3307433,2,EV engineering / delivery,0
B01463,13.295805,4.7932367,2,EV engineering / delivery,0
B01464,8.899966,10.007526,3,Broad cancer EV biology,0
B01465,11.093247,2.0762024,4,Respiratory / airway EV biology,0
B01466,11.238312,9.876235,5,Lung cancer EV biology,0
B01467,8.391678,7.4930587,2,EV engineering / delivery,0
B01468,11.589857,3.9689946,5,Lung cancer EV biology,0
B01469,10.138184,6.504749,2,EV engineering / delivery,0
B01470,9.489877,11.053059,3,Broad cancer EV biology,0
B01471,9.500413,1.6038725,1,Vascular / systemic inflammation,0
B01472,9.033638,2.851653,0,MSC / regenerative EV therapy,0
B01473,13.294659,4.8844504,2,EV engineering / delivery,0
B01474,11.4100065,6.831499,2,EV engineering / delivery,0
B01475,9.96571,1.161605,0,MSC / regenerative EV therapy,0
B01476,7.1700807,7.697149,2,EV engineering / delivery,0
B01477,8.622754,4.002712,1,Vascular / systemic inflammation,0
B01478,11.693372,5.0859537,1,Vascular / systemic inflammation,0
B01479,11.766657,3.7011845,1,Vascular / systemic inflammation,0
B01480,12.1028805,3.7033885,4,Respiratory / airway EV biology,0
B01481,10.99937,2.1857982,0,MSC / regenerative EV therapy,1
B01482,7.9921765,7.665337,2,EV engineering / delivery,0
B01483,7.3259273,7.6791625,2,EV engineering / delivery,0
B01484,9.493799,2.3965342,1,Vascular / systemic inflammation,0
B01485,11.819268,3.5191617,5,Lung cancer EV biology,0
B01486,11.206767,2.1026943,0,MSC / regenerative EV therapy,0
B01487,11.0669155,2.2351573,0,MSC / regenerative EV therapy,0
B01488,9.969438,1.5162125,4,Respiratory / airway EV biology,0
B01489,9.206335,0.84715205,4,Respiratory / airway EV biology,0
B01490,11.267957,8.069909,3,Broad cancer EV biology,0
B01491,11.127752,0.44501132,0,MSC / regenerative EV therapy,0
B01492,11.080671,0.30214602,0,MSC / regenerative EV therapy,0
B01493,9.41616,4.3049893,1,Vascular / systemic inflammation,0
B01494,7.444545,7.366315,2,EV engineering / delivery,0
B01495,8.78399,1.2728784,1,Vascular / systemic inflammation,0
B01496,7.3072104,7.8282857,2,EV engineering / delivery,0
B01497,8.881107,2.838383,0,MSC / regenerative EV therapy,0
B01498,7.226153,7.8770657,3,Broad cancer EV biology,0
B01499,11.162987,2.3286128,4,Respiratory / airway EV biology,0
B01500,7.2106357,7.4534082,5,Lung cancer EV biology,0
B01501,7.3394246,7.4443207,2,EV engineering / delivery,0
B01502,11.604237,3.3987904,4,Respiratory / airway EV biology,0
B01503,10.034297,2.844816,5,Lung cancer EV biology,0
B01504,10.774899,8.875807,1,Vascular / systemic inflammation,0
B01505,10.66487,1.5973974,0,MSC / regenerative EV therapy,0
B01506,7.851539,5.643288,2,EV engineering / delivery,0
B01507,13.767319,0.6428269,0,MSC / regenerative EV therapy,0
B01508,8.929887,1.0137999,1,Vascular / systemic inflammation,0
B01509,13.736409,0.8731275,0,MSC / regenerative EV therapy,0
B01510,12.038494,8.234379,5,Lung cancer EV biology,0
B01511,9.569057,1.6908326,1,Vascular / systemic inflammation,0
B01512,7.9037747,10.52026,5,Lung cancer EV biology,0
B01513,7.9257593,10.485967,5,Lung cancer EV biology,0
B01514,10.463634,2.343869,4,Respiratory / airway EV biology,0
B01515,10.982021,6.0004845,2,EV engineering / delivery,0
B01516,9.566542,6.2682824,2,EV engineering / delivery,0
B01517,9.670109,4.3941717,0,MSC / regenerative EV therapy,0
B01518,12.233502,7.2917824,5,Lung cancer EV biology,0
B01519,10.548936,6.6928596,2,EV engineering / delivery,0
B01520,8.004038,10.530982,5,Lung cancer EV biology,0
B01521,8.295444,1.5016468,1,Vascular / systemic inflammation,0
B01522,8.614325,10.564118,5,Lung cancer EV biology,0
B01523,8.511389,9.42238,5,Lung cancer EV biology,0
B01524,9.425185,7.2777743,2,EV engineering / delivery,0
B01525,7.3474884,3.4320352,1,Vascular / systemic inflammation,0
B01526,11.247553,2.91431,4,Respiratory / airway EV biology,0
B01527,10.790322,2.8856921,4,Respiratory / airway EV biology,0
B01528,12.291474,2.082742,0,MSC / regenerative EV therapy,0
B01529,9.63893,4.180729,0,MSC / regenerative EV therapy,0
B01530,11.176437,8.736448,5,Lung cancer EV biology,0
B01531,11.157064,2.1689782,5,Lung cancer EV biology,0
B01532,10.890043,9.780322,5,Lung cancer EV biology,0
B01533,10.0363455,4.9125004,4,Respiratory / airway EV biology,0
B01534,6.392066,4.6445513,4,Respiratory / airway EV biology,0
B01535,11.67199,4.933196,4,Respiratory / airway EV biology,0
B01536,11.662838,5.6136775,2,EV engineering / delivery,0
B01537,11.909701,4.879056,4,Respiratory / airway EV biology,0
B01538,12.078912,8.305811,5,Lung cancer EV biology,0
B01539,9.95547,6.445327,2,EV engineering / delivery,0
B01540,11.256454,2.679449,5,Lung cancer EV biology,0
B01541,13.124375,4.887644,4,Respiratory / airway EV biology,0
B01542,11.659431,7.987135,3,Broad cancer EV biology,0
B01543,10.923652,2.1914182,0,MSC / regenerative EV therapy,0
B01544,8.170934,5.5421815,2,EV engineering / delivery,0
B01545,7.7737994,10.544628,5,Lung cancer EV biology,0
B01546,9.50617,7.738666,5,Lung cancer EV biology,0
B01547,8.884979,1.9725221,0,MSC / regenerative EV therapy,0
B01548,11.237233,7.960296,5,Lung cancer EV biology,0
B01549,8.443757,4.121852,1,Vascular / systemic inflammation,0
B01550,8.933155,0.8648466,4,Respiratory / airway EV biology,0
B01551,7.7056475,7.747956,2,EV engineering / delivery,0
B01552,10.978769,4.81906,4,Respiratory / airway EV biology,0
B01553,7.1659904,7.6086917,2,EV engineering / delivery,0
B01554,8.008266,7.792724,2,EV engineering / delivery,0
B01555,9.287247,6.000003,2,EV engineering / delivery,0
B01556,9.744949,5.58971,2,EV engineering / delivery,0
B01557,10.246877,6.3515067,2,EV engineering / delivery,0
B01558,10.675129,3.7440543,2,EV engineering / delivery,0
B01559,10.214364,7.713624,2,EV engineering / delivery,0
B01560,10.7463665,0.24812661,1,Vascular / systemic inflammation,0
B01561,11.113872,6.4913387,2,EV engineering / delivery,0
B01562,10.514291,7.7216387,3,Broad cancer EV biology,0
B01563,11.439059,9.764797,5,Lung cancer EV biology,0
B01564,9.4477215,3.4776118,0,MSC / regenerative EV therapy,0
B01565,12.199469,9.506616,3,Broad cancer EV biology,0
B01566,11.755874,2.7841487,1,Vascular / systemic inflammation,0
B01567,9.709079,3.547628,0,MSC / regenerative EV therapy,0
B01568,10.689935,6.516887,2,EV engineering / delivery,0
B01569,10.950411,6.488834,2,EV engineering / delivery,0
B01570,9.955832,5.8188024,2,EV engineering / delivery,0
B01571,13.661902,0.54433656,0,MSC / regenerative EV therapy,0
B01572,10.820306,3.1245224,4,Respiratory / airway EV biology,0
B01573,10.698224,6.6007195,2,EV engineering / delivery,0
B01574,13.566727,0.62902886,0,MSC / regenerative EV therapy,0
B01575,10.289639,3.0552356,0,MSC / regenerative EV therapy,0
B01576,8.067186,8.777256,5,Lung cancer EV biology,0
B01577,7.749331,4.5856533,1,Vascular / systemic inflammation,0
B01578,9.155117,5.096472,1,Vascular / systemic inflammation,0
B01579,9.342393,5.224097,1,Vascular / systemic inflammation,0
B01580,9.3741665,5.1881247,1,Vascular / systemic inflammation,0
B01581,9.667838,0.98376495,0,MSC / regenerative EV therapy,0
B01582,9.350855,0.84749687,0,MSC / regenerative EV therapy,0
B01583,11.159861,1.8274163,0,MSC / regenerative EV therapy,0
B01584,9.999658,1.309548,0,MSC / regenerative EV therapy,0
B01585,11.615271,2.2167418,0,MSC / regenerative EV therapy,0
B01586,9.77769,8.589273,3,Broad cancer EV biology,0
B01587,13.247972,0.8884041,0,MSC / regenerative EV therapy,0
B01588,11.634889,4.895283,2,EV engineering / delivery,0
B01589,10.752361,4.815806,4,Respiratory / airway EV biology,0
B01590,11.43651,9.896687,5,Lung cancer EV biology,0
B01591,11.956974,8.279914,5,Lung cancer EV biology,0
B01592,12.108772,8.593678,5,Lung cancer EV biology,0
B01593,12.061458,8.67716,5,Lung cancer EV biology,0
B01594,8.02192,8.951674,5,Lung cancer EV biology,0
B01595,11.735768,8.1755905,5,Lung cancer EV biology,0
B01596,11.727334,3.5372202,4,Respiratory / airway EV biology,0
B01597,12.134009,3.1942203,4,Respiratory / airway EV biology,0
B01598,11.624165,3.114264,4,Respiratory / airway EV biology,0
B01599,9.466651,4.9861875,1,Vascular / systemic inflammation,0
B01600,12.957314,4.685708,4,Respiratory / airway EV biology,0
B01601,11.262843,2.948127,4,Respiratory / airway EV biology,0
B01602,12.498085,7.569686,3,Broad cancer EV biology,0
B01603,10.58174,9.626104,3,Broad cancer EV biology,0
B01604,10.799795,10.054549,5,Lung cancer EV biology,0
B01605,10.714719,10.330528,5,Lung cancer EV biology,0
B01606,10.71834,8.598964,3,Broad cancer EV biology,0
B01607,10.761003,3.4442034,0,MSC / regenerative EV therapy,0
B01608,10.534301,10.292651,3,Broad cancer EV biology,0
B01609,10.668223,8.043929,3,Broad cancer EV biology,0
B01610,10.790441,10.145731,5,Lung cancer EV biology,0
B01611,10.778027,9.954441,5,Lung cancer EV biology,0
B01612,10.501524,10.385459,5,Lung cancer EV biology,0
B01613,6.6821575,3.5410964,2,EV engineering / delivery,0
B01614,10.7922125,7.3102894,2,EV engineering / delivery,0
B01615,7.4657474,8.978014,5,Lung cancer EV biology,0
B01616,11.004554,6.662577,2,EV engineering / delivery,0
B01617,10.051983,1.3790832,0,MSC / regenerative EV therapy,0
B01618,8.689792,3.928602,1,Vascular / systemic inflammation,0
B01619,9.499717,2.333291,0,MSC / regenerative EV therapy,0
B01620,8.700664,5.4815054,2,EV engineering / delivery,0
B01621,11.148258,1.9438441,0,MSC / regenerative EV therapy,0
B01622,10.435424,3.8488598,4,Respiratory / airway EV biology,0
B01623,10.239527,1.313827,0,MSC / regenerative EV therapy,0
B01624,11.319987,6.9412975,2,EV engineering / delivery,0
B01625,11.110674,8.549253,3,Broad cancer EV biology,0
B01626,8.765285,8.265305,3,Broad cancer EV biology,0
B01627,10.41747,4.327966,1,Vascular / systemic inflammation,0
B01628,13.732975,0.5783703,0,MSC / regenerative EV therapy,0
B01629,10.495396,1.3490454,0,MSC / regenerative EV therapy,0
B01630,11.197713,3.2484424,4,Respiratory / airway EV biology,0
B01631,9.732157,3.1533642,1,Vascular / systemic inflammation,0
B01632,13.110662,4.727337,4,Respiratory / airway EV biology,0
B01633,12.008154,8.453983,5,Lung cancer EV biology,0
B01634,6.7106233,4.7096477,4,Respiratory / airway EV biology,0
B01635,11.020565,5.09212,1,Vascular / systemic inflammation,0
B01636,9.8284445,2.173512,0,MSC / regenerative EV therapy,0
B01637,9.89485,8.705439,5,Lung cancer EV biology,0
B01638,10.797301,2.9266734,4,Respiratory / airway EV biology,0
B01639,8.917293,2.583334,0,MSC / regenerative EV therapy,0
B01640,12.657404,2.532649,4,Respiratory / airway EV biology,0
B01641,12.545173,2.5571876,4,Respiratory / airway EV biology,0
B01642,10.616752,5.6392303,2,EV engineering / delivery,0
B01643,10.572395,8.099201,5,Lung cancer EV biology,0
B01644,10.585627,5.8542333,2,EV engineering / delivery,0
B01645,11.209332,3.1526508,4,Respiratory / airway EV biology,1
B01646,11.641373,8.455022,5,Lung cancer EV biology,0
B01647,8.206512,2.5540907,4,Respiratory / airway EV biology,0
B01648,11.732955,2.1191158,4,Respiratory / airway EV biology,0
B01649,9.570154,8.803839,5,Lung cancer EV biology,0
B01650,10.396734,10.456708,5,Lung cancer EV biology,0
B01651,9.505522,8.716693,3,Broad cancer EV biology,0
B01652,9.494603,8.807597,5,Lung cancer EV biology,0
B01653,9.091737,8.897776,5,Lung cancer EV biology,0
B01654,9.07741,8.76713,3,Broad cancer EV biology,0
B01655,9.471078,8.640183,3,Broad cancer EV biology,0
B01656,9.2294655,8.590317,3,Broad cancer EV biology,0
B01657,9.577772,3.9672837,1,Vascular / systemic inflammation,0
B01658,9.456156,8.67875,5,Lung cancer EV biology,0
B01659,7.62993,2.9889255,1,Vascular / systemic inflammation,0
B01660,12.519436,2.4969401,4,Respiratory / airway EV biology,0
B01661,9.495349,10.845935,5,Lung cancer EV biology,0
B01662,10.336086,2.839245,4,Respiratory / airway EV biology,0
B01663,8.942776,1.1673629,1,Vascular / systemic inflammation,0
B01664,10.437115,3.1621563,4,Respiratory / airway EV biology,0
B01665,6.595917,3.4257078,1,Vascular / systemic inflammation,0
B01666,10.305478,2.7780516,4,Respiratory / airway EV biology,0
B01667,8.455863,3.6429482,1,Vascular / systemic inflammation,0
B01668,8.318208,7.017628,5,Lung cancer EV biology,0
B01669,10.15978,9.712022,3,Broad cancer EV biology,0
B01670,8.428881,10.305528,5,Lung cancer EV biology,0
B01671,8.674479,8.479638,5,Lung cancer EV biology,0
B01672,8.325374,3.7258492,1,Vascular / systemic inflammation,0
B01673,11.562489,8.942689,3,Broad cancer EV biology,0
B01674,7.905442,10.0062895,5,Lung cancer EV biology,0
B01675,6.2747746,4.6658487,4,Respiratory / airway EV biology,0
B01676,10.263115,7.9026494,5,Lung cancer EV biology,0
B01677,7.9230905,9.004909,5,Lung cancer EV biology,0
B01678,9.704693,5.6747866,2,EV engineering / delivery,0
B01679,9.679229,1.6606938,0,MSC / regenerative EV therapy,0
B01680,10.0467005,7.828283,2,EV engineering / delivery,0
B01681,9.398733,8.292794,5,Lung cancer EV biology,0
B01682,10.652148,1.8646034,0,MSC / regenerative EV therapy,0
B01683,11.454498,7.501503,2,EV engineering / delivery,0
B01684,9.070727,2.7175028,1,Vascular / systemic inflammation,0
B01685,10.66196,9.437663,5,Lung cancer EV biology,0
B01686,9.117294,2.7002075,0,MSC / regenerative EV therapy,0
B01687,10.149908,9.036695,5,Lung cancer EV biology,0
B01688,11.967151,8.317771,3,Broad cancer EV biology,0
B01689,11.17455,7.8460603,5,Lung cancer EV biology,0
B01690,6.635208,3.5903285,5,Lung cancer EV biology,0
B01691,9.332351,2.7383282,0,MSC / regenerative EV therapy,0
B01692,11.010751,10.027358,3,Broad cancer EV biology,0
B01693,10.195895,1.4753628,4,Respiratory / airway EV biology,0
B01694,10.50118,8.863958,5,Lung cancer EV biology,0
B01695,10.564719,7.3991084,2,EV engineering / delivery,0
B01696,8.172027,10.300842,5,Lung cancer EV biology,0
B01697,6.1291213,4.815893,4,Respiratory / airway EV biology,0
B01698,8.602534,5.361453,2,EV engineering / delivery,0
B01699,9.226668,3.466249,0,MSC / regenerative EV therapy,0
B01700,9.509333,3.6963959,0,MSC / regenerative EV therapy,0
B01701,9.380452,5.774743,2,EV engineering / delivery,0
B01702,11.264596,3.9809773,2,EV engineering / delivery,0
B01703,9.919633,1.1441356,0,MSC / regenerative EV therapy,0
B01704,8.773624,6.866798,2,EV engineering / delivery,0
B01705,9.01107,2.9143147,0,MSC / regenerative EV therapy,0
B01706,11.475095,3.264509,4,Respiratory / airway EV biology,0
B01707,11.567873,3.2659934,4,Respiratory / airway EV biology,0
B01708,11.361599,3.3694367,4,Respiratory / airway EV biology,0
B01709,9.776505,7.9568357,5,Lung cancer EV biology,0
B01710,8.946802,8.256806,1,Vascular / systemic inflammation,0
B01711,11.022848,10.044159,5,Lung cancer EV biology,0
B01712,8.399563,5.5189285,2,EV engineering / delivery,0
B01713,7.778348,6.8537173,2,EV engineering / delivery,0
B01714,10.470649,7.1431937,2,EV engineering / delivery,0
B01715,9.357638,9.690748,3,Broad cancer EV biology,0
B01716,8.739176,8.667411,5,Lung cancer EV biology,0
B01717,11.431424,6.8430696,2,EV engineering / delivery,0
B01718,7.613626,7.4902563,2,EV engineering / delivery,0
B01719,9.794173,8.61736,3,Broad cancer EV biology,0
B01720,10.6056185,5.7923975,2,EV engineering / delivery,0
B01721,10.092541,9.289158,3,Broad cancer EV biology,0
B01722,10.739295,1.9737827,0,MSC / regenerative EV therapy,0
B01723,7.9737597,8.886733,5,Lung cancer EV biology,0
B01724,11.244867,8.291753,5,Lung cancer EV biology,0
B01725,11.43877,3.301671,4,Respiratory / airway EV biology,0
B01726,11.374478,8.339138,5,Lung cancer EV biology,0
B01727,10.053502,9.2406845,5,Lung cancer EV biology,0
B01728,9.230859,0.94193745,1,Vascular / systemic inflammation,0
B01729,10.406952,9.627003,5,Lung cancer EV biology,0
B01730,10.789052,9.951028,5,Lung cancer EV biology,0
B01731,7.7104073,7.8416595,2,EV engineering / delivery,0
B01732,6.9719477,3.4625735,1,Vascular / systemic inflammation,0
B01733,8.108243,4.8900576,2,EV engineering / delivery,0
B01734,7.887864,4.5264177,1,Vascular / systemic inflammation,0
B01735,7.5875874,7.725069,2,EV engineering / delivery,0
B01736,7.9234996,6.746493,2,EV engineering / delivery,0
B01737,9.149401,0.8704217,1,Vascular / systemic inflammation,0
B01738,9.123971,0.9327288,1,Vascular / systemic inflammation,0
B01739,11.88554,1.5344481,4,Respiratory / airway EV biology,0
B01740,11.121423,5.617937,1,Vascular / systemic inflammation,0
B01741,8.129165,10.572312,5,Lung cancer EV biology,0
B01742,7.6128287,6.851086,1,Vascular / systemic inflammation,0
B01743,9.466234,7.3692813,2,EV engineering / delivery,0
B01744,11.895559,4.0157204,4,Respiratory / airway EV biology,0
B01745,10.015427,10.249867,3,Broad cancer EV biology,0
B01746,10.315756,4.8592744,1,Vascular / systemic inflammation,0
B01747,11.150066,1.5963907,0,MSC / regenerative EV therapy,0
B01748,12.241903,4.6914024,4,Respiratory / airway EV biology,0
B01749,11.91515,4.796794,4,Respiratory / airway EV biology,0
B01750,10.76785,8.823262,5,Lung cancer EV biology,0
B01751,10.715293,9.724759,5,Lung cancer EV biology,0
B01752,12.121198,9.342038,3,Broad cancer EV biology,0
B01753,11.928186,1.4347017,5,Lung cancer EV biology,0
B01754,11.577593,3.5077467,4,Respiratory / airway EV biology,0
B01755,7.714534,8.428044,2,EV engineering / delivery,0
B01756,7.597243,8.090471,5,Lung cancer EV biology,0
B01757,9.574388,4.708173,1,Vascular / systemic inflammation,0
B01758,10.380726,2.3817198,4,Respiratory / airway EV biology,0
B01759,9.502055,6.1047726,2,EV engineering / delivery,0
B01760,8.69403,2.25207,0,MSC / regenerative EV therapy,0
B01761,11.678476,6.9913583,2,EV engineering / delivery,0
B01762,13.385159,0.6680445,0,MSC / regenerative EV therapy,0
B01763,10.831427,0.40726262,0,MSC / regenerative EV therapy,0
B01764,6.987499,7.932495,2,EV engineering / delivery,0
B01765,7.9965057,8.916028,5,Lung cancer EV biology,0
B01766,11.417583,9.603424,5,Lung cancer EV biology,0
B01767,7.114836,7.888889,5,Lung cancer EV biology,0
B01768,8.476128,8.179223,5,Lung cancer EV biology,0
B01769,10.172224,5.715629,2,EV engineering / delivery,0
B01770,8.588047,3.8180583,2,EV engineering / delivery,0
B01771,9.665875,9.532072,5,Lung cancer EV biology,0
B01772,9.154824,10.470387,5,Lung cancer EV biology,0
B01773,9.970246,10.539075,5,Lung cancer EV biology,0
B01774,7.2963014,7.8355427,2,EV engineering / delivery,0
B01775,10.476856,6.6104527,2,EV engineering / delivery,0
B01776,9.643896,6.1710005,2,EV engineering / delivery,0
B01777,9.302196,9.645916,5,Lung cancer EV biology,0
B01778,8.6856575,4.7027235,1,Vascular / systemic inflammation,0
B01779,7.068161,7.7977476,5,Lung cancer EV biology,0
B01780,9.601835,10.111625,5,Lung cancer EV biology,0
B01781,9.914651,8.140327,3,Broad cancer EV biology,0
B01782,9.114689,8.628293,3,Broad cancer EV biology,0
B01783,9.689119,10.646977,5,Lung cancer EV biology,0
B01784,9.686351,10.967533,5,Lung cancer EV biology,0
B01785,9.729571,10.792842,5,Lung cancer EV biology,0
B01786,8.389292,4.2601743,1,Vascular / systemic inflammation,0
B01787,9.019592,10.784504,3,Broad cancer EV biology,0
B01788,8.478972,7.7636156,5,Lung cancer EV biology,0
B01789,8.684051,5.3780904,4,Respiratory / airway EV biology,0
B01790,9.413716,4.6968427,1,Vascular / systemic inflammation,0
B01791,8.906634,10.151344,3,Broad cancer EV biology,0
B01792,8.940319,10.041423,5,Lung cancer EV biology,0
B01793,9.628908,6.3022738,2,EV engineering / delivery,0
B01794,11.595863,3.901028,5,Lung cancer EV biology,0
B01795,10.578895,9.946363,5,Lung cancer EV biology,0
B01796,10.650864,7.7072453,3,Broad cancer EV biology,1
B01797,9.232639,4.474889,1,Vascular / systemic inflammation,0
B01798,10.4388485,6.2134724,2,EV engineering / delivery,0
B01799,9.49329,0.89376134,0,MSC / regenerative EV therapy,0
B01800,6.247416,4.844289,4,Respiratory / airway EV biology,0
B01801,6.234257,4.826546,3,Broad cancer EV biology,0
B01802,11.072455,6.48367,2,EV engineering / delivery,0
B01803,11.484958,7.0002365,2,EV engineering / delivery,0
B01804,7.0325346,7.915337,2,EV engineering / delivery,0
B01805,7.9124513,7.6565266,2,EV engineering / delivery,0
B01806,7.114652,7.779123,5,Lung cancer EV biology,0
B01807,9.834992,1.8911119,4,Respiratory / airway EV biology,0
B01808,8.65001,5.327409,2,EV engineering / delivery,0
B01809,10.0816965,10.836475,5,Lung cancer EV biology,0
B01810,11.880837,8.73492,3,Broad cancer EV biology,0
B01811,9.48,7.605186,5,Lung cancer EV biology,0
B01812,12.605287,2.7456028,4,Respiratory / airway EV biology,0
B01813,11.386853,3.401467,4,Respiratory / airway EV biology,0
B01814,8.087223,10.550217,5,Lung cancer EV biology,0
B01815,8.797627,10.099183,5,Lung cancer EV biology,0
B01816,7.2145524,8.122074,5,Lung cancer EV biology,0
B01817,9.771341,2.39266,1,Vascular / systemic inflammation,0
B01818,10.550401,3.3819,1,Vascular / systemic inflammation,0
B01819,10.7711,1.6913953,0,MSC / regenerative EV therapy,0
B01820,11.49659,8.928633,3,Broad cancer EV biology,0
B01821,10.496567,3.763827,4,Respiratory / airway EV biology,0
B01822,10.54229,8.359021,3,Broad cancer EV biology,0
B01823,10.401127,7.539491,3,Broad cancer EV biology,0
B01824,12.605585,4.9111447,4,Respiratory / airway EV biology,0
B01825,11.559199,8.113824,3,Broad cancer EV biology,0
B01826,10.575505,3.9332187,1,Vascular / systemic inflammation,0
B01827,10.5429125,3.8663642,1,Vascular / systemic inflammation,0
B01828,8.012945,2.0757916,1,Vascular / systemic inflammation,0
B01829,11.080511,0.4992815,0,MSC / regenerative EV therapy,0
B01830,7.8327303,4.2304463,1,Vascular / systemic inflammation,0
B01831,10.6185875,7.556936,5,Lung cancer EV biology,1
B01832,13.640677,0.5029845,0,MSC / regenerative EV therapy,0
B01833,9.976158,9.834518,5,Lung cancer EV biology,0
B01834,10.041583,9.302942,3,Broad cancer EV biology,0
B01835,13.656806,0.81145096,4,Respiratory / airway EV biology,0
B01836,10.512149,9.24877,3,Broad cancer EV biology,0
B01837,9.266821,3.7584813,0,MSC / regenerative EV therapy,0
B01838,10.642632,8.640219,3,Broad cancer EV biology,0
B01839,10.987058,7.096535,2,EV engineering / delivery,0
B01840,10.034113,10.000945,3,Broad cancer EV biology,0
B01841,9.476454,4.6404424,1,Vascular / systemic inflammation,0
B01842,9.732413,9.8262615,5,Lung cancer EV biology,0
B01843,9.478631,1.7316383,0,MSC / regenerative EV therapy,0
B01844,9.518234,3.796879,0,MSC / regenerative EV therapy,0
B01845,7.7361574,10.618458,5,Lung cancer EV biology,0
B01846,10.071629,5.6885543,2,EV engineering / delivery,0
B01847,8.79062,7.2111564,2,EV engineering / delivery,0
B01848,10.21932,9.800363,5,Lung cancer EV biology,0
B01849,7.681581,7.6571984,2,EV engineering / delivery,0
B01850,7.417685,7.6779056,2,EV engineering / delivery,0
B01851,7.5783396,7.7421284,2,EV engineering / delivery,0
B01852,11.395461,3.4057186,4,Respiratory / airway EV biology,0
B01853,11.202159,2.3433213,1,Vascular / systemic inflammation,0
B01854,13.317217,4.732903,4,Respiratory / airway EV biology,0
B01855,9.946627,2.1104543,4,Respiratory / airway EV biology,0
B01856,10.67559,9.796711,5,Lung cancer EV biology,0
B01857,10.465062,6.3807983,2,EV engineering / delivery,0
B01858,7.9872556,8.825071,3,Broad cancer EV biology,0
B01859,8.46902,8.767796,5,Lung cancer EV biology,0
B01860,8.011729,8.918617,3,Broad cancer EV biology,0
B01861,9.94511,3.3845994,0,MSC / regenerative EV therapy,0
B01862,10.513836,2.3807406,0,MSC / regenerative EV therapy,0
B01863,8.568816,3.807524,2,EV engineering / delivery,0
B01864,9.215716,2.6266024,1,Vascular / systemic inflammation,0
B01865,10.062482,10.874045,5,Lung cancer EV biology,0
B01866,10.555119,6.664895,2,EV engineering / delivery,0
B01867,10.125191,3.6042514,1,Vascular / systemic inflammation,0
B01868,9.913125,3.3771145,0,MSC / regenerative EV therapy,0
B01869,12.503024,3.8460243,4,Respiratory / airway EV biology,0
B01870,9.523863,6.090006,2,EV engineering / delivery,0
B01871,10.312836,4.591817,4,Respiratory / airway EV biology,0
B01872,10.452803,4.5252304,4,Respiratory / airway EV biology,0
B01873,11.164719,3.1402388,4,Respiratory / airway EV biology,0
B01874,10.715423,2.1046562,0,MSC / regenerative EV therapy,0
B01875,10.822849,6.6025176,2,EV engineering / delivery,0
B01876,10.450402,6.7785172,2,EV engineering / delivery,0
B01877,10.863566,6.7240367,2,EV engineering / delivery,0
B01878,10.327033,6.83928,2,EV engineering / delivery,0
B01879,13.802983,0.76215047,0,MSC / regenerative EV therapy,0
B01880,9.920224,6.8652363,2,EV engineering / delivery,0
B01881,10.671597,6.900578,2,EV engineering / delivery,0
B01882,10.556505,4.8202124,2,EV engineering / delivery,0
B01883,9.051501,3.765953,0,MSC / regenerative EV therapy,0
B01884,10.234277,2.2890303,2,EV engineering / delivery,0
B01885,10.890704,6.992785,2,EV engineering / delivery,0
B01886,9.975911,9.711039,2,EV engineering / delivery,0
B01887,11.6045,7.6458645,2,EV engineering / delivery,0
B01888,10.77924,7.04009,2,EV engineering / delivery,0
B01889,10.681373,6.1366644,2,EV engineering / delivery,0
B01890,9.76176,3.6361299,0,MSC / regenerative EV therapy,0
B01891,11.564973,5.141646,2,EV engineering / delivery,0
B01892,11.258456,6.988449,2,EV engineering / delivery,0
B01893,10.568716,2.5638354,0,MSC / regenerative EV therapy,0
B01894,10.066352,5.9039187,2,EV engineering / delivery,0
B01895,9.0544195,0.9833387,0,MSC / regenerative EV therapy,0
B01896,8.385671,3.4604428,0,MSC / regenerative EV therapy,0
B01897,10.773646,6.766422,2,EV engineering / delivery,0
B01898,10.474853,4.5896955,2,EV engineering / delivery,0
B01899,11.167408,2.0111103,0,MSC / regenerative EV therapy,0
B01900,10.677984,1.8350953,0,MSC / regenerative EV therapy,0
B01901,9.542749,2.0132918,0,MSC / regenerative EV therapy,0
B01902,10.54035,6.5275507,2,EV engineering / delivery,0
B01903,11.075228,1.6534503,0,MSC / regenerative EV therapy,0
B01904,8.121183,7.4735136,2,EV engineering / delivery,0
B01905,8.26273,5.1462474,2,EV engineering / delivery,0
B01906,12.9893055,2.8405929,5,Lung cancer EV biology,0
B01907,11.990008,9.5266485,5,Lung cancer EV biology,0
B01908,9.383274,8.940818,5,Lung cancer EV biology,0
B01909,13.662521,0.49173045,0,MSC / regenerative EV therapy,0
B01910,11.838224,8.498554,5,Lung cancer EV biology,0
B01911,9.204669,8.747539,5,Lung cancer EV biology,0
B01912,13.213824,0.98512906,2,EV engineering / delivery,0
B01913,11.887331,3.948917,4,Respiratory / airway EV biology,0
B01914,11.108846,2.255534,0,MSC / regenerative EV therapy,0
B01915,11.177184,8.799473,3,Broad cancer EV biology,0
B01916,11.698252,5.001724,1,Vascular / systemic inflammation,0
B01917,9.039715,2.7561681,0,MSC / regenerative EV therapy,0
B01918,10.3503065,5.4423137,2,EV engineering / delivery,0
B01919,9.754969,4.192351,1,Vascular / systemic inflammation,0
B01920,9.139415,4.267204,1,Vascular / systemic inflammation,0
B01921,13.5520735,0.63930446,0,MSC / regenerative EV therapy,0
B01922,10.96857,1.7809775,0,MSC / regenerative EV therapy,0
B01923,7.9007435,9.143833,3,Broad cancer EV biology,0
B01924,11.066702,2.5937777,0,MSC / regenerative EV therapy,0
B01925,9.760342,9.54291,5,Lung cancer EV biology,0
B01926,11.441089,9.755169,5,Lung cancer EV biology,0
B01927,10.594934,1.4270455,0,MSC / regenerative EV therapy,0
B01928,9.806986,9.772924,5,Lung cancer EV biology,0
B01929,10.894084,8.341536,2,EV engineering / delivery,0
B01930,12.755253,5.5375924,4,Respiratory / airway EV biology,0
B01931,10.945219,1.6692176,0,MSC / regenerative EV therapy,0
B01932,10.254328,6.4249053,2,EV engineering / delivery,0
B01933,13.397809,4.7828927,4,Respiratory / airway EV biology,0
B01934,10.677908,2.6548696,0,MSC / regenerative EV therapy,1
B01935,9.441579,4.65205,0,MSC / regenerative EV therapy,0
B01936,8.54508,7.0679545,2,EV engineering / delivery,0
B01937,8.542985,7.038648,2,EV engineering / delivery,0
B01938,11.9954815,4.717268,4,Respiratory / airway EV biology,0
B01939,10.4084835,9.97994,5,Lung cancer EV biology,0
B01940,9.817599,5.6508317,0,MSC / regenerative EV therapy,0
B01941,9.664859,10.360675,5,Lung cancer EV biology,0
B01942,9.665588,10.479366,5,Lung cancer EV biology,0
B01943,11.145958,9.473041,3,Broad cancer EV biology,0
B01944,10.790389,1.9795074,0,MSC / regenerative EV therapy,0
B01945,10.100143,9.040809,5,Lung cancer EV biology,0
B01946,10.370199,10.754284,5,Lung cancer EV biology,0
B01947,9.583463,8.726901,5,Lung cancer EV biology,0
B01948,13.42798,4.7046065,2,EV engineering / delivery,0
B01949,9.663809,0.9944782,4,Respiratory / airway EV biology,0
B01950,9.961474,10.5165415,5,Lung cancer EV biology,0
B01951,10.125202,7.6393275,5,Lung cancer EV biology,0
B01952,10.593817,7.0377846,2,EV engineering / delivery,0
B01953,10.125915,10.371006,5,Lung cancer EV biology,0
B01954,10.748005,6.76462,3,Broad cancer EV biology,0
B01955,12.67388,2.75947,1,Vascular / systemic inflammation,0
B01956,10.502454,10.005974,5,Lung cancer EV biology,0
B01957,12.025199,8.547793,5,Lung cancer EV biology,0
B01958,9.484717,4.1802096,0,MSC / regenerative EV therapy,0
B01959,9.484411,10.693112,5,Lung cancer EV biology,0
B01960,9.584951,8.356551,3,Broad cancer EV biology,0
B01961,11.304486,2.095511,4,Respiratory / airway EV biology,0
B01962,9.597299,11.033153,5,Lung cancer EV biology,0
B01963,10.146095,10.661473,5,Lung cancer EV biology,0
B01964,9.365423,8.246586,3,Broad cancer EV biology,0
B01965,11.6340475,2.248608,4,Respiratory / airway EV biology,0
B01966,12.037209,8.611348,5,Lung cancer EV biology,0
B01967,9.90435,8.505239,3,Broad cancer EV biology,0
B01968,9.309349,0.7554769,0,MSC / regenerative EV therapy,0
B01969,10.731012,10.289056,5,Lung cancer EV biology,0
B01970,8.851472,10.599656,3,Broad cancer EV biology,0
B01971,11.085752,5.607985,1,Vascular / systemic inflammation,0
B01972,9.632935,0.93588156,0,MSC / regenerative EV therapy,0
B01973,10.545837,10.787051,5,Lung cancer EV biology,0
B01974,10.576785,10.049575,3,Broad cancer EV biology,0
B01975,10.673449,8.181087,3,Broad cancer EV biology,0
B01976,10.026394,10.2699175,5,Lung cancer EV biology,0
B01977,11.895656,1.424672,5,Lung cancer EV biology,0
B01978,11.600281,2.144181,5,Lung cancer EV biology,0
B01979,10.246743,3.9933355,4,Respiratory / airway EV biology,0
B01980,9.239936,10.655087,5,Lung cancer EV biology,0
B01981,9.20163,8.424631,3,Broad cancer EV biology,0
B01982,11.248603,5.9547553,5,Lung cancer EV biology,0
B01983,8.386137,4.1762347,1,Vascular / systemic inflammation,0
B01984,12.124461,9.496398,3,Broad cancer EV biology,0
B01985,10.056186,9.567236,5,Lung cancer EV biology,0
B01986,8.652319,9.833215,5,Lung cancer EV biology,0
B01987,10.929196,8.901143,3,Broad cancer EV biology,0
B01988,10.417921,9.649916,5,Lung cancer EV biology,0
B01989,10.535619,10.266395,5,Lung cancer EV biology,0
B01990,9.903995,0.89299196,0,MSC / regenerative EV therapy,0
B01991,10.753359,10.782431,5,Lung cancer EV biology,0
B01992,11.055925,2.7499256,4,Respiratory / airway EV biology,0
B01993,7.9723225,8.484252,5,Lung cancer EV biology,0
B01994,10.236522,5.472766,2,EV engineering / delivery,0
B01995,9.847111,7.885496,2,EV engineering / delivery,0
B01996,9.71062,5.285695,2,EV engineering / delivery,0
B01997,13.575783,0.57191133,0,MSC / regenerative EV therapy,0
B01998,9.08217,6.0199146,2,EV engineering / delivery,0
B01999,9.333025,8.276874,5,Lung cancer EV biology,0
B02000,10.396505,2.3336406,0,MSC / regenerative EV therapy,0
B02001,12.512453,2.3257594,4,Respiratory / airway EV biology,0
B02002,10.006313,1.0492167,0,MSC / regenerative EV therapy,0
B02003,12.002861,2.2682428,4,Respiratory / airway EV biology,0
B02004,9.531976,4.4718404,0,MSC / regenerative EV therapy,0
B02005,10.224456,9.053653,5,Lung cancer EV biology,0
B02006,11.215133,9.742836,5,Lung cancer EV biology,0
B02007,11.365961,10.145157,5,Lung cancer EV biology,0
B02008,9.773655,0.8556677,0,MSC / regenerative EV therapy,0
B02009,13.747516,0.73267037,0,MSC / regenerative EV therapy,0
B02010,11.618927,2.273308,4,Respiratory / airway EV biology,0
B02011,7.55633,8.495198,5,Lung cancer EV biology,0
B02012,9.708353,10.333823,5,Lung cancer EV biology,0
B02013,9.20246,4.2041163,5,Lung cancer EV biology,0
B02014,10.420212,4.5408664,4,Respiratory / airway EV biology,0
B02015,9.306019,7.9651456,3,Broad cancer EV biology,0
B02016,9.833313,3.7547941,2,EV engineering / delivery,0
B02017,10.5231285,9.523054,5,Lung cancer EV biology,0
B02018,9.978025,4.6016135,0,MSC / regenerative EV therapy,0
B02019,10.7581,10.671183,5,Lung cancer EV biology,0
B02020,11.906124,4.5435967,4,Respiratory / airway EV biology,0
B02021,10.371515,6.9347296,3,Broad cancer EV biology,0
B02022,10.542092,6.9330325,2,EV engineering / delivery,0
B02023,11.072956,2.9158843,4,Respiratory / airway EV biology,0
B02024,11.099544,9.616783,5,Lung cancer EV biology,0
B02025,10.111255,4.46054,1,Vascular / systemic inflammation,1
B02026,10.185226,4.551489,1,Vascular / systemic inflammation,1
B02027,9.380883,0.95448303,4,Respiratory / airway EV biology,0
B02028,9.17595,8.878508,5,Lung cancer EV biology,0
B02029,11.002197,9.762078,5,Lung cancer EV biology,0
B02030,11.029003,2.0035415,0,MSC / regenerative EV therapy,0
B02031,10.949851,1.9540377,0,MSC / regenerative EV therapy,0
B02032,10.180842,10.200542,5,Lung cancer EV biology,0
B02033,9.894041,10.312012,5,Lung cancer EV biology,0
B02034,12.102696,8.259952,5,Lung cancer EV biology,0
B02035,9.696234,8.674107,3,Broad cancer EV biology,0
B02036,9.679786,4.3830295,0,MSC / regenerative EV therapy,0
B02037,9.059707,9.623935,3,Broad cancer EV biology,0
B02038,8.187468,4.902645,1,Vascular / systemic inflammation,0
B02039,10.974564,1.8354825,0,MSC / regenerative EV therapy,0
B02040,9.644062,3.2107053,0,MSC / regenerative EV therapy,0
B02041,13.51662,0.6177551,0,MSC / regenerative EV therapy,0
B02042,10.726476,0.22586246,0,MSC / regenerative EV therapy,0
B02043,13.589797,0.5955831,0,MSC / regenerative EV therapy,0
B02044,11.64103,3.895931,1,Vascular / systemic inflammation,0
B02045,9.040195,10.322914,5,Lung cancer EV biology,0
B02046,12.622488,2.534434,4,Respiratory / airway EV biology,0
B02047,9.747038,10.605587,5,Lung cancer EV biology,0
B02048,9.856043,7.664809,5,Lung cancer EV biology,0
B02049,11.583017,2.495779,5,Lung cancer EV biology,0
B02050,7.7503324,1.9257044,1,Vascular / systemic inflammation,0
B02051,9.217906,4.989179,2,EV engineering / delivery,0
B02052,9.112949,7.6560063,2,EV engineering / delivery,0
B02053,10.133938,5.812208,2,EV engineering / delivery,0
B02054,7.8174634,4.1311646,1,Vascular / systemic inflammation,0
B02055,8.350049,7.6846943,2,EV engineering / delivery,0
B02056,10.8453865,0.48812258,1,Vascular / systemic inflammation,0
B02057,11.149152,2.97102,4,Respiratory / airway EV biology,0
B02058,10.284896,4.662193,2,EV engineering / delivery,0
B02059,10.079302,3.0496225,4,Respiratory / airway EV biology,0
B02060,11.696384,4.897059,2,EV engineering / delivery,0
B02061,11.263242,3.1358175,4,Respiratory / airway EV biology,0
B02062,10.34238,7.6028,3,Broad cancer EV biology,0
B02063,10.313737,6.123493,2,EV engineering / delivery,0
B02064,10.743854,9.028953,3,Broad cancer EV biology,0
B02065,8.85161,9.747399,3,Broad cancer EV biology,0
B02066,10.156876,10.463378,5,Lung cancer EV biology,0
B02067,6.51402,3.5181677,3,Broad cancer EV biology,0
B02068,10.48035,6.7946916,2,EV engineering / delivery,0
B02069,10.193042,5.316437,2,EV engineering / delivery,0
B02070,10.991967,7.00848,2,EV engineering / delivery,0
B02071,11.051818,6.920053,2,EV engineering / delivery,0
B02072,8.699712,1.1153651,4,Respiratory / airway EV biology,0
B02073,9.875474,2.9916935,4,Respiratory / airway EV biology,0
B02074,10.084244,4.124394,4,Respiratory / airway EV biology,0
B02075,9.817647,1.8838925,0,MSC / regenerative EV therapy,0
B02076,12.461972,3.206923,4,Respiratory / airway EV biology,0
B02077,10.212093,1.5968701,0,MSC / regenerative EV therapy,0
B02078,11.8422575,3.941838,4,Respiratory / airway EV biology,0
B02079,8.964005,1.1131331,0,MSC / regenerative EV therapy,0
B02080,9.358645,7.4199185,2,EV engineering / delivery,0
B02081,10.128162,7.6652822,5,Lung cancer EV biology,0
B02082,11.274405,3.0751271,4,Respiratory / airway EV biology,0
B02083,10.024725,2.6910985,4,Respiratory / airway EV biology,0
B02084,8.853025,4.316455,0,MSC / regenerative EV therapy,0
B02085,9.926199,1.8378453,0,MSC / regenerative EV therapy,0
B02086,11.683182,3.1201353,4,Respiratory / airway EV biology,0
B02087,11.59349,3.1559613,4,Respiratory / airway EV biology,0
B02088,11.391187,2.8918347,4,Respiratory / airway EV biology,0
B02089,13.484629,0.68641055,0,MSC / regenerative EV therapy,0
B02090,10.305158,6.657089,2,EV engineering / delivery,0
B02091,8.86552,4.679512,1,Vascular / systemic inflammation,0
B02092,13.710814,0.8580578,0,MSC / regenerative EV therapy,0
B02093,10.66932,0.29669097,0,MSC / regenerative EV therapy,0
B02094,9.8734045,2.1545215,0,MSC / regenerative EV therapy,0
B02095,8.261614,3.8588004,1,Vascular / systemic inflammation,0
B02096,6.5632052,3.540175,3,Broad cancer EV biology,0
B02097,9.747644,9.292823,3,Broad cancer EV biology,0
B02098,8.766581,4.5443835,1,Vascular / systemic inflammation,0
B02099,9.722299,4.7300987,2,EV engineering / delivery,0
B02100,12.488773,3.0825462,4,Respiratory / airway EV biology,0
B02101,8.32107,5.3176107,2,EV engineering / delivery,0
B02102,6.7021008,4.4378686,1,Vascular / systemic inflammation,0
B02103,6.261125,4.7330317,4,Respiratory / airway EV biology,0
B02104,12.061335,9.319838,2,EV engineering / delivery,0
B02105,12.015877,3.1919835,4,Respiratory / airway EV biology,0
B02106,11.136123,3.0103087,4,Respiratory / airway EV biology,0
B02107,11.934715,9.207187,3,Broad cancer EV biology,0
B02108,10.827822,7.584597,3,Broad cancer EV biology,0
B02109,8.291912,3.5104306,1,Vascular / systemic inflammation,0
B02110,8.734996,5.424931,2,EV engineering / delivery,0
B02111,11.200457,8.740666,3,Broad cancer EV biology,0
B02112,7.848567,4.6810822,2,EV engineering / delivery,0
B02113,11.139762,2.6658723,4,Respiratory / airway EV biology,0
B02114,9.184393,4.35275,1,Vascular / systemic inflammation,0
B02115,12.005269,4.6787634,2,EV engineering / delivery,0
B02116,11.837087,4.6386237,4,Respiratory / airway EV biology,0
B02117,9.057633,4.6350965,1,Vascular / systemic inflammation,0
B02118,7.6738462,3.125869,1,Vascular / systemic inflammation,0
B02119,11.4135275,8.929623,5,Lung cancer EV biology,0
B02120,11.515573,8.877366,3,Broad cancer EV biology,0
B02121,11.216561,3.0525928,4,Respiratory / airway EV biology,0
B02122,10.837315,2.7315738,4,Respiratory / airway EV biology,0
B02123,9.206659,0.97372603,1,Vascular / systemic inflammation,0
B02124,10.053663,8.277231,5,Lung cancer EV biology,0
B02125,9.251533,6.660358,2,EV engineering / delivery,0
B02126,8.71287,9.601117,5,Lung cancer EV biology,0
B02127,9.271002,5.55221,2,EV engineering / delivery,0
B02128,10.197736,2.2628837,4,Respiratory / airway EV biology,0
B02129,8.602964,5.37766,2,EV engineering / delivery,0
B02130,11.572998,3.8264768,4,Respiratory / airway EV biology,0
B02131,9.4913435,9.542306,3,Broad cancer EV biology,0
B02132,10.96451,1.4903646,0,MSC / regenerative EV therapy,0
B02133,11.400312,3.087774,4,Respiratory / airway EV biology,0
B02134,9.128914,10.392592,5,Lung cancer EV biology,0
B02135,11.924428,3.2553725,4,Respiratory / airway EV biology,0
B02136,9.582141,5.3961744,3,Broad cancer EV biology,0
B02137,11.062491,5.777919,2,EV engineering / delivery,0
B02138,11.027637,1.8892779,0,MSC / regenerative EV therapy,0
B02139,11.235552,0.2512382,0,MSC / regenerative EV therapy,0
B02140,11.200329,0.2363494,0,MSC / regenerative EV therapy,0
B02141,9.276124,0.78525096,0,MSC / regenerative EV therapy,0
B02142,10.68625,10.283124,5,Lung cancer EV biology,0
B02143,10.167221,3.1286838,0,MSC / regenerative EV therapy,0
B02144,10.073065,9.224374,3,Broad cancer EV biology,0
B02145,11.666549,3.7064574,1,Vascular / systemic inflammation,0
B02146,9.966178,4.374548,2,EV engineering / delivery,0
B02147,9.461881,4.832655,2,EV engineering / delivery,0
B02148,10.839041,8.618339,3,Broad cancer EV biology,0
B02149,8.790978,4.3368635,1,Vascular / systemic inflammation,0
B02150,10.491065,10.137075,3,Broad cancer EV biology,0
B02151,7.9339304,7.5611434,2,EV engineering / delivery,0
B02152,8.091513,7.5389094,2,EV engineering / delivery,0
B02153,8.9521675,2.8642204,0,MSC / regenerative EV therapy,0
B02154,8.618504,3.441197,0,MSC / regenerative EV therapy,0
B02155,8.083486,8.782665,5,Lung cancer EV biology,0
B02156,11.00298,3.0068548,4,Respiratory / airway EV biology,0
B02157,9.313813,1.0021163,1,Vascular / systemic inflammation,0
B02158,11.942913,5.6206365,5,Lung cancer EV biology,0
B02159,9.376488,6.1383867,2,EV engineering / delivery,0
B02160,9.808263,8.839758,5,Lung cancer EV biology,0
B02161,11.244709,6.836069,2,EV engineering / delivery,0
B02162,11.084782,0.35385007,0,MSC / regenerative EV therapy,0
B02163,10.508367,10.210506,3,Broad cancer EV biology,0
B02164,9.51249,3.5653076,0,MSC / regenerative EV therapy,0
B02165,11.184827,2.1345394,0,MSC / regenerative EV therapy,0
B02166,10.390939,9.832534,3,Broad cancer EV biology,0
B02167,8.179538,5.770511,2,EV engineering / delivery,0
B02168,13.564809,0.9691814,0,MSC / regenerative EV therapy,0
B02169,10.855867,8.203193,3,Broad cancer EV biology,0
B02170,13.682941,0.75929,0,MSC / regenerative EV therapy,0
B02171,10.800773,1.9931749,0,MSC / regenerative EV therapy,0
B02172,13.8321705,0.79117584,5,Lung cancer EV biology,0
B02173,9.581661,3.6892395,0,MSC / regenerative EV therapy,0
B02174,10.319023,6.82596,2,EV engineering / delivery,0
B02175,9.675293,3.093398,0,MSC / regenerative EV therapy,0
B02176,9.9895315,10.738146,5,Lung cancer EV biology,0
B02177,13.91432,0.7999623,1,Vascular / systemic inflammation,0
B02178,10.837592,5.895065,2,EV engineering / delivery,0
B02179,13.800097,0.79490453,1,Vascular / systemic inflammation,0
B02180,10.287073,9.675367,5,Lung cancer EV biology,0
B02181,7.430589,7.1226325,2,EV engineering / delivery,0
B02182,9.9693985,3.2643762,1,Vascular / systemic inflammation,0
B02183,9.877285,2.483304,0,MSC / regenerative EV therapy,0
B02184,10.868197,8.664287,5,Lung cancer EV biology,0
B02185,11.101555,8.954501,5,Lung cancer EV biology,0
B02186,11.76906,8.248292,5,Lung cancer EV biology,0
B02187,8.752231,4.3716254,0,MSC / regenerative EV therapy,0
B02188,10.542516,8.567254,3,Broad cancer EV biology,0
B02189,10.762252,9.127529,5,Lung cancer EV biology,0
B02190,8.65717,4.181496,1,Vascular / systemic inflammation,0
B02191,8.306821,5.3362055,2,EV engineering / delivery,0
B02192,7.1327853,3.1650865,1,Vascular / systemic inflammation,0
B02193,10.7233715,6.6886315,2,EV engineering / delivery,0
B02194,5.754654,5.940655,1,Vascular / systemic inflammation,0
B02195,5.752967,5.935753,1,Vascular / systemic inflammation,0
B02196,5.7392073,5.9414086,1,Vascular / systemic inflammation,0
B02197,5.7507954,5.936998,1,Vascular / systemic inflammation,0
B02198,5.745035,5.940588,1,Vascular / systemic inflammation,0
B02199,9.994346,1.1695176,0,MSC / regenerative EV therapy,0
B02200,11.813061,4.753143,4,Respiratory / airway EV biology,0
B02201,11.835479,5.880365,5,Lung cancer EV biology,0
B02202,12.107617,4.252863,4,Respiratory / airway EV biology,0
B02203,8.63274,3.7496197,2,EV engineering / delivery,0
B02204,10.09321,10.020207,5,Lung cancer EV biology,0
B02205,10.9074745,7.1203866,2,EV engineering / delivery,0
B02206,10.4480715,1.407789,0,MSC / regenerative EV therapy,0
B02207,11.641264,4.996341,2,EV engineering / delivery,0
B02208,9.955483,10.814033,5,Lung cancer EV biology,0
B02209,10.956028,6.2486253,2,EV engineering / delivery,0
B02210,10.703815,0.8837014,0,MSC / regenerative EV therapy,0
B02211,6.692042,4.719853,2,EV engineering / delivery,0
B02212,9.709257,8.338977,5,Lung cancer EV biology,0
B02213,9.569294,0.9109698,1,Vascular / systemic inflammation,0
B02214,8.9056,4.034839,1,Vascular / systemic inflammation,0
B02215,10.554254,1.425266,0,MSC / regenerative EV therapy,0
B02216,12.011982,8.832916,3,Broad cancer EV biology,0
B02217,10.743593,9.812991,5,Lung cancer EV biology,0
B02218,11.849032,5.422522,2,EV engineering / delivery,0
B02219,7.240629,7.7089906,2,EV engineering / delivery,0
B02220,10.83133,3.4438117,2,EV engineering / delivery,0
B02221,10.592016,6.9356008,2,EV engineering / delivery,0
B02222,8.196036,7.5968666,2,EV engineering / delivery,0
B02223,9.51895,10.616315,5,Lung cancer EV biology,0
B02224,7.7508564,7.610958,2,EV engineering / delivery,0
B02225,8.988656,5.339913,1,Vascular / systemic inflammation,0
B02226,9.007631,8.28141,5,Lung cancer EV biology,0
B02227,7.778668,4.573225,1,Vascular / systemic inflammation,0
B02228,7.1380606,7.67458,2,EV engineering / delivery,0
B02229,10.5403,8.053194,5,Lung cancer EV biology,0
B02230,6.6451273,3.637792,5,Lung cancer EV biology,0
B02231,9.421342,8.516768,5,Lung cancer EV biology,0
B02232,9.832045,1.2844446,1,Vascular / systemic inflammation,0
B02233,10.643853,2.9007208,1,Vascular / systemic inflammation,0
B02234,9.639891,5.2190204,5,Lung cancer EV biology,0
B02235,8.973616,9.649624,3,Broad cancer EV biology,0
B02236,11.310434,4.909832,2,EV engineering / delivery,0
B02237,9.1833315,10.65433,3,Broad cancer EV biology,0
B02238,9.4222,9.723609,5,Lung cancer EV biology,0
B02239,13.795058,0.7000591,0,MSC / regenerative EV therapy,0
B02240,10.368588,6.8928137,2,EV engineering / delivery,1
B02241,10.173882,3.8831587,1,Vascular / systemic inflammation,0
B02242,11.239467,3.0231159,4,Respiratory / airway EV biology,0
B02243,11.6298485,3.160595,4,Respiratory / airway EV biology,0
B02244,10.540101,1.7951616,4,Respiratory / airway EV biology,0
B02245,11.293831,2.6854963,4,Respiratory / airway EV biology,0
B02246,11.011485,0.38349164,0,MSC / regenerative EV therapy,0
B02247,10.540786,1.5626447,0,MSC / regenerative EV therapy,0
B02248,10.849385,1.8939224,0,MSC / regenerative EV therapy,0
B02249,9.502829,3.0810862,0,MSC / regenerative EV therapy,0
B02250,10.856363,0.56255627,0,MSC / regenerative EV therapy,0
B02251,9.41442,3.7127411,0,MSC / regenerative EV therapy,0
B02252,8.513782,2.587908,1,Vascular / systemic inflammation,0
B02253,13.814313,0.66214526,0,MSC / regenerative EV therapy,0
B02254,11.88104,1.3699538,0,MSC / regenerative EV therapy,0
B02255,9.847325,3.4503617,0,MSC / regenerative EV therapy,0
B02256,10.590255,1.7430782,0,MSC / regenerative EV therapy,0
B02257,10.430829,2.3261833,0,MSC / regenerative EV therapy,0
B02258,13.632677,0.6091969,0,MSC / regenerative EV therapy,0
B02259,12.788977,7.2425776,0,MSC / regenerative EV therapy,0
B02260,10.688984,1.7340006,0,MSC / regenerative EV therapy,0
B02261,10.377716,9.883053,5,Lung cancer EV biology,0
B02262,10.288412,9.00481,3,Broad cancer EV biology,0
B02263,10.581503,10.984011,5,Lung cancer EV biology,0
B02264,10.564009,8.371338,5,Lung cancer EV biology,0
B02265,10.812873,9.865359,5,Lung cancer EV biology,0
B02266,10.8349085,9.875665,5,Lung cancer EV biology,0
B02267,10.683961,0.5084233,0,MSC / regenerative EV therapy,0
B02268,11.148103,10.22744,5,Lung cancer EV biology,0
B02269,8.502211,5.1190014,1,Vascular / systemic inflammation,0
B02270,10.634188,3.0240662,5,Lung cancer EV biology,0
B02271,8.89773,9.497319,5,Lung cancer EV biology,0
B02272,8.826235,8.509366,5,Lung cancer EV biology,0
B02273,8.428643,4.068616,1,Vascular / systemic inflammation,0
B02274,6.177725,4.8136315,3,Broad cancer EV biology,0
B02275,9.685406,10.67147,5,Lung cancer EV biology,0
B02276,9.31273,10.441992,5,Lung cancer EV biology,0
B02277,12.487726,4.8328776,1,Vascular / systemic inflammation,0
B02278,9.145594,9.877568,5,Lung cancer EV biology,0
B02279,10.644434,3.1508527,5,Lung cancer EV biology,0
B02280,8.625382,7.8436294,2,EV engineering / delivery,0
B02281,9.559523,10.623827,5,Lung cancer EV biology,0
B02282,11.043764,2.3237984,0,MSC / regenerative EV therapy,0
B02283,9.232365,0.802451,0,MSC / regenerative EV therapy,0
B02284,8.449359,3.7433505,1,Vascular / systemic inflammation,0
B02285,11.599991,7.747574,5,Lung cancer EV biology,0
B02286,11.818173,4.8910894,2,EV engineering / delivery,0
B02287,11.489054,7.6343117,5,Lung cancer EV biology,0
B02288,9.337029,9.66716,3,Broad cancer EV biology,0
B02289,8.797466,1.8379699,1,Vascular / systemic inflammation,0
B02290,10.723207,8.543798,2,EV engineering / delivery,0
B02291,7.6873055,8.018508,2,EV engineering / delivery,0
B02292,8.344198,5.8705444,2,EV engineering / delivery,0
B02293,11.682539,9.174393,3,Broad cancer EV biology,0
B02294,10.105368,2.1730075,4,Respiratory / airway EV biology,0
B02295,8.700554,2.461263,0,MSC / regenerative EV therapy,0
B02296,12.641983,3.5433824,4,Respiratory / airway EV biology,0
B02297,10.407687,9.489365,3,Broad cancer EV biology,0
B02298,11.024251,0.1130099,1,Vascular / systemic inflammation,0
B02299,7.929576,7.819344,2,EV engineering / delivery,0
B02300,11.361442,8.270472,5,Lung cancer EV biology,0
B02301,8.309178,9.12117,5,Lung cancer EV biology,0
B02302,9.885234,7.046308,2,EV engineering / delivery,0
B02303,8.222171,4.711258,1,Vascular / systemic inflammation,0
B02304,11.184154,8.13523,3,Broad cancer EV biology,0
B02305,12.287056,5.0978575,2,EV engineering / delivery,0
B02306,13.323361,0.62616307,0,MSC / regenerative EV therapy,0
B02307,9.559332,5.697697,2,EV engineering / delivery,0
B02308,10.720986,6.916052,2,EV engineering / delivery,0
B02309,10.461758,10.044395,3,Broad cancer EV biology,0
B02310,13.712806,0.92233443,4,Respiratory / airway EV biology,0
B02311,11.576363,4.6420627,2,EV engineering / delivery,0
B02312,13.775889,0.7776791,0,MSC / regenerative EV therapy,0
B02313,9.977427,1.9059218,0,MSC / regenerative EV therapy,0
B02314,8.642295,8.028633,1,Vascular / systemic inflammation,0
B02315,8.969814,5.134633,4,Respiratory / airway EV biology,0
B02316,11.090698,2.0337462,0,MSC / regenerative EV therapy,0
B02317,10.650149,1.927503,0,MSC / regenerative EV therapy,0
B02318,11.137751,1.8986151,0,MSC / regenerative EV therapy,0
B02319,10.794527,7.0018406,5,Lung cancer EV biology,0
B02320,10.599879,2.5758712,4,Respiratory / airway EV biology,0
B02321,10.644826,3.7556837,4,Respiratory / airway EV biology,0
B02322,9.750008,1.4168056,0,MSC / regenerative EV therapy,0
B02323,10.364648,9.215321,5,Lung cancer EV biology,0
B02324,12.595412,4.8604717,4,Respiratory / airway EV biology,0
B02325,11.868823,3.8501952,4,Respiratory / airway EV biology,0
B02326,7.825815,8.954453,3,Broad cancer EV biology,0
B02327,7.982502,10.573855,5,Lung cancer EV biology,0
B02328,12.014242,4.0857244,4,Respiratory / airway EV biology,0
B02329,8.896199,5.365101,1,Vascular / systemic inflammation,0
B02330,8.051552,6.800461,2,EV engineering / delivery,0
B02331,8.098538,7.688207,2,EV engineering / delivery,0
B02332,7.6589246,8.203663,5,Lung cancer EV biology,0
B02333,6.325361,4.823042,4,Respiratory / airway EV biology,0
B02334,10.886659,9.99385,5,Lung cancer EV biology,0
B02335,7.456532,7.9099245,2,EV engineering / delivery,0
B02336,12.335839,3.210532,4,Respiratory / airway EV biology,0
B02337,11.611927,5.0290213,2,EV engineering / delivery,0
B02338,9.864878,10.179601,5,Lung cancer EV biology,0
B02339,8.829115,9.160927,3,Broad cancer EV biology,0
B02340,10.348371,10.156579,5,Lung cancer EV biology,0
B02341,11.356803,8.108527,5,Lung cancer EV biology,0
B02342,10.442062,7.0585866,2,EV engineering / delivery,0
B02343,8.336993,4.7896457,1,Vascular / systemic inflammation,0
B02344,13.805187,0.58284956,0,MSC / regenerative EV therapy,0
B02345,12.70423,3.2606668,4,Respiratory / airway EV biology,0
B02346,8.094841,5.6461754,2,EV engineering / delivery,0
B02347,10.051015,5.4087915,2,EV engineering / delivery,0
B02348,12.811973,2.9806616,4,Respiratory / airway EV biology,0
B02349,10.91373,8.417325,5,Lung cancer EV biology,0
B02350,11.98326,5.6410475,5,Lung cancer EV biology,0
B02351,12.012412,5.6690793,5,Lung cancer EV biology,0
B02352,9.822632,5.601032,2,EV engineering / delivery,0
B02353,8.599122,5.791087,2,EV engineering / delivery,0
B02354,11.586218,3.0963585,4,Respiratory / airway EV biology,0
B02355,11.300866,1.0218055,4,Respiratory / airway EV biology,0
B02356,9.747803,8.370261,3,Broad cancer EV biology,0
B02357,12.266158,3.2980683,4,Respiratory / airway EV biology,0
B02358,9.2189,10.895429,3,Broad cancer EV biology,0
B02359,9.388577,10.256128,3,Broad cancer EV biology,0
B02360,11.984987,4.9562836,2,EV engineering / delivery,0
B02361,9.487714,9.288823,4,Respiratory / airway EV biology,0
B02362,8.956474,3.8837533,1,Vascular / systemic inflammation,0
B02363,12.729277,3.2551703,4,Respiratory / airway EV biology,0
B02364,11.568313,2.2725544,1,Vascular / systemic inflammation,0
B02365,9.300907,9.606576,2,EV engineering / delivery,0
B02366,10.064155,9.669375,3,Broad cancer EV biology,0
B02367,11.411488,6.963904,2,EV engineering / delivery,0
B02368,10.958744,10.167217,5,Lung cancer EV biology,0
B02369,9.372134,0.8036325,4,Respiratory / airway EV biology,0
B02370,8.922359,1.620238,1,Vascular / systemic inflammation,0
B02371,12.075834,4.9554095,2,EV engineering / delivery,0
B02372,10.783416,8.731509,5,Lung cancer EV biology,0
B02373,8.563316,4.1827083,1,Vascular / systemic inflammation,0
B02374,8.630395,5.2214656,4,Respiratory / airway EV biology,0
B02375,10.896401,9.08834,5,Lung cancer EV biology,0
B02376,9.680813,1.2237469,4,Respiratory / airway EV biology,0
B02377,11.329054,6.388936,2,EV engineering / delivery,0
B02378,10.494757,7.396678,3,Broad cancer EV biology,0
B02379,10.424988,3.5262513,4,Respiratory / airway EV biology,0
B02380,10.3843565,1.8718307,4,Respiratory / airway EV biology,0
B02381,11.033428,2.1850994,4,Respiratory / airway EV biology,0
B02382,8.560025,9.911837,3,Broad cancer EV biology,0
B02383,10.658867,1.9854765,0,MSC / regenerative EV therapy,0
B02384,11.829528,3.9590635,4,Respiratory / airway EV biology,0
B02385,11.3856325,2.4810557,4,Respiratory / airway EV biology,0
B02386,11.429296,6.954522,2,EV engineering / delivery,0
B02387,12.456889,2.5812836,4,Respiratory / airway EV biology,0
B02388,8.92136,4.6723037,1,Vascular / systemic inflammation,0
B02389,8.826034,5.1438737,1,Vascular / systemic inflammation,0
B02390,10.121452,9.893598,2,EV engineering / delivery,0
B02391,9.8147745,1.0070242,1,Vascular / systemic inflammation,0
B02392,7.7647824,7.9147687,2,EV engineering / delivery,0
B02393,11.279112,6.8140507,2,EV engineering / delivery,0
B02394,10.640308,0.7205069,4,Respiratory / airway EV biology,0
B02395,7.552843,9.132564,3,Broad cancer EV biology,0
B02396,7.655718,9.161423,3,Broad cancer EV biology,0
B02397,7.547359,8.986749,5,Lung cancer EV biology,0
B02398,7.5578947,9.012914,5,Lung cancer EV biology,0
B02399,8.775819,9.7319975,5,Lung cancer EV biology,0
B02400,7.894621,10.677933,5,Lung cancer EV biology,0
B02401,7.7262816,9.220944,3,Broad cancer EV biology,0
B02402,7.9071417,10.5906,5,Lung cancer EV biology,0
B02403,7.9038277,10.262986,3,Broad cancer EV biology,0
B02404,7.632724,9.082096,3,Broad cancer EV biology,0
B02405,7.7195587,10.625265,5,Lung cancer EV biology,0
B02406,7.749988,10.508446,5,Lung cancer EV biology,0
B02407,7.69954,10.256819,3,Broad cancer EV biology,0
B02408,7.659953,9.0722275,3,Broad cancer EV biology,0
B02409,7.6613812,9.042398,3,Broad cancer EV biology,0
B02410,8.80451,1.9937378,0,MSC / regenerative EV therapy,0
B02411,10.371533,6.646148,2,EV engineering / delivery,0
B02412,10.17411,10.41832,5,Lung cancer EV biology,0
B02413,9.840582,0.9722585,0,MSC / regenerative EV therapy,0
B02414,11.736128,2.307768,4,Respiratory / airway EV biology,0
B02415,6.616346,3.4722252,1,Vascular / systemic inflammation,0
B02416,11.419019,5.507105,4,Respiratory / airway EV biology,0
B02417,10.828396,7.722258,2,EV engineering / delivery,0
B02418,10.317744,9.931982,5,Lung cancer EV biology,0
B02419,7.696885,8.276895,2,EV engineering / delivery,0
B02420,9.874896,1.8183736,4,Respiratory / airway EV biology,0
B02421,10.032184,1.7894906,0,MSC / regenerative EV therapy,0
B02422,10.935016,2.675243,0,MSC / regenerative EV therapy,0
B02423,11.397227,9.618425,5,Lung cancer EV biology,0
B02424,10.803485,9.920307,5,Lung cancer EV biology,0
B02425,10.617296,2.3592238,0,MSC / regenerative EV therapy,0
B02426,9.364247,1.1833256,4,Respiratory / airway EV biology,0
B02427,11.410299,6.8392854,2,EV engineering / delivery,0
B02428,8.001505,2.4278808,0,MSC / regenerative EV therapy,0
B02429,8.830593,2.2197523,0,MSC / regenerative EV therapy,0
B02430,10.179213,3.0709994,1,Vascular / systemic inflammation,0
B02431,11.146369,10.150067,5,Lung cancer EV biology,0
B02432,11.847881,2.1219594,4,Respiratory / airway EV biology,0
B02433,13.5841675,0.78385293,0,MSC / regenerative EV therapy,0
B02434,9.1184435,3.7871215,1,Vascular / systemic inflammation,0
B02435,11.028389,10.164644,5,Lung cancer EV biology,0
B02436,13.739157,0.6789695,0,MSC / regenerative EV therapy,0
B02437,10.136427,10.588754,5,Lung cancer EV biology,0
B02438,10.381231,10.722458,5,Lung cancer EV biology,0
B02439,8.216122,7.649279,2,EV engineering / delivery,0
B02440,9.474046,9.85157,3,Broad cancer EV biology,0
B02441,8.105701,7.607666,2,EV engineering / delivery,0
B02442,9.606661,10.609958,5,Lung cancer EV biology,0
B02443,10.166392,1.3096638,0,MSC / regenerative EV therapy,0
B02444,11.174825,2.8132353,4,Respiratory / airway EV biology,0
B02445,9.059344,4.0632863,1,Vascular / systemic inflammation,0
B02446,9.12718,4.1582065,1,Vascular / systemic inflammation,0
B02447,12.036412,2.0625844,0,MSC / regenerative EV therapy,0
B02448,9.090941,0.9436965,1,Vascular / systemic inflammation,0
B02449,13.725078,0.8108654,0,MSC / regenerative EV therapy,0
B02450,11.112407,6.349314,2,EV engineering / delivery,0
B02451,10.344434,4.527009,2,EV engineering / delivery,0
B02452,10.893933,2.5870023,4,Respiratory / airway EV biology,0
B02453,11.745466,1.7687693,4,Respiratory / airway EV biology,0
B02454,10.09007,3.1472397,1,Vascular / systemic inflammation,0
B02455,10.40049,1.6002376,0,MSC / regenerative EV therapy,0
B02456,10.300439,1.9551452,0,MSC / regenerative EV therapy,0
B02457,10.201474,9.40941,5,Lung cancer EV biology,0
B02458,9.27774,0.7553052,0,MSC / regenerative EV therapy,0
B02459,9.706381,3.3396049,1,Vascular / systemic inflammation,0
B02460,9.447094,3.60375,0,MSC / regenerative EV therapy,0
B02461,10.190283,3.8411667,1,Vascular / systemic inflammation,0
B02462,10.578277,6.8363957,2,EV engineering / delivery,0
B02463,11.290428,5.394637,4,Respiratory / airway EV biology,0
B02464,8.610254,5.8693504,2,EV engineering / delivery,0
B02465,11.638026,5.9875145,2,EV engineering / delivery,0
B02466,9.4445715,2.5064054,1,Vascular / systemic inflammation,0
B02467,9.994527,8.302114,5,Lung cancer EV biology,0
B02468,11.868173,1.4945337,5,Lung cancer EV biology,0
B02469,11.280227,7.940927,5,Lung cancer EV biology,0
B02470,11.397112,10.052949,5,Lung cancer EV biology,0
B02471,12.518379,2.5132434,4,Respiratory / airway EV biology,0
B02472,10.637924,9.984742,5,Lung cancer EV biology,0
B02473,10.631656,6.5852923,2,EV engineering / delivery,0
B02474,10.727036,2.1414196,0,MSC / regenerative EV therapy,0
B02475,10.232019,0.9840793,0,MSC / regenerative EV therapy,0
B02476,12.423767,4.9501014,1,Vascular / systemic inflammation,0
B02477,8.41396,5.9298186,2,EV engineering / delivery,0
B02478,8.565263,8.925558,5,Lung cancer EV biology,0
B02479,8.148861,4.7885833,1,Vascular / systemic inflammation,0
B02480,11.166301,6.403374,5,Lung cancer EV biology,0
B02481,10.135348,0.8902449,4,Respiratory / airway EV biology,0
B02482,12.292361,2.1288674,0,MSC / regenerative EV therapy,0
B02483,11.226567,1.9781202,0,MSC / regenerative EV therapy,0
B02484,9.691874,3.197404,0,MSC / regenerative EV therapy,0
B02485,9.458481,3.683444,0,MSC / regenerative EV therapy,0
B02486,9.407469,3.2531629,0,MSC / regenerative EV therapy,0
B02487,11.15712,5.811325,0,MSC / regenerative EV therapy,0
B02488,9.460596,2.2792373,0,MSC / regenerative EV therapy,0
B02489,9.121306,0.85879296,0,MSC / regenerative EV therapy,0
B02490,10.616994,7.888297,3,Broad cancer EV biology,0
B02491,10.044045,5.892363,0,MSC / regenerative EV therapy,0
B02492,9.474727,4.824303,2,EV engineering / delivery,0
B02493,9.439187,3.6539013,0,MSC / regenerative EV therapy,0
B02494,13.476606,0.66531366,0,MSC / regenerative EV therapy,0
B02495,12.850423,2.6011882,4,Respiratory / airway EV biology,0
B02496,9.301595,4.4514327,0,MSC / regenerative EV therapy,0
B02497,9.711225,2.2639658,0,MSC / regenerative EV therapy,0
B02498,9.084831,2.6736891,0,MSC / regenerative EV therapy,0
B02499,9.874256,1.5684899,0,MSC / regenerative EV therapy,0
B02500,9.227273,1.6125879,0,MSC / regenerative EV therapy,0
B02501,9.918773,1.9364812,0,MSC / regenerative EV therapy,0
B02502,9.419488,2.3029695,0,MSC / regenerative EV therapy,0
B02503,10.23996,1.4624547,0,MSC / regenerative EV therapy,0
B02504,12.782161,7.333046,0,MSC / regenerative EV therapy,0
B02505,12.161324,9.229629,2,EV engineering / delivery,0
B02506,9.036075,2.5909986,0,MSC / regenerative EV therapy,0
B02507,9.102704,0.98855245,0,MSC / regenerative EV therapy,0
B02508,9.171935,2.9368613,0,MSC / regenerative EV therapy,0
B02509,9.903967,1.8458313,0,MSC / regenerative EV therapy,0
B02510,9.816528,1.7381831,0,MSC / regenerative EV therapy,0
B02511,8.987937,3.9233778,0,MSC / regenerative EV therapy,0
B02512,11.884153,4.1118464,4,Respiratory / airway EV biology,0
B02513,10.476104,2.1212835,0,MSC / regenerative EV therapy,0
B02514,10.993567,9.044893,5,Lung cancer EV biology,0
B02515,7.749465,2.010158,1,Vascular / systemic inflammation,0
B02516,11.035692,8.562803,1,Vascular / systemic inflammation,0
B02517,13.662634,0.8177049,4,Respiratory / airway EV biology,0
B02518,8.966023,7.344651,2,EV engineering / delivery,0
B02519,12.119813,3.215494,4,Respiratory / airway EV biology,0
B02520,13.500631,0.85425127,0,MSC / regenerative EV therapy,0
B02521,13.71292,0.87896866,0,MSC / regenerative EV therapy,0
B02522,11.8257475,5.766606,2,EV engineering / delivery,0
B02523,11.895043,4.4771943,4,Respiratory / airway EV biology,0
B02524,7.8795753,7.528521,2,EV engineering / delivery,0
B02525,7.79371,8.172469,3,Broad cancer EV biology,0
B02526,10.548851,10.046519,5,Lung cancer EV biology,0
B02527,13.602403,0.8875036,2,EV engineering / delivery,0
B02528,10.892382,2.2118905,0,MSC / regenerative EV therapy,0
B02529,8.735235,10.670243,5,Lung cancer EV biology,0
B02530,8.848257,10.715956,3,Broad cancer EV biology,0
B02531,8.154531,5.1044707,1,Vascular / systemic inflammation,0
B02532,12.756918,2.6797268,4,Respiratory / airway EV biology,0
B02533,9.528783,10.903536,3,Broad cancer EV biology,0
B02534,8.175912,5.1743298,1,Vascular / systemic inflammation,0
B02535,11.317501,7.824521,5,Lung cancer EV biology,0
B02536,7.5486436,7.8958783,2,EV engineering / delivery,0
B02537,8.908788,0.94613963,1,Vascular / systemic inflammation,0
B02538,12.306738,4.5254307,4,Respiratory / airway EV biology,0
B02539,9.840685,1.6381743,0,MSC / regenerative EV therapy,0
B02540,12.363481,2.1283875,4,Respiratory / airway EV biology,0
B02541,9.630497,5.141348,4,Respiratory / airway EV biology,0
B02542,10.433295,4.1291156,4,Respiratory / airway EV biology,0
B02543,10.17073,2.9392014,4,Respiratory / airway EV biology,0
B02544,13.2482395,4.722277,4,Respiratory / airway EV biology,0
B02545,9.9116535,1.026899,0,MSC / regenerative EV therapy,0
B02546,10.082857,1.2496547,4,Respiratory / airway EV biology,0
B02547,10.010296,1.8557299,0,MSC / regenerative EV therapy,0
B02548,11.723863,1.5005779,0,MSC / regenerative EV therapy,0
B02549,9.94539,8.68476,5,Lung cancer EV biology,0
B02550,9.257935,7.4582005,5,Lung cancer EV biology,0
B02551,10.090968,8.0734825,3,Broad cancer EV biology,0
B02552,12.355579,2.5350792,4,Respiratory / airway EV biology,0
B02553,10.898407,0.5475409,0,MSC / regenerative EV therapy,0
B02554,8.992163,3.7825768,0,MSC / regenerative EV therapy,0
B02555,9.49183,0.773796,0,MSC / regenerative EV therapy,0
B02556,10.220302,1.8223419,0,MSC / regenerative EV therapy,0
B02557,10.864625,0.5123644,0,MSC / regenerative EV therapy,0
B02558,9.933,10.921209,5,Lung cancer EV biology,0
B02559,9.862285,10.40177,5,Lung cancer EV biology,0
B02560,8.887231,10.772464,3,Broad cancer EV biology,0
B02561,8.9397335,7.9119744,1,Vascular / systemic inflammation,0
B02562,9.062347,4.630261,1,Vascular / systemic inflammation,0
B02563,9.766511,4.354083,4,Respiratory / airway EV biology,0
B02564,9.748421,5.3033204,5,Lung cancer EV biology,0
B02565,9.531283,4.7281547,0,MSC / regenerative EV therapy,0
B02566,9.135582,0.91230667,1,Vascular / systemic inflammation,0
B02567,9.65511,4.474922,1,Vascular / systemic inflammation,0
B02568,9.88773,4.3984833,4,Respiratory / airway EV biology,0
B02569,9.525906,4.7259955,0,MSC / regenerative EV therapy,0
B02570,13.517192,1.0136455,2,EV engineering / delivery,0
B02571,10.781562,6.7447147,2,EV engineering / delivery,0
B02572,12.006548,4.9833117,1,Vascular / systemic inflammation,0
B02573,7.1304507,8.069758,2,EV engineering / delivery,0
B02574,9.132664,2.8051558,0,MSC / regenerative EV therapy,0
B02575,8.694564,2.1548412,0,MSC / regenerative EV therapy,0
B02576,8.144809,4.3386464,1,Vascular / systemic inflammation,0
B02577,8.350243,5.8394322,2,EV engineering / delivery,0
B02578,9.738951,9.462078,3,Broad cancer EV biology,0
B02579,9.301725,8.352987,5,Lung cancer EV biology,0
B02580,7.594034,2.34313,1,Vascular / systemic inflammation,0
B02581,10.498842,4.543405,5,Lung cancer EV biology,0
B02582,11.617225,4.8362536,2,EV engineering / delivery,0
B02583,11.924968,4.00319,4,Respiratory / airway EV biology,0
B02584,10.673863,2.6068108,1,Vascular / systemic inflammation,0
B02585,9.883922,0.92408025,0,MSC / regenerative EV therapy,0
B02586,12.604425,3.298725,4,Respiratory / airway EV biology,0
B02587,9.600434,6.1589236,2,EV engineering / delivery,0
B02588,9.614546,6.1326194,0,MSC / regenerative EV therapy,0
B02589,9.843644,6.455955,3,Broad cancer EV biology,0
B02590,11.086682,1.8884743,0,MSC / regenerative EV therapy,0
B02591,10.579507,2.0253115,0,MSC / regenerative EV therapy,0
B02592,8.979699,1.1409876,0,MSC / regenerative EV therapy,0
B02593,12.538892,2.4684007,4,Respiratory / airway EV biology,0
B02594,9.071656,4.031253,0,MSC / regenerative EV therapy,0
B02595,9.749461,3.5360124,0,MSC / regenerative EV therapy,0
B02596,13.746733,0.6498439,0,MSC / regenerative EV therapy,0
B02597,8.957249,9.76473,3,Broad cancer EV biology,0
B02598,9.812768,9.942221,5,Lung cancer EV biology,0
B02599,9.403033,10.33624,3,Broad cancer EV biology,0
B02600,8.614352,3.6131885,0,MSC / regenerative EV therapy,0
B02601,8.933751,4.3938212,2,EV engineering / delivery,0
B02602,11.696851,4.831803,2,EV engineering / delivery,0
B02603,8.923291,4.3535385,0,MSC / regenerative EV therapy,0
B02604,8.512141,5.912365,2,EV engineering / delivery,0
B02605,8.377374,7.667499,2,EV engineering / delivery,0
B02606,7.307674,8.393375,5,Lung cancer EV biology,0
B02607,10.43532,8.667236,3,Broad cancer EV biology,0
B02608,10.194609,6.0336394,2,EV engineering / delivery,0
B02609,10.930004,7.273473,5,Lung cancer EV biology,0
B02610,8.607673,3.9165614,1,Vascular / systemic inflammation,0
B02611,10.755225,3.1628354,2,EV engineering / delivery,0
B02612,9.795811,6.2610993,2,EV engineering / delivery,0
B02613,8.696652,3.6432312,0,MSC / regenerative EV therapy,0
B02614,7.7617197,7.5753193,2,EV engineering / delivery,0
B02615,10.318826,5.509138,2,EV engineering / delivery,0
B02616,10.872727,2.7581356,4,Respiratory / airway EV biology,0
B02617,12.137561,3.2552989,4,Respiratory / airway EV biology,0
B02618,10.181398,2.2355201,0,MSC / regenerative EV therapy,0
B02619,10.268759,6.8375072,2,EV engineering / delivery,0
B02620,13.605545,0.6867562,2,EV engineering / delivery,0
B02621,11.355489,7.2388515,5,Lung cancer EV biology,0
B02622,11.437264,9.242852,3,Broad cancer EV biology,0
B02623,10.111373,9.788458,5,Lung cancer EV biology,0
B02624,10.265513,1.7777648,0,MSC / regenerative EV therapy,0
B02625,11.579995,1.9129807,0,MSC / regenerative EV therapy,0
B02626,10.627804,1.7678043,0,MSC / regenerative EV therapy,0
B02627,11.356421,2.7512314,4,Respiratory / airway EV biology,0
B02628,9.447303,4.697287,1,Vascular / systemic inflammation,0
B02629,9.167561,0.8780341,1,Vascular / systemic inflammation,0
B02630,11.163754,3.4151356,4,Respiratory / airway EV biology,1
B02631,11.1751995,3.5418682,1,Vascular / systemic inflammation,0
B02632,8.105803,3.8250952,1,Vascular / systemic inflammation,0
B02633,7.983954,4.2530494,1,Vascular / systemic inflammation,0
B02634,11.713916,4.9895706,2,EV engineering / delivery,0
B02635,9.628222,1.1736401,1,Vascular / systemic inflammation,0
B02636,12.422752,4.5401173,4,Respiratory / airway EV biology,0
B02637,10.369395,3.2639055,4,Respiratory / airway EV biology,0
B02638,7.9516773,10.533457,5,Lung cancer EV biology,0
B02639,12.386395,2.1385474,0,MSC / regenerative EV therapy,0
B02640,7.2434187,8.23424,5,Lung cancer EV biology,0
B02641,11.02337,7.1695237,5,Lung cancer EV biology,0
B02642,9.535378,6.1696916,2,EV engineering / delivery,0
B02643,13.116916,4.6892524,4,Respiratory / airway EV biology,0
B02644,11.426563,3.3753827,4,Respiratory / airway EV biology,0
B02645,9.151273,4.24827,0,MSC / regenerative EV therapy,0
B02646,10.657339,7.1180286,2,EV engineering / delivery,0
B02647,13.231285,4.7769346,4,Respiratory / airway EV biology,0
B02648,9.754632,9.41495,2,EV engineering / delivery,0
B02649,8.422265,7.4444213,2,EV engineering / delivery,0
B02650,8.559028,2.2615786,0,MSC / regenerative EV therapy,0
B02651,12.115132,9.28457,2,EV engineering / delivery,0
B02652,11.626285,7.8575797,2,EV engineering / delivery,0
B02653,10.133048,9.270631,5,Lung cancer EV biology,0
B02654,10.357767,5.527728,2,EV engineering / delivery,0
B02655,8.961631,10.122348,3,Broad cancer EV biology,0
B02656,9.603861,10.80135,5,Lung cancer EV biology,0
B02657,12.659625,2.4480522,0,MSC / regenerative EV therapy,0
B02658,10.355364,9.622062,5,Lung cancer EV biology,0
B02659,7.0003524,7.7420697,2,EV engineering / delivery,0
B02660,11.097898,10.304711,5,Lung cancer EV biology,0
B02661,9.871081,3.6650472,0,MSC / regenerative EV therapy,0
B02662,10.394851,2.1648505,4,Respiratory / airway EV biology,0
B02663,11.918745,3.642181,4,Respiratory / airway EV biology,0
B02664,9.44824,4.128046,0,MSC / regenerative EV therapy,0
B02665,9.489681,4.1618576,0,MSC / regenerative EV therapy,0
B02666,9.493424,4.2888584,0,MSC / regenerative EV therapy,0
B02667,9.126086,9.803588,2,EV engineering / delivery,0
B02668,9.737941,9.067336,5,Lung cancer EV biology,0
B02669,10.801891,9.664021,5,Lung cancer EV biology,0
B02670,8.3071785,7.47599,2,EV engineering / delivery,0
B02671,9.807424,6.3111353,2,EV engineering / delivery,0
B02672,10.984346,1.7701244,0,MSC / regenerative EV therapy,0
B02673,8.916209,9.923074,5,Lung cancer EV biology,0
B02674,10.489798,6.851654,2,EV engineering / delivery,0
B02675,13.6721,0.4241799,0,MSC / regenerative EV therapy,0
B02676,8.913005,5.10109,4,Respiratory / airway EV biology,0
B02677,11.506695,9.657636,5,Lung cancer EV biology,0
B02678,11.154461,9.745904,3,Broad cancer EV biology,0
B02679,11.378807,8.257299,5,Lung cancer EV biology,0
B02680,10.528974,9.8843565,5,Lung cancer EV biology,0
B02681,11.011582,7.94711,3,Broad cancer EV biology,0
B02682,11.172357,3.4197547,4,Respiratory / airway EV biology,0
B02683,10.95157,6.8218856,2,EV engineering / delivery,0
B02684,10.415876,8.787431,3,Broad cancer EV biology,0
B02685,11.417578,2.5771525,4,Respiratory / airway EV biology,0
B02686,13.494719,0.6626406,0,MSC / regenerative EV therapy,0
B02687,8.825588,4.195917,1,Vascular / systemic inflammation,0
B02688,11.504773,2.7082787,4,Respiratory / airway EV biology,0
B02689,10.459482,3.5204594,1,Vascular / systemic inflammation,0
B02690,7.180686,3.4433289,1,Vascular / systemic inflammation,0
B02691,8.513616,9.051414,3,Broad cancer EV biology,0
B02692,10.460673,8.331106,3,Broad cancer EV biology,0
B02693,10.440064,8.81503,3,Broad cancer EV biology,0
B02694,11.231553,8.910964,5,Lung cancer EV biology,0
B02695,13.385551,4.735448,4,Respiratory / airway EV biology,0
B02696,9.4115505,9.841558,5,Lung cancer EV biology,0
B02697,11.684871,1.6474099,1,Vascular / systemic inflammation,0
B02698,9.978517,4.1411095,1,Vascular / systemic inflammation,0
B02699,9.420785,5.280207,5,Lung cancer EV biology,0
B02700,9.929086,9.700068,3,Broad cancer EV biology,0
B02701,9.364317,0.8270805,0,MSC / regenerative EV therapy,0
B02702,11.35664,6.7532635,2,EV engineering / delivery,0
B02703,10.805611,6.032297,2,EV engineering / delivery,0
B02704,9.004189,8.486349,5,Lung cancer EV biology,0
B02705,8.863921,7.4575925,2,EV engineering / delivery,0
B02706,10.172765,10.09242,3,Broad cancer EV biology,0
B02707,10.662607,9.356189,3,Broad cancer EV biology,0
B02708,11.391385,6.908229,2,EV engineering / delivery,0
B02709,11.444263,7.9559674,3,Broad cancer EV biology,0
B02710,9.531697,9.583245,3,Broad cancer EV biology,0
B02711,7.856225,4.0033145,4,Respiratory / airway EV biology,0
B02712,10.457373,5.6833735,2,EV engineering / delivery,0
B02713,11.587299,5.726107,2,EV engineering / delivery,0
B02714,8.360096,10.36873,5,Lung cancer EV biology,0
B02715,9.148004,0.9284937,4,Respiratory / airway EV biology,0
B02716,9.408889,0.81377906,1,Vascular / systemic inflammation,0
B02717,8.881155,10.762992,5,Lung cancer EV biology,0
B02718,11.101357,0.85003746,4,Respiratory / airway EV biology,0
B02719,12.563803,3.1790433,4,Respiratory / airway EV biology,0
B02720,7.9423,3.0391197,1,Vascular / systemic inflammation,0
B02721,8.2893305,4.197367,1,Vascular / systemic inflammation,0
B02722,8.388001,3.6925673,1,Vascular / systemic inflammation,0
B02723,9.245855,10.568573,5,Lung cancer EV biology,0
B02724,9.556136,6.174822,2,EV engineering / delivery,0
B02725,9.342725,4.388169,4,Respiratory / airway EV biology,0
B02726,11.10662,9.105832,3,Broad cancer EV biology,0
B02727,7.390847,3.1419096,1,Vascular / systemic inflammation,0
B02728,12.020521,7.861073,2,EV engineering / delivery,0
B02729,10.484175,1.7212214,0,MSC / regenerative EV therapy,0
B02730,12.108799,5.097844,2,EV engineering / delivery,0
B02731,8.432943,4.716045,1,Vascular / systemic inflammation,0
B02732,11.706902,4.7871757,4,Respiratory / airway EV biology,0
B02733,8.59495,5.520107,2,EV engineering / delivery,0
B02734,13.776333,0.8089565,4,Respiratory / airway EV biology,0
B02735,13.837567,0.8404984,0,MSC / regenerative EV therapy,0
B02736,11.927456,4.6438985,4,Respiratory / airway EV biology,0
B02737,12.109384,3.1758819,4,Respiratory / airway EV biology,0
B02738,8.942599,7.2366214,3,Broad cancer EV biology,0
B02739,9.323309,3.4946272,0,MSC / regenerative EV therapy,0
B02740,7.781762,10.574887,5,Lung cancer EV biology,0
B02741,8.765092,9.812338,5,Lung cancer EV biology,0
B02742,8.760736,3.6465,1,Vascular / systemic inflammation,0
B02743,7.3492813,2.4675753,1,Vascular / systemic inflammation,0
B02744,7.3955326,8.356539,5,Lung cancer EV biology,0
B02745,9.059601,2.8162441,1,Vascular / systemic inflammation,0
B02746,8.048476,8.837928,5,Lung cancer EV biology,0
B02747,9.85453,1.8375803,0,MSC / regenerative EV therapy,0
B02748,7.7648034,4.612555,1,Vascular / systemic inflammation,0
B02749,8.225742,10.492704,5,Lung cancer EV biology,0
B02750,9.839711,8.650269,3,Broad cancer EV biology,0
B02751,7.318419,8.052333,2,EV engineering / delivery,0
B02752,10.9062395,5.06953,2,EV engineering / delivery,0
B02753,11.716979,5.2574778,2,EV engineering / delivery,0
B02754,10.470886,1.2480837,0,MSC / regenerative EV therapy,0
B02755,9.401331,10.271305,3,Broad cancer EV biology,0
B02756,9.509163,10.182148,3,Broad cancer EV biology,0
B02757,9.544711,1.5115613,1,Vascular / systemic inflammation,0
B02758,9.619428,6.2118626,2,EV engineering / delivery,0
B02759,8.563996,5.4892907,4,Respiratory / airway EV biology,0
B02760,10.468903,6.6005826,2,EV engineering / delivery,0
B02761,9.506312,6.9936433,2,EV engineering / delivery,0
B02762,11.005546,0.382428,0,MSC / regenerative EV therapy,0
B02763,9.961973,3.6401043,1,Vascular / systemic inflammation,0
B02764,11.026245,9.366917,3,Broad cancer EV biology,0
B02765,12.138237,5.0171633,4,Respiratory / airway EV biology,0
B02766,12.715873,7.2775636,0,MSC / regenerative EV therapy,0
B02767,10.638722,0.6024592,0,MSC / regenerative EV therapy,0
B02768,8.489977,8.572842,4,Respiratory / airway EV biology,0
B02769,11.373905,2.9020982,5,Lung cancer EV biology,0
B02770,9.0885315,9.361341,5,Lung cancer EV biology,0
B02771,12.055703,4.9737005,1,Vascular / systemic inflammation,0
B02772,11.890221,3.3047016,5,Lung cancer EV biology,0
B02773,9.337404,10.130269,3,Broad cancer EV biology,0
B02774,13.726142,0.5142356,0,MSC / regenerative EV therapy,0
B02775,12.418723,4.8385067,2,EV engineering / delivery,0
B02776,7.4299464,2.8123107,1,Vascular / systemic inflammation,0
B02777,8.964845,10.037288,5,Lung cancer EV biology,0
B02778,9.44144,7.8895364,5,Lung cancer EV biology,0
B02779,12.218592,2.8402386,4,Respiratory / airway EV biology,0
B02780,7.9494066,4.698226,1,Vascular / systemic inflammation,0
B02781,11.945854,4.5585146,1,Vascular / systemic inflammation,0
B02782,11.685568,4.4490414,2,EV engineering / delivery,0
B02783,11.077814,3.2017512,4,Respiratory / airway EV biology,0
B02784,10.628374,3.4915097,4,Respiratory / airway EV biology,0
B02785,8.761405,6.724912,2,EV engineering / delivery,0
B02786,11.016657,2.8812346,4,Respiratory / airway EV biology,0
B02787,11.113254,2.938826,4,Respiratory / airway EV biology,0
B02788,11.176455,2.0057921,0,MSC / regenerative EV therapy,0
B02789,10.918299,2.141596,0,MSC / regenerative EV therapy,0
B02790,10.239051,4.148588,1,Vascular / systemic inflammation,0
B02791,11.522507,7.11903,2,EV engineering / delivery,0
B02792,9.547972,2.8290863,0,MSC / regenerative EV therapy,0
B02793,7.887125,5.6406717,2,EV engineering / delivery,0
B02794,7.940211,7.615424,2,EV engineering / delivery,0
B02795,10.383674,8.896788,3,Broad cancer EV biology,0
B02796,10.598327,8.2080345,3,Broad cancer EV biology,0
B02797,12.555932,7.4469767,3,Broad cancer EV biology,0
B02798,11.220241,10.236466,5,Lung cancer EV biology,0
B02799,7.3851924,8.134482,2,EV engineering / delivery,0
B02800,8.074031,7.5379496,2,EV engineering / delivery,0
B02801,8.238126,7.4520445,2,EV engineering / delivery,0
B02802,7.491596,7.410052,2,EV engineering / delivery,0
B02803,10.650419,8.138995,3,Broad cancer EV biology,0
B02804,11.037898,2.267146,2,EV engineering / delivery,0
B02805,9.683386,3.1101334,0,MSC / regenerative EV therapy,0
B02806,9.42402,3.070322,0,MSC / regenerative EV therapy,0
B02807,13.609781,0.62486,0,MSC / regenerative EV therapy,0
B02808,7.836827,10.266937,5,Lung cancer EV biology,0
B02809,7.9859157,7.671772,2,EV engineering / delivery,0
B02810,10.943626,7.311687,2,EV engineering / delivery,0
B02811,10.996688,5.46349,2,EV engineering / delivery,0
B02812,11.124755,6.3985233,2,EV engineering / delivery,0
B02813,10.607336,2.343141,0,MSC / regenerative EV therapy,0
B02814,11.897913,4.589933,1,Vascular / systemic inflammation,0
B02815,7.42484,7.7686815,2,EV engineering / delivery,0
B02816,11.488788,2.4356277,5,Lung cancer EV biology,0
B02817,9.13611,4.250697,1,Vascular / systemic inflammation,0
B02818,7.2349067,8.392554,5,Lung cancer EV biology,0
B02819,11.4782095,8.756644,3,Broad cancer EV biology,0
B02820,10.892518,3.273971,4,Respiratory / airway EV biology,0
B02821,7.2246056,8.15267,2,EV engineering / delivery,0
B02822,7.137157,3.4380639,1,Vascular / systemic inflammation,0
B02823,9.436397,10.12192,3,Broad cancer EV biology,0
B02824,6.2875834,4.8467684,4,Respiratory / airway EV biology,0
B02825,13.656715,0.41504705,0,MSC / regenerative EV therapy,0
B02826,10.350278,2.3934972,0,MSC / regenerative EV therapy,0
B02827,12.72102,5.467458,4,Respiratory / airway EV biology,0
B02828,11.697845,9.139778,5,Lung cancer EV biology,0
B02829,9.8943405,8.862424,3,Broad cancer EV biology,0
B02830,10.857123,10.564907,5,Lung cancer EV biology,0
B02831,7.100382,3.4305265,1,Vascular / systemic inflammation,0
B02832,6.081319,4.823851,4,Respiratory / airway EV biology,0
B02833,8.926207,4.208335,1,Vascular / systemic inflammation,0
B02834,9.757412,1.375889,4,Respiratory / airway EV biology,0
B02835,10.972206,3.1214302,4,Respiratory / airway EV biology,0
B02836,9.22395,0.9763133,1,Vascular / systemic inflammation,0
B02837,12.002635,9.654836,5,Lung cancer EV biology,0
B02838,8.940113,0.9705673,0,MSC / regenerative EV therapy,0
B02839,8.964747,6.39243,4,Respiratory / airway EV biology,0
B02840,9.018597,5.818538,2,EV engineering / delivery,0
B02841,13.273621,4.756784,4,Respiratory / airway EV biology,0
B02842,8.261178,5.368732,2,EV engineering / delivery,0
B02843,8.753727,5.364129,1,Vascular / systemic inflammation,0
B02844,10.357621,10.548649,5,Lung cancer EV biology,0
B02845,9.759921,10.534793,3,Broad cancer EV biology,0
B02846,8.777024,3.415602,1,Vascular / systemic inflammation,0
B02847,6.4679747,5.6983643,1,Vascular / systemic inflammation,0
B02848,10.51455,10.016628,5,Lung cancer EV biology,0
B02849,10.174995,10.141468,5,Lung cancer EV biology,0
B02850,9.23437,10.836736,3,Broad cancer EV biology,0
B02851,8.092732,10.237985,5,Lung cancer EV biology,0
B02852,10.981341,6.592888,2,EV engineering / delivery,0
B02853,9.947941,10.204091,5,Lung cancer EV biology,0
B02854,9.476631,6.1287055,2,EV engineering / delivery,0
B02855,9.156425,4.5826883,1,Vascular / systemic inflammation,0
B02856,8.4057045,3.5922787,1,Vascular / systemic inflammation,0
B02857,9.637717,6.5155783,1,Vascular / systemic inflammation,0
B02858,8.919965,8.428352,5,Lung cancer EV biology,0
B02859,11.777635,3.081585,4,Respiratory / airway EV biology,0
B02860,10.572318,7.870678,3,Broad cancer EV biology,0
B02861,10.049148,8.544402,5,Lung cancer EV biology,0
B02862,9.332748,0.7884486,0,MSC / regenerative EV therapy,0
B02863,11.238761,8.270577,5,Lung cancer EV biology,0
B02864,9.562139,8.721234,5,Lung cancer EV biology,0
B02865,7.745105,1.8905953,1,Vascular / systemic inflammation,0
B02866,8.07691,3.213337,1,Vascular / systemic inflammation,0
B02867,11.588544,9.654344,5,Lung cancer EV biology,0
B02868,9.915883,1.13966,0,MSC / regenerative EV therapy,0
B02869,9.868142,0.9785226,0,MSC / regenerative EV therapy,0
B02870,11.151175,3.3537605,4,Respiratory / airway EV biology,0
B02871,9.395908,4.4239793,1,Vascular / systemic inflammation,0
B02872,11.91368,8.302688,3,Broad cancer EV biology,0
B02873,11.043649,7.2316885,2,EV engineering / delivery,0
B02874,8.608842,2.103357,0,MSC / regenerative EV therapy,0
B02875,10.985918,0.37676784,0,MSC / regenerative EV therapy,0
B02876,9.500611,3.6753557,0,MSC / regenerative EV therapy,0
B02877,10.092742,9.280956,3,Broad cancer EV biology,0
B02878,8.171121,9.648137,3,Broad cancer EV biology,0
B02879,8.362698,8.054662,2,EV engineering / delivery,0
B02880,8.426274,4.0935283,1,Vascular / systemic inflammation,0
B02881,8.228085,5.0445857,4,Respiratory / airway EV biology,0
B02882,8.097578,5.2351503,1,Vascular / systemic inflammation,0
B02883,10.021356,6.4701,2,EV engineering / delivery,0
B02884,9.973902,6.3295927,2,EV engineering / delivery,0
B02885,10.213407,5.9034934,2,EV engineering / delivery,0
B02886,13.645832,0.58960056,0,MSC / regenerative EV therapy,0
B02887,11.470006,3.3887122,1,Vascular / systemic inflammation,0
B02888,9.161693,9.401421,5,Lung cancer EV biology,0
B02889,10.834485,2.4356115,0,MSC / regenerative EV therapy,0
B02890,11.336364,3.102804,4,Respiratory / airway EV biology,0
B02891,8.920242,4.824109,1,Vascular / systemic inflammation,0
B02892,10.699942,9.849384,5,Lung cancer EV biology,1
B02893,11.445045,9.278169,3,Broad cancer EV biology,0
B02894,11.031866,3.6773813,0,MSC / regenerative EV therapy,0
B02895,8.785828,1.0664215,1,Vascular / systemic inflammation,0
B02896,9.005993,0.86801183,1,Vascular / systemic inflammation,0
B02897,8.770473,8.623804,5,Lung cancer EV biology,0
B02898,7.294295,8.318115,5,Lung cancer EV biology,0
B02899,9.569315,10.81039,5,Lung cancer EV biology,0
B02900,11.636054,2.3726606,4,Respiratory / airway EV biology,0
B02901,11.985857,8.884553,3,Broad cancer EV biology,0
B02902,12.625842,2.5754774,4,Respiratory / airway EV biology,0
B02903,10.194022,3.8541934,1,Vascular / systemic inflammation,0
B02904,10.054228,10.757032,5,Lung cancer EV biology,0
B02905,9.267153,10.59112,5,Lung cancer EV biology,0
B02906,7.2697053,8.259373,2,EV engineering / delivery,0
B02907,9.049812,10.090818,3,Broad cancer EV biology,0
B02908,6.903493,3.428158,1,Vascular / systemic inflammation,0
B02909,9.610228,2.6647227,1,Vascular / systemic inflammation,0
B02910,11.234573,2.8880014,4,Respiratory / airway EV biology,0
B02911,9.577251,2.7019541,1,Vascular / systemic inflammation,0
B02912,11.111089,8.679626,3,Broad cancer EV biology,0
B02913,13.610755,0.48661667,0,MSC / regenerative EV therapy,0
B02914,11.597523,8.446369,5,Lung cancer EV biology,0
B02915,12.093047,9.548736,3,Broad cancer EV biology,0
B02916,10.1172695,1.1227288,4,Respiratory / airway EV biology,0
B02917,7.640624,7.8444824,2,EV engineering / delivery,0
B02918,7.6749215,7.8003507,2,EV engineering / delivery,0
B02919,9.716244,10.522887,5,Lung cancer EV biology,0
B02920,9.485657,0.8463921,0,MSC / regenerative EV therapy,0
B02921,8.414635,5.299825,4,Respiratory / airway EV biology,0
B02922,10.854836,1.7387508,0,MSC / regenerative EV therapy,0
B02923,10.160301,5.467686,2,EV engineering / delivery,0
B02924,10.935895,3.4061117,2,EV engineering / delivery,0
B02925,11.945945,8.391122,3,Broad cancer EV biology,0
B02926,10.884461,9.592991,5,Lung cancer EV biology,0
B02927,11.315564,3.4860897,4,Respiratory / airway EV biology,0
B02928,11.972394,8.493411,5,Lung cancer EV biology,0
B02929,8.201058,7.6230693,2,EV engineering / delivery,0
B02930,10.314597,4.0308294,4,Respiratory / airway EV biology,0
B02931,11.566764,3.8923926,4,Respiratory / airway EV biology,0
B02932,9.5753975,7.5617886,2,EV engineering / delivery,0
B02933,9.969014,2.1271262,0,MSC / regenerative EV therapy,0
B02934,9.378075,3.6930728,0,MSC / regenerative EV therapy,0
B02935,6.5521326,4.7460637,4,Respiratory / airway EV biology,0
B02936,9.229493,10.113681,5,Lung cancer EV biology,0
B02937,9.043657,10.17693,3,Broad cancer EV biology,0
B02938,9.500486,5.004515,0,MSC / regenerative EV therapy,0
B02939,9.949929,9.540798,5,Lung cancer EV biology,0
B02940,9.553145,7.9582524,2,EV engineering / delivery,0
B02941,12.084286,2.9461248,4,Respiratory / airway EV biology,0
B02942,10.935586,3.0683227,4,Respiratory / airway EV biology,0
B02943,9.151026,10.114178,5,Lung cancer EV biology,0
B02944,10.960721,3.3298216,4,Respiratory / airway EV biology,0
B02945,10.771005,7.384919,2,EV engineering / delivery,0
B02946,9.2254305,10.208679,5,Lung cancer EV biology,0
B02947,9.939604,1.3647041,1,Vascular / systemic inflammation,0
B02948,10.921867,9.976816,5,Lung cancer EV biology,0
B02949,9.972412,9.785835,5,Lung cancer EV biology,0
B02950,10.538313,5.921713,2,EV engineering / delivery,0
B02951,11.196099,8.115008,5,Lung cancer EV biology,0
B02952,9.451845,9.36688,3,Broad cancer EV biology,0
B02953,10.663001,9.187838,5,Lung cancer EV biology,0
B02954,9.48799,2.4532647,0,MSC / regenerative EV therapy,0
B02955,8.242874,4.97545,1,Vascular / systemic inflammation,0
B02956,11.945607,8.796998,3,Broad cancer EV biology,0
B02957,10.226402,2.0246778,4,Respiratory / airway EV biology,0
B02958,12.825514,2.986987,4,Respiratory / airway EV biology,0
B02959,10.588195,4.1672883,4,Respiratory / airway EV biology,0
B02960,10.451319,2.6100893,4,Respiratory / airway EV biology,0
B02961,10.342977,2.6788588,4,Respiratory / airway EV biology,0
B02962,11.852963,5.0174737,2,EV engineering / delivery,0
B02963,7.8175554,7.606054,2,EV engineering / delivery,0
B02964,11.2909565,4.5631914,1,Vascular / systemic inflammation,0
B02965,11.741625,2.5414343,4,Respiratory / airway EV biology,0
B02966,11.959427,8.871927,3,Broad cancer EV biology,0
B02967,9.536183,3.9420762,0,MSC / regenerative EV therapy,0
B02968,9.929643,8.796773,5,Lung cancer EV biology,0
B02969,8.561628,5.9709516,2,EV engineering / delivery,0
B02970,8.738751,3.630605,0,MSC / regenerative EV therapy,0
B02971,10.991113,0.41557786,0,MSC / regenerative EV therapy,0
B02972,9.591192,3.9311893,0,MSC / regenerative EV therapy,0
B02973,11.5129,6.895994,2,EV engineering / delivery,0
B02974,9.236599,4.9445987,2,EV engineering / delivery,0
B02975,10.595653,2.1291611,0,MSC / regenerative EV therapy,0
B02976,7.7938194,3.773435,1,Vascular / systemic inflammation,0
B02977,10.758877,5.6350102,1,Vascular / systemic inflammation,0
B02978,12.102884,2.6769242,4,Respiratory / airway EV biology,0
B02979,11.842879,4.8218737,2,EV engineering / delivery,0
B02980,11.940721,5.0113597,2,EV engineering / delivery,0
B02981,9.203668,1.1680993,4,Respiratory / airway EV biology,0
B02982,10.899938,7.7438807,2,EV engineering / delivery,0
B02983,9.459736,2.4413092,1,Vascular / systemic inflammation,0
B02984,10.630649,7.5089517,2,EV engineering / delivery,0
B02985,8.100023,10.554342,5,Lung cancer EV biology,0
B02986,8.554731,3.9431286,1,Vascular / systemic inflammation,0
B02987,11.279614,7.238722,2,EV engineering / delivery,0
B02988,13.524737,0.62852407,0,MSC / regenerative EV therapy,0
B02989,9.168928,4.1976256,1,Vascular / systemic inflammation,0
B02990,9.448289,3.8166537,0,MSC / regenerative EV therapy,0
B02991,10.111801,3.3372371,0,MSC / regenerative EV therapy,0
B02992,10.725201,6.949954,2,EV engineering / delivery,0
B02993,12.490765,3.047385,2,EV engineering / delivery,0
B02994,12.044951,5.128112,2,EV engineering / delivery,0
B02995,10.380561,10.946111,5,Lung cancer EV biology,0
B02996,9.494188,2.5526874,1,Vascular / systemic inflammation,0
B02997,10.593567,6.723172,2,EV engineering / delivery,0
B02998,10.86995,2.8069277,0,MSC / regenerative EV therapy,0
B02999,8.132237,5.4396987,2,EV engineering / delivery,0
B03000,11.52923,9.227955,5,Lung cancer EV biology,0
B03001,10.717778,6.7593427,2,EV engineering / delivery,0
B03002,11.6806555,2.8951707,4,Respiratory / airway EV biology,0
B03003,10.378548,7.2314954,2,EV engineering / delivery,0
B03004,10.459258,6.3820777,2,EV engineering / delivery,0
B03005,7.846159,10.466983,5,Lung cancer EV biology,0
B03006,8.60946,2.1044898,0,MSC / regenerative EV therapy,0
B03007,10.482977,9.696653,5,Lung cancer EV biology,0
B03008,10.956662,1.8081397,0,MSC / regenerative EV therapy,0
B03009,13.192613,0.9634031,0,MSC / regenerative EV therapy,0
B03010,10.762805,9.759432,5,Lung cancer EV biology,0
B03011,10.91199,7.47583,2,EV engineering / delivery,0
B03012,11.834477,8.824483,5,Lung cancer EV biology,0
B03013,12.037573,8.2993965,5,Lung cancer EV biology,0
B03014,11.164221,6.963205,2,EV engineering / delivery,0
B03015,11.439717,7.4983344,3,Broad cancer EV biology,0
B03016,9.836108,1.7651079,0,MSC / regenerative EV therapy,0
B03017,10.004694,4.581845,0,MSC / regenerative EV therapy,0
B03018,11.226657,5.7534637,1,Vascular / systemic inflammation,0
B03019,12.139033,2.169447,4,Respiratory / airway EV biology,0
B03020,11.509788,3.2977114,4,Respiratory / airway EV biology,0
B03021,12.050947,5.1430902,2,EV engineering / delivery,0
B03022,10.429347,9.565475,5,Lung cancer EV biology,0
B03023,10.962172,8.528106,3,Broad cancer EV biology,0
B03024,8.8564,0.9586818,1,Vascular / systemic inflammation,0
B03025,11.082228,9.80898,3,Broad cancer EV biology,0
B03026,7.2818227,7.679048,2,EV engineering / delivery,0
B03027,9.509073,11.0950165,5,Lung cancer EV biology,0
B03028,10.914029,8.038383,5,Lung cancer EV biology,0
B03029,8.647237,5.3422456,2,EV engineering / delivery,0
B03030,12.878588,2.759119,3,Broad cancer EV biology,0
B03031,11.034475,3.2698483,5,Lung cancer EV biology,0
B03032,9.202666,8.063844,5,Lung cancer EV biology,0
B03033,9.071431,4.207872,1,Vascular / systemic inflammation,0
B03034,8.449298,3.9112315,1,Vascular / systemic inflammation,0
B03035,7.6095133,9.023118,5,Lung cancer EV biology,0
B03036,12.471079,4.654173,4,Respiratory / airway EV biology,0
B03037,12.020139,4.8149962,2,EV engineering / delivery,0
B03038,10.618038,6.624576,2,EV engineering / delivery,0
B03039,10.919962,10.17829,5,Lung cancer EV biology,0
B03040,10.390873,6.8384457,2,EV engineering / delivery,0
B03041,11.170712,2.348221,5,Lung cancer EV biology,0
B03042,10.288543,5.5672626,2,EV engineering / delivery,0
B03043,11.704326,2.972869,4,Respiratory / airway EV biology,0
B03044,9.406366,8.877155,5,Lung cancer EV biology,0
B03045,12.13093,9.762381,4,Respiratory / airway EV biology,0
B03046,9.835455,5.4198403,2,EV engineering / delivery,0
B03047,7.4285126,2.557904,1,Vascular / systemic inflammation,0
B03048,9.889542,2.6008427,4,Respiratory / airway EV biology,0
B03049,10.588217,6.494126,2,EV engineering / delivery,0
B03050,8.671593,5.721418,2,EV engineering / delivery,0
B03051,11.222739,8.831386,5,Lung cancer EV biology,0
B03052,7.550074,8.841737,3,Broad cancer EV biology,0
B03053,10.926609,3.4448621,4,Respiratory / airway EV biology,0
B03054,11.220959,5.95135,3,Broad cancer EV biology,0
B03055,10.337495,3.281413,1,Vascular / systemic inflammation,0
B03056,12.677192,2.9541323,4,Respiratory / airway EV biology,0
B03057,13.285558,4.7556868,4,Respiratory / airway EV biology,0
B03058,12.7580185,3.2081025,4,Respiratory / airway EV biology,0
B03059,9.81455,10.720521,5,Lung cancer EV biology,0
B03060,10.067663,9.567873,5,Lung cancer EV biology,0
B03061,6.4188395,4.647656,4,Respiratory / airway EV biology,0
B03062,12.5341215,3.1997252,4,Respiratory / airway EV biology,0
B03063,9.191794,2.5609784,1,Vascular / systemic inflammation,0
B03064,11.282561,2.8631682,4,Respiratory / airway EV biology,0
B03065,9.087605,0.8426378,1,Vascular / systemic inflammation,0
B03066,10.085558,10.3613,3,Broad cancer EV biology,0
B03067,11.592156,8.288119,3,Broad cancer EV biology,0
B03068,12.456806,2.228221,0,MSC / regenerative EV therapy,0
B03069,10.9344845,9.352662,3,Broad cancer EV biology,0
B03070,8.940034,3.4759758,0,MSC / regenerative EV therapy,0
B03071,10.924316,0.1200031,0,MSC / regenerative EV therapy,0
B03072,10.01332,10.818836,5,Lung cancer EV biology,0
B03073,9.921075,10.890815,5,Lung cancer EV biology,0
B03074,9.471809,4.8498,1,Vascular / systemic inflammation,0
B03075,10.976335,6.9258,2,EV engineering / delivery,0
B03076,9.516346,0.9222935,0,MSC / regenerative EV therapy,0
B03077,9.595337,7.1484647,2,EV engineering / delivery,0
B03078,10.007925,3.385641,0,MSC / regenerative EV therapy,0
B03079,11.310307,8.195816,3,Broad cancer EV biology,0
B03080,11.149057,9.549378,5,Lung cancer EV biology,0
B03081,10.524557,8.789027,3,Broad cancer EV biology,0
B03082,8.57569,4.390592,0,MSC / regenerative EV therapy,0
B03083,9.963043,9.323957,3,Broad cancer EV biology,0
B03084,9.883992,8.690406,3,Broad cancer EV biology,0
B03085,9.5990305,1.0854902,4,Respiratory / airway EV biology,0
B03086,10.6772785,1.830061,0,MSC / regenerative EV therapy,0
B03087,8.963432,0.90561765,4,Respiratory / airway EV biology,0
B03088,8.827488,1.0300895,2,EV engineering / delivery,0
B03089,6.4477034,4.8987327,0,MSC / regenerative EV therapy,0
B03090,11.524314,8.41063,5,Lung cancer EV biology,0
B03091,10.875462,2.8467162,4,Respiratory / airway EV biology,0
B03092,12.371314,2.0151007,4,Respiratory / airway EV biology,0
B03093,8.960019,8.189013,5,Lung cancer EV biology,0
B03094,11.269531,9.205913,5,Lung cancer EV biology,0
B03095,10.814149,1.7095213,0,MSC / regenerative EV therapy,0
B03096,10.655409,9.374678,3,Broad cancer EV biology,0
B03097,9.8229265,1.1497148,0,MSC / regenerative EV therapy,0
B03098,9.948292,4.324843,2,EV engineering / delivery,0
B03099,9.606752,5.953979,2,EV engineering / delivery,0
B03100,13.668367,0.62875515,0,MSC / regenerative EV therapy,0
B03101,9.547182,4.6918635,2,EV engineering / delivery,0
B03102,10.089797,4.204151,4,Respiratory / airway EV biology,0
B03103,10.059195,3.8371205,2,EV engineering / delivery,0
B03104,8.722948,2.5176213,0,MSC / regenerative EV therapy,0
B03105,10.619047,7.7224855,3,Broad cancer EV biology,0
B03106,10.729961,5.7711267,2,EV engineering / delivery,0
B03107,13.690326,0.6232072,0,MSC / regenerative EV therapy,0
B03108,12.1505165,4.681266,4,Respiratory / airway EV biology,0
B03109,8.325389,7.452073,2,EV engineering / delivery,0
B03110,11.52475,8.454372,3,Broad cancer EV biology,0
B03111,9.248991,3.243305,0,MSC / regenerative EV therapy,0
B03112,6.549165,3.4393668,5,Lung cancer EV biology,0
B03113,7.2860913,7.89489,2,EV engineering / delivery,0
B03114,10.304011,10.619163,5,Lung cancer EV biology,0
B03115,12.991968,1.1461978,0,MSC / regenerative EV therapy,0
B03116,10.132572,9.931242,5,Lung cancer EV biology,0
B03117,11.55945,1.8938954,5,Lung cancer EV biology,0
B03118,6.289162,4.7243614,4,Respiratory / airway EV biology,0
B03119,10.217673,6.704974,2,EV engineering / delivery,0
B03120,10.457125,6.6317935,2,EV engineering / delivery,0
B03121,9.431686,8.0347805,5,Lung cancer EV biology,0
B03122,8.275813,1.805297,0,MSC / regenerative EV therapy,0
B03123,9.619224,4.971686,2,EV engineering / delivery,0
B03124,10.757326,7.2560735,5,Lung cancer EV biology,0
B03125,8.5343075,4.9647164,4,Respiratory / airway EV biology,1
B03126,9.73269,2.5522175,0,MSC / regenerative EV therapy,0
B03127,10.019995,1.9667574,4,Respiratory / airway EV biology,0
B03128,12.687488,3.751898,4,Respiratory / airway EV biology,0
B03129,10.96819,4.5819902,4,Respiratory / airway EV biology,0
B03130,7.221188,7.616196,2,EV engineering / delivery,0
B03131,6.1570873,4.7683816,4,Respiratory / airway EV biology,0
B03132,9.270932,6.1545854,2,EV engineering / delivery,0
B03133,13.256506,4.8174963,4,Respiratory / airway EV biology,0
B03134,13.167239,4.7518387,4,Respiratory / airway EV biology,0
B03135,8.78044,1.1267391,4,Respiratory / airway EV biology,0
B03136,10.988001,10.531064,5,Lung cancer EV biology,0
B03137,10.652163,9.073476,3,Broad cancer EV biology,0
B03138,10.456162,10.637913,5,Lung cancer EV biology,0
B03139,10.367371,10.025741,5,Lung cancer EV biology,1
B03140,8.047219,9.908459,5,Lung cancer EV biology,0
B03141,9.410585,8.284283,5,Lung cancer EV biology,0
B03142,10.891166,9.7858715,5,Lung cancer EV biology,0
B03143,8.549993,3.913831,5,Lung cancer EV biology,0
B03144,10.760886,7.4907265,2,EV engineering / delivery,0
B03145,10.941457,7.679753,5,Lung cancer EV biology,0
B03146,10.607754,9.874437,5,Lung cancer EV biology,0
B03147,10.349866,8.65434,5,Lung cancer EV biology,0
B03148,12.088462,9.37828,5,Lung cancer EV biology,0
B03149,11.460021,8.453121,5,Lung cancer EV biology,0
B03150,11.364176,6.874695,2,EV engineering / delivery,0
B03151,10.586651,6.766334,2,EV engineering / delivery,0
B03152,11.485517,7.3904996,2,EV engineering / delivery,0
B03153,9.174595,9.562471,3,Broad cancer EV biology,0
B03154,9.883813,5.534579,2,EV engineering / delivery,0
B03155,9.717539,5.6307025,2,EV engineering / delivery,0
B03156,7.0534797,7.676855,2,EV engineering / delivery,0
B03157,7.068111,7.7437654,5,Lung cancer EV biology,0
B03158,7.3742847,8.035736,5,Lung cancer EV biology,0
B03159,11.044433,2.0818813,0,MSC / regenerative EV therapy,0
B03160,10.721145,0.5330655,0,MSC / regenerative EV therapy,0
B03161,8.794237,3.1326616,0,MSC / regenerative EV therapy,0
B03162,9.325577,3.3679166,0,MSC / regenerative EV therapy,0
B03163,9.310471,7.9733195,5,Lung cancer EV biology,0
B03164,10.765869,0.5922122,1,Vascular / systemic inflammation,0
B03165,9.666929,3.8731818,0,MSC / regenerative EV therapy,0
B03166,11.094815,2.0428953,0,MSC / regenerative EV therapy,0
B03167,9.358005,2.4911916,1,Vascular / systemic inflammation,0
B03168,11.123049,3.3173406,4,Respiratory / airway EV biology,0
B03169,8.63711,5.7020216,1,Vascular / systemic inflammation,0
B03170,10.342193,1.6031584,0,MSC / regenerative EV therapy,0
B03171,11.949495,8.563353,3,Broad cancer EV biology,0
B03172,9.131712,10.908903,3,Broad cancer EV biology,0
B03173,10.168401,10.3132925,5,Lung cancer EV biology,0
B03174,10.727256,0.18584502,0,MSC / regenerative EV therapy,0
B03175,9.31812,10.60177,5,Lung cancer EV biology,0
B03176,8.723709,6.825642,4,Respiratory / airway EV biology,0
B03177,8.993937,2.8445277,0,MSC / regenerative EV therapy,0
B03178,8.220256,5.9138856,2,EV engineering / delivery,0
B03179,12.422747,4.6647587,4,Respiratory / airway EV biology,0
B03180,10.468233,2.4995964,4,Respiratory / airway EV biology,1
B03181,7.832103,4.76055,1,Vascular / systemic inflammation,0
B03182,7.896416,5.611942,2,EV engineering / delivery,0
B03183,11.110794,3.5305405,4,Respiratory / airway EV biology,0
B03184,8.492527,5.041961,1,Vascular / systemic inflammation,0
B03185,11.3923645,8.298565,5,Lung cancer EV biology,0
B03186,8.713478,5.9848924,2,EV engineering / delivery,0
B03187,11.0443125,2.8959317,4,Respiratory / airway EV biology,0
B03188,9.700171,9.768534,5,Lung cancer EV biology,0
B03189,13.307183,4.7373533,5,Lung cancer EV biology,0
B03190,8.039491,4.3203883,1,Vascular / systemic inflammation,0
B03191,11.203618,3.3980205,4,Respiratory / airway EV biology,0
B03192,6.9917307,7.889578,2,EV engineering / delivery,0
B03193,11.827361,4.6247573,4,Respiratory / airway EV biology,0
B03194,9.642742,4.8571615,1,Vascular / systemic inflammation,0
B03195,10.783017,7.1174865,5,Lung cancer EV biology,0
B03196,7.9479895,9.277637,3,Broad cancer EV biology,0
B03197,11.263738,7.734763,5,Lung cancer EV biology,0
B03198,8.257315,10.354483,5,Lung cancer EV biology,0
B03199,8.111072,5.111717,1,Vascular / systemic inflammation,0
B03200,11.715489,4.9980354,4,Respiratory / airway EV biology,0
B03201,9.797502,5.526725,2,EV engineering / delivery,0
B03202,7.9906726,5.1897554,1,Vascular / systemic inflammation,0
B03203,8.655215,4.873328,2,EV engineering / delivery,0
B03204,10.272439,2.3179548,4,Respiratory / airway EV biology,0
B03205,10.137548,2.3339276,4,Respiratory / airway EV biology,0
B03206,10.534306,5.260594,1,Vascular / systemic inflammation,0
B03207,7.138741,7.7811856,2,EV engineering / delivery,0
B03208,9.986857,2.3369904,0,MSC / regenerative EV therapy,0
B03209,8.04943,8.242458,3,Broad cancer EV biology,0
B03210,7.2015247,7.8796587,2,EV engineering / delivery,0
B03211,7.536781,6.2684913,1,Vascular / systemic inflammation,0
B03212,11.792334,5.0706596,2,EV engineering / delivery,0
B03213,11.356078,6.8011327,2,EV engineering / delivery,0
B03214,8.076493,5.1654425,1,Vascular / systemic inflammation,0
B03215,13.843185,0.7495835,0,MSC / regenerative EV therapy,0
B03216,11.468861,3.0623226,4,Respiratory / airway EV biology,0
B03217,9.14882,4.260799,4,Respiratory / airway EV biology,0
B03218,9.482854,10.505694,5,Lung cancer EV biology,0
B03219,13.060279,0.7471488,0,MSC / regenerative EV therapy,0
B03220,9.001474,2.4365044,0,MSC / regenerative EV therapy,0
B03221,10.316844,9.818735,5,Lung cancer EV biology,0
B03222,12.756463,3.1450493,2,EV engineering / delivery,0
B03223,10.828325,9.647883,5,Lung cancer EV biology,0
B03224,10.57883,10.901735,5,Lung cancer EV biology,0
B03225,8.509274,4.0829487,1,Vascular / systemic inflammation,0
B03226,10.783141,0.39248383,0,MSC / regenerative EV therapy,0
B03227,10.823263,3.5028853,2,EV engineering / delivery,0
B03228,8.787532,7.839575,2,EV engineering / delivery,0
B03229,10.270763,5.2072277,2,EV engineering / delivery,0
B03230,12.47105,5.0910807,1,Vascular / systemic inflammation,0
B03231,13.246963,4.8032894,2,EV engineering / delivery,0
B03232,10.832321,9.913423,3,Broad cancer EV biology,0
B03233,12.67911,3.164733,1,Vascular / systemic inflammation,0
B03234,11.850991,3.3353598,3,Broad cancer EV biology,0
B03235,12.505573,7.429872,3,Broad cancer EV biology,0
B03236,7.297916,8.198726,2,EV engineering / delivery,0
B03237,9.094095,10.824764,3,Broad cancer EV biology,0
B03238,7.941595,5.761452,2,EV engineering / delivery,0
B03239,9.123184,3.6583421,4,Respiratory / airway EV biology,0
B03240,11.323627,6.677834,2,EV engineering / delivery,0
B03241,8.4463005,5.9429107,2,EV engineering / delivery,0
B03242,10.505811,9.859546,5,Lung cancer EV biology,0
B03243,8.275593,4.7912655,1,Vascular / systemic inflammation,0
B03244,9.888622,1.0990256,0,MSC / regenerative EV therapy,0
B03245,10.79511,0.4938469,0,MSC / regenerative EV therapy,0
B03246,10.10659,2.1344,0,MSC / regenerative EV therapy,0
B03247,10.860586,0.39977443,0,MSC / regenerative EV therapy,0
B03248,9.418056,4.358128,1,Vascular / systemic inflammation,0
B03249,9.650862,4.2872434,0,MSC / regenerative EV therapy,0
B03250,8.017884,4.9409475,1,Vascular / systemic inflammation,0
B03251,10.881957,2.7808282,2,EV engineering / delivery,0
B03252,9.96459,10.036673,5,Lung cancer EV biology,0
B03253,9.518709,2.132794,1,Vascular / systemic inflammation,0
B03254,7.495568,6.9992003,1,Vascular / systemic inflammation,0
B03255,7.5577188,8.961304,3,Broad cancer EV biology,0
B03256,8.112523,8.782592,5,Lung cancer EV biology,0
B03257,9.336294,6.2237887,2,EV engineering / delivery,0
B03258,10.373851,1.8809137,0,MSC / regenerative EV therapy,0
B03259,9.696393,6.401234,2,EV engineering / delivery,0
B03260,11.466097,5.105841,2,EV engineering / delivery,0
B03261,10.503322,4.469548,1,Vascular / systemic inflammation,0
B03262,9.566137,3.6397204,0,MSC / regenerative EV therapy,0
B03263,13.785214,0.44264525,0,MSC / regenerative EV therapy,0
B03264,7.3831377,2.5202296,1,Vascular / systemic inflammation,0
B03265,9.794519,4.434691,1,Vascular / systemic inflammation,0
B03266,11.642266,3.3781834,4,Respiratory / airway EV biology,0
B03267,11.465767,2.1208076,4,Respiratory / airway EV biology,0
B03268,11.201581,1.6454532,0,MSC / regenerative EV therapy,0
B03269,11.285494,1.8538657,0,MSC / regenerative EV therapy,0
B03270,12.46834,2.5464199,4,Respiratory / airway EV biology,0
B03271,10.401412,3.697931,4,Respiratory / airway EV biology,0
B03272,7.5721874,7.7094245,2,EV engineering / delivery,0
B03273,7.148881,7.7287655,2,EV engineering / delivery,0
B03274,10.867008,2.2709553,0,MSC / regenerative EV therapy,0
B03275,10.357315,7.744414,5,Lung cancer EV biology,0
B03276,12.211957,5.2059383,1,Vascular / systemic inflammation,0
B03277,11.5140085,2.791093,4,Respiratory / airway EV biology,0
B03278,11.596089,3.1205995,4,Respiratory / airway EV biology,0
B03279,9.369287,5.0164976,5,Lung cancer EV biology,0
B03280,8.949884,3.6743996,0,MSC / regenerative EV therapy,0
B03281,7.83728,2.2463422,1,Vascular / systemic inflammation,0
B03282,11.228477,0.41254646,0,MSC / regenerative EV therapy,0
B03283,11.220155,6.7568145,2,EV engineering / delivery,0
B03284,7.9531193,9.012073,5,Lung cancer EV biology,0
B03285,9.755406,10.385507,5,Lung cancer EV biology,0
B03286,11.979819,5.0553436,2,EV engineering / delivery,0
B03287,7.546452,7.912823,2,EV engineering / delivery,0
B03288,8.45307,4.2820487,1,Vascular / systemic inflammation,0
B03289,10.259471,5.173579,2,EV engineering / delivery,0
B03290,11.40275,6.510025,2,EV engineering / delivery,0
B03291,10.237664,8.096594,5,Lung cancer EV biology,0
B03292,10.505445,3.7769732,1,Vascular / systemic inflammation,0
B03293,7.386383,2.5996938,1,Vascular / systemic inflammation,0
B03294,10.657017,0.32856327,0,MSC / regenerative EV therapy,0
B03295,9.823535,1.8804082,0,MSC / regenerative EV therapy,0
B03296,10.68927,9.126559,5,Lung cancer EV biology,0
B03297,7.0998507,3.416512,1,Vascular / systemic inflammation,0
B03298,11.201881,0.31708997,0,MSC / regenerative EV therapy,0
B03299,10.758301,10.085372,5,Lung cancer EV biology,0
B03300,9.899202,1.0463555,0,MSC / regenerative EV therapy,0
B03301,8.340102,3.1391976,1,Vascular / systemic inflammation,0
B03302,9.361865,2.3746908,0,MSC / regenerative EV therapy,0
B03303,11.366333,4.929142,2,EV engineering / delivery,0
B03304,9.064089,4.770277,1,Vascular / systemic inflammation,0
B03305,9.615764,2.8025649,0,MSC / regenerative EV therapy,0
B03306,13.741879,0.8667596,1,Vascular / systemic inflammation,0
B03307,9.946751,4.6358633,2,EV engineering / delivery,0
B03308,7.67355,10.645105,5,Lung cancer EV biology,0
B03309,9.15429,2.8722265,0,MSC / regenerative EV therapy,0
B03310,12.749324,2.9914012,2,EV engineering / delivery,0
B03311,9.270024,2.828041,0,MSC / regenerative EV therapy,0
B03312,10.930388,6.00915,2,EV engineering / delivery,0
B03313,9.57433,7.856269,5,Lung cancer EV biology,0
B03314,7.3211455,8.332692,5,Lung cancer EV biology,0
B03315,11.505831,5.374932,2,EV engineering / delivery,0
B03316,8.150971,10.280355,5,Lung cancer EV biology,0
B03317,9.453641,5.6168246,1,Vascular / systemic inflammation,0
B03318,11.086612,4.781042,4,Respiratory / airway EV biology,0
B03319,8.559654,3.77274,0,MSC / regenerative EV therapy,0
B03320,7.2122226,8.038888,2,EV engineering / delivery,0
B03321,10.451171,3.3239276,1,Vascular / systemic inflammation,0
B03322,10.845768,3.503141,4,Respiratory / airway EV biology,0
B03323,12.20806,4.4264946,4,Respiratory / airway EV biology,0
B03324,11.861809,4.6322904,4,Respiratory / airway EV biology,0
B03325,11.665454,4.8957033,4,Respiratory / airway EV biology,0
B03326,10.233321,2.6571152,4,Respiratory / airway EV biology,0
B03327,11.73512,4.4215055,4,Respiratory / airway EV biology,0
B03328,11.997527,4.6889315,4,Respiratory / airway EV biology,0
B03329,11.559886,3.9642417,4,Respiratory / airway EV biology,0
B03330,11.818623,5.028082,2,EV engineering / delivery,0
B03331,11.0868435,10.382042,5,Lung cancer EV biology,0
B03332,11.138442,2.919883,4,Respiratory / airway EV biology,0
B03333,9.030297,4.471185,1,Vascular / systemic inflammation,0
B03334,8.135088,10.575392,3,Broad cancer EV biology,0
B03335,8.362561,3.92309,1,Vascular / systemic inflammation,0
B03336,8.024699,8.266064,5,Lung cancer EV biology,0
B03337,9.849476,1.8370328,4,Respiratory / airway EV biology,0
B03338,10.878974,6.1551213,5,Lung cancer EV biology,0
B03339,10.480101,6.3582044,2,EV engineering / delivery,0
B03340,8.483717,5.9549255,2,EV engineering / delivery,0
B03341,11.529869,2.2952714,1,Vascular / systemic inflammation,0
B03342,10.532868,5.527754,2,EV engineering / delivery,0
B03343,12.042379,8.195008,5,Lung cancer EV biology,0
B03344,7.2549014,8.134837,2,EV engineering / delivery,0
B03345,7.241644,3.2249856,1,Vascular / systemic inflammation,0
B03346,7.867666,6.715387,2,EV engineering / delivery,0
B03347,11.459819,6.870801,2,EV engineering / delivery,0
B03348,10.692779,7.0041323,2,EV engineering / delivery,0
B03349,10.311869,9.849411,5,Lung cancer EV biology,0
B03350,11.158911,3.8457015,1,Vascular / systemic inflammation,0
B03351,8.554543,10.151134,5,Lung cancer EV biology,0
B03352,8.121336,4.8334627,1,Vascular / systemic inflammation,0
B03353,11.825338,5.018283,1,Vascular / systemic inflammation,0
B03354,8.921922,2.1715493,0,MSC / regenerative EV therapy,0
B03355,10.493078,10.763923,5,Lung cancer EV biology,0
B03356,9.990504,1.2332269,0,MSC / regenerative EV therapy,0
B03357,9.812016,0.97401595,0,MSC / regenerative EV therapy,0
B03358,9.765204,0.81789553,0,MSC / regenerative EV therapy,0
B03359,13.052505,1.1203777,0,MSC / regenerative EV therapy,0
B03360,13.136151,1.0145009,0,MSC / regenerative EV therapy,0
B03361,7.7522445,1.9251084,1,Vascular / systemic inflammation,0
B03362,9.061375,5.0095024,2,EV engineering / delivery,0
B03363,8.110226,10.45281,3,Broad cancer EV biology,0
B03364,11.859927,8.89438,3,Broad cancer EV biology,0
B03365,8.845404,5.1424623,2,EV engineering / delivery,0
B03366,12.066834,5.2872615,4,Respiratory / airway EV biology,0
B03367,8.403973,3.8323607,1,Vascular / systemic inflammation,0
B03368,8.732498,9.895277,5,Lung cancer EV biology,0
B03369,10.52447,6.9540725,2,EV engineering / delivery,0
B03370,9.770191,8.120044,5,Lung cancer EV biology,0
B03371,10.659674,10.224705,3,Broad cancer EV biology,0
B03372,10.618557,9.838464,5,Lung cancer EV biology,0
B03373,10.774633,7.0479507,2,EV engineering / delivery,0
B03374,10.59553,10.498017,5,Lung cancer EV biology,0
B03375,10.912736,8.141858,3,Broad cancer EV biology,0
B03376,8.168981,8.83153,3,Broad cancer EV biology,0
B03377,9.446781,10.31257,5,Lung cancer EV biology,0
B03378,11.481092,7.546546,5,Lung cancer EV biology,0
B03379,8.50404,3.8330495,1,Vascular / systemic inflammation,0
B03380,8.613112,3.2889018,0,MSC / regenerative EV therapy,0
B03381,11.709994,9.267473,5,Lung cancer EV biology,0
B03382,11.89192,8.802896,3,Broad cancer EV biology,0
B03383,8.206874,3.7163908,1,Vascular / systemic inflammation,0
B03384,8.877149,2.716058,0,MSC / regenerative EV therapy,0
B03385,10.459441,9.685834,5,Lung cancer EV biology,0
B03386,7.7769437,4.587843,1,Vascular / systemic inflammation,0
B03387,8.245365,5.7860303,2,EV engineering / delivery,0
B03388,12.594388,7.3091707,0,MSC / regenerative EV therapy,0
B03389,8.959058,2.7869172,0,MSC / regenerative EV therapy,0
B03390,10.876089,0.28799695,0,MSC / regenerative EV therapy,0
B03391,10.44523,2.364765,2,EV engineering / delivery,0
B03392,8.458273,5.8079596,2,EV engineering / delivery,0
B03393,11.349868,7.9702106,5,Lung cancer EV biology,0
B03394,9.669755,6.181396,2,EV engineering / delivery,0
B03395,9.160695,2.9218123,0,MSC / regenerative EV therapy,0
B03396,9.647499,4.8199315,2,EV engineering / delivery,0
B03397,10.303414,3.6661463,4,Respiratory / airway EV biology,0
B03398,11.924536,4.623934,1,Vascular / systemic inflammation,0
B03399,10.408976,6.542491,2,EV engineering / delivery,0
B03400,9.958265,5.709555,2,EV engineering / delivery,0
B03401,10.943787,3.6877542,4,Respiratory / airway EV biology,0
B03402,10.996434,3.8111262,5,Lung cancer EV biology,0
B03403,8.796467,5.8440213,2,EV engineering / delivery,0
B03404,13.3562565,0.72107476,0,MSC / regenerative EV therapy,0
B03405,9.360434,10.537433,5,Lung cancer EV biology,0
B03406,11.540076,7.198166,2,EV engineering / delivery,0
B03407,10.451452,8.596313,3,Broad cancer EV biology,0
B03408,8.527597,2.0612392,0,MSC / regenerative EV therapy,0
B03409,7.8996334,4.114833,1,Vascular / systemic inflammation,0
B03410,10.6636095,4.3170156,4,Respiratory / airway EV biology,0
B03411,11.591224,5.490363,2,EV engineering / delivery,0
B03412,8.926917,8.090586,3,Broad cancer EV biology,0
B03413,9.650439,2.5057988,0,MSC / regenerative EV therapy,0
B03414,8.583727,4.9867015,1,Vascular / systemic inflammation,0
B03415,9.811115,8.556128,3,Broad cancer EV biology,0
B03416,11.99608,8.13466,5,Lung cancer EV biology,0
B03417,7.504578,7.9316034,2,EV engineering / delivery,0
B03418,9.733189,1.6471515,5,Lung cancer EV biology,0
B03419,9.776251,2.613548,1,Vascular / systemic inflammation,0
B03420,11.819375,2.2566698,4,Respiratory / airway EV biology,0
B03421,11.745711,2.2601168,4,Respiratory / airway EV biology,0
B03422,11.803445,2.8825715,4,Respiratory / airway EV biology,0
B03423,9.58684,3.5232353,0,MSC / regenerative EV therapy,0
B03424,9.73557,10.433425,5,Lung cancer EV biology,0
B03425,10.865234,10.447643,5,Lung cancer EV biology,0
B03426,11.710067,2.417775,4,Respiratory / airway EV biology,0
B03427,9.119811,8.775381,3,Broad cancer EV biology,0
B03428,11.782309,3.6747487,1,Vascular / systemic inflammation,0
B03429,8.861783,7.817642,2,EV engineering / delivery,0
B03430,9.224019,8.854396,5,Lung cancer EV biology,0
B03431,9.044165,8.710609,3,Broad cancer EV biology,0
B03432,10.010163,10.753881,5,Lung cancer EV biology,0
B03433,9.039779,4.6378484,1,Vascular / systemic inflammation,0
B03434,8.572685,10.114972,5,Lung cancer EV biology,0
B03435,7.8271675,9.141111,5,Lung cancer EV biology,0
B03436,9.0263,10.40008,5,Lung cancer EV biology,0
B03437,9.730717,10.885213,5,Lung cancer EV biology,0
B03438,9.174263,0.8375132,1,Vascular / systemic inflammation,0
B03439,11.871905,2.7262607,4,Respiratory / airway EV biology,0
B03440,10.577202,3.5005531,4,Respiratory / airway EV biology,0
B03441,9.597699,3.2226894,1,Vascular / systemic inflammation,0
B03442,8.084254,8.07644,2,EV engineering / delivery,0
B03443,7.825542,4.4864926,4,Respiratory / airway EV biology,0
B03444,10.404813,2.532106,4,Respiratory / airway EV biology,0
B03445,8.282892,10.321288,5,Lung cancer EV biology,0
B03446,9.583876,5.3211412,1,Vascular / systemic inflammation,0
B03447,8.993879,8.397077,5,Lung cancer EV biology,0
B03448,11.171842,2.3346872,5,Lung cancer EV biology,0
B03449,11.014932,0.2857611,4,Respiratory / airway EV biology,0
B03450,8.651106,3.8927543,1,Vascular / systemic inflammation,0
B03451,10.140334,3.0940673,1,Vascular / systemic inflammation,0
B03452,9.515404,10.895613,5,Lung cancer EV biology,0
B03453,6.302676,4.736683,1,Vascular / systemic inflammation,0
B03454,7.9011445,9.805246,3,Broad cancer EV biology,0
B03455,11.275314,8.676889,5,Lung cancer EV biology,0
B03456,7.798631,9.139685,5,Lung cancer EV biology,0
B03457,8.664511,10.137972,5,Lung cancer EV biology,0
B03458,8.107749,4.9995937,1,Vascular / systemic inflammation,0
B03459,9.204973,8.867805,5,Lung cancer EV biology,0
B03460,11.706873,2.5243664,4,Respiratory / airway EV biology,0
B03461,11.761864,2.5829039,4,Respiratory / airway EV biology,0
B03462,8.263988,10.3847685,5,Lung cancer EV biology,0
B03463,10.492953,3.4970696,1,Vascular / systemic inflammation,0
B03464,9.200818,8.687565,5,Lung cancer EV biology,0
B03465,8.633951,2.1526146,0,MSC / regenerative EV therapy,0
B03466,9.2769985,2.713903,0,MSC / regenerative EV therapy,0
B03467,7.138354,7.783451,2,EV engineering / delivery,0
B03468,9.378114,6.2040753,2,EV engineering / delivery,0
B03469,11.038425,8.91797,5,Lung cancer EV biology,0
B03470,5.9551497,4.7759,4,Respiratory / airway EV biology,0
B03471,5.9059854,5.917979,1,Vascular / systemic inflammation,0
B03472,7.275605,7.7135797,2,EV engineering / delivery,0
B03473,8.960096,1.0620264,0,MSC / regenerative EV therapy,0
B03474,10.369876,6.146906,2,EV engineering / delivery,0
B03475,9.919668,9.375949,2,EV engineering / delivery,0
B03476,9.589874,9.540315,3,Broad cancer EV biology,0
B03477,8.8092785,5.881985,2,EV engineering / delivery,0
B03478,7.7483726,2.515687,1,Vascular / systemic inflammation,0
B03479,9.565353,9.922736,5,Lung cancer EV biology,0
B03480,6.975888,3.462218,1,Vascular / systemic inflammation,0
B03481,8.962288,2.9459782,0,MSC / regenerative EV therapy,0
B03482,10.143692,1.4023445,0,MSC / regenerative EV therapy,0
B03483,8.044044,9.876696,5,Lung cancer EV biology,0
B03484,8.790435,7.0193143,4,Respiratory / airway EV biology,0
B03485,9.249793,8.735205,5,Lung cancer EV biology,0
B03486,8.001115,4.5082436,1,Vascular / systemic inflammation,0
B03487,9.577961,10.144165,3,Broad cancer EV biology,0
B03488,11.144211,8.33516,5,Lung cancer EV biology,0
B03489,9.144468,10.223648,3,Broad cancer EV biology,0
B03490,8.184055,4.795856,1,Vascular / systemic inflammation,0
B03491,8.516173,3.4023144,1,Vascular / systemic inflammation,0
B03492,9.726989,4.3484974,0,MSC / regenerative EV therapy,0
B03493,11.492578,2.1987226,0,MSC / regenerative EV therapy,0
B03494,11.211176,5.955964,2,EV engineering / delivery,0
B03495,9.26964,1.2848231,4,Respiratory / airway EV biology,0
B03496,9.494943,7.7808304,5,Lung cancer EV biology,0
B03497,8.948274,5.8156323,2,EV engineering / delivery,0
B03498,9.536578,10.607508,5,Lung cancer EV biology,0
B03499,11.550457,3.4008667,4,Respiratory / airway EV biology,0
B03500,12.032557,2.0614276,0,MSC / regenerative EV therapy,0
B03501,8.692389,4.976642,2,EV engineering / delivery,0
B03502,10.736573,4.134391,1,Vascular / systemic inflammation,0
B03503,10.110615,10.57373,5,Lung cancer EV biology,0
B03504,11.643276,3.9311478,1,Vascular / systemic inflammation,0
B03505,12.037275,3.1910453,5,Lung cancer EV biology,0
B03506,12.394842,2.3277931,0,MSC / regenerative EV therapy,0
B03507,8.142517,4.7362814,1,Vascular / systemic inflammation,0
B03508,7.9550486,4.931774,1,Vascular / systemic inflammation,0
B03509,7.76705,4.0665035,1,Vascular / systemic inflammation,0
B03510,8.177512,4.9753103,1,Vascular / systemic inflammation,0
B03511,11.764973,8.4590025,3,Broad cancer EV biology,0
B03512,7.408247,7.508419,2,EV engineering / delivery,0
B03513,7.3893976,7.21184,2,EV engineering / delivery,0
B03514,7.4650354,7.1813626,2,EV engineering / delivery,0
B03515,7.5271463,6.9510565,1,Vascular / systemic inflammation,0
B03516,9.452731,5.6985726,5,Lung cancer EV biology,0
B03517,10.175701,10.5205145,5,Lung cancer EV biology,0
B03518,12.952857,1.2290802,1,Vascular / systemic inflammation,0
B03519,7.022459,7.719414,2,EV engineering / delivery,0
B03520,7.7792664,8.902974,5,Lung cancer EV biology,0
B03521,9.409954,5.3298745,5,Lung cancer EV biology,0
B03522,10.754983,2.0384881,0,MSC / regenerative EV therapy,0
B03523,9.369365,9.80529,5,Lung cancer EV biology,0
B03524,10.306067,8.016709,3,Broad cancer EV biology,0
B03525,8.362378,1.4093878,1,Vascular / systemic inflammation,0
B03526,8.692614,8.462074,5,Lung cancer EV biology,0
B03527,10.546237,7.068374,2,EV engineering / delivery,0
B03528,7.8583055,4.1295533,1,Vascular / systemic inflammation,0
B03529,8.390045,4.2156625,1,Vascular / systemic inflammation,0
B03530,11.914519,4.7071104,4,Respiratory / airway EV biology,0
B03531,11.266717,8.243223,5,Lung cancer EV biology,0
B03532,9.6040945,10.046628,5,Lung cancer EV biology,0
B03533,8.867185,7.840171,1,Vascular / systemic inflammation,0
B03534,9.371509,5.15257,1,Vascular / systemic inflammation,0
B03535,11.548861,2.9272025,4,Respiratory / airway EV biology,0
B03536,8.047926,7.7075305,5,Lung cancer EV biology,0
B03537,10.267995,10.981789,5,Lung cancer EV biology,0
B03538,8.677279,7.1494083,2,EV engineering / delivery,0
B03539,10.186279,5.866776,2,EV engineering / delivery,0
B03540,11.601664,7.2764583,2,EV engineering / delivery,0
B03541,13.621041,0.50504076,0,MSC / regenerative EV therapy,0
B03542,13.681481,0.4668563,0,MSC / regenerative EV therapy,0
B03543,8.607943,7.8305163,2,EV engineering / delivery,0
B03544,12.014136,5.2304506,2,EV engineering / delivery,0
B03545,11.603281,3.2516797,4,Respiratory / airway EV biology,0
B03546,11.5466175,3.234243,4,Respiratory / airway EV biology,0
B03547,11.4054785,3.1864543,4,Respiratory / airway EV biology,0
B03548,10.451068,4.7136836,4,Respiratory / airway EV biology,0
B03549,7.2192683,8.041024,2,EV engineering / delivery,0
B03550,11.926182,1.8898185,0,MSC / regenerative EV therapy,0
B03551,9.25479,6.0889034,2,EV engineering / delivery,0
B03552,8.893482,6.5839515,2,EV engineering / delivery,0
B03553,10.562742,8.594498,3,Broad cancer EV biology,0
B03554,7.8518677,10.430918,5,Lung cancer EV biology,0
B03555,8.408317,7.457445,2,EV engineering / delivery,0
B03556,7.9418697,8.876951,5,Lung cancer EV biology,0
B03557,9.649361,10.914151,5,Lung cancer EV biology,0
B03558,9.540885,8.360312,3,Broad cancer EV biology,0
B03559,8.677813,7.8396206,5,Lung cancer EV biology,0
B03560,9.624975,10.901643,5,Lung cancer EV biology,0
B03561,8.952388,10.36493,3,Broad cancer EV biology,0
B03562,8.755467,7.8931117,1,Vascular / systemic inflammation,0
B03563,8.734968,10.299206,3,Broad cancer EV biology,0
B03564,11.667073,3.0944672,4,Respiratory / airway EV biology,0
B03565,11.714024,2.4738936,4,Respiratory / airway EV biology,0
B03566,8.519407,10.577191,5,Lung cancer EV biology,0
B03567,8.369455,10.535744,5,Lung cancer EV biology,0
B03568,9.194645,3.2541218,0,MSC / regenerative EV therapy,0
B03569,9.879279,8.814315,5,Lung cancer EV biology,0
B03570,8.4149065,4.732936,1,Vascular / systemic inflammation,0
B03571,9.015093,6.530173,4,Respiratory / airway EV biology,0
B03572,8.355561,6.96438,5,Lung cancer EV biology,0
B03573,11.757257,2.2402596,4,Respiratory / airway EV biology,0
B03574,10.315719,10.293962,5,Lung cancer EV biology,0
B03575,9.693893,10.02235,3,Broad cancer EV biology,0
B03576,10.135616,6.1373982,2,EV engineering / delivery,0
B03577,10.344219,7.679518,5,Lung cancer EV biology,0
B03578,7.0929236,7.744178,2,EV engineering / delivery,0
B03579,7.4508457,7.6264215,2,EV engineering / delivery,0
B03580,10.548456,8.155755,3,Broad cancer EV biology,0
B03581,8.804872,1.0495245,1,Vascular / systemic inflammation,0
B03582,8.805317,10.056894,5,Lung cancer EV biology,0
B03583,9.168744,8.768472,5,Lung cancer EV biology,0
B03584,8.576998,7.918405,5,Lung cancer EV biology,0
B03585,10.610842,2.5565245,4,Respiratory / airway EV biology,0
B03586,7.017234,5.3893948,1,Vascular / systemic inflammation,0
B03587,10.53762,4.0099354,1,Vascular / systemic inflammation,0
B03588,11.257692,4.15534,4,Respiratory / airway EV biology,0
B03589,11.454181,8.233258,3,Broad cancer EV biology,0
B03590,10.811858,3.9585295,4,Respiratory / airway EV biology,0
B03591,13.296594,4.738963,4,Respiratory / airway EV biology,0
B03592,10.881395,4.8027105,1,Vascular / systemic inflammation,0
B03593,9.412358,3.4707973,0,MSC / regenerative EV therapy,0
B03594,10.577336,8.006415,3,Broad cancer EV biology,0
B03595,6.6737976,4.567441,1,Vascular / systemic inflammation,0
B03596,10.508145,3.9785306,4,Respiratory / airway EV biology,0
B03597,11.558338,8.5198,3,Broad cancer EV biology,0
B03598,11.540228,8.511403,3,Broad cancer EV biology,0
B03599,11.467346,8.421375,3,Broad cancer EV biology,0
B03600,10.233813,1.5761931,0,MSC / regenerative EV therapy,0
B03601,9.952841,2.7271774,0,MSC / regenerative EV therapy,0
B03602,8.4575,3.7744331,1,Vascular / systemic inflammation,0
B03603,7.3403473,3.0561862,1,Vascular / systemic inflammation,0
B03604,12.457836,2.4823484,4,Respiratory / airway EV biology,0
B03605,10.9683695,0.450549,0,MSC / regenerative EV therapy,0
B03606,9.868131,1.0176221,0,MSC / regenerative EV therapy,0
B03607,12.298037,7.56898,2,EV engineering / delivery,0
B03608,12.441706,7.5453005,2,EV engineering / delivery,0
B03609,10.758067,8.548082,3,Broad cancer EV biology,0
B03610,9.511936,2.2669318,0,MSC / regenerative EV therapy,0
B03611,9.014003,2.8985324,0,MSC / regenerative EV therapy,0
B03612,10.284489,2.7513363,4,Respiratory / airway EV biology,0
B03613,13.770061,0.58154607,0,MSC / regenerative EV therapy,0
B03614,12.760989,1.1247268,0,MSC / regenerative EV therapy,0
B03615,12.178222,2.3292422,4,Respiratory / airway EV biology,0
B03616,8.745431,2.3906307,0,MSC / regenerative EV therapy,0
B03617,8.210957,8.409067,5,Lung cancer EV biology,0
B03618,7.603934,7.6481376,2,EV engineering / delivery,0
B03619,9.878995,9.582382,5,Lung cancer EV biology,0
B03620,12.037421,8.365208,5,Lung cancer EV biology,0
B03621,8.049897,1.8370005,1,Vascular / systemic inflammation,0
B03622,9.903282,9.024348,5,Lung cancer EV biology,0
B03623,8.524846,3.2176282,1,Vascular / systemic inflammation,0
B03624,8.087882,8.76822,3,Broad cancer EV biology,0
B03625,10.834855,2.4551792,0,MSC / regenerative EV therapy,0
B03626,10.6935835,5.9739013,2,EV engineering / delivery,0
B03627,9.983593,10.688824,3,Broad cancer EV biology,0
B03628,9.874667,5.529144,2,EV engineering / delivery,0
B03629,12.603141,7.401865,0,MSC / regenerative EV therapy,0
B03630,11.645706,2.5506072,1,Vascular / systemic inflammation,0
B03631,8.928872,7.7131534,1,Vascular / systemic inflammation,0
B03632,11.335507,6.0404925,3,Broad cancer EV biology,0
B03633,10.768933,10.888678,5,Lung cancer EV biology,0
B03634,8.921295,1.1214951,1,Vascular / systemic inflammation,0
B03635,9.880915,1.9000579,0,MSC / regenerative EV therapy,0
B03636,8.747952,1.2305175,4,Respiratory / airway EV biology,0
B03637,9.050279,0.94723934,1,Vascular / systemic inflammation,0
B03638,8.403725,4.0352764,1,Vascular / systemic inflammation,0
B03639,8.252978,4.4331546,1,Vascular / systemic inflammation,0
B03640,9.545355,2.010153,1,Vascular / systemic inflammation,0
B03641,7.1676164,3.337903,1,Vascular / systemic inflammation,0
B03642,9.921842,2.0690851,0,MSC / regenerative EV therapy,0
B03643,12.075816,2.9959466,4,Respiratory / airway EV biology,0
B03644,10.599499,7.4687996,3,Broad cancer EV biology,0
B03645,10.09529,10.013254,3,Broad cancer EV biology,0
B03646,10.441976,2.0413575,0,MSC / regenerative EV therapy,0
B03647,11.6228075,7.625585,2,EV engineering / delivery,0
B03648,10.175878,2.2020483,0,MSC / regenerative EV therapy,0
B03649,8.924167,3.038492,0,MSC / regenerative EV therapy,0
B03650,10.256916,6.1339507,2,EV engineering / delivery,0
B03651,10.478406,6.4928355,2,EV engineering / delivery,0
B03652,9.897703,4.9292026,2,EV engineering / delivery,0
B03653,8.856864,6.6342993,2,EV engineering / delivery,0
B03654,9.758877,0.8394983,0,MSC / regenerative EV therapy,0
B03655,7.6028366,3.357684,1,Vascular / systemic inflammation,0
B03656,9.550715,3.3213017,0,MSC / regenerative EV therapy,0
B03657,9.918201,9.327941,3,Broad cancer EV biology,0
B03658,10.89771,6.8980412,2,EV engineering / delivery,0
B03659,11.990885,5.2858257,2,EV engineering / delivery,0
B03660,10.695759,10.822665,5,Lung cancer EV biology,0
B03661,11.6797085,3.740945,4,Respiratory / airway EV biology,0
B03662,6.9961286,8.039067,2,EV engineering / delivery,0
B03663,12.629304,3.2624834,4,Respiratory / airway EV biology,0
B03664,12.70466,3.326347,4,Respiratory / airway EV biology,0
B03665,7.8146896,3.885819,1,Vascular / systemic inflammation,0
B03666,7.327873,3.6513147,1,Vascular / systemic inflammation,0
B03667,11.160405,0.14557482,0,MSC / regenerative EV therapy,0
B03668,9.662598,8.903843,5,Lung cancer EV biology,0
B03669,11.640692,2.509992,4,Respiratory / airway EV biology,0
B03670,12.720062,7.361155,3,Broad cancer EV biology,0
B03671,11.825691,1.4545388,0,MSC / regenerative EV therapy,0
B03672,9.884944,10.647935,5,Lung cancer EV biology,0
B03673,11.8529215,4.989432,2,EV engineering / delivery,0
B03674,9.578753,8.533215,5,Lung cancer EV biology,0
B03675,6.1950345,4.737448,1,Vascular / systemic inflammation,0
B03676,11.702885,3.7911532,1,Vascular / systemic inflammation,0
B03677,9.079525,10.73516,5,Lung cancer EV biology,0
B03678,8.515828,4.8053045,0,MSC / regenerative EV therapy,0
B03679,9.171082,1.6332395,0,MSC / regenerative EV therapy,0
B03680,7.404015,3.9684477,1,Vascular / systemic inflammation,0
B03681,12.440267,2.555771,4,Respiratory / airway EV biology,0
B03682,8.963231,2.8679228,0,MSC / regenerative EV therapy,0
B03683,10.083226,6.561349,2,EV engineering / delivery,0
B03684,8.565257,5.5952225,2,EV engineering / delivery,0
B03685,9.710215,3.164684,4,Respiratory / airway EV biology,0
B03686,11.255958,9.481595,5,Lung cancer EV biology,0
B03687,8.611666,9.384518,4,Respiratory / airway EV biology,0
B03688,10.090192,5.9447107,2,EV engineering / delivery,0
B03689,13.666419,0.6268294,0,MSC / regenerative EV therapy,0
B03690,10.324038,10.78684,3,Broad cancer EV biology,0
B03691,10.61873,9.298852,5,Lung cancer EV biology,0
B03692,9.870737,8.893357,3,Broad cancer EV biology,0
B03693,11.406152,2.4412065,5,Lung cancer EV biology,0
B03694,11.8107605,8.4298115,5,Lung cancer EV biology,0
B03695,9.581176,8.586456,3,Broad cancer EV biology,0
B03696,9.281027,0.9347623,0,MSC / regenerative EV therapy,0
B03697,10.400622,10.538888,5,Lung cancer EV biology,0
B03698,9.528708,10.166415,3,Broad cancer EV biology,0
B03699,11.759678,8.663236,3,Broad cancer EV biology,0
B03700,11.769252,8.750953,3,Broad cancer EV biology,0
B03701,11.84631,8.714336,3,Broad cancer EV biology,0
B03702,10.12869,8.709449,5,Lung cancer EV biology,0
B03703,9.901044,10.539953,5,Lung cancer EV biology,0
B03704,10.614893,8.899645,5,Lung cancer EV biology,0
B03705,11.121099,8.752271,5,Lung cancer EV biology,0
B03706,9.943881,10.832428,5,Lung cancer EV biology,0
B03707,9.288189,8.326609,5,Lung cancer EV biology,0
B03708,10.074293,8.70705,5,Lung cancer EV biology,0
B03709,10.002705,10.746625,5,Lung cancer EV biology,0
B03710,10.394821,10.459165,5,Lung cancer EV biology,0
B03711,8.983349,4.1253815,1,Vascular / systemic inflammation,0
B03712,9.039648,3.3829424,0,MSC / regenerative EV therapy,0
B03713,8.871931,0.87404,1,Vascular / systemic inflammation,0
B03714,6.206137,4.8491983,3,Broad cancer EV biology,0
B03715,9.703779,8.32609,3,Broad cancer EV biology,0
B03716,10.887748,2.8938913,4,Respiratory / airway EV biology,0
B03717,13.478523,4.677955,4,Respiratory / airway EV biology,0
B03718,11.65622,2.7411335,4,Respiratory / airway EV biology,0
B03719,10.074455,10.532198,3,Broad cancer EV biology,0
B03720,9.785817,8.547216,5,Lung cancer EV biology,0
B03721,10.799871,10.327356,5,Lung cancer EV biology,0
B03722,10.163977,10.829598,5,Lung cancer EV biology,0
B03723,12.25144,3.0351882,4,Respiratory / airway EV biology,0
B03724,9.5792885,10.711914,3,Broad cancer EV biology,0
B03725,10.456824,10.674776,5,Lung cancer EV biology,0
B03726,11.977664,3.6863923,3,Broad cancer EV biology,0
B03727,10.50934,10.539459,5,Lung cancer EV biology,0
B03728,9.738069,1.1519259,0,MSC / regenerative EV therapy,0
B03729,10.456284,8.883628,5,Lung cancer EV biology,0
B03730,10.827313,10.260417,5,Lung cancer EV biology,0
B03731,11.908952,1.3706491,5,Lung cancer EV biology,0
B03732,12.066186,8.414321,5,Lung cancer EV biology,0
B03733,9.292088,8.216618,5,Lung cancer EV biology,0
B03734,10.767272,2.539699,0,MSC / regenerative EV therapy,0
B03735,11.002128,8.79437,3,Broad cancer EV biology,0
B03736,10.370865,8.87317,5,Lung cancer EV biology,0
B03737,11.896659,1.5102409,4,Respiratory / airway EV biology,0
B03738,9.207734,10.106122,5,Lung cancer EV biology,0
B03739,9.058588,7.9362383,5,Lung cancer EV biology,0
B03740,9.793103,1.0225601,4,Respiratory / airway EV biology,0
B03741,9.224872,10.149465,3,Broad cancer EV biology,0
B03742,9.317547,0.80489653,1,Vascular / systemic inflammation,0
B03743,9.0392685,7.899334,3,Broad cancer EV biology,0
B03744,9.600916,4.2660575,1,Vascular / systemic inflammation,0
B03745,8.437657,3.7130325,1,Vascular / systemic inflammation,0
B03746,8.280246,5.3177633,2,EV engineering / delivery,0
B03747,8.135308,5.1430564,2,EV engineering / delivery,0
B03748,9.691554,10.53754,5,Lung cancer EV biology,0
B03749,8.838204,0.8558808,1,Vascular / systemic inflammation,0
B03750,9.115986,10.120799,3,Broad cancer EV biology,0
B03751,11.422225,7.086222,2,EV engineering / delivery,0
B03752,10.973708,7.2387466,2,EV engineering / delivery,0
B03753,8.479698,3.764588,0,MSC / regenerative EV therapy,0
B03754,10.247224,4.436976,0,MSC / regenerative EV therapy,0
B03755,9.583153,7.5514793,2,EV engineering / delivery,0
B03756,10.458651,8.45369,3,Broad cancer EV biology,0
B03757,9.919775,1.2207421,0,MSC / regenerative EV therapy,0
B03758,9.875968,1.1486591,0,MSC / regenerative EV therapy,0
B03759,9.9309225,1.064608,0,MSC / regenerative EV therapy,0
B03760,9.49765,2.3097289,0,MSC / regenerative EV therapy,0
B03761,13.835817,0.7536685,1,Vascular / systemic inflammation,0
B03762,9.958761,1.3211076,0,MSC / regenerative EV therapy,0
B03763,9.865004,0.95802116,0,MSC / regenerative EV therapy,0
B03764,9.867842,1.4237218,0,MSC / regenerative EV therapy,0
B03765,9.817111,4.2917356,0,MSC / regenerative EV therapy,0
B03766,13.761002,0.7565325,0,MSC / regenerative EV therapy,0
B03767,11.26665,9.910838,5,Lung cancer EV biology,0
B03768,9.209185,0.7556957,1,Vascular / systemic inflammation,0
B03769,10.628769,8.69969,5,Lung cancer EV biology,0
B03770,8.916278,0.8317399,1,Vascular / systemic inflammation,0
B03771,8.949944,10.614663,5,Lung cancer EV biology,0
B03772,11.138242,9.406688,4,Respiratory / airway EV biology,0
B03773,11.785671,3.157726,5,Lung cancer EV biology,0
B03774,9.684684,2.3284602,3,Broad cancer EV biology,0
B03775,9.809749,6.2378883,2,EV engineering / delivery,0
B03776,12.47035,3.017802,4,Respiratory / airway EV biology,0
B03777,11.06447,2.3106885,0,MSC / regenerative EV therapy,1
B03778,10.976364,6.7259507,2,EV engineering / delivery,0
B03779,12.508018,2.6149623,4,Respiratory / airway EV biology,0
B03780,9.519106,7.847929,5,Lung cancer EV biology,0
B03781,9.994171,8.246161,3,Broad cancer EV biology,0
B03782,9.742131,9.801335,3,Broad cancer EV biology,0
B03783,9.6088705,7.890582,3,Broad cancer EV biology,0
B03784,9.663701,7.836935,5,Lung cancer EV biology,0
B03785,10.151443,6.754605,4,Respiratory / airway EV biology,0
B03786,10.940224,6.7773957,2,EV engineering / delivery,0
B03787,10.210901,10.018898,5,Lung cancer EV biology,0
B03788,10.318072,8.023235,3,Broad cancer EV biology,0
B03789,11.082594,7.274269,2,EV engineering / delivery,0
B03790,10.01438,8.179932,5,Lung cancer EV biology,0
B03791,9.364028,6.1406927,2,EV engineering / delivery,0
B03792,9.575316,8.640405,3,Broad cancer EV biology,0
B03793,10.734042,7.399482,3,Broad cancer EV biology,0
B03794,8.689187,5.4869494,2,EV engineering / delivery,0
B03795,8.880891,5.2169967,4,Respiratory / airway EV biology,0
B03796,9.099501,3.4468544,0,MSC / regenerative EV therapy,0
B03797,11.975258,2.4103868,4,Respiratory / airway EV biology,0
B03798,10.461981,10.688313,5,Lung cancer EV biology,0
B03799,11.852271,1.4803505,4,Respiratory / airway EV biology,0
B03800,10.131754,1.6334032,0,MSC / regenerative EV therapy,0
B03801,11.260408,7.5792975,2,EV engineering / delivery,0
B03802,10.794785,3.1302307,4,Respiratory / airway EV biology,0
B03803,10.58609,10.174069,5,Lung cancer EV biology,0
B03804,10.260878,1.1065118,0,MSC / regenerative EV therapy,0
B03805,11.864527,8.016834,5,Lung cancer EV biology,0
B03806,10.283134,10.121429,5,Lung cancer EV biology,0
B03807,10.594594,8.488063,3,Broad cancer EV biology,0
B03808,9.527856,8.6648855,5,Lung cancer EV biology,0
B03809,9.910772,10.75523,3,Broad cancer EV biology,0
B03810,11.934384,4.9687343,2,EV engineering / delivery,0
B03811,11.113931,5.421268,2,EV engineering / delivery,0
B03812,9.994813,2.737429,1,Vascular / systemic inflammation,0
B03813,8.103838,8.291729,3,Broad cancer EV biology,0
B03814,11.505712,4.8729258,1,Vascular / systemic inflammation,0
B03815,9.934077,8.743723,5,Lung cancer EV biology,0
B03816,12.112257,9.455692,3,Broad cancer EV biology,0
B03817,7.9049406,2.8437793,1,Vascular / systemic inflammation,0
B03818,12.010475,5.2310944,2,EV engineering / delivery,0
B03819,11.441573,9.739258,5,Lung cancer EV biology,0
B03820,13.292795,4.7695127,4,Respiratory / airway EV biology,0
B03821,9.165213,5.0252438,1,Vascular / systemic inflammation,0
B03822,9.01964,3.0834277,0,MSC / regenerative EV therapy,0
B03823,9.779816,3.2196732,1,Vascular / systemic inflammation,0
B03824,10.41884,9.778675,3,Broad cancer EV biology,0
B03825,12.473023,2.580594,4,Respiratory / airway EV biology,0
B03826,11.902356,1.4051274,5,Lung cancer EV biology,0
B03827,9.22992,10.722057,5,Lung cancer EV biology,0
B03828,13.421266,4.691178,5,Lung cancer EV biology,0
B03829,7.1177516,3.687412,1,Vascular / systemic inflammation,0
B03830,9.272317,3.5251296,0,MSC / regenerative EV therapy,0
B03831,10.598732,9.802694,5,Lung cancer EV biology,0
B03832,7.8284144,4.0264583,1,Vascular / systemic inflammation,0
B03833,7.830175,5.070128,1,Vascular / systemic inflammation,0
B03834,8.203574,4.4724164,1,Vascular / systemic inflammation,0
B03835,8.343855,3.701194,1,Vascular / systemic inflammation,0
B03836,9.772621,10.023695,5,Lung cancer EV biology,0
B03837,9.006367,6.596929,4,Respiratory / airway EV biology,0
B03838,10.707259,3.1127594,4,Respiratory / airway EV biology,0
B03839,10.094426,8.948134,3,Broad cancer EV biology,0
B03840,12.185164,7.355908,3,Broad cancer EV biology,0
B03841,10.404426,7.006457,2,EV engineering / delivery,0
B03842,8.254971,3.3802712,1,Vascular / systemic inflammation,0
B03843,12.665599,3.3194091,4,Respiratory / airway EV biology,0
B03844,8.398334,2.370453,4,Respiratory / airway EV biology,0
B03845,9.994762,5.3818016,2,EV engineering / delivery,0
B03846,9.010943,9.591124,5,Lung cancer EV biology,0
B03847,9.948794,5.534181,2,EV engineering / delivery,0
B03848,13.35448,0.68318117,0,MSC / regenerative EV therapy,0
B03849,9.499433,5.947093,2,EV engineering / delivery,0
B03850,10.810139,0.5838029,4,Respiratory / airway EV biology,0
B03851,8.966493,10.2307825,3,Broad cancer EV biology,0
B03852,9.092798,10.152179,3,Broad cancer EV biology,0
B03853,11.466789,4.9013476,2,EV engineering / delivery,0
B03854,7.413815,3.547072,1,Vascular / systemic inflammation,0
B03855,8.845087,4.530904,3,Broad cancer EV biology,0
B03856,10.781731,7.602727,2,EV engineering / delivery,0
B03857,9.93857,9.661537,3,Broad cancer EV biology,0
B03858,7.982392,4.8986897,1,Vascular / systemic inflammation,0
B03859,9.805412,1.4327459,4,Respiratory / airway EV biology,0
B03860,11.95711,8.343567,3,Broad cancer EV biology,0
B03861,9.003334,9.868646,3,Broad cancer EV biology,0
B03862,11.371376,2.919396,4,Respiratory / airway EV biology,0
B03863,11.534221,3.0301173,4,Respiratory / airway EV biology,0
B03864,9.74154,4.490847,0,MSC / regenerative EV therapy,0
B03865,8.728117,3.5353277,0,MSC / regenerative EV therapy,0
B03866,10.390832,6.5075893,2,EV engineering / delivery,0
B03867,8.781102,7.4437594,2,EV engineering / delivery,0
B03868,8.895696,3.6537194,2,EV engineering / delivery,0
B03869,12.282493,4.664434,4,Respiratory / airway EV biology,0
B03870,9.68707,3.860411,0,MSC / regenerative EV therapy,0
B03871,11.72985,4.522946,4,Respiratory / airway EV biology,0
B03872,11.872444,3.46923,4,Respiratory / airway EV biology,0
B03873,9.8129425,5.5388045,2,EV engineering / delivery,0
B03874,9.697654,9.585722,5,Lung cancer EV biology,0
B03875,11.93058,9.194588,3,Broad cancer EV biology,0
B03876,10.372085,2.7707834,4,Respiratory / airway EV biology,0
B03877,10.033251,9.307785,3,Broad cancer EV biology,0
B03878,10.938416,0.49356398,0,MSC / regenerative EV therapy,0
B03879,12.138877,4.823534,4,Respiratory / airway EV biology,0
B03880,9.743668,9.668182,3,Broad cancer EV biology,0
B03881,8.879664,1.4365454,4,Respiratory / airway EV biology,0
B03882,11.982218,4.576915,4,Respiratory / airway EV biology,0
B03883,8.052286,4.6631966,1,Vascular / systemic inflammation,0
B03884,12.309994,4.7548695,4,Respiratory / airway EV biology,0
B03885,9.626768,1.8933463,4,Respiratory / airway EV biology,0
B03886,9.858006,7.291487,5,Lung cancer EV biology,0
B03887,10.286236,7.636824,3,Broad cancer EV biology,0
B03888,10.297884,6.759583,2,EV engineering / delivery,0
B03889,9.624947,5.143571,4,Respiratory / airway EV biology,0
B03890,7.424095,2.583547,1,Vascular / systemic inflammation,0
B03891,10.988028,2.5486445,4,Respiratory / airway EV biology,0
B03892,9.472893,9.304098,3,Broad cancer EV biology,0
B03893,9.9137745,9.754001,5,Lung cancer EV biology,0
B03894,7.5455537,4.278214,1,Vascular / systemic inflammation,0
B03895,11.765224,4.31624,4,Respiratory / airway EV biology,0
B03896,11.652211,3.5038562,4,Respiratory / airway EV biology,0
B03897,10.270086,4.0132966,2,EV engineering / delivery,0
B03898,9.666492,4.287531,0,MSC / regenerative EV therapy,0
B03899,6.3601975,4.6521955,4,Respiratory / airway EV biology,0
B03900,11.482279,3.3891308,4,Respiratory / airway EV biology,0
B03901,8.503138,5.6444693,2,EV engineering / delivery,0
B03902,8.061549,5.606798,2,EV engineering / delivery,0
B03903,9.363587,4.793786,1,Vascular / systemic inflammation,0
B03904,10.930558,7.370557,2,EV engineering / delivery,0
B03905,11.186968,6.257518,3,Broad cancer EV biology,0
B03906,11.266204,8.96275,5,Lung cancer EV biology,0
B03907,12.683326,3.2471788,4,Respiratory / airway EV biology,0
B03908,11.436743,3.2231023,4,Respiratory / airway EV biology,0
B03909,12.265099,2.899826,4,Respiratory / airway EV biology,0
B03910,12.36991,2.8376603,4,Respiratory / airway EV biology,0
B03911,9.205449,9.959794,5,Lung cancer EV biology,0
B03912,12.022564,3.1107965,4,Respiratory / airway EV biology,0
B03913,9.344009,10.369119,5,Lung cancer EV biology,0
B03914,11.124246,10.204584,5,Lung cancer EV biology,0
B03915,10.080645,7.6170187,2,EV engineering / delivery,0
B03916,9.665698,4.82095,2,EV engineering / delivery,0
B03917,11.543246,9.395977,5,Lung cancer EV biology,0
B03918,10.506859,3.3320897,4,Respiratory / airway EV biology,0
B03919,11.047877,6.857243,2,EV engineering / delivery,0
B03920,11.440958,8.885079,3,Broad cancer EV biology,0
B03921,10.839284,7.739333,3,Broad cancer EV biology,0
B03922,11.899165,4.1032066,4,Respiratory / airway EV biology,0
B03923,12.063401,8.24501,5,Lung cancer EV biology,0
B03924,11.945536,4.063602,4,Respiratory / airway EV biology,0
B03925,10.722825,3.4042954,4,Respiratory / airway EV biology,0
B03926,8.412719,4.94667,2,EV engineering / delivery,0
B03927,8.330533,1.3631938,1,Vascular / systemic inflammation,0
B03928,10.234584,6.1631985,2,EV engineering / delivery,0
B03929,8.8725605,9.708155,5,Lung cancer EV biology,0
B03930,8.325787,5.0365944,1,Vascular / systemic inflammation,0
B03931,8.966718,5.721566,2,EV engineering / delivery,0
B03932,9.167812,9.220958,5,Lung cancer EV biology,0
B03933,11.102542,9.5294,3,Broad cancer EV biology,0
B03934,11.114117,5.769682,1,Vascular / systemic inflammation,0
B03935,11.241598,5.89496,3,Broad cancer EV biology,0
B03936,11.1005,5.747727,1,Vascular / systemic inflammation,0
B03937,11.166469,0.3071037,0,MSC / regenerative EV therapy,0
B03938,11.210108,0.24003258,0,MSC / regenerative EV therapy,0
B03939,9.804567,9.416129,4,Respiratory / airway EV biology,0
B03940,9.401319,9.7017355,3,Broad cancer EV biology,0
B03941,10.17815,3.704152,2,EV engineering / delivery,0
B03942,11.030751,2.56449,4,Respiratory / airway EV biology,0
B03943,11.332647,8.862163,3,Broad cancer EV biology,0
B03944,11.038996,1.073553,4,Respiratory / airway EV biology,0
B03945,11.2680855,7.833303,2,EV engineering / delivery,0
B03946,10.048277,3.372182,1,Vascular / systemic inflammation,0
B03947,8.750262,7.166039,2,EV engineering / delivery,0
B03948,13.683656,0.7475305,0,MSC / regenerative EV therapy,0
B03949,10.600594,10.256622,5,Lung cancer EV biology,0
B03950,8.561846,3.7177982,1,Vascular / systemic inflammation,0
B03951,12.070293,8.293514,5,Lung cancer EV biology,0
B03952,12.163603,2.1495504,0,MSC / regenerative EV therapy,0
B03953,9.177376,8.719947,5,Lung cancer EV biology,0
B03954,9.426086,3.6621842,0,MSC / regenerative EV therapy,0
B03955,8.494812,5.67521,2,EV engineering / delivery,0
B03956,8.759174,4.532154,2,EV engineering / delivery,0
B03957,10.092891,8.643801,5,Lung cancer EV biology,0
B03958,9.298109,7.218456,2,EV engineering / delivery,0
B03959,12.504271,3.144067,4,Respiratory / airway EV biology,0
B03960,12.866543,1.0779377,4,Respiratory / airway EV biology,0
B03961,12.370091,4.7960687,5,Lung cancer EV biology,0
B03962,11.65577,5.83204,2,EV engineering / delivery,0
B03963,11.651562,6.137178,2,EV engineering / delivery,0
B03964,11.779858,8.652859,5,Lung cancer EV biology,0
B03965,12.508826,3.2568796,4,Respiratory / airway EV biology,0
B03966,10.200661,10.277428,5,Lung cancer EV biology,0
B03967,8.941748,4.1041636,2,EV engineering / delivery,0
B03968,9.854838,3.8118901,2,EV engineering / delivery,0
B03969,8.989542,7.762137,1,Vascular / systemic inflammation,0
B03970,10.207645,5.9706326,2,EV engineering / delivery,0
B03971,13.704274,0.7705356,0,MSC / regenerative EV therapy,0
B03972,8.250457,4.4120274,1,Vascular / systemic inflammation,0
B03973,11.861684,4.8099365,1,Vascular / systemic inflammation,0
B03974,13.66092,0.40816158,0,MSC / regenerative EV therapy,0
B03975,9.001262,6.2727547,5,Lung cancer EV biology,0
B03976,10.074341,5.60299,2,EV engineering / delivery,0
B03977,7.948235,7.8302655,2,EV engineering / delivery,0
B03978,8.591951,6.566935,1,Vascular / systemic inflammation,0
B03979,11.074813,2.650747,4,Respiratory / airway EV biology,0
B03980,9.667359,3.0914223,0,MSC / regenerative EV therapy,0
B03981,5.747278,5.937947,1,Vascular / systemic inflammation,0
B03982,5.762281,5.9325485,1,Vascular / systemic inflammation,0
B03983,5.7446914,5.9419317,1,Vascular / systemic inflammation,0
B03984,8.469129,8.950858,1,Vascular / systemic inflammation,0
B03985,8.875399,2.7650235,0,MSC / regenerative EV therapy,0
B03986,11.066592,3.0951443,4,Respiratory / airway EV biology,0
B03987,11.542747,5.8710165,2,EV engineering / delivery,0
B03988,9.43762,7.924324,5,Lung cancer EV biology,0
B03989,9.07298,1.6669388,1,Vascular / systemic inflammation,0
B03990,10.054201,3.8940592,0,MSC / regenerative EV therapy,0
B03991,11.374729,7.912459,5,Lung cancer EV biology,0
B03992,13.727847,0.7663541,0,MSC / regenerative EV therapy,0
B03993,11.249057,7.7779036,5,Lung cancer EV biology,0
B03994,10.719423,5.200829,2,EV engineering / delivery,0
B03995,10.910438,7.3415904,0,MSC / regenerative EV therapy,0
B03996,10.775303,8.876961,5,Lung cancer EV biology,0
B03997,8.459974,4.3238916,1,Vascular / systemic inflammation,0
B03998,6.457825,4.5216537,1,Vascular / systemic inflammation,0
B03999,9.070018,2.9775627,1,Vascular / systemic inflammation,0
B04000,7.478829,2.7451468,1,Vascular / systemic inflammation,0
B04001,7.862235,5.571699,2,EV engineering / delivery,0
B04002,11.290744,9.050032,3,Broad cancer EV biology,0
B04003,7.8509955,2.2794554,1,Vascular / systemic inflammation,0
B04004,8.853604,7.191229,2,EV engineering / delivery,0
B04005,8.177025,7.4021297,2,EV engineering / delivery,0
B04006,8.839304,6.7101817,2,EV engineering / delivery,0
B04007,7.890892,5.9368486,2,EV engineering / delivery,0
B04008,7.1679378,7.7792764,2,EV engineering / delivery,0
B04009,8.881152,10.757445,3,Broad cancer EV biology,0
B04010,10.286768,10.418403,5,Lung cancer EV biology,0
B04011,9.456498,4.749407,0,MSC / regenerative EV therapy,0
B04012,8.167889,4.995757,1,Vascular / systemic inflammation,0
B04013,11.470868,4.8346586,1,Vascular / systemic inflammation,0
B04014,8.631596,3.021002,0,MSC / regenerative EV therapy,0
B04015,10.957406,0.37491903,5,Lung cancer EV biology,0
B04016,9.814579,10.957208,5,Lung cancer EV biology,0
B04017,12.049387,4.783193,4,Respiratory / airway EV biology,0
B04018,9.610803,2.413586,1,Vascular / systemic inflammation,0
B04019,10.60845,4.9039893,0,MSC / regenerative EV therapy,0
B04020,9.741706,6.8511457,5,Lung cancer EV biology,0
B04021,10.972798,1.6380223,0,MSC / regenerative EV therapy,0
B04022,9.508,3.2056499,0,MSC / regenerative EV therapy,0
B04023,9.047724,1.1836902,0,MSC / regenerative EV therapy,0
B04024,9.894378,1.720499,0,MSC / regenerative EV therapy,0
B04025,10.158869,1.6361916,0,MSC / regenerative EV therapy,0
B04026,10.694076,7.6070647,3,Broad cancer EV biology,0
B04027,11.035991,0.3269134,5,Lung cancer EV biology,0
B04028,9.526975,2.1920705,0,MSC / regenerative EV therapy,0
B04029,8.892108,2.3849332,0,MSC / regenerative EV therapy,0
B04030,10.415344,1.6858257,0,MSC / regenerative EV therapy,0
B04031,9.831458,0.7977502,0,MSC / regenerative EV therapy,0
B04032,9.900725,1.1097795,0,MSC / regenerative EV therapy,0
B04033,13.43543,0.662672,0,MSC / regenerative EV therapy,0
B04034,9.595205,2.2200687,0,MSC / regenerative EV therapy,0
B04035,10.422971,9.919557,3,Broad cancer EV biology,0
B04036,9.625044,2.4539545,0,MSC / regenerative EV therapy,0
B04037,10.784633,10.220434,3,Broad cancer EV biology,0
B04038,10.302181,2.1578748,4,Respiratory / airway EV biology,0
B04039,11.7630005,2.6943479,5,Lung cancer EV biology,0
B04040,11.207986,4.145683,1,Vascular / systemic inflammation,0
B04041,8.449018,5.464791,2,EV engineering / delivery,0
B04042,9.709242,10.540067,3,Broad cancer EV biology,0
B04043,9.753526,10.527047,5,Lung cancer EV biology,0
B04044,9.232068,4.235024,1,Vascular / systemic inflammation,0
B04045,9.370259,7.6826167,3,Broad cancer EV biology,0
B04046,11.579936,2.5863755,4,Respiratory / airway EV biology,0
B04047,12.021299,8.260298,5,Lung cancer EV biology,0
B04048,8.960037,8.977178,5,Lung cancer EV biology,0
B04049,8.647711,10.170698,3,Broad cancer EV biology,0
B04050,9.187858,10.404735,5,Lung cancer EV biology,0
B04051,11.27167,2.907973,1,Vascular / systemic inflammation,0
B04052,12.591005,2.745411,4,Respiratory / airway EV biology,0
B04053,12.783376,3.5676665,5,Lung cancer EV biology,0
B04054,10.468516,2.3135433,4,Respiratory / airway EV biology,0
B04055,10.013668,4.5266037,1,Vascular / systemic inflammation,0
B04056,11.3761835,7.25333,2,EV engineering / delivery,0
B04057,10.304285,9.66819,3,Broad cancer EV biology,0
B04058,11.707344,9.028339,5,Lung cancer EV biology,0
B04059,11.409849,8.016391,5,Lung cancer EV biology,0
B04060,11.502685,8.079418,3,Broad cancer EV biology,0
B04061,8.861483,4.48742,4,Respiratory / airway EV biology,0
B04062,9.765158,2.2730331,0,MSC / regenerative EV therapy,0
B04063,12.547085,2.2868948,0,MSC / regenerative EV therapy,0
B04064,12.791267,2.4414077,0,MSC / regenerative EV therapy,0
B04065,12.789688,2.330103,0,MSC / regenerative EV therapy,0
B04066,10.605388,6.112124,2,EV engineering / delivery,0
B04067,11.184154,5.465624,4,Respiratory / airway EV biology,0
B04068,9.551123,4.974104,1,Vascular / systemic inflammation,0
B04069,10.345366,4.222559,4,Respiratory / airway EV biology,0
B04070,9.1643305,1.8490481,1,Vascular / systemic inflammation,0
B04071,13.238864,4.780569,4,Respiratory / airway EV biology,0
B04072,8.547917,5.6535926,2,EV engineering / delivery,0
B04073,9.426477,4.7283425,1,Vascular / systemic inflammation,0
B04074,7.3331304,2.6453185,1,Vascular / systemic inflammation,0
B04075,12.395297,7.5835476,5,Lung cancer EV biology,0
B04076,11.299734,3.6313336,1,Vascular / systemic inflammation,0
B04077,10.538654,2.9569614,4,Respiratory / airway EV biology,0
B04078,9.226816,2.9927974,0,MSC / regenerative EV therapy,0
B04079,7.6794763,10.656116,5,Lung cancer EV biology,0
B04080,8.26911,7.741791,5,Lung cancer EV biology,0
B04081,8.051798,3.075117,1,Vascular / systemic inflammation,0
B04082,7.8747573,4.147553,1,Vascular / systemic inflammation,0
B04083,7.380288,3.786227,1,Vascular / systemic inflammation,0
B04084,13.291173,4.747608,4,Respiratory / airway EV biology,0
B04085,9.458018,2.2980256,0,MSC / regenerative EV therapy,0
B04086,9.776217,1.174422,0,MSC / regenerative EV therapy,0
B04087,11.146007,6.2062182,2,EV engineering / delivery,0
B04088,10.320756,5.8109217,2,EV engineering / delivery,0
B04089,12.1555805,4.775612,4,Respiratory / airway EV biology,0
B04090,10.866314,3.9211483,2,EV engineering / delivery,0
B04091,10.131325,6.8214746,4,Respiratory / airway EV biology,0
B04092,10.913504,2.8165517,2,EV engineering / delivery,0
B04093,10.869046,7.135568,5,Lung cancer EV biology,0
B04094,7.8227577,5.5447383,2,EV engineering / delivery,0
B04095,10.306047,3.8374927,1,Vascular / systemic inflammation,0
B04096,8.604932,5.2333665,2,EV engineering / delivery,0
B04097,11.559648,9.0021105,3,Broad cancer EV biology,0
B04098,10.862699,1.891321,0,MSC / regenerative EV therapy,0
B04099,11.057551,6.833089,2,EV engineering / delivery,0
B04100,11.66651,4.2989106,4,Respiratory / airway EV biology,0
B04101,8.401114,3.77059,1,Vascular / systemic inflammation,0
B04102,9.851481,3.6276789,0,MSC / regenerative EV therapy,0
B04103,11.969368,5.6719656,5,Lung cancer EV biology,0
B04104,8.038548,5.2487345,1,Vascular / systemic inflammation,0
B04105,9.332882,10.090939,5,Lung cancer EV biology,0
B04106,10.842003,6.7665224,2,EV engineering / delivery,0
B04107,12.704825,5.5900803,5,Lung cancer EV biology,0
B04108,10.522867,9.748247,5,Lung cancer EV biology,0
B04109,10.873486,9.165852,5,Lung cancer EV biology,0
B04110,11.093373,8.614624,5,Lung cancer EV biology,0
B04111,12.0179405,2.3202856,5,Lung cancer EV biology,0
B04112,11.922672,4.956369,2,EV engineering / delivery,0
B04113,9.451744,4.860097,3,Broad cancer EV biology,0
B04114,9.472313,5.3248925,3,Broad cancer EV biology,0
B04115,12.312498,2.7866235,4,Respiratory / airway EV biology,0
B04116,10.305466,7.62854,5,Lung cancer EV biology,0
B04117,7.2929535,8.361172,5,Lung cancer EV biology,0
B04118,10.389269,2.3627276,2,EV engineering / delivery,0
B04119,9.570667,7.773069,2,EV engineering / delivery,0
B04120,11.24624,3.106948,4,Respiratory / airway EV biology,0
B04121,10.383932,5.493803,2,EV engineering / delivery,0
B04122,12.007376,5.5249557,5,Lung cancer EV biology,0
B04123,10.818116,1.9106227,0,MSC / regenerative EV therapy,0
B04124,9.452398,5.1929865,2,EV engineering / delivery,0
B04125,10.174296,6.2593675,2,EV engineering / delivery,0
B04126,10.363457,10.58476,5,Lung cancer EV biology,0
B04127,10.043948,6.1045628,2,EV engineering / delivery,0
B04128,10.6578455,5.553684,1,Vascular / systemic inflammation,0
B04129,9.304975,8.242372,5,Lung cancer EV biology,0
B04130,9.837366,9.888054,5,Lung cancer EV biology,0
B04131,11.33324,8.906443,5,Lung cancer EV biology,0
B04132,11.608561,7.318659,2,EV engineering / delivery,0
B04133,11.440434,9.189264,3,Broad cancer EV biology,0
B04134,8.143563,7.7936745,2,EV engineering / delivery,0
B04135,9.838453,1.1271516,0,MSC / regenerative EV therapy,0
B04136,11.808889,9.243311,3,Broad cancer EV biology,0
B04137,10.296244,4.2796764,4,Respiratory / airway EV biology,0
B04138,13.527168,0.7304406,0,MSC / regenerative EV therapy,0
B04139,10.792441,8.843895,3,Broad cancer EV biology,0
B04140,8.445585,3.5907316,1,Vascular / systemic inflammation,0
B04141,7.3608956,7.781723,2,EV engineering / delivery,0
B04142,7.4483624,8.193825,2,EV engineering / delivery,0
B04143,11.661801,3.602792,4,Respiratory / airway EV biology,0
B04144,12.293141,3.4181905,4,Respiratory / airway EV biology,0
B04145,10.011526,9.678079,5,Lung cancer EV biology,0
B04146,10.46109,9.639617,5,Lung cancer EV biology,0
B04147,10.532561,7.058151,2,EV engineering / delivery,0
B04148,9.5595045,5.4404206,4,Respiratory / airway EV biology,0
B04149,8.945724,6.598416,2,EV engineering / delivery,0
B04150,10.960095,1.7583914,0,MSC / regenerative EV therapy,0
B04151,6.268416,4.804911,4,Respiratory / airway EV biology,0
B04152,7.584994,9.027468,5,Lung cancer EV biology,0
B04153,10.912278,5.572026,1,Vascular / systemic inflammation,0
B04154,7.1179533,3.4226499,1,Vascular / systemic inflammation,0
B04155,6.197995,5.7735887,1,Vascular / systemic inflammation,0
B04156,9.625804,10.545169,5,Lung cancer EV biology,0
B04157,7.5802746,8.70352,1,Vascular / systemic inflammation,0
B04158,11.902737,4.9996834,2,EV engineering / delivery,0
B04159,8.825239,5.042547,1,Vascular / systemic inflammation,0
B04160,9.690434,4.5453033,1,Vascular / systemic inflammation,0
B04161,12.1054125,3.0495546,4,Respiratory / airway EV biology,0
B04162,11.075748,2.655824,4,Respiratory / airway EV biology,0
B04163,9.137208,1.1103364,1,Vascular / systemic inflammation,0
B04164,7.8180056,8.971532,3,Broad cancer EV biology,0
B04165,7.634957,9.08969,3,Broad cancer EV biology,0
B04166,7.6374826,10.462544,5,Lung cancer EV biology,0
B04167,7.623609,8.907316,5,Lung cancer EV biology,0
B04168,7.7422376,10.593764,5,Lung cancer EV biology,0
B04169,7.9095054,10.24204,3,Broad cancer EV biology,0
B04170,7.497562,8.979558,5,Lung cancer EV biology,0
B04171,7.8031764,10.595518,5,Lung cancer EV biology,0
B04172,13.206672,4.846354,2,EV engineering / delivery,0
B04173,9.20219,8.550054,5,Lung cancer EV biology,0
B04174,10.073796,10.081185,5,Lung cancer EV biology,0
B04175,8.637039,4.430528,1,Vascular / systemic inflammation,0
B04176,12.075985,8.422113,5,Lung cancer EV biology,0
B04177,11.246086,10.0846615,5,Lung cancer EV biology,0
B04178,8.278927,3.9411528,1,Vascular / systemic inflammation,0
B04179,11.896176,1.4429187,5,Lung cancer EV biology,0
B04180,9.797217,8.959166,5,Lung cancer EV biology,0
B04181,9.005474,8.702837,5,Lung cancer EV biology,0
B04182,8.985329,10.256998,5,Lung cancer EV biology,0
B04183,10.157907,10.38599,3,Broad cancer EV biology,0
B04184,7.846239,2.0349605,1,Vascular / systemic inflammation,0
B04185,7.873935,9.968351,5,Lung cancer EV biology,0
B04186,12.181484,7.7173924,5,Lung cancer EV biology,0
B04187,10.227271,3.6154342,1,Vascular / systemic inflammation,0
B04188,11.911731,3.3975706,1,Vascular / systemic inflammation,0
B04189,12.392776,2.6973495,4,Respiratory / airway EV biology,0
B04190,9.647421,7.6355815,3,Broad cancer EV biology,0
B04191,11.979888,8.516976,5,Lung cancer EV biology,0
B04192,8.042054,10.51596,5,Lung cancer EV biology,0
B04193,11.976182,5.416086,4,Respiratory / airway EV biology,0
B04194,8.188954,10.409342,5,Lung cancer EV biology,0
B04195,9.987022,10.123024,5,Lung cancer EV biology,0
B04196,11.397195,10.120482,5,Lung cancer EV biology,0
B04197,10.997066,1.7329636,0,MSC / regenerative EV therapy,0
B04198,10.843169,2.1920626,0,MSC / regenerative EV therapy,0
B04199,11.956243,8.476377,2,EV engineering / delivery,0
B04200,10.402004,9.345331,3,Broad cancer EV biology,0
B04201,6.1490607,4.7215314,5,Lung cancer EV biology,0
B04202,13.584948,0.834224,4,Respiratory / airway EV biology,0
B04203,9.171623,4.2842736,0,MSC / regenerative EV therapy,0
B04204,9.965175,7.1323442,3,Broad cancer EV biology,0
B04205,13.808117,0.63682246,0,MSC / regenerative EV therapy,0
B04206,11.168715,10.317035,5,Lung cancer EV biology,0
B04207,12.073256,9.247672,3,Broad cancer EV biology,0
B04208,10.709163,8.826496,5,Lung cancer EV biology,0
B04209,7.228084,8.212425,5,Lung cancer EV biology,0
B04210,7.2773285,8.339581,5,Lung cancer EV biology,0
B04211,9.278729,0.95090765,4,Respiratory / airway EV biology,0
B04212,11.919102,1.4590203,0,MSC / regenerative EV therapy,0
B04213,10.604709,8.77144,5,Lung cancer EV biology,0
B04214,9.779037,0.9009249,4,Respiratory / airway EV biology,0
B04215,10.149508,4.173324,0,MSC / regenerative EV therapy,0
B04216,11.583039,2.171873,4,Respiratory / airway EV biology,0
B04217,10.937563,0.48373574,0,MSC / regenerative EV therapy,0
B04218,10.5947275,5.169992,1,Vascular / systemic inflammation,0
B04219,12.038992,4.5217085,1,Vascular / systemic inflammation,0
B04220,9.336457,0.7915481,4,Respiratory / airway EV biology,0
B04221,8.527672,5.214337,1,Vascular / systemic inflammation,0
B04222,9.844894,9.333755,5,Lung cancer EV biology,0
B04223,9.64208,4.1004534,0,MSC / regenerative EV therapy,0
B04224,10.460572,2.1422012,0,MSC / regenerative EV therapy,0
B04225,8.039193,5.165783,2,EV engineering / delivery,0
B04226,8.381248,1.3595424,1,Vascular / systemic inflammation,0
B04227,11.561512,4.8992734,1,Vascular / systemic inflammation,0
B04228,9.298011,10.742212,5,Lung cancer EV biology,0
B04229,10.586315,6.3907743,2,EV engineering / delivery,0
B04230,10.271754,6.0599,2,EV engineering / delivery,0
B04231,11.873076,9.513726,3,Broad cancer EV biology,0
B04232,11.053484,2.2227058,5,Lung cancer EV biology,0
B04233,10.870096,10.170799,5,Lung cancer EV biology,0
B04234,9.094794,0.88775396,1,Vascular / systemic inflammation,0
B04235,9.5881815,9.550132,3,Broad cancer EV biology,0
B04236,10.728045,8.936475,5,Lung cancer EV biology,0
B04237,10.122926,10.709846,5,Lung cancer EV biology,0
B04238,10.654172,9.072767,5,Lung cancer EV biology,0
B04239,11.101534,7.953125,3,Broad cancer EV biology,0
B04240,12.2355385,7.549917,3,Broad cancer EV biology,0
B04241,10.955751,7.489174,2,EV engineering / delivery,0
B04242,10.271313,1.0157579,0,MSC / regenerative EV therapy,0
B04243,11.045696,1.9750901,0,MSC / regenerative EV therapy,0
B04244,10.404492,1.4592954,0,MSC / regenerative EV therapy,0
B04245,13.587963,0.52317214,0,MSC / regenerative EV therapy,0
B04246,9.54921,2.1821096,0,MSC / regenerative EV therapy,0
B04247,10.907933,1.9112529,0,MSC / regenerative EV therapy,0
B04248,9.402207,2.2341657,0,MSC / regenerative EV therapy,0
B04249,9.211494,3.528764,0,MSC / regenerative EV therapy,0
B04250,8.782862,3.1356962,0,MSC / regenerative EV therapy,0
B04251,12.130291,1.9744095,0,MSC / regenerative EV therapy,0
B04252,8.973765,0.9222167,0,MSC / regenerative EV therapy,0
B04253,11.909315,1.3915933,0,MSC / regenerative EV therapy,0
B04254,9.128061,3.3803732,0,MSC / regenerative EV therapy,0
B04255,8.49329,2.1908958,0,MSC / regenerative EV therapy,0
B04256,9.719315,3.2521245,0,MSC / regenerative EV therapy,0
B04257,8.894246,2.6948118,0,MSC / regenerative EV therapy,0
B04258,9.877295,1.0606028,0,MSC / regenerative EV therapy,0
B04259,11.219317,1.886082,0,MSC / regenerative EV therapy,0
B04260,10.784695,1.7805761,0,MSC / regenerative EV therapy,0
B04261,11.281301,7.887346,0,MSC / regenerative EV therapy,0
B04262,10.675862,2.0556164,0,MSC / regenerative EV therapy,0
B04263,10.5563,1.4065632,0,MSC / regenerative EV therapy,0
B04264,10.983465,0.39649516,0,MSC / regenerative EV therapy,0
B04265,13.71413,0.42408192,0,MSC / regenerative EV therapy,0
B04266,11.060656,4.376512,4,Respiratory / airway EV biology,0
B04267,8.062592,8.570711,5,Lung cancer EV biology,0
B04268,9.308231,9.453094,3,Broad cancer EV biology,0
B04269,11.576114,9.114129,5,Lung cancer EV biology,0
B04270,13.530256,0.6004035,0,MSC / regenerative EV therapy,0
B04271,11.297673,4.094885,1,Vascular / systemic inflammation,0
B04272,10.284893,5.7895026,2,EV engineering / delivery,0
B04273,11.827866,4.8233423,4,Respiratory / airway EV biology,0
B04274,10.241242,4.372945,2,EV engineering / delivery,0
B04275,7.688417,8.027215,2,EV engineering / delivery,0
B04276,8.580518,6.964755,2,EV engineering / delivery,0
B04277,10.527607,11.096606,5,Lung cancer EV biology,0
B04278,12.642754,2.3760204,4,Respiratory / airway EV biology,0
B04279,8.483665,4.073744,1,Vascular / systemic inflammation,0
B04280,9.956321,0.8447335,0,MSC / regenerative EV therapy,0
B04281,9.994958,5.989327,2,EV engineering / delivery,0
B04282,8.144501,5.3071303,5,Lung cancer EV biology,0
B04283,10.02232,10.905128,5,Lung cancer EV biology,0
B04284,9.860278,7.7375393,5,Lung cancer EV biology,0
B04285,9.816111,1.446375,0,MSC / regenerative EV therapy,0
B04286,7.503248,2.3823962,1,Vascular / systemic inflammation,0
B04287,11.0070915,5.0691695,4,Respiratory / airway EV biology,0
B04288,12.728866,2.905331,4,Respiratory / airway EV biology,0
B04289,9.296207,3.6576626,0,MSC / regenerative EV therapy,0
B04290,9.83668,2.3908045,4,Respiratory / airway EV biology,0
B04291,9.480789,8.41509,5,Lung cancer EV biology,0
B04292,11.752987,3.6657758,1,Vascular / systemic inflammation,0
B04293,7.0695386,3.4156747,1,Vascular / systemic inflammation,0
B04294,12.372647,2.3468053,4,Respiratory / airway EV biology,0
B04295,9.538976,10.895798,5,Lung cancer EV biology,0
B04296,8.743543,1.0839398,1,Vascular / systemic inflammation,0
B04297,11.153828,8.265309,5,Lung cancer EV biology,0
B04298,7.79149,4.762182,1,Vascular / systemic inflammation,0
B04299,10.623286,2.6455414,4,Respiratory / airway EV biology,0
B04300,12.64314,7.379286,0,MSC / regenerative EV therapy,0
B04301,10.8971615,2.3916032,0,MSC / regenerative EV therapy,0
B04302,9.535338,5.291879,5,Lung cancer EV biology,0
B04303,9.023805,4.0368996,0,MSC / regenerative EV therapy,0
B04304,11.449564,7.161964,2,EV engineering / delivery,0
B04305,9.419005,4.74838,1,Vascular / systemic inflammation,0
B04306,9.229938,4.3359494,1,Vascular / systemic inflammation,0
B04307,9.653799,4.552977,4,Respiratory / airway EV biology,0
B04308,10.167675,7.784247,3,Broad cancer EV biology,0
B04309,8.708627,3.0575323,1,Vascular / systemic inflammation,0
B04310,10.48473,7.622735,5,Lung cancer EV biology,0
B04311,9.437738,4.7612796,0,MSC / regenerative EV therapy,0
B04312,9.421043,4.7522144,1,Vascular / systemic inflammation,0
B04313,11.035966,2.6217608,4,Respiratory / airway EV biology,0
B04314,10.513771,10.425817,5,Lung cancer EV biology,0
B04315,10.071711,5.039922,2,EV engineering / delivery,0
B04316,10.784011,9.21981,5,Lung cancer EV biology,0
B04317,9.892946,1.0306756,0,MSC / regenerative EV therapy,0
B04318,11.475392,4.805058,4,Respiratory / airway EV biology,0
B04319,10.244909,10.6618595,5,Lung cancer EV biology,0
B04320,12.728286,5.559191,1,Vascular / systemic inflammation,0
B04321,8.275064,3.7555008,1,Vascular / systemic inflammation,0
B04322,8.076926,5.1252947,2,EV engineering / delivery,0
B04323,8.6735325,5.139117,4,Respiratory / airway EV biology,0
B04324,12.509669,5.3746343,1,Vascular / systemic inflammation,0
B04325,9.407665,8.428419,3,Broad cancer EV biology,0
B04326,11.0429,1.8799826,0,MSC / regenerative EV therapy,0
B04327,12.372611,1.9553022,0,MSC / regenerative EV therapy,0
B04328,9.87383,9.131805,3,Broad cancer EV biology,0
B04329,7.7192903,8.975032,5,Lung cancer EV biology,0
B04330,11.085568,8.708851,5,Lung cancer EV biology,0
B04331,7.7733364,7.9215283,2,EV engineering / delivery,0
B04332,13.234135,0.9314234,0,MSC / regenerative EV therapy,0
B04333,12.687965,7.3811827,3,Broad cancer EV biology,0
B04334,8.0910225,9.140927,5,Lung cancer EV biology,0
B04335,9.557306,2.2883356,0,MSC / regenerative EV therapy,0
B04336,8.231398,4.798718,2,EV engineering / delivery,0
B04337,10.346499,5.451563,2,EV engineering / delivery,0
B04338,8.738307,4.909781,1,Vascular / systemic inflammation,0
B04339,13.707891,1.0424091,4,Respiratory / airway EV biology,0
B04340,7.4537926,8.405039,5,Lung cancer EV biology,0
B04341,7.3417172,7.5899415,2,EV engineering / delivery,0
B04342,9.409281,8.866211,5,Lung cancer EV biology,0
B04343,13.512594,0.8100305,0,MSC / regenerative EV therapy,0
B04344,11.51246,7.0318193,2,EV engineering / delivery,0
B04345,7.935728,10.518,5,Lung cancer EV biology,0
B04346,8.906187,2.716162,0,MSC / regenerative EV therapy,0
B04347,9.336259,1.6445408,0,MSC / regenerative EV therapy,0
B04348,12.791558,4.703817,4,Respiratory / airway EV biology,0
B04349,11.988701,3.9949145,4,Respiratory / airway EV biology,0
B04350,11.069153,8.473557,5,Lung cancer EV biology,0
B04351,10.680223,6.507691,2,EV engineering / delivery,0
B04352,10.772437,3.4817643,4,Respiratory / airway EV biology,0
B04353,7.7304864,8.4431095,2,EV engineering / delivery,0
B04354,8.899411,1.0339961,4,Respiratory / airway EV biology,0
B04355,11.33055,6.3521047,5,Lung cancer EV biology,0
B04356,10.583338,5.6413007,2,EV engineering / delivery,0
B04357,10.202178,5.9125075,2,EV engineering / delivery,0
B04358,7.5915346,8.139663,2,EV engineering / delivery,0
B04359,8.363223,9.069206,2,EV engineering / delivery,0
B04360,11.659672,7.9068556,3,Broad cancer EV biology,0
B04361,11.369082,3.1186492,4,Respiratory / airway EV biology,0
B04362,9.072079,5.71059,2,EV engineering / delivery,0
B04363,10.79303,3.4255798,4,Respiratory / airway EV biology,0
B04364,8.563742,4.069095,1,Vascular / systemic inflammation,0
B04365,11.9276495,2.059417,0,MSC / regenerative EV therapy,0
B04366,11.329711,2.0614998,0,MSC / regenerative EV therapy,0
B04367,11.461511,2.79189,4,Respiratory / airway EV biology,0
B04368,8.561494,4.0983195,1,Vascular / systemic inflammation,0
B04369,11.472905,3.1278653,4,Respiratory / airway EV biology,0
B04370,9.51657,1.0518914,1,Vascular / systemic inflammation,0
B04371,10.479334,2.9445262,1,Vascular / systemic inflammation,0
B04372,9.454662,7.893633,5,Lung cancer EV biology,0
B04373,11.588291,7.8593054,3,Broad cancer EV biology,0
B04374,9.369545,7.089243,5,Lung cancer EV biology,0
B04375,10.312015,5.1360545,1,Vascular / systemic inflammation,0
B04376,9.524542,8.587892,3,Broad cancer EV biology,0
B04377,9.795526,7.908877,3,Broad cancer EV biology,0
B04378,9.50164,5.1253686,4,Respiratory / airway EV biology,0
B04379,12.582336,2.887814,4,Respiratory / airway EV biology,0
B04380,8.284446,5.1904025,2,EV engineering / delivery,0
B04381,10.256277,9.609657,3,Broad cancer EV biology,0
B04382,10.015892,7.431092,2,EV engineering / delivery,0
B04383,11.03778,1.9962533,0,MSC / regenerative EV therapy,0
B04384,10.9582405,10.41177,5,Lung cancer EV biology,0
B04385,10.029532,10.776333,5,Lung cancer EV biology,0
B04386,10.789928,3.7390063,1,Vascular / systemic inflammation,0
B04387,8.588583,9.8094635,5,Lung cancer EV biology,0
B04388,10.333098,5.5721803,2,EV engineering / delivery,0
B04389,10.383308,10.534421,5,Lung cancer EV biology,0
B04390,5.9971943,4.7833467,4,Respiratory / airway EV biology,0
B04391,12.658359,7.3843107,5,Lung cancer EV biology,0
B04392,8.857732,3.1010914,0,MSC / regenerative EV therapy,0
B04393,6.371114,5.7239027,1,Vascular / systemic inflammation,0
B04394,10.129007,5.672627,2,EV engineering / delivery,0
B04395,8.64832,10.043161,5,Lung cancer EV biology,0
B04396,9.5977955,5.10753,2,EV engineering / delivery,0
B04397,7.5748286,6.291807,1,Vascular / systemic inflammation,0
B04398,10.819111,3.0826147,0,MSC / regenerative EV therapy,0
B04399,9.372332,2.1875415,0,MSC / regenerative EV therapy,0
B04400,9.49843,9.848792,3,Broad cancer EV biology,0
B04401,9.372292,3.793343,0,MSC / regenerative EV therapy,0
B04402,10.869388,9.670878,3,Broad cancer EV biology,0
B04403,7.8282466,5.5590005,1,Vascular / systemic inflammation,0
B04404,8.434457,7.8988886,1,Vascular / systemic inflammation,0
B04405,10.34416,10.048815,5,Lung cancer EV biology,0
B04406,9.261417,3.908755,1,Vascular / systemic inflammation,0
B04407,11.247814,9.519826,5,Lung cancer EV biology,0
B04408,9.564817,4.394608,0,MSC / regenerative EV therapy,0
B04409,10.287693,7.9195337,5,Lung cancer EV biology,0
B04410,11.206787,7.3090944,2,EV engineering / delivery,0
B04411,10.9422865,7.1536407,2,EV engineering / delivery,0
B04412,9.485679,10.109039,5,Lung cancer EV biology,0
B04413,7.1991596,7.655907,2,EV engineering / delivery,0
B04414,7.9077024,4.7819695,1,Vascular / systemic inflammation,0
B04415,10.891854,3.4600117,2,EV engineering / delivery,0
B04416,7.3187294,8.070436,2,EV engineering / delivery,0
B04417,10.227103,5.867624,2,EV engineering / delivery,0
B04418,13.557332,1.2309159,4,Respiratory / airway EV biology,0
B04419,13.81542,0.8675012,1,Vascular / systemic inflammation,0
B04420,8.240522,4.892815,1,Vascular / systemic inflammation,0
B04421,11.480096,8.000232,2,EV engineering / delivery,0
B04422,9.384384,5.9806147,2,EV engineering / delivery,0
B04423,9.488131,0.87658715,1,Vascular / systemic inflammation,0
B04424,12.646577,1.2156914,0,MSC / regenerative EV therapy,0
B04425,9.60336,0.97681427,0,MSC / regenerative EV therapy,0
B04426,13.723506,1.0988886,4,Respiratory / airway EV biology,0
B04427,11.920387,4.9584546,2,EV engineering / delivery,0
B04428,9.713667,3.1557524,0,MSC / regenerative EV therapy,0
B04429,7.639423,10.6877,5,Lung cancer EV biology,0
B04430,10.9517145,5.1250563,4,Respiratory / airway EV biology,0
B04431,11.235451,4.2281113,5,Lung cancer EV biology,0
B04432,10.208542,8.6513815,5,Lung cancer EV biology,0
B04433,12.559786,2.4104936,4,Respiratory / airway EV biology,0
B04434,9.834645,8.752046,3,Broad cancer EV biology,0
B04435,11.740739,3.7705033,1,Vascular / systemic inflammation,0
B04436,9.655913,6.2582097,2,EV engineering / delivery,0
B04437,11.354964,3.3067422,4,Respiratory / airway EV biology,0
B04438,8.705212,1.0597979,4,Respiratory / airway EV biology,0
B04439,10.4477,8.808078,5,Lung cancer EV biology,0
B04440,8.7292795,10.21109,3,Broad cancer EV biology,0
B04441,9.448812,9.606169,5,Lung cancer EV biology,0
B04442,9.541467,9.573449,5,Lung cancer EV biology,0
B04443,10.803959,5.716103,1,Vascular / systemic inflammation,0
B04444,10.73639,7.004837,2,EV engineering / delivery,0
B04445,13.750337,0.6012614,0,MSC / regenerative EV therapy,0
B04446,13.533818,0.81944144,0,MSC / regenerative EV therapy,0
B04447,11.804881,4.8686857,1,Vascular / systemic inflammation,0
B04448,9.747432,9.298904,3,Broad cancer EV biology,0
B04449,9.331081,2.5462773,1,Vascular / systemic inflammation,0
B04450,8.849882,4.0904,1,Vascular / systemic inflammation,0
B04451,8.67171,5.348734,2,EV engineering / delivery,0
B04452,12.557873,2.4329538,4,Respiratory / airway EV biology,0
B04453,10.159188,7.5279927,3,Broad cancer EV biology,0
B04454,9.829296,9.395042,3,Broad cancer EV biology,0
B04455,9.867621,5.2522697,2,EV engineering / delivery,0
B04456,8.2859,10.0264015,3,Broad cancer EV biology,0
B04457,10.4357605,8.234438,3,Broad cancer EV biology,0
B04458,12.02825,9.226786,3,Broad cancer EV biology,0
B04459,8.303729,5.4190326,2,EV engineering / delivery,0
B04460,9.182193,10.116461,3,Broad cancer EV biology,0
B04461,7.8876395,4.609475,4,Respiratory / airway EV biology,0
B04462,9.159377,10.221627,5,Lung cancer EV biology,0
B04463,9.005655,10.271785,3,Broad cancer EV biology,0
B04464,8.105572,3.4725077,1,Vascular / systemic inflammation,0
B04465,6.49918,3.4844458,3,Broad cancer EV biology,0
B04466,7.2918544,3.6816487,1,Vascular / systemic inflammation,0
B04467,9.328723,2.7190828,1,Vascular / systemic inflammation,0
B04468,7.2441583,3.1555345,1,Vascular / systemic inflammation,0
B04469,11.27171,2.5321655,1,Vascular / systemic inflammation,0
B04470,8.576791,3.5829334,0,MSC / regenerative EV therapy,0
B04471,9.573585,3.6392498,0,MSC / regenerative EV therapy,0
B04472,11.897254,3.5039485,4,Respiratory / airway EV biology,0
B04473,11.587817,3.7372253,1,Vascular / systemic inflammation,0
B04474,11.973216,3.4898787,4,Respiratory / airway EV biology,0
B04475,12.030426,4.8162217,2,EV engineering / delivery,0
B04476,13.777453,0.70457876,0,MSC / regenerative EV therapy,0
B04477,11.268762,5.956171,3,Broad cancer EV biology,0
B04478,13.796251,0.94355446,1,Vascular / systemic inflammation,0
B04479,7.321488,7.6626253,2,EV engineering / delivery,0
B04480,8.555267,3.3470712,1,Vascular / systemic inflammation,0
B04481,9.39646,4.8057446,0,MSC / regenerative EV therapy,0
B04482,8.694244,2.2275198,0,MSC / regenerative EV therapy,0
B04483,9.570565,10.505311,5,Lung cancer EV biology,0
B04484,11.575479,8.9967375,5,Lung cancer EV biology,0
B04485,9.027748,9.789142,3,Broad cancer EV biology,0
B04486,10.560141,6.1940174,2,EV engineering / delivery,0
B04487,8.654462,8.242949,5,Lung cancer EV biology,0
B04488,7.8330207,9.287233,5,Lung cancer EV biology,0
B04489,8.175253,7.701778,2,EV engineering / delivery,0
B04490,9.053257,9.45221,3,Broad cancer EV biology,0
B04491,10.398114,1.7422819,0,MSC / regenerative EV therapy,0
B04492,9.829505,1.1936345,0,MSC / regenerative EV therapy,0
B04493,11.035364,1.9652327,0,MSC / regenerative EV therapy,0
B04494,7.844622,5.80921,2,EV engineering / delivery,0
B04495,7.7874994,4.062818,1,Vascular / systemic inflammation,0
B04496,8.933145,9.326489,5,Lung cancer EV biology,0
B04497,9.27488,9.925524,5,Lung cancer EV biology,0
B04498,7.5678267,7.543487,2,EV engineering / delivery,0
B04499,11.447172,6.525204,2,EV engineering / delivery,0
B04500,11.329614,6.378704,3,Broad cancer EV biology,0
B04501,12.741368,2.7611687,4,Respiratory / airway EV biology,0
B04502,9.521192,7.045884,5,Lung cancer EV biology,0
B04503,11.133332,2.4244654,4,Respiratory / airway EV biology,0
B04504,7.7622037,9.093067,3,Broad cancer EV biology,0
B04505,10.875917,4.814216,4,Respiratory / airway EV biology,0
B04506,9.3937,1.8948364,0,MSC / regenerative EV therapy,0
B04507,10.741938,6.7296705,2,EV engineering / delivery,0
B04508,12.469454,4.756469,1,Vascular / systemic inflammation,0
B04509,10.314785,7.7104616,3,Broad cancer EV biology,0
B04510,12.002288,4.9777517,2,EV engineering / delivery,0
B04511,12.600269,5.2408814,4,Respiratory / airway EV biology,0
B04512,12.078319,4.9569774,2,EV engineering / delivery,0
B04513,9.425619,8.22669,5,Lung cancer EV biology,0
B04514,8.00899,4.794852,4,Respiratory / airway EV biology,0
B04515,8.801364,9.447931,5,Lung cancer EV biology,0
B04516,9.716466,10.460897,5,Lung cancer EV biology,0
B04517,11.082908,3.0630698,4,Respiratory / airway EV biology,0
B04518,11.65029,3.2109745,4,Respiratory / airway EV biology,0
B04519,7.9158516,4.9020977,2,EV engineering / delivery,0
B04520,7.832064,4.7047095,1,Vascular / systemic inflammation,0
B04521,10.806374,4.5058,1,Vascular / systemic inflammation,0
B04522,10.670111,3.4391582,2,EV engineering / delivery,0
B04523,11.665902,3.98382,4,Respiratory / airway EV biology,0
B04524,9.409362,3.4013608,0,MSC / regenerative EV therapy,0
B04525,9.575115,2.6959572,1,Vascular / systemic inflammation,0
B04526,10.885995,2.1843855,0,MSC / regenerative EV therapy,0
B04527,10.258413,2.228271,0,MSC / regenerative EV therapy,0
B04528,11.158017,1.9200264,0,MSC / regenerative EV therapy,0
B04529,9.990477,4.2656364,4,Respiratory / airway EV biology,0
B04530,8.018162,8.928268,5,Lung cancer EV biology,0
B04531,11.931958,7.381548,2,EV engineering / delivery,0
B04532,12.723756,7.361589,5,Lung cancer EV biology,0
B04533,12.665223,7.3775306,3,Broad cancer EV biology,0
B04534,11.290685,6.9136972,2,EV engineering / delivery,0
B04535,11.761411,9.067064,3,Broad cancer EV biology,0
B04536,8.148165,7.486349,2,EV engineering / delivery,0
B04537,7.4608345,7.3699,2,EV engineering / delivery,0
B04538,8.917091,4.436346,1,Vascular / systemic inflammation,0
B04539,11.765454,8.731732,3,Broad cancer EV biology,0
B04540,11.7752075,7.4848523,3,Broad cancer EV biology,0
B04541,11.310868,6.1220546,2,EV engineering / delivery,0
B04542,7.4996896,8.2702675,3,Broad cancer EV biology,0
B04543,8.283832,3.2411745,1,Vascular / systemic inflammation,0
B04544,10.039618,6.097299,2,EV engineering / delivery,0
B04545,9.775246,3.5466044,0,MSC / regenerative EV therapy,0
B04546,10.838131,6.566896,2,EV engineering / delivery,0
B04547,9.456593,3.4634323,0,MSC / regenerative EV therapy,0
B04548,7.8034015,10.185724,3,Broad cancer EV biology,0
B04549,7.602579,6.918389,1,Vascular / systemic inflammation,0
B04550,9.563232,9.548865,2,EV engineering / delivery,0
B04551,10.865156,6.1014476,0,MSC / regenerative EV therapy,0
B04552,10.7762375,1.868876,0,MSC / regenerative EV therapy,0
B04553,8.505604,3.062014,1,Vascular / systemic inflammation,0
B04554,10.875167,7.388039,5,Lung cancer EV biology,0
B04555,9.773445,1.4338053,0,MSC / regenerative EV therapy,0
B04556,10.942747,0.18550593,4,Respiratory / airway EV biology,0
B04557,11.274927,6.9519258,2,EV engineering / delivery,0
B04558,9.852405,10.849389,5,Lung cancer EV biology,0
B04559,9.703995,6.4401565,2,EV engineering / delivery,0
B04560,10.905253,2.8392015,2,EV engineering / delivery,0
B04561,11.470121,8.169603,5,Lung cancer EV biology,0
B04562,9.704226,9.858007,3,Broad cancer EV biology,0
B04563,7.4471416,2.5028982,1,Vascular / systemic inflammation,0
B04564,7.346612,2.5977423,1,Vascular / systemic inflammation,0
B04565,9.971806,1.2361702,4,Respiratory / airway EV biology,0
B04566,10.241919,1.8653613,0,MSC / regenerative EV therapy,0
B04567,9.715573,1.6616391,4,Respiratory / airway EV biology,0
B04568,10.265551,5.041006,1,Vascular / systemic inflammation,0
B04569,10.43212,8.973001,5,Lung cancer EV biology,0
B04570,9.724425,6.333365,5,Lung cancer EV biology,0
B04571,10.592681,4.5750384,4,Respiratory / airway EV biology,0
B04572,9.317732,3.7340915,0,MSC / regenerative EV therapy,0
B04573,9.161471,1.7993716,1,Vascular / systemic inflammation,0
B04574,9.14876,1.7444566,0,MSC / regenerative EV therapy,0
B04575,10.992491,9.120556,3,Broad cancer EV biology,0
B04576,11.506809,7.754494,5,Lung cancer EV biology,0
B04577,11.945657,9.483764,3,Broad cancer EV biology,0
B04578,6.2572403,5.7560678,1,Vascular / systemic inflammation,0
B04579,12.209931,2.8504734,4,Respiratory / airway EV biology,0
B04580,6.5950933,5.570691,1,Vascular / systemic inflammation,0
B04581,11.326937,6.826287,2,EV engineering / delivery,0
B04582,11.557967,8.047448,5,Lung cancer EV biology,0
B04583,10.735798,1.1329775,0,MSC / regenerative EV therapy,0
B04584,9.509658,6.64815,2,EV engineering / delivery,0
B04585,10.918902,0.23793077,0,MSC / regenerative EV therapy,0
B04586,10.795153,10.121599,5,Lung cancer EV biology,0
B04587,7.7404556,9.0399885,3,Broad cancer EV biology,0
B04588,10.309888,10.101765,5,Lung cancer EV biology,0
B04589,10.207365,2.859953,4,Respiratory / airway EV biology,0
B04590,11.17297,2.1784616,4,Respiratory / airway EV biology,0
B04591,10.594145,9.662617,3,Broad cancer EV biology,0
B04592,10.876578,3.6420407,2,EV engineering / delivery,0
B04593,10.071677,5.472014,2,EV engineering / delivery,0
B04594,11.6013155,2.4401667,4,Respiratory / airway EV biology,0
B04595,9.729907,2.9749634,1,Vascular / systemic inflammation,0
B04596,8.877276,3.7778885,0,MSC / regenerative EV therapy,0
B04597,10.699521,6.609001,2,EV engineering / delivery,0
B04598,9.023915,8.306469,5,Lung cancer EV biology,0
B04599,10.231754,10.669436,5,Lung cancer EV biology,0
B04600,10.873327,5.740023,2,EV engineering / delivery,0
B04601,10.345989,6.886286,2,EV engineering / delivery,0
B04602,10.14983,9.813072,5,Lung cancer EV biology,0
B04603,10.242395,10.037286,5,Lung cancer EV biology,0
B04604,10.298973,10.759671,5,Lung cancer EV biology,0
B04605,9.492926,1.270069,1,Vascular / systemic inflammation,0
B04606,11.429876,9.568787,5,Lung cancer EV biology,0
B04607,11.475956,9.4313755,5,Lung cancer EV biology,0
B04608,9.623895,7.1415467,2,EV engineering / delivery,0
B04609,10.565877,7.072919,5,Lung cancer EV biology,0
B04610,7.184651,3.5598426,1,Vascular / systemic inflammation,0
B04611,6.1494155,4.686837,1,Vascular / systemic inflammation,0
B04612,8.914163,3.2399204,0,MSC / regenerative EV therapy,0
B04613,9.950514,8.8718,5,Lung cancer EV biology,0
B04614,9.29318,8.73193,5,Lung cancer EV biology,0
B04615,10.117544,8.047131,5,Lung cancer EV biology,0
B04616,11.233891,1.8340046,0,MSC / regenerative EV therapy,0
B04617,11.807626,1.6235799,4,Respiratory / airway EV biology,0
B04618,9.593811,3.57451,0,MSC / regenerative EV therapy,0
B04619,10.373456,7.925781,3,Broad cancer EV biology,0
B04620,12.205797,2.4567938,4,Respiratory / airway EV biology,0
B04621,10.984557,10.097412,5,Lung cancer EV biology,0
B04622,8.617242,4.893602,2,EV engineering / delivery,0
B04623,10.646779,1.7437574,0,MSC / regenerative EV therapy,0
B04624,9.5376005,1.1981025,4,Respiratory / airway EV biology,0
B04625,9.325379,3.5026736,0,MSC / regenerative EV therapy,0
B04626,8.975048,1.0501441,0,MSC / regenerative EV therapy,0
B04627,9.4126,8.491422,5,Lung cancer EV biology,0
B04628,9.420444,8.465398,5,Lung cancer EV biology,0
B04629,9.1802025,8.451841,5,Lung cancer EV biology,0
B04630,9.177736,8.309522,5,Lung cancer EV biology,0
B04631,9.752514,2.6009293,1,Vascular / systemic inflammation,0
B04632,10.733595,4.494554,1,Vascular / systemic inflammation,0
B04633,7.9784956,3.811408,1,Vascular / systemic inflammation,0
B04634,10.518484,9.780251,5,Lung cancer EV biology,0
B04635,11.29179,7.7794504,5,Lung cancer EV biology,0
B04636,12.571835,2.5598297,4,Respiratory / airway EV biology,0
B04637,10.374145,3.8796663,4,Respiratory / airway EV biology,0
B04638,12.791687,7.283366,5,Lung cancer EV biology,0
B04639,12.698445,7.305599,0,MSC / regenerative EV therapy,0
B04640,11.194823,9.296695,5,Lung cancer EV biology,0
B04641,11.199016,6.2456923,2,EV engineering / delivery,0
B04642,8.334693,5.462432,2,EV engineering / delivery,0
B04643,8.258787,5.431677,2,EV engineering / delivery,0
B04644,8.414603,4.1860743,1,Vascular / systemic inflammation,0
B04645,8.290832,4.7751412,1,Vascular / systemic inflammation,0
B04646,10.242691,6.378287,2,EV engineering / delivery,0
B04647,12.711444,2.9135828,4,Respiratory / airway EV biology,0
B04648,12.646081,4.577838,4,Respiratory / airway EV biology,0
B04649,10.625481,10.08593,5,Lung cancer EV biology,0
B04650,10.039949,2.0859816,0,MSC / regenerative EV therapy,0
B04651,11.033677,1.6893476,0,MSC / regenerative EV therapy,0
B04652,12.808794,2.8788629,0,MSC / regenerative EV therapy,0
B04653,9.4087305,7.930022,3,Broad cancer EV biology,0
B04654,10.221368,4.3751845,4,Respiratory / airway EV biology,1
B04655,10.371147,4.2946787,1,Vascular / systemic inflammation,0
B04656,7.5301027,7.8736362,2,EV engineering / delivery,0
B04657,7.1690173,8.203366,5,Lung cancer EV biology,0
B04658,11.920628,2.602116,4,Respiratory / airway EV biology,0
B04659,11.954051,2.5742295,4,Respiratory / airway EV biology,0
B04660,9.435061,11.154153,3,Broad cancer EV biology,0
B04661,8.870779,10.797339,5,Lung cancer EV biology,0
B04662,8.057698,4.0240493,1,Vascular / systemic inflammation,0
B04663,9.853595,1.4290583,1,Vascular / systemic inflammation,0
B04664,12.719826,3.189334,4,Respiratory / airway EV biology,0
B04665,11.205585,0.3229184,0,MSC / regenerative EV therapy,0
B04666,11.24939,2.8580852,4,Respiratory / airway EV biology,0
B04667,11.386601,2.8857977,1,Vascular / systemic inflammation,0
B04668,7.389364,7.8341,2,EV engineering / delivery,0
B04669,9.922689,1.1735938,0,MSC / regenerative EV therapy,0
B04670,6.53112,5.5735908,1,Vascular / systemic inflammation,0
B04671,6.47665,5.615826,1,Vascular / systemic inflammation,0
B04672,8.575724,3.5036404,0,MSC / regenerative EV therapy,0
B04673,9.344656,5.1791906,1,Vascular / systemic inflammation,0
B04674,12.087258,3.4205725,4,Respiratory / airway EV biology,0
B04675,13.204435,4.786498,4,Respiratory / airway EV biology,0
B04676,7.7903805,7.5192537,2,EV engineering / delivery,0
B04677,9.563505,10.036838,3,Broad cancer EV biology,0
B04678,9.768571,2.8218977,1,Vascular / systemic inflammation,0
B04679,11.625805,3.394662,5,Lung cancer EV biology,0
B04680,9.680813,9.89541,3,Broad cancer EV biology,0
B04681,8.975099,4.3137546,0,MSC / regenerative EV therapy,0
B04682,8.549215,7.9196167,5,Lung cancer EV biology,0
B04683,9.318266,7.5349584,5,Lung cancer EV biology,0
B04684,9.999554,4.390524,1,Vascular / systemic inflammation,0
B04685,8.0209675,10.528874,5,Lung cancer EV biology,0
B04686,9.341787,9.542642,5,Lung cancer EV biology,0
B04687,9.524643,4.2119465,0,MSC / regenerative EV therapy,0
B04688,9.730556,1.1092465,0,MSC / regenerative EV therapy,0
B04689,12.396998,2.1844883,0,MSC / regenerative EV therapy,0
B04690,13.709154,0.8862907,0,MSC / regenerative EV therapy,0
B04691,12.880364,2.8220773,4,Respiratory / airway EV biology,0
B04692,8.573292,4.017927,3,Broad cancer EV biology,0
B04693,10.014644,4.2620964,4,Respiratory / airway EV biology,0
B04694,13.627651,0.7185966,0,MSC / regenerative EV therapy,0
B04695,9.725437,9.834309,5,Lung cancer EV biology,0
B04696,9.63919,7.4606524,2,EV engineering / delivery,0
B04697,11.89008,8.346846,2,EV engineering / delivery,0
B04698,11.808429,8.265222,3,Broad cancer EV biology,0
B04699,9.917657,6.0880456,2,EV engineering / delivery,0
B04700,10.731316,9.933817,5,Lung cancer EV biology,0
B04701,6.977304,7.6854124,2,EV engineering / delivery,0
B04702,11.057099,8.095906,5,Lung cancer EV biology,0
B04703,10.99856,8.2623205,5,Lung cancer EV biology,0
B04704,8.95501,2.661585,0,MSC / regenerative EV therapy,0
B04705,8.893892,4.4322305,1,Vascular / systemic inflammation,0
B04706,11.965242,5.0252914,1,Vascular / systemic inflammation,0
B04707,12.523224,2.9320567,4,Respiratory / airway EV biology,0
B04708,11.835447,4.6843596,2,EV engineering / delivery,0
B04709,10.655382,4.134182,2,EV engineering / delivery,0
B04710,8.94755,2.6297488,0,MSC / regenerative EV therapy,0
B04711,10.390745,1.5171665,0,MSC / regenerative EV therapy,0
B04712,7.7050095,9.029564,3,Broad cancer EV biology,0
B04713,9.669837,6.173503,2,EV engineering / delivery,0
B04714,10.154726,6.150703,2,EV engineering / delivery,0
B04715,12.081351,4.773269,4,Respiratory / airway EV biology,0
B04716,11.004336,1.0885246,0,MSC / regenerative EV therapy,0
B04717,13.513615,0.7917457,0,MSC / regenerative EV therapy,0
B04718,9.061526,8.817301,1,Vascular / systemic inflammation,0
B04719,9.438634,2.4541643,1,Vascular / systemic inflammation,0
B04720,11.825086,3.1956186,4,Respiratory / airway EV biology,0
B04721,10.420249,6.2860527,2,EV engineering / delivery,0
B04722,10.401248,5.4089484,2,EV engineering / delivery,0
B04723,10.636045,6.732151,2,EV engineering / delivery,0
B04724,12.225569,9.289107,2,EV engineering / delivery,0
B04725,7.3283544,8.244941,2,EV engineering / delivery,0
B04726,7.1379085,8.139789,2,EV engineering / delivery,0
B04727,7.817735,7.8039594,2,EV engineering / delivery,0
B04728,11.284818,6.7429576,2,EV engineering / delivery,0
B04729,9.787252,4.8974595,5,Lung cancer EV biology,0
B04730,9.552356,2.2817297,0,MSC / regenerative EV therapy,0
B04731,9.109182,4.479881,1,Vascular / systemic inflammation,0
B04732,7.2131324,7.608592,2,EV engineering / delivery,0
B04733,11.293176,8.256112,5,Lung cancer EV biology,0
B04734,7.197726,7.6903157,2,EV engineering / delivery,0
B04735,10.741197,7.121122,2,EV engineering / delivery,0
B04736,10.920722,3.5244086,4,Respiratory / airway EV biology,0
B04737,9.997065,7.920035,5,Lung cancer EV biology,0
B04738,9.919858,6.3133583,2,EV engineering / delivery,0
B04739,10.922079,9.850972,5,Lung cancer EV biology,0
B04740,10.777912,8.925554,1,Vascular / systemic inflammation,0
B04741,6.2009697,4.5690746,0,MSC / regenerative EV therapy,0
B04742,10.4298115,11.092444,3,Broad cancer EV biology,0
B04743,11.309257,6.0904174,2,EV engineering / delivery,0
B04744,10.750313,2.5119267,0,MSC / regenerative EV therapy,1
B04745,9.45965,2.4066296,1,Vascular / systemic inflammation,0
B04746,8.589914,3.9155662,1,Vascular / systemic inflammation,0
B04747,11.427232,7.812948,5,Lung cancer EV biology,0
B04748,10.208946,9.677189,5,Lung cancer EV biology,0
B04749,10.875314,5.6479597,2,EV engineering / delivery,0
B04750,8.122887,8.02209,2,EV engineering / delivery,0
B04751,11.568053,2.6542625,4,Respiratory / airway EV biology,0
B04752,12.508552,3.2580347,4,Respiratory / airway EV biology,0
B04753,9.884418,7.6563854,5,Lung cancer EV biology,0
B04754,8.844628,10.159567,5,Lung cancer EV biology,0
B04755,9.920626,2.0083272,0,MSC / regenerative EV therapy,0
B04756,11.712059,4.7559986,4,Respiratory / airway EV biology,0
B04757,11.8991585,4.112899,4,Respiratory / airway EV biology,0
B04758,11.310098,2.7486675,4,Respiratory / airway EV biology,0
B04759,11.111048,2.9138079,4,Respiratory / airway EV biology,0
B04760,11.523374,2.930094,4,Respiratory / airway EV biology,0
B04761,10.981195,6.512649,2,EV engineering / delivery,0
B04762,9.154336,10.732201,5,Lung cancer EV biology,0
B04763,11.149561,9.616063,5,Lung cancer EV biology,0
B04764,8.827116,2.682966,0,MSC / regenerative EV therapy,0
B04765,8.341988,4.173792,1,Vascular / systemic inflammation,0
B04766,9.62248,11.04016,5,Lung cancer EV biology,0
B04767,8.308752,10.59589,5,Lung cancer EV biology,0
B04768,9.463947,10.985618,5,Lung cancer EV biology,0
B04769,9.110964,2.7660434,0,MSC / regenerative EV therapy,0
B04770,11.181712,1.6141062,0,MSC / regenerative EV therapy,0
B04771,11.273523,7.499346,5,Lung cancer EV biology,0
B04772,9.977133,1.8829365,0,MSC / regenerative EV therapy,0
B04773,11.074727,0.5518485,4,Respiratory / airway EV biology,0
B04774,11.39367,4.9124026,2,EV engineering / delivery,0
B04775,10.505611,8.635814,3,Broad cancer EV biology,0
B04776,11.307276,6.2099485,2,EV engineering / delivery,0
B04777,8.764935,8.641703,1,Vascular / systemic inflammation,0
B04778,13.801214,0.6731146,0,MSC / regenerative EV therapy,0
B04779,12.037589,4.3203907,4,Respiratory / airway EV biology,0
B04780,8.890822,10.13755,5,Lung cancer EV biology,0
B04781,8.15131,4.972001,2,EV engineering / delivery,0
B04782,8.967077,7.981891,5,Lung cancer EV biology,0
B04783,11.475055,2.752358,4,Respiratory / airway EV biology,0
B04784,12.645471,5.6872306,3,Broad cancer EV biology,0
B04785,11.685133,8.950943,3,Broad cancer EV biology,0
B04786,11.011761,8.885572,5,Lung cancer EV biology,0
B04787,9.731711,10.036391,3,Broad cancer EV biology,0
B04788,10.541143,1.970174,0,MSC / regenerative EV therapy,0
B04789,8.115897,4.7122583,1,Vascular / systemic inflammation,0
B04790,7.354328,3.3762662,1,Vascular / systemic inflammation,0
B04791,9.667974,5.863433,2,EV engineering / delivery,0
B04792,7.8329015,10.246838,3,Broad cancer EV biology,0
B04793,8.879573,4.2475634,1,Vascular / systemic inflammation,0
B04794,8.625036,2.0538518,0,MSC / regenerative EV therapy,0
B04795,8.092813,4.5495296,1,Vascular / systemic inflammation,0
B04796,9.292844,9.421424,4,Respiratory / airway EV biology,0
B04797,8.460215,4.933302,1,Vascular / systemic inflammation,0
B04798,9.056623,1.0843873,0,MSC / regenerative EV therapy,0
B04799,8.021664,4.940621,1,Vascular / systemic inflammation,0
B04800,12.137994,4.91769,4,Respiratory / airway EV biology,0
B04801,8.16835,8.261615,5,Lung cancer EV biology,0
B04802,10.252886,3.2462006,0,MSC / regenerative EV therapy,0
B04803,11.138048,2.208243,0,MSC / regenerative EV therapy,0
B04804,8.163508,3.3214474,1,Vascular / systemic inflammation,0
B04805,11.260959,5.929964,5,Lung cancer EV biology,0
B04806,10.9517765,0.3739504,0,MSC / regenerative EV therapy,0
B04807,9.223592,0.79264015,0,MSC / regenerative EV therapy,0
B04808,8.692693,4.3627977,1,Vascular / systemic inflammation,0
B04809,9.627723,2.8295133,1,Vascular / systemic inflammation,0
B04810,6.6416636,3.4678917,1,Vascular / systemic inflammation,0
B04811,11.188289,2.3410234,1,Vascular / systemic inflammation,1
B04812,13.252088,4.7726216,4,Respiratory / airway EV biology,0
B04813,12.962878,4.7938585,4,Respiratory / airway EV biology,0
B04814,8.110811,10.440759,5,Lung cancer EV biology,0
B04815,12.614996,2.4832776,0,MSC / regenerative EV therapy,0
B04816,7.1918287,3.5633616,1,Vascular / systemic inflammation,0
B04817,8.858866,2.3265946,0,MSC / regenerative EV therapy,0
B04818,9.9870405,2.920003,0,MSC / regenerative EV therapy,0
B04819,9.844828,4.2876377,1,Vascular / systemic inflammation,0
B04820,11.422639,3.2007902,4,Respiratory / airway EV biology,0
B04821,11.454624,3.0684268,4,Respiratory / airway EV biology,0
B04822,8.659972,5.3694324,2,EV engineering / delivery,0
B04823,8.324123,4.684381,1,Vascular / systemic inflammation,0
B04824,12.517416,3.138878,4,Respiratory / airway EV biology,0
B04825,9.459783,5.049892,0,MSC / regenerative EV therapy,0
B04826,7.658089,8.850345,5,Lung cancer EV biology,0
B04827,10.84606,2.3676074,4,Respiratory / airway EV biology,0
B04828,9.338995,9.125969,3,Broad cancer EV biology,0
B04829,11.49862,9.572801,5,Lung cancer EV biology,0
B04830,9.707124,8.30748,3,Broad cancer EV biology,0
B04831,7.1856303,3.2928276,1,Vascular / systemic inflammation,0
B04832,9.105505,4.137244,1,Vascular / systemic inflammation,0
B04833,9.617353,7.808315,1,Vascular / systemic inflammation,0
B04834,11.046208,9.673906,5,Lung cancer EV biology,0
B04835,9.448502,8.942442,5,Lung cancer EV biology,0
B04836,10.559088,9.179851,5,Lung cancer EV biology,0
B04837,11.139328,9.29953,5,Lung cancer EV biology,0
B04838,8.560411,3.2201703,1,Vascular / systemic inflammation,0
B04839,10.885125,0.5100696,0,MSC / regenerative EV therapy,0
B04840,10.674829,10.575881,3,Broad cancer EV biology,0
B04841,11.5524645,9.836791,5,Lung cancer EV biology,0
B04842,11.755179,8.027822,3,Broad cancer EV biology,0
B04843,11.554015,9.2439785,5,Lung cancer EV biology,0
B04844,7.636999,1.1263162,0,MSC / regenerative EV therapy,0
B04845,11.137348,6.4473443,2,EV engineering / delivery,0
B04846,10.869226,0.5857762,0,MSC / regenerative EV therapy,0
B04847,12.459159,2.606409,4,Respiratory / airway EV biology,0
B04848,8.853838,4.4335628,1,Vascular / systemic inflammation,0
B04849,13.314289,4.7413435,4,Respiratory / airway EV biology,0
B04850,10.561384,7.3218427,2,EV engineering / delivery,0
B04851,10.878034,1.6588556,0,MSC / regenerative EV therapy,0
B04852,11.010825,0.30099413,1,Vascular / systemic inflammation,0
B04853,8.680977,2.4376228,0,MSC / regenerative EV therapy,0
B04854,9.24923,3.6785097,0,MSC / regenerative EV therapy,0
B04855,12.713464,7.3308406,0,MSC / regenerative EV therapy,0
B04856,9.357221,0.80614495,0,MSC / regenerative EV therapy,0
B04857,8.918438,0.9357554,0,MSC / regenerative EV therapy,0
B04858,9.848849,1.6704285,0,MSC / regenerative EV therapy,0
B04859,9.4549465,0.83178955,0,MSC / regenerative EV therapy,0
B04860,8.879048,0.8831692,0,MSC / regenerative EV therapy,0
B04861,10.813437,0.48184356,0,MSC / regenerative EV therapy,0
B04862,9.864619,1.1091497,0,MSC / regenerative EV therapy,0
B04863,10.885584,2.329518,0,MSC / regenerative EV therapy,0
B04864,12.729148,2.3127873,0,MSC / regenerative EV therapy,0
B04865,9.398105,2.0732653,0,MSC / regenerative EV therapy,0
B04866,9.58731,3.748823,0,MSC / regenerative EV therapy,0
B04867,7.356588,7.604222,2,EV engineering / delivery,0
B04868,11.576281,3.6672015,1,Vascular / systemic inflammation,0
B04869,10.109511,7.900046,1,Vascular / systemic inflammation,0
B04870,9.535005,2.2736893,0,MSC / regenerative EV therapy,0
B04871,6.935554,3.359032,1,Vascular / systemic inflammation,0
B04872,9.728985,1.5660312,1,Vascular / systemic inflammation,0
B04873,8.432848,10.386756,5,Lung cancer EV biology,0
B04874,7.072841,3.553138,1,Vascular / systemic inflammation,0
B04875,11.892736,5.086666,1,Vascular / systemic inflammation,0
B04876,11.433404,7.9330206,2,EV engineering / delivery,0
B04877,6.084401,6.011585,1,Vascular / systemic inflammation,0
B04878,11.711349,3.8609643,1,Vascular / systemic inflammation,0
B04879,10.690422,10.825039,5,Lung cancer EV biology,0
B04880,11.719024,3.885613,4,Respiratory / airway EV biology,0
B04881,9.137996,5.4102263,4,Respiratory / airway EV biology,0
B04882,12.199122,4.6753983,2,EV engineering / delivery,0
B04883,11.006209,4.391851,4,Respiratory / airway EV biology,0
B04884,10.982926,10.180468,3,Broad cancer EV biology,0
B04885,11.437735,7.820985,5,Lung cancer EV biology,0
B04886,9.660556,10.043816,3,Broad cancer EV biology,0
B04887,11.297778,5.94554,5,Lung cancer EV biology,0
B04888,7.9740524,2.0033827,1,Vascular / systemic inflammation,0
B04889,10.523383,6.7591815,2,EV engineering / delivery,0
B04890,9.986599,1.7634306,1,Vascular / systemic inflammation,0
B04891,13.202468,0.7873266,0,MSC / regenerative EV therapy,0
B04892,9.307499,3.4412715,0,MSC / regenerative EV therapy,0
B04893,12.067193,8.397203,5,Lung cancer EV biology,0
B04894,9.818181,0.9698079,0,MSC / regenerative EV therapy,0
B04895,9.948538,10.586035,5,Lung cancer EV biology,0
B04896,9.296875,8.456807,5,Lung cancer EV biology,0
B04897,9.532407,6.416265,2,EV engineering / delivery,0
B04898,9.130334,10.696553,5,Lung cancer EV biology,0
B04899,10.45568,8.232404,3,Broad cancer EV biology,0
B04900,7.59249,1.0808376,3,Broad cancer EV biology,0
B04901,10.04361,9.972523,5,Lung cancer EV biology,0
B04902,10.3232,8.49066,3,Broad cancer EV biology,0
B04903,10.002171,9.532218,3,Broad cancer EV biology,0
B04904,10.429016,7.734848,3,Broad cancer EV biology,0
B04905,10.916083,6.7829833,2,EV engineering / delivery,0
B04906,11.214699,8.236141,2,EV engineering / delivery,0
B04907,11.002474,8.075273,5,Lung cancer EV biology,0
B04908,11.107665,8.487521,3,Broad cancer EV biology,0
B04909,12.016282,8.321776,5,Lung cancer EV biology,0
B04910,11.497802,7.074578,2,EV engineering / delivery,0
B04911,11.502925,9.237098,5,Lung cancer EV biology,0
B04912,11.171118,7.329397,2,EV engineering / delivery,0
B04913,10.993439,7.137891,2,EV engineering / delivery,0
B04914,11.529114,8.719056,3,Broad cancer EV biology,0
B04915,11.133573,7.6768904,3,Broad cancer EV biology,0
B04916,10.165798,8.087031,3,Broad cancer EV biology,0
B04917,11.145572,10.10671,3,Broad cancer EV biology,0
B04918,9.5998125,9.98124,3,Broad cancer EV biology,0
B04919,10.632672,7.940069,3,Broad cancer EV biology,0
B04920,10.389915,8.921691,5,Lung cancer EV biology,0
B04921,11.263453,8.8105545,3,Broad cancer EV biology,0
B04922,12.645883,2.5386236,4,Respiratory / airway EV biology,0
B04923,10.193584,8.629822,5,Lung cancer EV biology,0
B04924,10.1499195,10.146485,5,Lung cancer EV biology,0
B04925,9.889904,9.277794,3,Broad cancer EV biology,0
B04926,9.719306,9.127838,5,Lung cancer EV biology,0
B04927,7.0470157,7.732938,2,EV engineering / delivery,0
B04928,10.892113,6.997018,2,EV engineering / delivery,0
B04929,10.957503,0.23586957,0,MSC / regenerative EV therapy,0
B04930,10.721131,1.6504064,5,Lung cancer EV biology,0
B04931,9.210569,2.9824934,0,MSC / regenerative EV therapy,0
B04932,9.809367,0.9299179,0,MSC / regenerative EV therapy,0
B04933,9.415834,7.6204805,3,Broad cancer EV biology,0
B04934,9.493872,4.020829,0,MSC / regenerative EV therapy,0
B04935,8.090018,5.76089,2,EV engineering / delivery,0
B04936,11.574086,7.142561,2,EV engineering / delivery,0
B04937,9.527078,3.6931043,0,MSC / regenerative EV therapy,0
B04938,9.484728,4.3916626,0,MSC / regenerative EV therapy,0
B04939,9.7020645,9.856775,5,Lung cancer EV biology,0
B04940,10.067797,5.6685495,2,EV engineering / delivery,0
B04941,8.110493,5.3776846,2,EV engineering / delivery,0
B04942,10.74769,2.3209107,0,MSC / regenerative EV therapy,0
B04943,10.8330555,0.58949405,4,Respiratory / airway EV biology,0
B04944,11.371532,9.259237,3,Broad cancer EV biology,0
B04945,11.238118,5.9498544,5,Lung cancer EV biology,0
B04946,10.197902,5.1077023,1,Vascular / systemic inflammation,0
B04947,7.4971266,7.749278,2,EV engineering / delivery,0
B04948,9.847423,8.494781,3,Broad cancer EV biology,0
B04949,9.187848,9.847428,5,Lung cancer EV biology,0
B04950,11.060214,3.4092069,4,Respiratory / airway EV biology,0
B04951,8.682633,3.8037696,1,Vascular / systemic inflammation,0
B04952,12.184462,8.401126,2,EV engineering / delivery,0
B04953,10.477508,10.096471,5,Lung cancer EV biology,1
B04954,9.863989,1.6891143,4,Respiratory / airway EV biology,0
B04955,8.646305,5.983443,2,EV engineering / delivery,0
B04956,7.075198,7.6685314,2,EV engineering / delivery,0
B04957,11.385226,8.204245,5,Lung cancer EV biology,0
B04958,12.683416,7.377917,0,MSC / regenerative EV therapy,0
B04959,8.657981,5.362004,2,EV engineering / delivery,0
B04960,9.600216,10.736321,5,Lung cancer EV biology,0
B04961,9.437574,10.690127,5,Lung cancer EV biology,0
B04962,9.869703,5.763277,2,EV engineering / delivery,0
B04963,11.817675,7.8572426,3,Broad cancer EV biology,0
B04964,9.990982,4.2531247,1,Vascular / systemic inflammation,0
B04965,11.145534,2.4568696,5,Lung cancer EV biology,0
B04966,9.695144,11.103311,5,Lung cancer EV biology,0
B04967,9.732569,2.3992848,0,MSC / regenerative EV therapy,0
B04968,9.543843,2.9547012,1,Vascular / systemic inflammation,0
B04969,7.615682,1.1053262,0,MSC / regenerative EV therapy,0
B04970,9.309897,8.490486,5,Lung cancer EV biology,0
B04971,8.130763,3.4860482,1,Vascular / systemic inflammation,0
B04972,10.44993,6.0994353,2,EV engineering / delivery,0
B04973,11.478324,3.3772829,4,Respiratory / airway EV biology,0
B04974,7.0141077,7.800906,2,EV engineering / delivery,0
B04975,11.501614,3.0800834,4,Respiratory / airway EV biology,0
B04976,7.4730983,8.264353,2,EV engineering / delivery,0
B04977,9.782493,5.387929,2,EV engineering / delivery,0
B04978,9.432035,4.6039085,0,MSC / regenerative EV therapy,0
B04979,10.0839,8.814946,5,Lung cancer EV biology,0
B04980,11.86254,2.0577776,0,MSC / regenerative EV therapy,0
B04981,10.291229,10.934931,5,Lung cancer EV biology,0
B04982,12.776551,2.3826127,0,MSC / regenerative EV therapy,0
B04983,11.135636,8.681207,5,Lung cancer EV biology,0
B04984,10.006065,10.878255,5,Lung cancer EV biology,0
B04985,7.2603655,7.8891954,2,EV engineering / delivery,0
B04986,6.089337,4.7778554,4,Respiratory / airway EV biology,0
B04987,11.173299,8.572054,3,Broad cancer EV biology,0
B04988,11.689498,2.1933768,4,Respiratory / airway EV biology,0
B04989,7.944688,10.119483,3,Broad cancer EV biology,0
B04990,8.256416,5.377639,2,EV engineering / delivery,0
B04991,7.537888,8.327441,3,Broad cancer EV biology,0
B04992,9.770754,6.117643,2,EV engineering / delivery,0
B04993,7.125096,7.6315603,2,EV engineering / delivery,0
B04994,9.782371,9.656357,5,Lung cancer EV biology,0
B04995,11.855225,3.1646218,4,Respiratory / airway EV biology,0
B04996,9.552082,7.724289,5,Lung cancer EV biology,0
B04997,9.423694,11.086524,5,Lung cancer EV biology,0
B04998,10.850538,6.751664,2,EV engineering / delivery,0
B04999,7.9707036,4.7930207,1,Vascular / systemic inflammation,0
B05000,7.616503,7.9192867,2,EV engineering / delivery,0
B05001,7.345503,7.588311,2,EV engineering / delivery,0
B05002,7.9251266,5.075674,1,Vascular / systemic inflammation,0
B05003,10.271662,2.7418299,4,Respiratory / airway EV biology,0
B05004,11.238432,3.4659321,4,Respiratory / airway EV biology,0
B05005,7.18961,3.4652014,1,Vascular / systemic inflammation,0
B05006,8.573923,2.8529665,1,Vascular / systemic inflammation,0
B05007,9.197579,10.069133,3,Broad cancer EV biology,0
B05008,9.151486,4.460485,1,Vascular / systemic inflammation,0
B05009,10.115894,7.762096,3,Broad cancer EV biology,0
B05010,8.44065,7.2175303,2,EV engineering / delivery,0
B05011,9.421124,5.5943503,0,MSC / regenerative EV therapy,0
B05012,11.076025,1.832819,0,MSC / regenerative EV therapy,0
B05013,10.582725,5.4060187,2,EV engineering / delivery,0
B05014,8.850843,8.753155,3,Broad cancer EV biology,0
B05015,10.676192,8.996599,5,Lung cancer EV biology,0
B05016,7.805617,5.5287695,1,Vascular / systemic inflammation,0
B05017,7.6660633,8.959031,5,Lung cancer EV biology,0
B05018,10.051861,10.145269,5,Lung cancer EV biology,0
B05019,7.85342,10.558089,5,Lung cancer EV biology,0
B05020,9.8714075,8.664158,5,Lung cancer EV biology,0
B05021,9.386966,6.136741,2,EV engineering / delivery,0
B05022,9.863092,6.587986,2,EV engineering / delivery,0
B05023,9.274855,8.646617,5,Lung cancer EV biology,0
B05024,10.786604,5.5834394,2,EV engineering / delivery,0
B05025,11.0526,9.193342,3,Broad cancer EV biology,0
B05026,13.602904,0.7408648,2,EV engineering / delivery,0
B05027,9.694209,1.7330492,0,MSC / regenerative EV therapy,0
B05028,11.603808,4.022552,4,Respiratory / airway EV biology,0
B05029,10.812085,3.3987622,4,Respiratory / airway EV biology,0
B05030,10.403529,3.6006439,2,EV engineering / delivery,0
B05031,12.156045,3.682173,4,Respiratory / airway EV biology,0
B05032,11.764851,3.801334,4,Respiratory / airway EV biology,0
B05033,12.249109,3.0169451,4,Respiratory / airway EV biology,0
B05034,11.72493,3.759725,4,Respiratory / airway EV biology,0
B05035,10.509332,2.5358684,1,Vascular / systemic inflammation,0
B05036,10.430819,3.668874,4,Respiratory / airway EV biology,0
B05037,10.528996,5.3549414,2,EV engineering / delivery,0
B05038,8.897434,2.1217916,0,MSC / regenerative EV therapy,0
B05039,11.280632,4.132869,4,Respiratory / airway EV biology,0
B05040,11.82556,2.3817122,4,Respiratory / airway EV biology,0
B05041,11.415703,7.2599363,3,Broad cancer EV biology,0
B05042,9.606153,10.161726,5,Lung cancer EV biology,0
B05043,9.589024,10.243513,5,Lung cancer EV biology,0
B05044,9.923481,9.185144,4,Respiratory / airway EV biology,0
B05045,8.028309,7.608658,2,EV engineering / delivery,0
B05046,10.673413,2.7608817,4,Respiratory / airway EV biology,0
B05047,7.164547,7.653322,2,EV engineering / delivery,0
B05048,7.7199407,7.8332033,2,EV engineering / delivery,0
B05049,11.592611,7.178219,2,EV engineering / delivery,0
B05050,7.7701387,10.626548,5,Lung cancer EV biology,0
B05051,11.741761,4.8634915,4,Respiratory / airway EV biology,0
B05052,8.2563305,5.7621,2,EV engineering / delivery,0
B05053,9.390759,2.968572,0,MSC / regenerative EV therapy,0
B05054,8.713338,1.097383,1,Vascular / systemic inflammation,0
B05055,11.86993,4.0489736,4,Respiratory / airway EV biology,0
B05056,7.1187167,7.6837454,2,EV engineering / delivery,0
B05057,11.934533,4.965977,2,EV engineering / delivery,0
B05058,8.975513,4.3192387,4,Respiratory / airway EV biology,0
B05059,9.197346,3.5618856,1,Vascular / systemic inflammation,0
B05060,9.266806,9.82393,5,Lung cancer EV biology,0
B05061,10.255474,5.2221975,1,Vascular / systemic inflammation,0
B05062,9.05742,3.888006,1,Vascular / systemic inflammation,0
B05063,9.022148,9.799491,3,Broad cancer EV biology,0
B05064,11.771541,2.4604578,4,Respiratory / airway EV biology,0
B05065,9.360599,9.624573,3,Broad cancer EV biology,0
B05066,8.060967,8.570955,3,Broad cancer EV biology,0
B05067,11.821172,4.7574606,1,Vascular / systemic inflammation,0
B05068,11.223384,8.19131,5,Lung cancer EV biology,0
B05069,9.124476,2.878421,1,Vascular / systemic inflammation,0
B05070,7.379412,3.7168548,1,Vascular / systemic inflammation,0
B05071,11.445418,4.770551,4,Respiratory / airway EV biology,0
B05072,13.696368,0.5137684,0,MSC / regenerative EV therapy,0
B05073,11.185946,0.33783942,0,MSC / regenerative EV therapy,0
B05074,9.509692,1.6823345,4,Respiratory / airway EV biology,0
B05075,10.053564,8.570862,3,Broad cancer EV biology,0
B05076,9.792855,9.810469,5,Lung cancer EV biology,0
B05077,9.559433,7.9161825,5,Lung cancer EV biology,0
B05078,10.814288,1.5167153,0,MSC / regenerative EV therapy,0
B05079,9.296693,6.0009074,2,EV engineering / delivery,0
B05080,8.360002,5.391214,1,Vascular / systemic inflammation,0
B05081,8.415995,5.848674,2,EV engineering / delivery,0
B05082,11.686836,4.427454,4,Respiratory / airway EV biology,0
B05083,10.910144,1.9819404,0,MSC / regenerative EV therapy,0
B05084,10.868617,8.048759,5,Lung cancer EV biology,0
B05085,10.986315,8.490566,5,Lung cancer EV biology,0
B05086,9.328234,3.5229285,0,MSC / regenerative EV therapy,0
B05087,9.494406,3.5798085,0,MSC / regenerative EV therapy,0
B05088,12.688228,3.0492535,4,Respiratory / airway EV biology,0
B05089,10.66715,5.2237773,4,Respiratory / airway EV biology,0
B05090,8.6350155,9.228383,5,Lung cancer EV biology,0
B05091,9.272224,3.3493469,0,MSC / regenerative EV therapy,0
B05092,7.7659693,6.785709,2,EV engineering / delivery,0
B05093,10.571473,6.7590714,2,EV engineering / delivery,0
B05094,10.950412,5.6186876,2,EV engineering / delivery,0
B05095,13.659463,0.61135083,0,MSC / regenerative EV therapy,0
B05096,7.2709866,7.5529513,2,EV engineering / delivery,0
B05097,9.869607,4.201425,0,MSC / regenerative EV therapy,0
B05098,7.797279,5.547746,2,EV engineering / delivery,0
B05099,10.298615,2.7999744,0,MSC / regenerative EV therapy,0
B05100,13.703895,0.81147224,0,MSC / regenerative EV therapy,0
B05101,8.199321,9.924039,5,Lung cancer EV biology,0
B05102,12.053151,3.9867477,4,Respiratory / airway EV biology,0
B05103,12.156798,8.794267,5,Lung cancer EV biology,0
B05104,11.097124,3.166822,4,Respiratory / airway EV biology,0
B05105,12.144049,3.4027731,4,Respiratory / airway EV biology,0
B05106,8.43246,4.9208493,2,EV engineering / delivery,0
B05107,8.963322,4.3557024,0,MSC / regenerative EV therapy,0
B05108,12.045424,5.5754313,4,Respiratory / airway EV biology,0
B05109,12.324809,4.3463717,4,Respiratory / airway EV biology,0
B05110,11.888071,4.893309,2,EV engineering / delivery,0
B05111,11.342321,6.1697264,2,EV engineering / delivery,0
B05112,8.961808,1.4400043,1,Vascular / systemic inflammation,0
B05113,11.949927,5.046802,2,EV engineering / delivery,0
B05114,11.740701,5.2752295,2,EV engineering / delivery,0
B05115,11.827512,4.6595488,4,Respiratory / airway EV biology,0
B05116,10.711415,5.3351445,2,EV engineering / delivery,0
B05117,9.181565,10.359944,5,Lung cancer EV biology,0
B05118,9.375403,9.627551,3,Broad cancer EV biology,0
B05119,9.753625,4.1958632,0,MSC / regenerative EV therapy,0
B05120,9.895388,4.290309,1,Vascular / systemic inflammation,0
B05121,8.854593,9.737646,5,Lung cancer EV biology,0
B05122,8.93468,4.826053,1,Vascular / systemic inflammation,0
B05123,9.43569,3.683251,2,EV engineering / delivery,0
B05124,7.163243,7.744838,2,EV engineering / delivery,0
B05125,10.351849,5.0078254,2,EV engineering / delivery,0
B05126,10.138035,5.998609,2,EV engineering / delivery,0
B05127,9.990242,2.0372488,0,MSC / regenerative EV therapy,0
B05128,9.315936,6.055638,2,EV engineering / delivery,0
B05129,8.798564,1.0623099,2,EV engineering / delivery,0
B05130,9.26719,3.3777049,0,MSC / regenerative EV therapy,0
B05131,9.45174,3.9397633,0,MSC / regenerative EV therapy,0
B05132,11.19684,6.760487,2,EV engineering / delivery,0
B05133,13.219042,0.8944003,0,MSC / regenerative EV therapy,0
B05134,9.139734,9.977569,5,Lung cancer EV biology,0
B05135,8.828803,9.967413,5,Lung cancer EV biology,0
B05136,8.435357,8.703936,5,Lung cancer EV biology,0
B05137,10.768437,6.1365123,2,EV engineering / delivery,0
B05138,9.796439,3.738286,0,MSC / regenerative EV therapy,0
B05139,10.071362,5.4134426,2,EV engineering / delivery,0
B05140,9.989145,4.696722,2,EV engineering / delivery,0
B05141,10.663918,6.2268248,0,MSC / regenerative EV therapy,0
B05142,13.703543,0.66778654,2,EV engineering / delivery,0
B05143,10.591674,7.0425115,2,EV engineering / delivery,0
B05144,12.635991,3.3115816,4,Respiratory / airway EV biology,0
B05145,7.8954287,8.865385,3,Broad cancer EV biology,0
B05146,9.107041,10.411555,5,Lung cancer EV biology,0
B05147,9.8931875,1.1506315,0,MSC / regenerative EV therapy,0
B05148,9.416092,0.7857123,0,MSC / regenerative EV therapy,0
B05149,9.930995,1.2469323,0,MSC / regenerative EV therapy,0
B05150,8.7245035,3.1939607,1,Vascular / systemic inflammation,0
B05151,9.909254,1.1619419,0,MSC / regenerative EV therapy,0
B05152,9.029148,2.2423081,0,MSC / regenerative EV therapy,0
B05153,8.971099,2.0450401,0,MSC / regenerative EV therapy,0
B05154,10.558362,10.444224,5,Lung cancer EV biology,0
B05155,11.055307,0.42923355,0,MSC / regenerative EV therapy,0
B05156,9.65538,0.83603597,0,MSC / regenerative EV therapy,0
B05157,9.255269,2.7407203,0,MSC / regenerative EV therapy,0
B05158,9.167223,0.89547276,0,MSC / regenerative EV therapy,0
B05159,10.815545,1.2150782,4,Respiratory / airway EV biology,0
B05160,7.7929015,2.0281866,1,Vascular / systemic inflammation,0
B05161,8.270924,8.815949,5,Lung cancer EV biology,0
B05162,10.624721,7.6256013,3,Broad cancer EV biology,0
B05163,10.740094,7.5279813,3,Broad cancer EV biology,0
B05164,11.729446,8.248451,3,Broad cancer EV biology,0
B05165,11.4826355,9.499404,5,Lung cancer EV biology,0
B05166,8.190112,10.156184,3,Broad cancer EV biology,0
B05167,10.904086,0.11632061,0,MSC / regenerative EV therapy,0
B05168,8.5931015,2.6143258,2,EV engineering / delivery,0
B05169,9.594832,6.9644833,2,EV engineering / delivery,0
B05170,8.356674,5.212214,5,Lung cancer EV biology,0
B05171,11.032648,8.909971,5,Lung cancer EV biology,0
B05172,11.213934,8.91186,3,Broad cancer EV biology,0
B05173,11.304177,8.88834,3,Broad cancer EV biology,0
B05174,6.58905,3.526855,5,Lung cancer EV biology,0
B05175,10.789446,10.151226,5,Lung cancer EV biology,0
B05176,9.174124,9.627766,3,Broad cancer EV biology,0
B05177,10.312654,7.5116973,5,Lung cancer EV biology,0
B05178,10.68399,7.0797253,3,Broad cancer EV biology,0
B05179,7.7737103,8.199175,5,Lung cancer EV biology,0
B05180,11.257517,7.8962035,5,Lung cancer EV biology,0
B05181,9.385034,8.00094,5,Lung cancer EV biology,0
B05182,11.334943,7.203541,5,Lung cancer EV biology,0
B05183,8.49089,7.454428,2,EV engineering / delivery,0
B05184,8.530847,4.365706,1,Vascular / systemic inflammation,0
B05185,8.467198,4.085673,1,Vascular / systemic inflammation,0
B05186,9.834487,7.6563215,3,Broad cancer EV biology,0
B05187,7.3336887,2.7312758,1,Vascular / systemic inflammation,0
B05188,9.427321,4.384335,1,Vascular / systemic inflammation,0
B05189,8.675078,3.6804547,1,Vascular / systemic inflammation,0
B05190,8.452389,3.153281,1,Vascular / systemic inflammation,0
B05191,7.5453677,3.1187642,1,Vascular / systemic inflammation,0
B05192,10.985289,8.472336,5,Lung cancer EV biology,0
B05193,11.076694,6.838463,5,Lung cancer EV biology,0
B05194,11.369578,7.0373898,2,EV engineering / delivery,0
B05195,8.7819,5.450603,4,Respiratory / airway EV biology,0
B05196,9.524672,3.5712478,0,MSC / regenerative EV therapy,0
B05197,8.71869,2.951803,0,MSC / regenerative EV therapy,0
B05198,10.761496,0.2561013,0,MSC / regenerative EV therapy,0
B05199,8.706647,10.291388,5,Lung cancer EV biology,0
B05200,8.178442,5.1798897,5,Lung cancer EV biology,0
B05201,11.59652,8.921447,3,Broad cancer EV biology,0
B05202,9.171368,3.0949223,0,MSC / regenerative EV therapy,0
B05203,9.817594,3.5511882,0,MSC / regenerative EV therapy,0
B05204,9.6817045,3.8243008,1,Vascular / systemic inflammation,0
B05205,8.511555,9.634229,5,Lung cancer EV biology,0
B05206,9.0029335,9.923412,5,Lung cancer EV biology,0
B05207,9.267736,3.5604086,0,MSC / regenerative EV therapy,0
B05208,10.59136,9.745758,5,Lung cancer EV biology,0
B05209,6.6538095,3.7113745,3,Broad cancer EV biology,0
B05210,9.238201,8.922615,5,Lung cancer EV biology,0
B05211,10.037288,2.971078,4,Respiratory / airway EV biology,0
B05212,7.760187,3.9570804,1,Vascular / systemic inflammation,0
B05213,12.021557,5.0447783,2,EV engineering / delivery,0
B05214,11.219428,3.1400244,4,Respiratory / airway EV biology,0
B05215,8.629522,3.144099,1,Vascular / systemic inflammation,0
B05216,11.568879,9.078568,3,Broad cancer EV biology,0
B05217,10.827668,6.7685513,2,EV engineering / delivery,0
B05218,11.532539,3.3741546,4,Respiratory / airway EV biology,0
B05219,11.591738,2.9459655,3,Broad cancer EV biology,0
B05220,10.246577,11.038179,5,Lung cancer EV biology,0
B05221,10.331702,10.942743,5,Lung cancer EV biology,0
B05222,11.01084,0.3016239,1,Vascular / systemic inflammation,0
B05223,9.49895,1.2694185,1,Vascular / systemic inflammation,0
B05224,9.096576,4.055853,1,Vascular / systemic inflammation,0
B05225,9.48032,8.858973,3,Broad cancer EV biology,0
B05226,10.121738,10.936676,5,Lung cancer EV biology,0
B05227,10.516422,10.659312,5,Lung cancer EV biology,0
B05228,9.009521,8.714707,1,Vascular / systemic inflammation,0
B05229,10.5164385,10.884842,3,Broad cancer EV biology,0
B05230,9.030124,8.689995,1,Vascular / systemic inflammation,0
B05231,9.096744,8.738987,5,Lung cancer EV biology,0
B05232,9.178489,8.687574,5,Lung cancer EV biology,0
B05233,12.232352,9.541101,3,Broad cancer EV biology,0
B05234,8.149854,8.318694,3,Broad cancer EV biology,0
B05235,8.32148,4.211106,1,Vascular / systemic inflammation,0
B05236,7.6916914,4.461283,1,Vascular / systemic inflammation,0
B05237,12.817431,2.6338973,4,Respiratory / airway EV biology,0
B05238,9.398216,11.197908,3,Broad cancer EV biology,0
B05239,9.899149,2.8911328,1,Vascular / systemic inflammation,0
B05240,9.016788,8.466466,5,Lung cancer EV biology,0
B05241,11.934125,9.633549,3,Broad cancer EV biology,0
B05242,11.843205,2.7631354,4,Respiratory / airway EV biology,0
B05243,6.7148256,4.390346,1,Vascular / systemic inflammation,0
B05244,6.173445,4.82846,4,Respiratory / airway EV biology,0
B05245,6.2374015,4.8352814,3,Broad cancer EV biology,0
B05246,7.867001,4.611452,1,Vascular / systemic inflammation,0
B05247,8.683993,1.1054806,1,Vascular / systemic inflammation,0
B05248,10.806892,3.0052607,4,Respiratory / airway EV biology,0
B05249,11.098527,8.687575,3,Broad cancer EV biology,0
B05250,8.78814,4.5154524,1,Vascular / systemic inflammation,0
B05251,10.70693,2.94622,4,Respiratory / airway EV biology,0
B05252,9.205276,9.624592,3,Broad cancer EV biology,0
B05253,8.523533,6.8085284,1,Vascular / systemic inflammation,0
B05254,8.341402,10.188736,5,Lung cancer EV biology,0
B05255,8.631491,7.7649136,1,Vascular / systemic inflammation,0
B05256,8.047118,4.9830723,1,Vascular / systemic inflammation,0
B05257,8.098018,1.890839,1,Vascular / systemic inflammation,0
B05258,9.358266,1.754996,4,Respiratory / airway EV biology,0
B05259,12.636463,5.5599704,1,Vascular / systemic inflammation,0
B05260,9.254412,4.34067,1,Vascular / systemic inflammation,0
B05261,6.4937716,3.411793,3,Broad cancer EV biology,0
B05262,9.646824,9.985067,3,Broad cancer EV biology,0
B05263,9.100507,8.276398,5,Lung cancer EV biology,0
B05264,8.2076845,10.475703,5,Lung cancer EV biology,0
B05265,7.7430925,9.018182,3,Broad cancer EV biology,0
B05266,9.555527,6.569281,2,EV engineering / delivery,0
B05267,10.026307,5.522239,2,EV engineering / delivery,0
B05268,7.6875873,10.611935,5,Lung cancer EV biology,0
B05269,10.958513,2.7818274,4,Respiratory / airway EV biology,0
B05270,11.050762,6.8665004,2,EV engineering / delivery,0
B05271,8.0826235,1.7209961,1,Vascular / systemic inflammation,0
B05272,8.956816,5.178655,4,Respiratory / airway EV biology,0
B05273,11.531692,9.191333,3,Broad cancer EV biology,0
B05274,9.779091,5.329037,2,EV engineering / delivery,0
B05275,11.485417,7.610651,5,Lung cancer EV biology,0
B05276,8.762386,6.7669654,2,EV engineering / delivery,0
B05277,9.362282,0.900645,0,MSC / regenerative EV therapy,0
B05278,9.243869,9.730348,3,Broad cancer EV biology,0
B05279,6.6090555,4.955644,0,MSC / regenerative EV therapy,0
B05280,9.304665,10.656896,5,Lung cancer EV biology,0
B05281,13.315405,4.736605,4,Respiratory / airway EV biology,0
B05282,9.758359,2.5785887,1,Vascular / systemic inflammation,0
B05283,13.186736,4.747894,4,Respiratory / airway EV biology,0
B05284,9.513694,10.249811,5,Lung cancer EV biology,0
B05285,9.382787,10.272822,3,Broad cancer EV biology,0
B05286,11.095204,8.519727,5,Lung cancer EV biology,0
B05287,10.621046,2.4737618,4,Respiratory / airway EV biology,0
B05288,9.301022,8.980212,5,Lung cancer EV biology,0
B05289,8.706121,7.055329,2,EV engineering / delivery,0
B05290,10.229734,2.9003375,4,Respiratory / airway EV biology,0
B05291,9.133739,4.4326863,1,Vascular / systemic inflammation,0
B05292,6.9881635,4.5897646,4,Respiratory / airway EV biology,0
B05293,8.190903,4.8744535,1,Vascular / systemic inflammation,0
B05294,12.280137,3.9005349,4,Respiratory / airway EV biology,0
B05295,10.80592,8.030156,3,Broad cancer EV biology,0
B05296,9.984794,10.890864,5,Lung cancer EV biology,0
B05297,8.972547,7.1017437,2,EV engineering / delivery,0
B05298,11.871274,4.8866653,2,EV engineering / delivery,0
B05299,12.430607,7.482098,3,Broad cancer EV biology,0
B05300,11.115172,1.5138685,0,MSC / regenerative EV therapy,0
B05301,8.758453,10.624979,5,Lung cancer EV biology,0
B05302,9.221385,4.2488003,1,Vascular / systemic inflammation,0
B05303,7.9394307,5.600048,2,EV engineering / delivery,0
B05304,9.0048685,3.1178906,0,MSC / regenerative EV therapy,0
B05305,10.348504,10.651101,5,Lung cancer EV biology,0
B05306,10.473828,10.636086,5,Lung cancer EV biology,0
B05307,12.039535,4.519358,4,Respiratory / airway EV biology,0
B05308,10.661015,10.866645,5,Lung cancer EV biology,0
B05309,10.984468,3.6478755,4,Respiratory / airway EV biology,0
B05310,8.243094,7.621495,2,EV engineering / delivery,0
B05311,13.503763,4.665959,5,Lung cancer EV biology,0
B05312,8.819579,7.3822317,1,Vascular / systemic inflammation,0
B05313,9.279651,0.838607,1,Vascular / systemic inflammation,0
B05314,9.462628,3.5599878,0,MSC / regenerative EV therapy,0
B05315,8.403939,4.953553,1,Vascular / systemic inflammation,0
B05316,8.351475,3.669098,1,Vascular / systemic inflammation,0
B05317,7.090817,3.508697,1,Vascular / systemic inflammation,0
B05318,8.395812,4.938164,4,Respiratory / airway EV biology,0
B05319,8.142354,5.207951,1,Vascular / systemic inflammation,0
B05320,7.999057,5.0983706,1,Vascular / systemic inflammation,0
B05321,7.2161856,7.51268,2,EV engineering / delivery,0
B05322,8.554322,2.2960947,0,MSC / regenerative EV therapy,0
B05323,11.06228,8.223838,5,Lung cancer EV biology,0
B05324,11.920555,8.395078,5,Lung cancer EV biology,0
B05325,7.923455,9.974179,5,Lung cancer EV biology,0
B05326,11.6411495,7.361609,5,Lung cancer EV biology,0
B05327,10.667538,6.5028224,2,EV engineering / delivery,0
B05328,7.677446,10.242434,3,Broad cancer EV biology,0
B05329,9.925851,5.470972,2,EV engineering / delivery,0
B05330,11.034318,1.4941013,0,MSC / regenerative EV therapy,0
B05331,8.475547,2.4998817,1,Vascular / systemic inflammation,0
B05332,11.245644,7.509913,3,Broad cancer EV biology,0
B05333,10.037983,6.0802045,2,EV engineering / delivery,0
B05334,7.788014,2.0390859,1,Vascular / systemic inflammation,0
B05335,11.41436,2.9514377,1,Vascular / systemic inflammation,0
B05336,8.541607,5.1502314,1,Vascular / systemic inflammation,0
B05337,10.744033,8.051962,5,Lung cancer EV biology,0
B05338,10.174563,7.8235745,1,Vascular / systemic inflammation,0
B05339,8.34883,5.415284,4,Respiratory / airway EV biology,0
B05340,10.495999,2.341797,0,MSC / regenerative EV therapy,0
B05341,11.67653,7.200982,2,EV engineering / delivery,0
B05342,11.576608,7.0051503,2,EV engineering / delivery,0
B05343,12.736404,2.3352792,4,Respiratory / airway EV biology,0
B05344,13.716689,1.0186554,4,Respiratory / airway EV biology,0
B05345,11.163438,3.6082973,0,MSC / regenerative EV therapy,1
B05346,13.755776,0.5781512,0,MSC / regenerative EV therapy,0
B05347,12.7598505,2.9536624,4,Respiratory / airway EV biology,0
B05348,10.670467,6.1102834,2,EV engineering / delivery,0
B05349,10.985762,8.626399,5,Lung cancer EV biology,0
B05350,8.719145,7.406272,5,Lung cancer EV biology,0
B05351,8.280283,10.185452,5,Lung cancer EV biology,0
B05352,8.273212,9.95745,3,Broad cancer EV biology,0
B05353,10.499995,3.5574853,1,Vascular / systemic inflammation,0
B05354,8.353607,4.8855624,1,Vascular / systemic inflammation,0
B05355,7.311909,3.2242367,1,Vascular / systemic inflammation,0
B05356,8.460809,4.642876,1,Vascular / systemic inflammation,0
B05357,10.621206,7.248717,3,Broad cancer EV biology,0
B05358,9.269602,5.2434883,1,Vascular / systemic inflammation,0
B05359,11.004333,0.52196455,4,Respiratory / airway EV biology,0
B05360,12.707955,3.0111382,4,Respiratory / airway EV biology,0
B05361,9.200333,8.803287,5,Lung cancer EV biology,0
B05362,11.576502,3.3363738,4,Respiratory / airway EV biology,0
B05363,11.259347,3.4567852,4,Respiratory / airway EV biology,0
B05364,7.747657,10.564896,5,Lung cancer EV biology,0
B05365,7.4418073,2.6247559,4,Respiratory / airway EV biology,0
B05366,7.106679,4.7521462,3,Broad cancer EV biology,0
B05367,8.926441,5.45848,2,EV engineering / delivery,0
B05368,8.471816,4.589351,1,Vascular / systemic inflammation,0
B05369,7.1930456,7.737209,2,EV engineering / delivery,0
B05370,7.4405384,7.8582697,2,EV engineering / delivery,0
B05371,11.572174,3.2427487,4,Respiratory / airway EV biology,0
B05372,6.219205,4.821617,5,Lung cancer EV biology,0
B05373,6.2068267,4.8122487,3,Broad cancer EV biology,0
B05374,10.835656,7.1553698,5,Lung cancer EV biology,0
B05375,12.188381,7.5206914,3,Broad cancer EV biology,0
B05376,10.691208,7.835937,3,Broad cancer EV biology,0
B05377,7.5310955,7.7025924,5,Lung cancer EV biology,0
B05378,9.458639,10.383462,3,Broad cancer EV biology,0
B05379,11.28155,3.4248238,3,Broad cancer EV biology,0
B05380,8.078206,8.967339,5,Lung cancer EV biology,0
B05381,7.7936606,3.7941968,1,Vascular / systemic inflammation,0
B05382,11.094658,8.2860565,3,Broad cancer EV biology,0
B05383,10.479177,6.8200946,2,EV engineering / delivery,0
B05384,6.2390594,5.75415,1,Vascular / systemic inflammation,0
B05385,10.164191,3.9871893,1,Vascular / systemic inflammation,0
B05386,11.173961,0.04618094,4,Respiratory / airway EV biology,0
B05387,8.430679,5.069621,2,EV engineering / delivery,0
B05388,11.120075,7.1660266,3,Broad cancer EV biology,0
B05389,11.060412,8.560676,3,Broad cancer EV biology,0
B05390,8.8391695,4.264917,1,Vascular / systemic inflammation,0
B05391,9.871769,8.323158,3,Broad cancer EV biology,0
B05392,10.032569,3.3655138,1,Vascular / systemic inflammation,0
B05393,10.401138,3.905485,1,Vascular / systemic inflammation,0
B05394,10.626468,3.8175652,4,Respiratory / airway EV biology,0
B05395,9.409093,3.1107173,0,MSC / regenerative EV therapy,0
B05396,9.022141,8.227392,3,Broad cancer EV biology,0
B05397,9.858318,4.170745,1,Vascular / systemic inflammation,0
B05398,8.566855,8.975875,3,Broad cancer EV biology,0
B05399,10.70592,6.135664,2,EV engineering / delivery,0
B05400,8.39428,8.807343,3,Broad cancer EV biology,0
B05401,10.794556,5.7264786,2,EV engineering / delivery,0
B05402,8.732392,5.4584284,4,Respiratory / airway EV biology,0
B05403,8.833147,8.712732,3,Broad cancer EV biology,0
B05404,8.84734,2.76203,0,MSC / regenerative EV therapy,0
B05405,11.13956,6.847871,3,Broad cancer EV biology,0
B05406,11.5560255,8.102792,3,Broad cancer EV biology,0
B05407,11.412223,4.530208,4,Respiratory / airway EV biology,0
B05408,10.889784,9.6941,3,Broad cancer EV biology,0
B05409,9.839664,7.3865004,3,Broad cancer EV biology,0
B05410,10.561811,10.877426,5,Lung cancer EV biology,0
B05411,10.137841,1.2577553,0,MSC / regenerative EV therapy,0
B05412,13.804968,0.63871235,0,MSC / regenerative EV therapy,0
B05413,9.418956,4.3638487,0,MSC / regenerative EV therapy,0
B05414,9.249281,4.2017636,1,Vascular / systemic inflammation,0
B05415,8.884763,2.7828412,1,Vascular / systemic inflammation,0
B05416,12.564305,2.2312045,0,MSC / regenerative EV therapy,0
B05417,8.731481,2.6705086,0,MSC / regenerative EV therapy,0
B05418,13.483644,0.667828,0,MSC / regenerative EV therapy,0
B05419,9.1045,5.3744664,2,EV engineering / delivery,0
B05420,8.71215,2.155501,0,MSC / regenerative EV therapy,0
B05421,10.132301,9.697977,5,Lung cancer EV biology,0
B05422,9.9468775,10.090904,3,Broad cancer EV biology,0
B05423,10.748459,10.244079,5,Lung cancer EV biology,0
B05424,8.467813,5.179058,1,Vascular / systemic inflammation,0
B05425,9.041853,0.8658069,1,Vascular / systemic inflammation,0
B05426,7.1089764,7.9369817,2,EV engineering / delivery,0
B05427,9.188135,9.389293,3,Broad cancer EV biology,0
B05428,10.60634,5.168535,1,Vascular / systemic inflammation,0
B05429,8.852309,4.058281,1,Vascular / systemic inflammation,0
B05430,9.13764,7.9408183,5,Lung cancer EV biology,0
B05431,11.864685,4.964212,4,Respiratory / airway EV biology,0
B05432,8.66372,3.6028361,1,Vascular / systemic inflammation,0
B05433,8.770495,0.9815285,1,Vascular / systemic inflammation,0
B05434,9.543442,8.071603,1,Vascular / systemic inflammation,0
B05435,11.871261,5.1591196,2,EV engineering / delivery,0
B05436,10.781347,8.722575,5,Lung cancer EV biology,0
B05437,11.13779,8.239692,5,Lung cancer EV biology,0
B05438,11.901497,8.105353,5,Lung cancer EV biology,0
B05439,8.793921,4.275762,1,Vascular / systemic inflammation,0
B05440,11.442026,7.095093,2,EV engineering / delivery,0
B05441,10.088184,3.5412223,1,Vascular / systemic inflammation,0
B05442,8.304981,2.853552,1,Vascular / systemic inflammation,0
B05443,9.392422,2.3159294,0,MSC / regenerative EV therapy,0
B05444,8.266009,3.090812,1,Vascular / systemic inflammation,0
B05445,10.520079,5.9805923,2,EV engineering / delivery,0
B05446,10.722503,7.416938,2,EV engineering / delivery,0
B05447,10.351441,6.6956177,2,EV engineering / delivery,0
B05448,10.581473,6.835366,2,EV engineering / delivery,0
B05449,10.010046,6.081221,2,EV engineering / delivery,0
B05450,10.507787,6.979489,2,EV engineering / delivery,0
B05451,9.124988,6.1259084,2,EV engineering / delivery,0
B05452,10.320865,2.132778,0,MSC / regenerative EV therapy,0
B05453,10.469291,6.577233,2,EV engineering / delivery,0
B05454,11.480712,9.163914,2,EV engineering / delivery,0
B05455,10.304362,5.80278,2,EV engineering / delivery,0
B05456,11.445209,6.960192,2,EV engineering / delivery,0
B05457,7.726876,8.779485,5,Lung cancer EV biology,0
B05458,11.218604,3.3222787,4,Respiratory / airway EV biology,0
B05459,9.925117,7.724501,3,Broad cancer EV biology,0
B05460,11.50317,2.286156,4,Respiratory / airway EV biology,0
B05461,6.6838145,3.5071926,1,Vascular / systemic inflammation,0
B05462,10.861048,2.386362,1,Vascular / systemic inflammation,0
B05463,9.745438,10.523507,3,Broad cancer EV biology,0
B05464,9.10919,8.774872,5,Lung cancer EV biology,0
B05465,8.825592,3.699677,0,MSC / regenerative EV therapy,0
B05466,8.511394,3.714021,1,Vascular / systemic inflammation,0
B05467,11.12717,3.0008264,4,Respiratory / airway EV biology,1
B05468,9.93663,8.769369,3,Broad cancer EV biology,0
B05469,12.095804,9.278333,3,Broad cancer EV biology,0
B05470,9.865733,1.1689825,0,MSC / regenerative EV therapy,0
B05471,8.836876,9.534886,5,Lung cancer EV biology,0
B05472,8.609748,3.6967113,1,Vascular / systemic inflammation,0
B05473,9.8392515,4.881455,2,EV engineering / delivery,0
B05474,8.276338,3.8602874,1,Vascular / systemic inflammation,0
B05475,9.6822,5.137219,1,Vascular / systemic inflammation,0
B05476,11.883221,3.1307318,1,Vascular / systemic inflammation,0
B05477,13.401266,0.64406246,0,MSC / regenerative EV therapy,0
B05478,9.575311,3.6874375,2,EV engineering / delivery,0
B05479,10.431214,9.787916,5,Lung cancer EV biology,0
B05480,11.758662,3.24062,4,Respiratory / airway EV biology,0
B05481,10.762902,9.949497,3,Broad cancer EV biology,0
B05482,10.354977,8.865737,3,Broad cancer EV biology,0
B05483,10.730969,8.635029,5,Lung cancer EV biology,0
B05484,10.491218,8.0042515,5,Lung cancer EV biology,0
B05485,11.137319,10.141878,5,Lung cancer EV biology,0
B05486,11.9394655,3.4714506,4,Respiratory / airway EV biology,0
B05487,9.311884,8.628692,3,Broad cancer EV biology,0
B05488,8.680555,8.596928,5,Lung cancer EV biology,0
B05489,9.534,8.696073,5,Lung cancer EV biology,0
B05490,9.474281,8.38346,5,Lung cancer EV biology,0
B05491,9.661342,8.650906,5,Lung cancer EV biology,0
B05492,9.676179,8.6119,5,Lung cancer EV biology,0
B05493,10.595055,6.6102004,2,EV engineering / delivery,0
B05494,9.883853,7.362576,5,Lung cancer EV biology,0
B05495,10.290756,10.7585945,5,Lung cancer EV biology,0
B05496,11.307181,10.378565,5,Lung cancer EV biology,0
B05497,11.30957,9.065248,5,Lung cancer EV biology,0
B05498,11.537538,10.212579,5,Lung cancer EV biology,0
B05499,10.310527,9.368965,3,Broad cancer EV biology,0
B05500,10.68724,10.837114,5,Lung cancer EV biology,0
B05501,10.678671,9.997783,3,Broad cancer EV biology,0
B05502,9.890552,10.392134,3,Broad cancer EV biology,0
B05503,10.637408,10.464638,5,Lung cancer EV biology,0
B05504,10.756781,8.676623,3,Broad cancer EV biology,0
B05505,11.746909,3.4163299,4,Respiratory / airway EV biology,0
B05506,10.062025,10.8824,5,Lung cancer EV biology,0
B05507,9.7308445,1.2280346,1,Vascular / systemic inflammation,0
B05508,9.578622,8.237256,5,Lung cancer EV biology,0
B05509,11.876892,1.4855709,4,Respiratory / airway EV biology,0
B05510,9.151537,0.7621296,4,Respiratory / airway EV biology,0
B05511,10.524108,10.505916,5,Lung cancer EV biology,0
B05512,10.110943,10.619342,3,Broad cancer EV biology,0
B05513,11.828464,4.4379263,4,Respiratory / airway EV biology,0
B05514,11.055254,1.8398192,0,MSC / regenerative EV therapy,0
B05515,11.309184,2.263677,1,Vascular / systemic inflammation,0
B05516,10.728389,10.297701,5,Lung cancer EV biology,0
B05517,11.186113,9.768245,5,Lung cancer EV biology,0
B05518,10.45492,1.0036349,0,MSC / regenerative EV therapy,0
B05519,11.141924,9.9421,5,Lung cancer EV biology,0
B05520,10.909529,1.9070976,0,MSC / regenerative EV therapy,0
B05521,11.113027,0.42144516,4,Respiratory / airway EV biology,0
B05522,9.846604,8.705136,5,Lung cancer EV biology,0
B05523,9.547308,2.2980466,1,Vascular / systemic inflammation,0
B05524,11.83135,8.672774,5,Lung cancer EV biology,0
B05525,11.879905,8.228119,5,Lung cancer EV biology,0
B05526,11.650044,1.9362594,5,Lung cancer EV biology,0
B05527,10.613125,11.046248,5,Lung cancer EV biology,0
B05528,10.400663,10.460079,5,Lung cancer EV biology,0
B05529,10.032084,8.3001795,3,Broad cancer EV biology,0
B05530,10.210543,8.734259,3,Broad cancer EV biology,0
B05531,9.187906,0.851164,4,Respiratory / airway EV biology,0
B05532,10.015078,9.714534,5,Lung cancer EV biology,0
B05533,10.695652,8.706744,5,Lung cancer EV biology,0
B05534,10.608228,1.7173456,0,MSC / regenerative EV therapy,0
B05535,10.357437,10.662606,5,Lung cancer EV biology,0
B05536,11.128253,7.7053165,3,Broad cancer EV biology,0
B05537,10.407536,8.176014,3,Broad cancer EV biology,0
B05538,13.563711,0.4800694,0,MSC / regenerative EV therapy,0
B05539,8.741715,5.4606113,2,EV engineering / delivery,0
B05540,13.225286,1.0098287,0,MSC / regenerative EV therapy,0
B05541,10.254032,6.612132,2,EV engineering / delivery,0
B05542,9.912709,5.8957505,2,EV engineering / delivery,0
B05543,6.328587,4.665907,0,MSC / regenerative EV therapy,0
B05544,8.753368,3.502497,0,MSC / regenerative EV therapy,0
B05545,11.281195,7.4648123,3,Broad cancer EV biology,0
B05546,9.110972,3.0504928,4,Respiratory / airway EV biology,0
B05547,8.497686,5.895318,2,EV engineering / delivery,0
B05548,8.502911,5.966557,2,EV engineering / delivery,0
B05549,8.733337,5.6867504,2,EV engineering / delivery,0
B05550,11.381591,6.5823855,2,EV engineering / delivery,0
B05551,9.005291,3.7187052,0,MSC / regenerative EV therapy,0
B05552,10.507262,10.872019,5,Lung cancer EV biology,0
B05553,9.13382,4.6090155,1,Vascular / systemic inflammation,0
B05554,10.767131,8.640399,5,Lung cancer EV biology,0
B05555,12.754912,3.016213,4,Respiratory / airway EV biology,0
B05556,10.303517,7.2103825,2,EV engineering / delivery,0
B05557,11.029203,9.683855,3,Broad cancer EV biology,0
B05558,13.711141,0.56807965,0,MSC / regenerative EV therapy,0
B05559,9.564181,2.2134304,0,MSC / regenerative EV therapy,0
B05560,13.1245165,0.8388198,0,MSC / regenerative EV therapy,0
B05561,11.070138,8.309044,5,Lung cancer EV biology,0
B05562,10.250366,10.539713,3,Broad cancer EV biology,0
B05563,11.372751,2.591251,4,Respiratory / airway EV biology,0
B05564,9.126855,2.7294872,0,MSC / regenerative EV therapy,0
B05565,10.98351,4.9114265,2,EV engineering / delivery,0
B05566,10.653691,1.4530059,0,MSC / regenerative EV therapy,0
B05567,9.563036,4.4887567,1,Vascular / systemic inflammation,0
B05568,10.414516,6.8091745,2,EV engineering / delivery,0
B05569,10.503964,8.768953,5,Lung cancer EV biology,0
B05570,8.132584,5.1493526,2,EV engineering / delivery,0
B05571,10.067732,10.083335,3,Broad cancer EV biology,0
B05572,10.364358,9.515379,3,Broad cancer EV biology,0
B05573,8.680483,5.5094924,2,EV engineering / delivery,0
B05574,6.2647734,4.6618934,0,MSC / regenerative EV therapy,0
B05575,8.824183,5.409724,2,EV engineering / delivery,0
B05576,8.987407,4.7323456,1,Vascular / systemic inflammation,0
B05577,12.140728,9.301016,2,EV engineering / delivery,0
B05578,10.496633,6.661744,2,EV engineering / delivery,0
B05579,11.02876,8.271873,3,Broad cancer EV biology,0
B05580,10.829831,9.929612,5,Lung cancer EV biology,0
B05581,12.489044,2.2168558,0,MSC / regenerative EV therapy,0
B05582,10.206487,6.623393,2,EV engineering / delivery,0
B05583,10.189377,9.927306,3,Broad cancer EV biology,0
B05584,10.314614,4.475981,2,EV engineering / delivery,0
B05585,10.199099,6.67992,2,EV engineering / delivery,0
B05586,10.918386,8.838263,5,Lung cancer EV biology,0
B05587,11.658119,3.4606376,5,Lung cancer EV biology,0
B05588,11.133115,5.816069,5,Lung cancer EV biology,0
B05589,10.779875,7.6890454,5,Lung cancer EV biology,0
B05590,7.503681,2.9517672,0,MSC / regenerative EV therapy,0
B05591,8.574096,2.129871,0,MSC / regenerative EV therapy,0
B05592,11.282949,6.967503,2,EV engineering / delivery,0
B05593,9.015005,9.69175,5,Lung cancer EV biology,0
B05594,10.555666,4.297554,2,EV engineering / delivery,0
B05595,8.611711,10.625039,5,Lung cancer EV biology,0
B05596,10.4738455,3.2303305,1,Vascular / systemic inflammation,0
B05597,6.500739,3.3997934,1,Vascular / systemic inflammation,0
B05598,9.455983,7.449003,5,Lung cancer EV biology,0
B05599,9.053982,10.103687,3,Broad cancer EV biology,0
B05600,11.606785,2.6313155,4,Respiratory / airway EV biology,1
B05601,7.124053,3.3425834,1,Vascular / systemic inflammation,0
B05602,7.8287964,4.2910376,1,Vascular / systemic inflammation,0
B05603,9.921152,2.483069,1,Vascular / systemic inflammation,0
B05604,11.443403,6.057806,2,EV engineering / delivery,0
B05605,9.931136,3.392445,0,MSC / regenerative EV therapy,0
B05606,6.4067836,4.647447,4,Respiratory / airway EV biology,0
B05607,8.395613,5.4786196,2,EV engineering / delivery,0
B05608,11.4462805,3.124025,4,Respiratory / airway EV biology,0
B05609,11.494231,4.918589,2,EV engineering / delivery,0
B05610,9.289863,9.599687,3,Broad cancer EV biology,0
B05611,11.159991,2.3383236,4,Respiratory / airway EV biology,0
B05612,9.486182,3.604601,0,MSC / regenerative EV therapy,0
B05613,11.756666,4.2800336,4,Respiratory / airway EV biology,0
B05614,11.348247,3.052792,4,Respiratory / airway EV biology,0
B05615,11.964967,4.880139,2,EV engineering / delivery,0
B05616,8.272803,5.307518,2,EV engineering / delivery,0
B05617,9.568991,7.201302,2,EV engineering / delivery,0
B05618,9.99338,5.310238,2,EV engineering / delivery,0
B05619,9.284716,10.372481,5,Lung cancer EV biology,0
B05620,10.816014,6.866012,2,EV engineering / delivery,0
B05621,8.3231125,7.8003907,2,EV engineering / delivery,0
B05622,8.34354,5.740756,2,EV engineering / delivery,0
B05623,10.2515955,4.812976,4,Respiratory / airway EV biology,0
B05624,9.110671,7.826155,3,Broad cancer EV biology,0
B05625,9.4164915,9.402809,3,Broad cancer EV biology,0
B05626,9.531145,9.288105,3,Broad cancer EV biology,0
B05627,9.017566,4.917205,1,Vascular / systemic inflammation,0
B05628,9.283384,10.391541,5,Lung cancer EV biology,0
B05629,10.38788,10.799344,5,Lung cancer EV biology,0
B05630,8.889776,1.052759,4,Respiratory / airway EV biology,0
B05631,9.276568,0.90135914,0,MSC / regenerative EV therapy,0
B05632,13.529175,0.6659376,0,MSC / regenerative EV therapy,0
B05633,9.903469,10.083824,5,Lung cancer EV biology,0
B05634,9.984983,3.9491456,0,MSC / regenerative EV therapy,0
B05635,11.591966,7.4140987,2,EV engineering / delivery,0
B05636,11.11326,9.931321,5,Lung cancer EV biology,0
B05637,11.691891,2.9815898,4,Respiratory / airway EV biology,0
B05638,8.495394,7.8230596,2,EV engineering / delivery,0
B05639,7.522229,2.438302,1,Vascular / systemic inflammation,0
B05640,9.9170685,4.5121236,2,EV engineering / delivery,0
B05641,10.1776705,2.0137973,0,MSC / regenerative EV therapy,0
B05642,11.299885,2.2991188,4,Respiratory / airway EV biology,0
B05643,11.35424,3.063226,4,Respiratory / airway EV biology,0
B05644,8.785265,5.2739196,4,Respiratory / airway EV biology,0
B05645,10.772481,2.9010801,2,EV engineering / delivery,0
B05646,12.273386,3.1506293,4,Respiratory / airway EV biology,0
B05647,10.209865,5.7459297,2,EV engineering / delivery,0
B05648,7.657675,4.5448594,1,Vascular / systemic inflammation,0
B05649,10.377988,6.497009,2,EV engineering / delivery,0
B05650,8.422157,3.611305,0,MSC / regenerative EV therapy,0
B05651,12.405551,2.051626,0,MSC / regenerative EV therapy,0
B05652,11.234733,2.8060465,4,Respiratory / airway EV biology,0
B05653,9.111222,1.0623195,0,MSC / regenerative EV therapy,0
B05654,10.168577,2.5409315,4,Respiratory / airway EV biology,0
B05655,8.67194,3.7365491,0,MSC / regenerative EV therapy,0
B05656,11.403167,3.2576604,4,Respiratory / airway EV biology,0
B05657,10.915623,3.2005289,4,Respiratory / airway EV biology,0
B05658,11.550881,3.5739694,4,Respiratory / airway EV biology,0
B05659,11.986243,4.6012955,4,Respiratory / airway EV biology,0
B05660,10.223989,4.135877,0,MSC / regenerative EV therapy,0
B05661,10.080981,9.674456,5,Lung cancer EV biology,0
B05662,8.79202,7.7419214,3,Broad cancer EV biology,0
B05663,12.242031,4.658205,4,Respiratory / airway EV biology,0
B05664,8.496759,3.7771761,1,Vascular / systemic inflammation,0
B05665,8.088725,5.216299,2,EV engineering / delivery,0
B05666,9.445355,9.414381,3,Broad cancer EV biology,0
B05667,9.480882,2.7028854,1,Vascular / systemic inflammation,0
B05668,9.938784,7.152543,2,EV engineering / delivery,0
B05669,8.635394,1.1661034,4,Respiratory / airway EV biology,0
B05670,12.152776,9.385862,3,Broad cancer EV biology,0
B05671,8.7158165,5.730944,2,EV engineering / delivery,0
B05672,7.380746,3.383425,1,Vascular / systemic inflammation,0
B05673,10.107275,3.7096546,1,Vascular / systemic inflammation,0
B05674,8.81484,7.7148786,5,Lung cancer EV biology,0
B05675,9.160825,10.481434,5,Lung cancer EV biology,0
B05676,8.169813,5.6627145,2,EV engineering / delivery,0
B05677,9.032892,4.5612288,1,Vascular / systemic inflammation,0
B05678,10.837887,0.56729054,1,Vascular / systemic inflammation,0
B05679,9.0616665,10.087569,3,Broad cancer EV biology,0
B05680,8.453633,1.4057702,1,Vascular / systemic inflammation,0
B05681,7.4261236,4.0931067,1,Vascular / systemic inflammation,0
B05682,11.985521,4.179164,2,EV engineering / delivery,0
B05683,9.287739,9.469095,3,Broad cancer EV biology,0
B05684,12.068784,4.6678,4,Respiratory / airway EV biology,0
B05685,10.89102,0.6117115,4,Respiratory / airway EV biology,0
B05686,8.11794,4.79482,1,Vascular / systemic inflammation,0
B05687,11.0008955,2.2325583,4,Respiratory / airway EV biology,0
B05688,13.327896,0.73615265,0,MSC / regenerative EV therapy,0
B05689,10.100202,9.4155,5,Lung cancer EV biology,0
B05690,12.1401825,4.606626,4,Respiratory / airway EV biology,0
B05691,10.901042,7.305277,2,EV engineering / delivery,0
B05692,12.626722,5.3903203,4,Respiratory / airway EV biology,0
B05693,12.075486,8.435567,3,Broad cancer EV biology,0
B05694,11.557317,3.3850727,4,Respiratory / airway EV biology,0
B05695,7.3704176,3.359736,1,Vascular / systemic inflammation,0
B05696,10.107103,5.8746624,2,EV engineering / delivery,0
B05697,10.034673,2.551011,0,MSC / regenerative EV therapy,0
B05698,8.606016,3.6596324,1,Vascular / systemic inflammation,0
B05699,12.10225,4.923406,2,EV engineering / delivery,0
B05700,8.6786585,2.1877732,0,MSC / regenerative EV therapy,0
B05701,9.924066,9.385413,3,Broad cancer EV biology,0
B05702,12.1715555,3.2056444,4,Respiratory / airway EV biology,0
B05703,6.3533106,5.75477,1,Vascular / systemic inflammation,0
B05704,11.164336,5.9823694,5,Lung cancer EV biology,0
B05705,10.788097,2.5497146,1,Vascular / systemic inflammation,0
B05706,10.465651,9.415681,5,Lung cancer EV biology,1
B05707,11.279321,2.0136077,3,Broad cancer EV biology,0
B05708,10.8213625,2.47528,4,Respiratory / airway EV biology,0
B05709,10.983647,1.9444196,4,Respiratory / airway EV biology,0
B05710,11.380979,9.269373,3,Broad cancer EV biology,0
B05711,10.9633255,8.892485,5,Lung cancer EV biology,0
B05712,7.860406,4.856535,1,Vascular / systemic inflammation,0
B05713,7.5154343,2.7872558,1,Vascular / systemic inflammation,0
B05714,13.6258135,0.5286557,0,MSC / regenerative EV therapy,0
B05715,9.358329,9.025966,5,Lung cancer EV biology,0
B05716,13.370432,4.7535295,4,Respiratory / airway EV biology,0
B05717,10.575922,8.807021,5,Lung cancer EV biology,0
B05718,10.010566,3.5234818,0,MSC / regenerative EV therapy,0
B05719,10.726528,8.743497,5,Lung cancer EV biology,0
B05720,9.40499,0.717901,1,Vascular / systemic inflammation,0
B05721,8.941807,9.979407,3,Broad cancer EV biology,0
B05722,10.512519,2.4581456,0,MSC / regenerative EV therapy,0
B05723,9.311668,6.350605,2,EV engineering / delivery,0
B05724,10.256296,4.281571,0,MSC / regenerative EV therapy,0
B05725,8.602927,10.179411,3,Broad cancer EV biology,0
B05726,8.315298,8.6931095,5,Lung cancer EV biology,0
B05727,8.723414,5.380568,1,Vascular / systemic inflammation,0
B05728,8.0407505,4.973013,1,Vascular / systemic inflammation,0
B05729,10.944382,0.5060232,0,MSC / regenerative EV therapy,0
B05730,12.765015,5.513445,1,Vascular / systemic inflammation,0
B05731,9.80832,4.0610123,1,Vascular / systemic inflammation,0
B05732,10.750824,4.937646,4,Respiratory / airway EV biology,0
B05733,11.810781,4.8736978,2,EV engineering / delivery,0
B05734,5.7421036,5.942625,1,Vascular / systemic inflammation,0
B05735,5.741357,5.941018,1,Vascular / systemic inflammation,0
B05736,5.742644,5.9391093,1,Vascular / systemic inflammation,0
B05737,5.729774,5.9475594,1,Vascular / systemic inflammation,0
B05738,5.7328587,5.9450355,1,Vascular / systemic inflammation,0
B05739,11.216358,3.2746415,4,Respiratory / airway EV biology,0
B05740,10.556501,10.409445,3,Broad cancer EV biology,0
B05741,7.7318225,9.102103,3,Broad cancer EV biology,0
B05742,10.643871,6.7713284,2,EV engineering / delivery,0
B05743,10.700012,0.20466991,0,MSC / regenerative EV therapy,0
B05744,7.1283875,3.447954,1,Vascular / systemic inflammation,0
B05745,8.7927065,3.004061,0,MSC / regenerative EV therapy,0
B05746,9.401632,9.579212,3,Broad cancer EV biology,0
B05747,10.349706,1.7017802,4,Respiratory / airway EV biology,0
B05748,7.5889206,7.70994,2,EV engineering / delivery,0
B05749,13.370587,4.8315687,4,Respiratory / airway EV biology,0
B05750,10.164707,1.6247617,0,MSC / regenerative EV therapy,0
B05751,9.518387,9.713194,3,Broad cancer EV biology,0
B05752,10.720867,8.365772,3,Broad cancer EV biology,0
B05753,11.163088,4.643889,0,MSC / regenerative EV therapy,0
B05754,11.73249,3.6932073,1,Vascular / systemic inflammation,0
B05755,8.756778,1.0460895,1,Vascular / systemic inflammation,0
B05756,8.889747,8.31014,1,Vascular / systemic inflammation,0
B05757,10.436913,10.963469,5,Lung cancer EV biology,0
B05758,9.919425,1.4740306,0,MSC / regenerative EV therapy,0
B05759,8.372568,6.9989166,3,Broad cancer EV biology,0
B05760,8.870624,4.444155,5,Lung cancer EV biology,0
B05761,9.779091,3.3508773,0,MSC / regenerative EV therapy,0
B05762,13.025648,0.8279043,0,MSC / regenerative EV therapy,0
B05763,10.1388235,1.0349568,0,MSC / regenerative EV therapy,0
B05764,9.979492,1.436406,0,MSC / regenerative EV therapy,0
B05765,11.050179,7.2511234,2,EV engineering / delivery,0
B05766,11.769816,1.5238036,4,Respiratory / airway EV biology,0
B05767,8.810665,4.2519193,0,MSC / regenerative EV therapy,0
B05768,9.768262,1.1264136,0,MSC / regenerative EV therapy,0
B05769,10.712327,7.002833,2,EV engineering / delivery,0
B05770,10.636959,8.691276,5,Lung cancer EV biology,0
B05771,10.661988,9.798289,3,Broad cancer EV biology,0
B05772,9.519226,2.1839633,0,MSC / regenerative EV therapy,0
B05773,9.651397,2.4252512,0,MSC / regenerative EV therapy,0
B05774,9.829631,0.891848,0,MSC / regenerative EV therapy,0
B05775,9.704533,8.808179,5,Lung cancer EV biology,0
B05776,11.143139,10.133105,5,Lung cancer EV biology,0
B05777,10.988083,2.625748,5,Lung cancer EV biology,0
B05778,8.2957325,4.52804,1,Vascular / systemic inflammation,0
B05779,11.524637,3.1002564,4,Respiratory / airway EV biology,0
B05780,8.9151535,4.7932434,1,Vascular / systemic inflammation,0
B05781,8.938211,4.891654,1,Vascular / systemic inflammation,0
B05782,9.111302,10.840146,3,Broad cancer EV biology,0
B05783,9.35877,11.013588,3,Broad cancer EV biology,0
B05784,9.273818,10.260474,5,Lung cancer EV biology,0
B05785,12.254157,2.901052,4,Respiratory / airway EV biology,0
B05786,9.612085,10.974538,5,Lung cancer EV biology,0
B05787,9.590782,9.587226,5,Lung cancer EV biology,0
B05788,9.69278,2.1433868,0,MSC / regenerative EV therapy,0
B05789,9.457374,2.6405623,1,Vascular / systemic inflammation,0
B05790,10.368796,3.317471,1,Vascular / systemic inflammation,0
B05791,9.945489,7.607439,2,EV engineering / delivery,0
B05792,9.053979,10.778802,3,Broad cancer EV biology,0
B05793,9.085546,8.031971,3,Broad cancer EV biology,0
B05794,10.788931,5.63026,2,EV engineering / delivery,0
B05795,9.231756,0.78855956,0,MSC / regenerative EV therapy,0
B05796,11.54006,7.7225046,3,Broad cancer EV biology,0
B05797,12.720379,2.923221,4,Respiratory / airway EV biology,0
B05798,10.968025,2.2044497,0,MSC / regenerative EV therapy,0
B05799,12.756221,2.487664,4,Respiratory / airway EV biology,0
B05800,6.190719,4.930323,4,Respiratory / airway EV biology,0
B05801,6.2070107,4.8577976,4,Respiratory / airway EV biology,0
B05802,9.249998,3.1503894,0,MSC / regenerative EV therapy,0
B05803,12.795009,2.3269992,0,MSC / regenerative EV therapy,0
B05804,10.179369,9.9183,5,Lung cancer EV biology,0
B05805,11.618215,7.6771603,5,Lung cancer EV biology,0
B05806,9.50819,5.822842,2,EV engineering / delivery,0
B05807,11.905695,5.009869,1,Vascular / systemic inflammation,0
B05808,10.108752,9.774149,5,Lung cancer EV biology,0
B05809,11.400722,9.661314,3,Broad cancer EV biology,0
B05810,8.572957,3.7428107,1,Vascular / systemic inflammation,0
B05811,9.377334,4.074161,4,Respiratory / airway EV biology,0
B05812,9.779793,8.821337,5,Lung cancer EV biology,0
B05813,9.058713,4.166702,1,Vascular / systemic inflammation,0
B05814,6.20616,4.8286614,3,Broad cancer EV biology,0
B05815,11.041597,5.5755234,1,Vascular / systemic inflammation,0
B05816,9.718101,10.080085,5,Lung cancer EV biology,0
B05817,10.658755,2.8725712,0,MSC / regenerative EV therapy,0
B05818,9.659463,8.43505,5,Lung cancer EV biology,0
B05819,11.498942,7.994824,2,EV engineering / delivery,0
B05820,10.58561,8.226089,5,Lung cancer EV biology,0
B05821,9.35281,8.365921,5,Lung cancer EV biology,0
B05822,10.381358,6.90145,5,Lung cancer EV biology,0
B05823,7.5553203,4.097489,1,Vascular / systemic inflammation,0
B05824,8.776625,5.286813,4,Respiratory / airway EV biology,0
B05825,11.284751,6.8728747,2,EV engineering / delivery,0
B05826,8.426352,1.3935114,1,Vascular / systemic inflammation,0
B05827,8.76059,5.154646,1,Vascular / systemic inflammation,0
B05828,10.552773,0.44445848,1,Vascular / systemic inflammation,0
B05829,13.79828,0.66603065,0,MSC / regenerative EV therapy,0
B05830,11.217505,9.847369,5,Lung cancer EV biology,0
B05831,12.015923,8.457518,5,Lung cancer EV biology,0
B05832,10.592016,7.398886,3,Broad cancer EV biology,0
B05833,11.360018,9.095211,5,Lung cancer EV biology,0
B05834,10.660702,7.297544,2,EV engineering / delivery,0
B05835,10.412415,1.4037747,0,MSC / regenerative EV therapy,0
B05836,8.751848,3.2223077,4,Respiratory / airway EV biology,0
B05837,8.647797,3.0455306,0,MSC / regenerative EV therapy,0
B05838,10.750517,3.38907,4,Respiratory / airway EV biology,0
B05839,10.508147,9.563288,5,Lung cancer EV biology,0
B05840,10.483848,9.364934,5,Lung cancer EV biology,0
B05841,8.750874,4.4265814,1,Vascular / systemic inflammation,0
B05842,11.415894,8.200097,5,Lung cancer EV biology,0
B05843,10.434228,10.7997465,5,Lung cancer EV biology,0
B05844,13.317331,4.7646894,4,Respiratory / airway EV biology,0
B05845,8.96307,2.4352248,0,MSC / regenerative EV therapy,0
B05846,11.174389,6.544117,2,EV engineering / delivery,0
B05847,10.972467,6.6875854,2,EV engineering / delivery,0
B05848,8.947529,2.7400675,0,MSC / regenerative EV therapy,0
B05849,8.370539,3.5526507,1,Vascular / systemic inflammation,0
B05850,9.568482,8.892907,3,Broad cancer EV biology,0
B05851,9.427636,8.537218,5,Lung cancer EV biology,0
B05852,9.498796,1.0799726,5,Lung cancer EV biology,0
B05853,9.493906,10.827877,5,Lung cancer EV biology,0
B05854,7.1866317,7.645911,2,EV engineering / delivery,0
B05855,7.0580773,7.6523557,2,EV engineering / delivery,0
B05856,10.656065,6.3829436,2,EV engineering / delivery,0
B05857,11.9045725,4.286938,4,Respiratory / airway EV biology,0
B05858,11.771101,4.9450336,4,Respiratory / airway EV biology,0
B05859,10.824648,10.444465,5,Lung cancer EV biology,0
B05860,10.184385,2.454909,4,Respiratory / airway EV biology,0
B05861,11.081885,1.1170417,0,MSC / regenerative EV therapy,0
B05862,9.50365,4.659358,1,Vascular / systemic inflammation,0
B05863,9.262566,6.063533,2,EV engineering / delivery,0
B05864,10.891387,7.342659,2,EV engineering / delivery,0
B05865,8.251899,5.155829,1,Vascular / systemic inflammation,0
B05866,8.350319,5.034102,1,Vascular / systemic inflammation,0
B05867,11.562228,3.4715664,4,Respiratory / airway EV biology,0
B05868,10.047743,2.1244416,0,MSC / regenerative EV therapy,0
B05869,8.671659,2.020779,0,MSC / regenerative EV therapy,0
B05870,9.667615,6.123907,2,EV engineering / delivery,0
B05871,10.993604,10.136895,5,Lung cancer EV biology,0
B05872,9.192534,8.483222,3,Broad cancer EV biology,0
B05873,8.749491,10.384438,5,Lung cancer EV biology,0
B05874,9.033181,6.4741597,2,EV engineering / delivery,0
B05875,6.027359,5.8430943,1,Vascular / systemic inflammation,0
B05876,10.014095,10.165745,5,Lung cancer EV biology,0
B05877,10.955557,8.1037655,5,Lung cancer EV biology,0
B05878,9.677097,2.316562,0,MSC / regenerative EV therapy,0
B05879,12.408768,4.6513424,4,Respiratory / airway EV biology,0
B05880,9.701094,2.9138136,1,Vascular / systemic inflammation,0
B05881,7.7225223,8.106788,2,EV engineering / delivery,0
B05882,8.51038,3.57973,0,MSC / regenerative EV therapy,0
B05883,12.185235,3.3788908,4,Respiratory / airway EV biology,0
B05884,10.570083,9.719247,3,Broad cancer EV biology,0
B05885,9.352102,7.7422185,5,Lung cancer EV biology,0
B05886,9.078592,5.8767695,2,EV engineering / delivery,0
B05887,11.036127,4.061176,4,Respiratory / airway EV biology,0
B05888,10.296133,5.3529806,2,EV engineering / delivery,0
B05889,11.601022,9.617525,5,Lung cancer EV biology,0
B05890,9.903127,1.0144887,4,Respiratory / airway EV biology,0
B05891,11.06581,10.161539,5,Lung cancer EV biology,0
B05892,10.626359,10.285064,5,Lung cancer EV biology,0
B05893,8.09148,8.418697,5,Lung cancer EV biology,0
B05894,8.364721,4.828096,4,Respiratory / airway EV biology,0
B05895,10.128043,6.159875,2,EV engineering / delivery,0
B05896,11.022984,2.1987092,4,Respiratory / airway EV biology,0
B05897,8.611345,5.002516,1,Vascular / systemic inflammation,0
B05898,10.840354,3.3810549,2,EV engineering / delivery,0
B05899,7.6981087,9.034386,3,Broad cancer EV biology,0
B05900,7.5862923,9.117647,3,Broad cancer EV biology,0
B05901,7.8071413,10.2454,3,Broad cancer EV biology,0
B05902,7.597837,9.170835,3,Broad cancer EV biology,0
B05903,7.5708666,8.845546,5,Lung cancer EV biology,0
B05904,7.826212,10.644595,5,Lung cancer EV biology,0
B05905,8.050666,10.03796,3,Broad cancer EV biology,0
B05906,7.766311,10.643448,5,Lung cancer EV biology,0
B05907,7.8003635,8.643994,5,Lung cancer EV biology,0
B05908,7.77933,10.714354,5,Lung cancer EV biology,0
B05909,7.8037267,10.581113,5,Lung cancer EV biology,0
B05910,7.732811,8.811891,5,Lung cancer EV biology,0
B05911,7.676358,10.463558,5,Lung cancer EV biology,0
B05912,7.647178,10.66027,5,Lung cancer EV biology,0
B05913,7.760563,10.618812,5,Lung cancer EV biology,0
B05914,8.585358,9.139683,5,Lung cancer EV biology,0
B05915,11.30314,2.1274397,0,MSC / regenerative EV therapy,0
B05916,9.312455,0.88986224,4,Respiratory / airway EV biology,0
B05917,11.799282,8.686977,3,Broad cancer EV biology,0
B05918,8.522605,5.4558682,2,EV engineering / delivery,0
B05919,12.04939,9.721282,0,MSC / regenerative EV therapy,0
B05920,10.459257,10.984067,5,Lung cancer EV biology,0
B05921,10.347547,10.983819,5,Lung cancer EV biology,0
B05922,9.621719,9.528016,5,Lung cancer EV biology,0
B05923,11.926822,1.9859904,0,MSC / regenerative EV therapy,1
B05924,10.635493,11.069053,5,Lung cancer EV biology,0
B05925,8.012127,5.24602,5,Lung cancer EV biology,0
B05926,9.833727,1.7122484,0,MSC / regenerative EV therapy,0
B05927,10.851282,10.187925,5,Lung cancer EV biology,0
B05928,11.01792,10.115939,5,Lung cancer EV biology,0
B05929,10.965075,7.6955867,5,Lung cancer EV biology,0
B05930,11.785309,3.707852,5,Lung cancer EV biology,0
B05931,7.0415063,7.841264,2,EV engineering / delivery,0
B05932,10.400372,10.509726,5,Lung cancer EV biology,0
B05933,10.254058,2.7844365,4,Respiratory / airway EV biology,0
B05934,10.413536,2.5596833,4,Respiratory / airway EV biology,0
B05935,9.558313,10.116609,5,Lung cancer EV biology,0
B05936,10.521334,9.857352,5,Lung cancer EV biology,0
B05937,10.398109,8.462979,3,Broad cancer EV biology,0
B05938,11.116294,9.825285,5,Lung cancer EV biology,0
B05939,10.912255,10.10868,5,Lung cancer EV biology,0
B05940,11.034063,10.30644,5,Lung cancer EV biology,0
B05941,11.23304,9.540158,5,Lung cancer EV biology,0
B05942,10.9956665,10.268594,5,Lung cancer EV biology,0
B05943,12.002492,9.390002,5,Lung cancer EV biology,0
B05944,11.911245,1.4008524,5,Lung cancer EV biology,0
B05945,11.930666,3.1110718,4,Respiratory / airway EV biology,0
B05946,11.163941,8.630335,3,Broad cancer EV biology,0
B05947,10.886696,3.1461163,4,Respiratory / airway EV biology,0
B05948,8.944229,0.95741415,1,Vascular / systemic inflammation,0
B05949,11.496205,7.428489,2,EV engineering / delivery,0
B05950,8.631705,7.1652865,2,EV engineering / delivery,0
B05951,8.056841,7.3973413,2,EV engineering / delivery,0
B05952,10.914902,6.3209567,1,Vascular / systemic inflammation,0
B05953,7.176955,7.730576,2,EV engineering / delivery,0
B05954,8.185155,7.336356,2,EV engineering / delivery,0
B05955,8.705558,7.8692284,2,EV engineering / delivery,0
B05956,12.886956,3.1109715,1,Vascular / systemic inflammation,0
B05957,11.159783,8.710579,5,Lung cancer EV biology,0
B05958,10.190438,1.7812294,4,Respiratory / airway EV biology,0
B05959,13.65004,0.5658342,0,MSC / regenerative EV therapy,0
B05960,10.674631,8.928406,3,Broad cancer EV biology,0
B05961,9.485721,0.73944825,0,MSC / regenerative EV therapy,0
B05962,9.501406,4.0771976,0,MSC / regenerative EV therapy,0
B05963,10.390535,10.279359,3,Broad cancer EV biology,0
B05964,9.096348,0.98027515,1,Vascular / systemic inflammation,0
B05965,9.622709,7.7386346,5,Lung cancer EV biology,0
B05966,10.723816,8.425881,5,Lung cancer EV biology,0
B05967,6.5805182,3.4446256,1,Vascular / systemic inflammation,0
B05968,12.04159,8.839096,5,Lung cancer EV biology,0
B05969,8.586988,2.1316729,0,MSC / regenerative EV therapy,0
B05970,8.294949,6.8017645,1,Vascular / systemic inflammation,0
B05971,9.158952,6.5108957,1,Vascular / systemic inflammation,0
B05972,13.71163,0.50521004,0,MSC / regenerative EV therapy,0
B05973,9.546789,9.514567,3,Broad cancer EV biology,0
B05974,8.995569,3.6694863,0,MSC / regenerative EV therapy,0
B05975,10.875831,5.9886327,2,EV engineering / delivery,0
B05976,6.425026,5.6866403,1,Vascular / systemic inflammation,0
B05977,10.1526375,7.00269,2,EV engineering / delivery,0
B05978,10.580361,8.249856,3,Broad cancer EV biology,0
B05979,8.580733,2.9904706,0,MSC / regenerative EV therapy,0
B05980,9.831337,3.0892475,0,MSC / regenerative EV therapy,0
B05981,8.861183,2.6177177,0,MSC / regenerative EV therapy,0
B05982,13.713214,0.7760108,0,MSC / regenerative EV therapy,0
B05983,9.101311,0.80079216,0,MSC / regenerative EV therapy,0
B05984,12.758415,2.4168906,0,MSC / regenerative EV therapy,0
B05985,13.0868435,0.7367459,0,MSC / regenerative EV therapy,0
B05986,8.9386635,0.8665793,0,MSC / regenerative EV therapy,0
B05987,13.477636,0.68431276,0,MSC / regenerative EV therapy,0
B05988,9.281156,3.23605,0,MSC / regenerative EV therapy,0
B05989,9.752322,2.3908498,0,MSC / regenerative EV therapy,0
B05990,9.622514,3.6224866,0,MSC / regenerative EV therapy,0
B05991,10.366005,10.124579,5,Lung cancer EV biology,0
B05992,8.518082,3.609393,0,MSC / regenerative EV therapy,0
B05993,10.914956,0.11496349,0,MSC / regenerative EV therapy,0
B05994,10.623879,0.21748953,0,MSC / regenerative EV therapy,0
B05995,10.503825,1.6730072,0,MSC / regenerative EV therapy,0
B05996,9.456666,1.5176605,0,MSC / regenerative EV therapy,0
B05997,9.507145,3.7324338,0,MSC / regenerative EV therapy,0
B05998,9.4476,8.418434,5,Lung cancer EV biology,0
B05999,9.407802,1.0489447,0,MSC / regenerative EV therapy,0
B06000,9.152777,2.8947558,0,MSC / regenerative EV therapy,0
B06001,9.459885,2.7717056,0,MSC / regenerative EV therapy,0
B06002,9.280085,1.578365,0,MSC / regenerative EV therapy,0
B06003,12.370749,1.9868006,0,MSC / regenerative EV therapy,0
B06004,8.781474,3.4424057,0,MSC / regenerative EV therapy,0
B06005,10.7464,0.21544568,0,MSC / regenerative EV therapy,0
B06006,10.565172,1.5339065,0,MSC / regenerative EV therapy,0
B06007,10.2619915,1.4033073,0,MSC / regenerative EV therapy,0
B06008,8.949526,2.3371491,0,MSC / regenerative EV therapy,0
B06009,12.670624,2.3015347,0,MSC / regenerative EV therapy,0
B06010,9.844067,1.5836009,0,MSC / regenerative EV therapy,0
B06011,8.882721,2.2002745,0,MSC / regenerative EV therapy,0
B06012,10.818259,1.8294481,0,MSC / regenerative EV therapy,0
B06013,9.682247,1.3232718,0,MSC / regenerative EV therapy,0
B06014,9.305165,3.4857194,0,MSC / regenerative EV therapy,0
B06015,10.982628,0.057940513,0,MSC / regenerative EV therapy,0
B06016,8.578479,7.224217,2,EV engineering / delivery,0
B06017,9.318573,5.5261817,1,Vascular / systemic inflammation,0
B06018,10.167526,8.561523,5,Lung cancer EV biology,0
B06019,9.0891485,7.5477147,5,Lung cancer EV biology,0
B06020,13.671116,0.94379354,4,Respiratory / airway EV biology,0
B06021,11.328352,9.094699,5,Lung cancer EV biology,0
B06022,11.59612,9.060895,5,Lung cancer EV biology,0
B06023,9.568515,4.9504423,1,Vascular / systemic inflammation,0
B06024,7.081565,7.6804543,2,EV engineering / delivery,0
B06025,9.026922,3.7599735,0,MSC / regenerative EV therapy,0
B06026,13.410664,1.3412042,4,Respiratory / airway EV biology,0
B06027,12.135454,3.4454076,4,Respiratory / airway EV biology,0
B06028,7.099792,7.691012,2,EV engineering / delivery,0
B06029,9.2120905,8.168954,5,Lung cancer EV biology,0
B06030,9.219242,8.112255,5,Lung cancer EV biology,0
B06031,8.906224,4.2167487,0,MSC / regenerative EV therapy,0
B06032,9.249951,8.229172,5,Lung cancer EV biology,0
B06033,9.177635,8.190215,5,Lung cancer EV biology,0
B06034,9.506867,10.960809,5,Lung cancer EV biology,0
B06035,8.474114,5.523046,2,EV engineering / delivery,0
B06036,10.603794,8.875674,5,Lung cancer EV biology,0
B06037,8.870548,1.0539938,1,Vascular / systemic inflammation,0
B06038,9.897477,2.6573503,4,Respiratory / airway EV biology,0
B06039,13.821932,0.9165533,1,Vascular / systemic inflammation,0
B06040,7.4859767,2.7713685,1,Vascular / systemic inflammation,0
B06041,10.505709,6.604204,2,EV engineering / delivery,0
B06042,10.176806,2.6918294,4,Respiratory / airway EV biology,0
B06043,10.552475,10.729802,5,Lung cancer EV biology,0
B06044,9.708332,2.5994296,3,Broad cancer EV biology,0
B06045,10.763836,10.293589,5,Lung cancer EV biology,0
B06046,8.813336,10.528763,5,Lung cancer EV biology,0
B06047,10.927183,8.603532,3,Broad cancer EV biology,0
B06048,8.902999,10.237652,5,Lung cancer EV biology,0
B06049,9.380554,0.81653744,0,MSC / regenerative EV therapy,0
B06050,8.969384,7.728886,0,MSC / regenerative EV therapy,0
B06051,10.09991,1.7138842,0,MSC / regenerative EV therapy,0
B06052,11.86188,1.3995973,0,MSC / regenerative EV therapy,0
B06053,9.318246,8.160327,5,Lung cancer EV biology,0
B06054,12.572547,2.497417,4,Respiratory / airway EV biology,0
B06055,10.227331,9.998107,3,Broad cancer EV biology,0
B06056,11.802014,1.4649523,0,MSC / regenerative EV therapy,0
B06057,10.311765,9.924606,5,Lung cancer EV biology,0
B06058,10.352925,10.735864,5,Lung cancer EV biology,0
B06059,10.603516,9.584309,3,Broad cancer EV biology,0
B06060,12.653893,2.5446043,4,Respiratory / airway EV biology,0
B06061,10.213002,3.7722402,4,Respiratory / airway EV biology,0
B06062,10.126107,10.873792,5,Lung cancer EV biology,0
B06063,8.852835,8.063998,5,Lung cancer EV biology,0
B06064,11.820719,8.25251,5,Lung cancer EV biology,0
B06065,9.142036,3.5216572,4,Respiratory / airway EV biology,0
B06066,9.25857,0.7402324,0,MSC / regenerative EV therapy,0
B06067,9.493878,5.043004,1,Vascular / systemic inflammation,0
B06068,9.35841,4.696687,1,Vascular / systemic inflammation,0
B06069,9.326371,4.9276457,1,Vascular / systemic inflammation,0
B06070,9.757527,4.549706,4,Respiratory / airway EV biology,0
B06071,9.435869,4.7245355,0,MSC / regenerative EV therapy,0
B06072,9.263367,4.6899123,1,Vascular / systemic inflammation,0
B06073,9.434354,4.750961,0,MSC / regenerative EV therapy,0
B06074,9.545661,4.6826615,1,Vascular / systemic inflammation,0
B06075,9.638089,4.7271514,2,EV engineering / delivery,0
B06076,8.525135,8.547732,3,Broad cancer EV biology,0
B06077,8.323737,7.3425636,2,EV engineering / delivery,0
B06078,10.375053,5.9740524,2,EV engineering / delivery,0
B06079,10.431115,4.2548914,1,Vascular / systemic inflammation,0
B06080,11.6738405,4.9793496,4,Respiratory / airway EV biology,0
B06081,11.599083,9.616205,5,Lung cancer EV biology,0
B06082,8.802883,5.272158,1,Vascular / systemic inflammation,0
B06083,7.215288,8.275285,5,Lung cancer EV biology,0
B06084,11.617342,3.955444,1,Vascular / systemic inflammation,0
B06085,12.131018,7.628831,5,Lung cancer EV biology,0
B06086,6.14943,4.714409,5,Lung cancer EV biology,0
B06087,9.878522,8.576707,5,Lung cancer EV biology,0
B06088,7.97893,8.792948,3,Broad cancer EV biology,0
B06089,12.7352085,5.4514694,4,Respiratory / airway EV biology,0
B06090,9.920778,1.0859137,1,Vascular / systemic inflammation,0
B06091,8.495856,8.966203,5,Lung cancer EV biology,0
B06092,8.834777,5.265482,1,Vascular / systemic inflammation,0
B06093,7.2803297,3.0359347,1,Vascular / systemic inflammation,0
B06094,9.091681,8.374854,5,Lung cancer EV biology,0
B06095,10.778827,0.47167408,0,MSC / regenerative EV therapy,0
B06096,9.233917,5.2492104,2,EV engineering / delivery,0
B06097,8.370468,8.693621,3,Broad cancer EV biology,0
B06098,7.2052526,7.654494,2,EV engineering / delivery,0
B06099,10.7291,8.369821,3,Broad cancer EV biology,0
B06100,9.155861,4.144958,1,Vascular / systemic inflammation,0
B06101,11.381137,3.1453543,4,Respiratory / airway EV biology,0
B06102,11.542939,7.193123,2,EV engineering / delivery,0
B06103,7.6124115,8.89021,5,Lung cancer EV biology,0
B06104,10.06587,8.374322,3,Broad cancer EV biology,0
B06105,9.463012,4.8628745,0,MSC / regenerative EV therapy,0
B06106,10.266015,5.093858,4,Respiratory / airway EV biology,0
B06107,10.534771,2.6943834,4,Respiratory / airway EV biology,0
B06108,6.997221,7.681849,2,EV engineering / delivery,0
B06109,9.5880165,9.679136,5,Lung cancer EV biology,0
B06110,10.330065,5.519035,2,EV engineering / delivery,0
B06111,10.22084,5.7937837,2,EV engineering / delivery,0
B06112,8.231831,5.8269086,2,EV engineering / delivery,0
B06113,10.1485615,6.1946936,2,EV engineering / delivery,0
B06114,13.120144,1.0206759,0,MSC / regenerative EV therapy,0
B06115,11.49603,7.0504756,2,EV engineering / delivery,0
B06116,8.5225,5.404745,2,EV engineering / delivery,0
B06117,10.774444,4.687291,2,EV engineering / delivery,0
B06118,8.379846,5.5061235,2,EV engineering / delivery,0
B06119,11.462232,7.228348,3,Broad cancer EV biology,0
B06120,8.696916,6.501985,2,EV engineering / delivery,0
B06121,12.309993,7.5663996,3,Broad cancer EV biology,0
B06122,8.200104,5.7572613,2,EV engineering / delivery,0
B06123,7.1527157,8.022112,2,EV engineering / delivery,0
B06124,7.5022483,7.8123436,2,EV engineering / delivery,0
B06125,10.907895,6.4369807,2,EV engineering / delivery,0
B06126,10.593331,3.1038113,2,EV engineering / delivery,0
B06127,8.84783,5.52087,2,EV engineering / delivery,0
B06128,9.9693,5.6201205,2,EV engineering / delivery,0
B06129,10.428778,10.45891,5,Lung cancer EV biology,0
B06130,10.17732,1.8083082,0,MSC / regenerative EV therapy,0
B06131,10.087084,1.6514719,0,MSC / regenerative EV therapy,0
B06132,7.7308273,1.8999393,1,Vascular / systemic inflammation,0
B06133,9.239652,4.362075,1,Vascular / systemic inflammation,0
B06134,8.28835,4.981961,1,Vascular / systemic inflammation,0
B06135,11.200443,8.292344,3,Broad cancer EV biology,0
B06136,9.372145,4.590013,1,Vascular / systemic inflammation,0
B06137,11.394998,8.926378,5,Lung cancer EV biology,0
B06138,9.0206,2.4811428,0,MSC / regenerative EV therapy,0
B06139,7.552638,6.9781075,1,Vascular / systemic inflammation,0
B06140,11.359323,7.835601,0,MSC / regenerative EV therapy,0
B06141,9.693172,9.888066,3,Broad cancer EV biology,0
B06142,10.180063,4.781326,4,Respiratory / airway EV biology,0
B06143,11.1733,2.848108,4,Respiratory / airway EV biology,0
B06144,10.604104,6.983144,5,Lung cancer EV biology,0
B06145,12.606946,2.4469838,4,Respiratory / airway EV biology,0
B06146,11.1905985,8.968473,5,Lung cancer EV biology,0
B06147,9.242617,8.637235,5,Lung cancer EV biology,0
B06148,8.958826,8.223719,5,Lung cancer EV biology,0
B06149,10.612663,9.720771,5,Lung cancer EV biology,0
B06150,8.250067,7.969726,2,EV engineering / delivery,0
B06151,11.054123,9.884076,5,Lung cancer EV biology,0
B06152,8.581075,10.360436,5,Lung cancer EV biology,0
B06153,8.881713,8.357368,5,Lung cancer EV biology,0
B06154,11.080272,7.972838,5,Lung cancer EV biology,0
B06155,9.609591,3.51372,0,MSC / regenerative EV therapy,0
B06156,11.555154,7.2268057,2,EV engineering / delivery,0
B06157,10.884476,1.5736287,3,Broad cancer EV biology,0
B06158,11.136229,3.361351,4,Respiratory / airway EV biology,0
B06159,9.085152,7.861619,5,Lung cancer EV biology,0
B06160,10.17445,6.402204,2,EV engineering / delivery,0
B06161,8.583241,2.1039448,0,MSC / regenerative EV therapy,0
B06162,9.778953,6.264356,2,EV engineering / delivery,0
B06163,8.783475,9.483171,2,EV engineering / delivery,0
B06164,9.3489895,5.977298,2,EV engineering / delivery,0
B06165,8.976192,3.125911,0,MSC / regenerative EV therapy,0
B06166,12.027612,9.81714,5,Lung cancer EV biology,0
B06167,13.628388,0.680477,0,MSC / regenerative EV therapy,0
B06168,11.187385,9.968018,3,Broad cancer EV biology,0
B06169,11.765378,9.020671,5,Lung cancer EV biology,0
B06170,9.933461,6.2339883,2,EV engineering / delivery,0
B06171,10.461149,7.7192917,2,EV engineering / delivery,0
B06172,10.0625305,8.801473,3,Broad cancer EV biology,0
B06173,8.587359,5.486636,1,Vascular / systemic inflammation,0
B06174,9.670094,4.760844,1,Vascular / systemic inflammation,0
B06175,10.154971,8.566646,5,Lung cancer EV biology,0
B06176,10.002913,8.473737,5,Lung cancer EV biology,0
B06177,9.553579,10.927804,5,Lung cancer EV biology,0
B06178,11.000844,7.8281183,5,Lung cancer EV biology,0
B06179,7.2320557,8.016377,2,EV engineering / delivery,0
B06180,9.4230995,9.93646,5,Lung cancer EV biology,0
B06181,7.369636,7.86205,2,EV engineering / delivery,0
B06182,8.3684225,7.2896786,2,EV engineering / delivery,0
B06183,11.724227,3.9577272,1,Vascular / systemic inflammation,0
B06184,8.265742,4.8059826,1,Vascular / systemic inflammation,0
B06185,12.82654,3.0622902,4,Respiratory / airway EV biology,0
B06186,8.480432,1.2485933,1,Vascular / systemic inflammation,0
B06187,8.6284,4.019388,1,Vascular / systemic inflammation,0
B06188,7.078356,7.65623,2,EV engineering / delivery,0
B06189,10.039333,2.0641692,2,EV engineering / delivery,0
B06190,9.402829,9.7007,3,Broad cancer EV biology,0
B06191,11.075866,6.6764407,2,EV engineering / delivery,0
B06192,10.48038,10.441081,5,Lung cancer EV biology,1
B06193,13.7798195,0.58520514,0,MSC / regenerative EV therapy,0
B06194,7.1622057,3.8092802,1,Vascular / systemic inflammation,0
B06195,7.777545,4.46178,1,Vascular / systemic inflammation,0
B06196,7.9424543,4.983965,1,Vascular / systemic inflammation,0
B06197,13.453096,0.58153814,0,MSC / regenerative EV therapy,0
B06198,9.812537,3.8702004,1,Vascular / systemic inflammation,0
B06199,9.016994,4.1389537,1,Vascular / systemic inflammation,0
B06200,11.611762,9.707396,5,Lung cancer EV biology,0
B06201,11.432702,3.341341,4,Respiratory / airway EV biology,0
B06202,6.9937596,4.6588655,4,Respiratory / airway EV biology,0
B06203,9.144021,8.519579,5,Lung cancer EV biology,0
B06204,12.127857,7.668283,5,Lung cancer EV biology,0
B06205,10.736613,5.739777,2,EV engineering / delivery,0
B06206,10.666257,5.7137566,2,EV engineering / delivery,0
B06207,10.843924,5.6006484,0,MSC / regenerative EV therapy,0
B06208,10.70826,5.775426,2,EV engineering / delivery,0
B06209,9.201462,10.013148,3,Broad cancer EV biology,0
B06210,9.491275,5.9617276,1,Vascular / systemic inflammation,0
B06211,9.556526,11.118569,5,Lung cancer EV biology,0
B06212,9.017301,10.777247,3,Broad cancer EV biology,0
B06213,7.4109354,8.335671,5,Lung cancer EV biology,0
B06214,9.447684,2.466925,1,Vascular / systemic inflammation,0
B06215,9.688043,2.6900039,1,Vascular / systemic inflammation,0
B06216,9.282062,10.155452,5,Lung cancer EV biology,0
B06217,7.8715734,8.143962,2,EV engineering / delivery,0
B06218,11.341743,2.8931847,4,Respiratory / airway EV biology,0
B06219,9.19157,9.914536,3,Broad cancer EV biology,0
B06220,7.421014,2.9406228,1,Vascular / systemic inflammation,0
B06221,11.788895,3.135043,1,Vascular / systemic inflammation,0
B06222,9.233784,10.189271,3,Broad cancer EV biology,0
B06223,10.003453,6.6599083,2,EV engineering / delivery,0
B06224,9.268314,4.460253,1,Vascular / systemic inflammation,0
B06225,10.138347,3.2130978,1,Vascular / systemic inflammation,0
B06226,7.170579,3.4091294,1,Vascular / systemic inflammation,0
B06227,8.8566675,10.0081005,5,Lung cancer EV biology,0
B06228,10.622436,2.4648788,4,Respiratory / airway EV biology,0
B06229,9.025624,8.220999,5,Lung cancer EV biology,0
B06230,12.055318,4.722197,4,Respiratory / airway EV biology,0
B06231,10.471531,2.9841022,4,Respiratory / airway EV biology,0
B06232,8.818248,2.2965848,0,MSC / regenerative EV therapy,0
B06233,8.5753,5.4920907,2,EV engineering / delivery,0
B06234,8.286727,7.531146,2,EV engineering / delivery,0
B06235,13.945043,0.85643524,1,Vascular / systemic inflammation,0
B06236,10.494241,8.937712,5,Lung cancer EV biology,0
B06237,9.939866,3.231242,0,MSC / regenerative EV therapy,0
B06238,9.618425,10.314941,5,Lung cancer EV biology,0
B06239,11.988055,9.617051,5,Lung cancer EV biology,0
B06240,11.520176,5.135644,1,Vascular / systemic inflammation,0
B06241,7.8372846,4.004096,1,Vascular / systemic inflammation,0
B06242,9.075578,4.3185387,1,Vascular / systemic inflammation,0
B06243,10.91938,9.226422,3,Broad cancer EV biology,0
B06244,7.6441627,8.890036,3,Broad cancer EV biology,0
B06245,11.943473,5.5485497,1,Vascular / systemic inflammation,0
B06246,10.715063,10.202073,5,Lung cancer EV biology,0
B06247,10.913182,9.698439,5,Lung cancer EV biology,0
B06248,11.218263,3.1559985,4,Respiratory / airway EV biology,0
B06249,11.017581,9.51859,5,Lung cancer EV biology,0
B06250,8.339069,5.156241,2,EV engineering / delivery,0
B06251,8.33247,6.8649135,1,Vascular / systemic inflammation,0
B06252,9.535153,8.354642,5,Lung cancer EV biology,0
B06253,11.154256,8.179633,5,Lung cancer EV biology,0
B06254,12.046855,8.787751,5,Lung cancer EV biology,0
B06255,10.939097,2.9198794,4,Respiratory / airway EV biology,0
B06256,7.969041,4.88343,1,Vascular / systemic inflammation,0
B06257,6.1432023,5.8039594,1,Vascular / systemic inflammation,0
B06258,8.041637,5.7458057,2,EV engineering / delivery,0
B06259,6.5384765,3.4001637,3,Broad cancer EV biology,0
B06260,7.138346,3.5113401,1,Vascular / systemic inflammation,0
B06261,8.011728,9.07592,3,Broad cancer EV biology,0
B06262,12.014039,3.812249,4,Respiratory / airway EV biology,0
B06263,9.252458,9.727643,3,Broad cancer EV biology,0
B06264,9.492475,9.758321,5,Lung cancer EV biology,0
B06265,9.41165,9.826419,3,Broad cancer EV biology,0
B06266,11.065003,8.501892,3,Broad cancer EV biology,0
B06267,9.746081,1.6536016,4,Respiratory / airway EV biology,0
B06268,7.362306,7.65366,2,EV engineering / delivery,0
B06269,10.694555,0.22848466,0,MSC / regenerative EV therapy,0
B06270,11.049843,2.3229666,0,MSC / regenerative EV therapy,0
B06271,10.513825,2.6138492,4,Respiratory / airway EV biology,0
B06272,8.606036,10.171173,5,Lung cancer EV biology,0
B06273,9.852733,3.2762227,0,MSC / regenerative EV therapy,0
B06274,8.877823,5.1834755,1,Vascular / systemic inflammation,0
B06275,9.334553,0.8155998,0,MSC / regenerative EV therapy,0
B06276,8.435825,5.482519,4,Respiratory / airway EV biology,0
B06277,9.181818,10.36188,3,Broad cancer EV biology,0
B06278,9.097201,10.228218,3,Broad cancer EV biology,0
B06279,11.282708,3.142328,4,Respiratory / airway EV biology,0
B06280,8.392941,5.5684333,2,EV engineering / delivery,0
B06281,9.145191,9.954572,5,Lung cancer EV biology,0
B06282,10.8264675,0.41500053,1,Vascular / systemic inflammation,0
B06283,7.7827463,3.8903122,1,Vascular / systemic inflammation,0
B06284,8.235774,5.1989074,2,EV engineering / delivery,0
B06285,9.118873,10.175903,5,Lung cancer EV biology,0
B06286,11.632141,3.8236477,4,Respiratory / airway EV biology,0
B06287,10.93178,9.020646,5,Lung cancer EV biology,0
B06288,11.790792,7.7687225,5,Lung cancer EV biology,0
B06289,9.488664,9.618724,5,Lung cancer EV biology,0
B06290,11.198583,2.1815026,0,MSC / regenerative EV therapy,0
B06291,11.047024,0.10234653,1,Vascular / systemic inflammation,0
B06292,9.674726,1.5473394,0,MSC / regenerative EV therapy,0
B06293,8.606352,7.943673,1,Vascular / systemic inflammation,0
B06294,13.445841,0.7015515,0,MSC / regenerative EV therapy,0
B06295,9.771596,9.186544,3,Broad cancer EV biology,0
B06296,9.940248,9.547172,5,Lung cancer EV biology,0
B06297,10.4855385,9.611556,5,Lung cancer EV biology,0
B06298,12.49461,7.565254,3,Broad cancer EV biology,0
B06299,11.675855,7.5449276,5,Lung cancer EV biology,0
B06300,10.893542,6.583184,2,EV engineering / delivery,0
B06301,7.3343987,3.4126594,1,Vascular / systemic inflammation,0
B06302,11.766216,7.7230077,3,Broad cancer EV biology,0
B06303,8.153295,3.8710258,1,Vascular / systemic inflammation,0
B06304,8.03468,8.415697,5,Lung cancer EV biology,0
B06305,7.0360794,7.8120213,2,EV engineering / delivery,0
B06306,10.189746,8.951647,3,Broad cancer EV biology,0
B06307,10.80889,7.1621733,3,Broad cancer EV biology,0
B06308,11.535122,7.391218,2,EV engineering / delivery,0
B06309,8.61883,7.6847568,2,EV engineering / delivery,0
B06310,11.433449,7.2019563,2,EV engineering / delivery,0
B06311,9.475607,5.1556535,2,EV engineering / delivery,0
B06312,6.930011,7.994939,2,EV engineering / delivery,0
B06313,8.958137,2.6105428,0,MSC / regenerative EV therapy,0
B06314,9.5945635,8.425794,1,Vascular / systemic inflammation,0
B06315,11.406483,5.195886,2,EV engineering / delivery,0
B06316,9.345433,8.666219,3,Broad cancer EV biology,0
B06317,9.998483,10.915243,5,Lung cancer EV biology,0
B06318,6.794753,3.4019434,1,Vascular / systemic inflammation,0
B06319,7.289496,8.312338,5,Lung cancer EV biology,0
B06320,7.218744,8.212025,2,EV engineering / delivery,0
B06321,11.38258,6.708883,2,EV engineering / delivery,0
B06322,10.90654,3.7611463,1,Vascular / systemic inflammation,0
B06323,7.3928547,2.5047581,4,Respiratory / airway EV biology,0
B06324,12.206307,4.7763815,1,Vascular / systemic inflammation,0
B06325,10.902909,8.816397,3,Broad cancer EV biology,0
B06326,7.833213,3.1958659,4,Respiratory / airway EV biology,0
B06327,8.251627,5.5832767,2,EV engineering / delivery,0
B06328,9.80804,5.2749157,2,EV engineering / delivery,0
B06329,7.3950725,2.7203403,1,Vascular / systemic inflammation,0
B06330,10.80499,2.910392,4,Respiratory / airway EV biology,0
B06331,10.866395,7.4172792,2,EV engineering / delivery,0
B06332,10.876082,1.902533,0,MSC / regenerative EV therapy,0
B06333,10.5193615,1.4344343,0,MSC / regenerative EV therapy,0
B06334,8.938181,3.692113,0,MSC / regenerative EV therapy,0
B06335,9.884004,1.6943493,4,Respiratory / airway EV biology,0
B06336,9.343279,3.8435266,2,EV engineering / delivery,0
B06337,10.117068,10.94425,5,Lung cancer EV biology,0
B06338,9.891245,10.863277,3,Broad cancer EV biology,0
B06339,10.119132,2.4483957,4,Respiratory / airway EV biology,0
B06340,9.47816,8.733145,5,Lung cancer EV biology,0
B06341,9.323168,8.749938,3,Broad cancer EV biology,0
B06342,9.414558,0.8867237,4,Respiratory / airway EV biology,0
B06343,9.767288,4.4655976,0,MSC / regenerative EV therapy,1
B06344,9.653525,3.7106466,0,MSC / regenerative EV therapy,0
B06345,13.445292,4.672757,5,Lung cancer EV biology,0
B06346,7.562816,7.701487,2,EV engineering / delivery,0
B06347,11.165137,7.3253694,3,Broad cancer EV biology,0
B06348,8.622228,3.774473,1,Vascular / systemic inflammation,0
B06349,8.651319,2.9488227,1,Vascular / systemic inflammation,0
B06350,11.272738,5.954556,2,EV engineering / delivery,0
B06351,13.406395,0.6686487,0,MSC / regenerative EV therapy,0
B06352,9.575338,3.5342197,0,MSC / regenerative EV therapy,0
B06353,9.776216,5.3462067,1,Vascular / systemic inflammation,0
B06354,12.415668,2.5615113,4,Respiratory / airway EV biology,0
B06355,12.078975,9.436931,3,Broad cancer EV biology,0
B06356,9.45277,3.93615,0,MSC / regenerative EV therapy,0
B06357,9.351362,9.685112,3,Broad cancer EV biology,0
B06358,10.410289,7.0379043,2,EV engineering / delivery,0
B06359,11.436318,3.157653,4,Respiratory / airway EV biology,0
B06360,8.847684,4.5186825,1,Vascular / systemic inflammation,0
B06361,9.7653675,3.250088,0,MSC / regenerative EV therapy,0
B06362,10.6911545,2.0522354,0,MSC / regenerative EV therapy,0
B06363,9.435996,7.7870526,5,Lung cancer EV biology,0
B06364,11.612686,2.447039,4,Respiratory / airway EV biology,0
B06365,11.007877,3.487548,2,EV engineering / delivery,0
B06366,8.557545,5.308638,4,Respiratory / airway EV biology,0
B06367,12.041295,8.559255,5,Lung cancer EV biology,0
B06368,9.966303,10.4816065,5,Lung cancer EV biology,0
B06369,10.175458,10.335193,3,Broad cancer EV biology,0
B06370,9.7774515,9.069478,5,Lung cancer EV biology,0
B06371,9.680262,9.15211,5,Lung cancer EV biology,0
B06372,9.549173,8.650532,5,Lung cancer EV biology,0
B06373,10.0250025,0.7675195,0,MSC / regenerative EV therapy,0
B06374,9.132625,8.82205,5,Lung cancer EV biology,0
B06375,10.753862,5.429666,2,EV engineering / delivery,0
B06376,10.632473,4.829152,1,Vascular / systemic inflammation,0
B06377,13.204934,4.571468,0,MSC / regenerative EV therapy,0
B06378,9.515979,8.260918,3,Broad cancer EV biology,0
B06379,12.525951,7.3212657,0,MSC / regenerative EV therapy,0
B06380,11.761857,4.859596,2,EV engineering / delivery,0
B06381,9.739524,1.1557493,0,MSC / regenerative EV therapy,0
B06382,8.571119,5.1490955,1,Vascular / systemic inflammation,0
B06383,8.28431,5.1627617,1,Vascular / systemic inflammation,0
B06384,7.0939236,3.4821494,1,Vascular / systemic inflammation,0
B06385,9.547584,6.2034736,2,EV engineering / delivery,0
B06386,8.124778,8.891882,5,Lung cancer EV biology,0
B06387,9.77183,6.306824,2,EV engineering / delivery,0
B06388,9.818036,10.05931,5,Lung cancer EV biology,0
B06389,11.723095,2.748155,5,Lung cancer EV biology,0
B06390,9.740122,6.347637,2,EV engineering / delivery,0
B06391,12.70776,2.5700681,5,Lung cancer EV biology,0
B06392,11.441494,3.144023,4,Respiratory / airway EV biology,0
B06393,9.242209,8.815974,5,Lung cancer EV biology,0
B06394,6.6640863,3.4490228,1,Vascular / systemic inflammation,0
B06395,10.167884,10.28257,5,Lung cancer EV biology,0
B06396,10.598074,7.927297,3,Broad cancer EV biology,0
B06397,10.104067,1.252328,4,Respiratory / airway EV biology,0
B06398,9.07417,0.9359704,4,Respiratory / airway EV biology,0
B06399,10.778256,2.7991543,4,Respiratory / airway EV biology,0
B06400,9.579103,1.6387736,1,Vascular / systemic inflammation,0
B06401,9.2883415,2.4985242,1,Vascular / systemic inflammation,0
B06402,12.14904,4.645094,4,Respiratory / airway EV biology,0
B06403,10.015367,6.6924143,3,Broad cancer EV biology,0
B06404,10.446703,10.764492,5,Lung cancer EV biology,0
B06405,9.267745,3.0433218,0,MSC / regenerative EV therapy,0
B06406,9.058669,0.97469383,0,MSC / regenerative EV therapy,0
B06407,11.355454,8.324077,5,Lung cancer EV biology,0
B06408,8.7067175,5.524619,2,EV engineering / delivery,0
B06409,7.7610292,2.0132492,1,Vascular / systemic inflammation,0
B06410,11.901453,4.702566,4,Respiratory / airway EV biology,0
B06411,11.610991,2.447464,5,Lung cancer EV biology,0
B06412,10.284331,7.905046,5,Lung cancer EV biology,0
B06413,10.920573,10.113801,5,Lung cancer EV biology,0
B06414,11.7304125,8.867177,5,Lung cancer EV biology,0
B06415,8.579556,4.506699,1,Vascular / systemic inflammation,0
B06416,9.987808,1.4789406,4,Respiratory / airway EV biology,0
B06417,10.198023,6.772539,2,EV engineering / delivery,0
B06418,9.293961,6.0619397,2,EV engineering / delivery,0
B06419,8.109726,8.225174,4,Respiratory / airway EV biology,0
B06420,8.054406,8.290127,2,EV engineering / delivery,0
B06421,8.374697,8.269768,5,Lung cancer EV biology,0
B06422,9.130188,6.5390196,2,EV engineering / delivery,0
B06423,8.904519,6.76241,4,Respiratory / airway EV biology,0
B06424,8.168398,4.9667234,1,Vascular / systemic inflammation,0
B06425,7.6534004,4.2192597,4,Respiratory / airway EV biology,0
B06426,7.91415,5.433767,2,EV engineering / delivery,0
B06427,7.8787556,4.1601872,1,Vascular / systemic inflammation,0
B06428,11.052323,3.6093729,1,Vascular / systemic inflammation,0
B06429,9.215152,5.7447867,2,EV engineering / delivery,0
B06430,11.581529,2.3727486,4,Respiratory / airway EV biology,0
B06431,9.056107,2.6411116,1,Vascular / systemic inflammation,0
B06432,12.128977,9.619846,5,Lung cancer EV biology,0
B06433,9.255709,2.959697,0,MSC / regenerative EV therapy,0
B06434,10.623037,7.1676197,5,Lung cancer EV biology,0
B06435,8.665116,7.706952,2,EV engineering / delivery,0
B06436,10.206548,7.305445,3,Broad cancer EV biology,0
B06437,10.857588,4.224861,4,Respiratory / airway EV biology,0
B06438,7.004329,7.7649307,2,EV engineering / delivery,0
B06439,9.111695,0.87004364,1,Vascular / systemic inflammation,0
B06440,7.772098,10.648903,5,Lung cancer EV biology,0
B06441,11.167187,2.3892572,0,MSC / regenerative EV therapy,0
B06442,10.890565,7.440581,2,EV engineering / delivery,0
B06443,10.446503,4.552498,4,Respiratory / airway EV biology,0
B06444,7.2209873,8.120694,2,EV engineering / delivery,0
B06445,9.810258,10.150375,5,Lung cancer EV biology,0
B06446,10.361135,10.540401,5,Lung cancer EV biology,0
B06447,11.931798,2.5905256,5,Lung cancer EV biology,0
B06448,12.867855,2.6512809,4,Respiratory / airway EV biology,0
B06449,10.6351385,10.480732,3,Broad cancer EV biology,0
B06450,12.780561,2.7984822,4,Respiratory / airway EV biology,0
B06451,11.588033,2.2159107,4,Respiratory / airway EV biology,0
B06452,12.657002,2.5866237,4,Respiratory / airway EV biology,0
B06453,8.69865,10.1107855,5,Lung cancer EV biology,0
B06454,8.595334,5.1062884,1,Vascular / systemic inflammation,0
B06455,13.653788,0.50958234,0,MSC / regenerative EV therapy,0
B06456,8.372702,5.216098,4,Respiratory / airway EV biology,0
B06457,7.4707355,2.846158,1,Vascular / systemic inflammation,0
B06458,7.622405,9.086432,5,Lung cancer EV biology,0
B06459,11.914064,1.4077394,4,Respiratory / airway EV biology,0
B06460,10.016766,5.077501,0,MSC / regenerative EV therapy,0
B06461,7.310428,7.9111843,2,EV engineering / delivery,0
B06462,9.663009,10.206064,5,Lung cancer EV biology,0
B06463,11.832924,1.4742604,5,Lung cancer EV biology,0
B06464,11.923986,8.834169,3,Broad cancer EV biology,0
B06465,11.756087,4.964503,2,EV engineering / delivery,0
B06466,8.158573,5.3927665,2,EV engineering / delivery,0
B06467,7.462359,8.393149,3,Broad cancer EV biology,0
B06468,8.927065,4.284426,0,MSC / regenerative EV therapy,0
B06469,9.673595,6.428886,2,EV engineering / delivery,0
B06470,10.662038,8.558,3,Broad cancer EV biology,0
B06471,12.585007,7.1460543,0,MSC / regenerative EV therapy,0
B06472,10.426702,1.9517277,4,Respiratory / airway EV biology,0
B06473,9.825061,4.415644,0,MSC / regenerative EV therapy,0
B06474,11.26156,3.0217662,4,Respiratory / airway EV biology,0
B06475,9.441928,5.0489483,2,EV engineering / delivery,0
B06476,9.404698,0.80080014,0,MSC / regenerative EV therapy,0
B06477,10.903012,6.8978643,2,EV engineering / delivery,0
B06478,10.108877,8.617548,5,Lung cancer EV biology,0
B06479,10.432763,10.108237,5,Lung cancer EV biology,0
B06480,11.367427,7.0529184,2,EV engineering / delivery,0
B06481,9.39602,2.3760955,1,Vascular / systemic inflammation,0
B06482,10.404765,5.8250165,2,EV engineering / delivery,0
B06483,7.0926685,3.5845654,1,Vascular / systemic inflammation,0
B06484,12.4442835,2.7823567,4,Respiratory / airway EV biology,0
B06485,9.8875265,1.1449056,4,Respiratory / airway EV biology,0
B06486,8.499877,7.230007,2,EV engineering / delivery,0
B06487,8.565173,2.20691,0,MSC / regenerative EV therapy,0
B06488,9.443238,3.505647,0,MSC / regenerative EV therapy,0
B06489,9.027682,3.3078105,0,MSC / regenerative EV therapy,0
B06490,10.652835,0.15102048,0,MSC / regenerative EV therapy,0
B06491,10.582205,0.13459341,0,MSC / regenerative EV therapy,0
B06492,10.928389,0.051521122,0,MSC / regenerative EV therapy,0
B06493,9.365544,4.593551,0,MSC / regenerative EV therapy,0
B06494,11.971007,4.961305,2,EV engineering / delivery,0
B06495,12.327608,3.073805,4,Respiratory / airway EV biology,0
B06496,8.760337,7.648641,2,EV engineering / delivery,0
B06497,9.357046,5.327494,5,Lung cancer EV biology,0
B06498,10.184881,5.550102,2,EV engineering / delivery,0
B06499,10.935621,4.7641582,4,Respiratory / airway EV biology,0
B06500,8.620859,2.7054157,0,MSC / regenerative EV therapy,0
B06501,12.809592,2.1658936,4,Respiratory / airway EV biology,0
B06502,11.074643,9.39127,3,Broad cancer EV biology,0
B06503,10.396166,10.624178,5,Lung cancer EV biology,0
B06504,9.983008,1.2117083,0,MSC / regenerative EV therapy,0
B06505,8.461263,2.337522,1,Vascular / systemic inflammation,0
B06506,9.30512,5.3781333,1,Vascular / systemic inflammation,1
B06507,12.256328,5.104391,1,Vascular / systemic inflammation,0
B06508,11.584798,7.0616617,2,EV engineering / delivery,0
B06509,9.691767,6.5800743,2,EV engineering / delivery,0
B06510,8.63359,5.6533303,4,Respiratory / airway EV biology,0
B06511,8.546632,2.0971918,0,MSC / regenerative EV therapy,0
B06512,10.797651,7.714256,3,Broad cancer EV biology,0
B06513,11.297809,2.2489357,1,Vascular / systemic inflammation,0
B06514,10.326048,3.2006598,1,Vascular / systemic inflammation,0
B06515,10.402753,10.2185545,5,Lung cancer EV biology,0
B06516,12.296971,2.4473617,4,Respiratory / airway EV biology,0
B06517,10.213179,6.47932,2,EV engineering / delivery,0
B06518,11.310228,8.810609,5,Lung cancer EV biology,0
B06519,10.577676,8.713101,3,Broad cancer EV biology,0
B06520,9.585986,5.461554,5,Lung cancer EV biology,0
B06521,11.543558,8.433491,5,Lung cancer EV biology,0
B06522,12.84848,3.1358159,4,Respiratory / airway EV biology,0
B06523,10.24774,5.8059006,2,EV engineering / delivery,0
B06524,10.901145,9.5213375,5,Lung cancer EV biology,0
B06525,9.684994,6.315043,2,EV engineering / delivery,0
B06526,10.936078,7.1054606,2,EV engineering / delivery,0
B06527,11.101856,9.398648,5,Lung cancer EV biology,0
B06528,11.21811,9.041992,3,Broad cancer EV biology,0
B06529,7.5854664,1.1245894,0,MSC / regenerative EV therapy,0
B06530,7.658562,1.1549499,0,MSC / regenerative EV therapy,0
B06531,12.808184,3.1251054,4,Respiratory / airway EV biology,0
B06532,8.8645525,7.248574,2,EV engineering / delivery,0
B06533,6.3029885,5.7443066,1,Vascular / systemic inflammation,0
B06534,11.913866,1.4342732,1,Vascular / systemic inflammation,0
B06535,11.796557,8.972921,3,Broad cancer EV biology,0
B06536,7.9327426,4.0586176,4,Respiratory / airway EV biology,0
B06537,11.912749,9.404172,5,Lung cancer EV biology,0
B06538,8.658833,7.7524652,3,Broad cancer EV biology,0
B06539,11.305173,8.726614,2,EV engineering / delivery,0
B06540,11.653614,3.6693318,4,Respiratory / airway EV biology,0
B06541,12.122434,8.671171,5,Lung cancer EV biology,0
B06542,9.127289,0.7620855,0,MSC / regenerative EV therapy,0
B06543,9.020905,9.941624,5,Lung cancer EV biology,0
B06544,9.532175,9.566627,5,Lung cancer EV biology,0
B06545,11.677944,3.2715905,4,Respiratory / airway EV biology,0
B06546,11.284713,5.883099,1,Vascular / systemic inflammation,0
B06547,7.994897,8.547797,1,Vascular / systemic inflammation,0
B06548,6.2152715,5.7710214,1,Vascular / systemic inflammation,0
B06549,9.002444,0.79383713,0,MSC / regenerative EV therapy,0
B06550,7.4447546,3.4842458,1,Vascular / systemic inflammation,0
B06551,11.237819,2.854495,4,Respiratory / airway EV biology,0
B06552,9.6388645,3.0690746,0,MSC / regenerative EV therapy,0
B06553,13.522456,0.5558076,0,MSC / regenerative EV therapy,0
B06554,11.990679,8.297263,3,Broad cancer EV biology,0
B06555,9.018443,8.268665,5,Lung cancer EV biology,0
B06556,9.532902,5.341319,4,Respiratory / airway EV biology,0
B06557,11.6651125,2.8143,4,Respiratory / airway EV biology,0
B06558,7.632499,9.10009,3,Broad cancer EV biology,0
B06559,9.846398,10.733467,5,Lung cancer EV biology,0
B06560,12.049406,8.294105,5,Lung cancer EV biology,0
B06561,11.749789,3.7293305,4,Respiratory / airway EV biology,0
B06562,11.967115,4.1367307,4,Respiratory / airway EV biology,0
B06563,11.447548,2.6144848,5,Lung cancer EV biology,0
B06564,9.416982,10.329581,5,Lung cancer EV biology,0
B06565,9.064951,10.092493,3,Broad cancer EV biology,0
B06566,7.221718,3.2859793,1,Vascular / systemic inflammation,0
B06567,9.406703,4.3058543,1,Vascular / systemic inflammation,0
B06568,7.6203413,8.95354,5,Lung cancer EV biology,0
B06569,10.307651,4.1835723,1,Vascular / systemic inflammation,0
B06570,9.109121,9.412616,5,Lung cancer EV biology,0
B06571,11.882121,5.784026,5,Lung cancer EV biology,0
B06572,8.943035,8.379968,5,Lung cancer EV biology,0
B06573,8.855996,7.186116,5,Lung cancer EV biology,0
B06574,8.501968,8.341073,5,Lung cancer EV biology,0
B06575,8.574731,2.3180072,0,MSC / regenerative EV therapy,0
B06576,9.81303,3.0192056,1,Vascular / systemic inflammation,0
B06577,12.221369,2.6484528,1,Vascular / systemic inflammation,0
B06578,7.7199426,10.617212,5,Lung cancer EV biology,0
B06579,9.026584,0.7829136,1,Vascular / systemic inflammation,0
B06580,9.363141,7.7167077,5,Lung cancer EV biology,0
B06581,10.407458,0.6386066,1,Vascular / systemic inflammation,0
B06582,10.238587,4.024944,1,Vascular / systemic inflammation,0
B06583,10.110731,9.198151,4,Respiratory / airway EV biology,0
B06584,7.8326726,3.9696267,1,Vascular / systemic inflammation,0
B06585,7.614289,8.870119,5,Lung cancer EV biology,0
B06586,11.589078,2.3009675,4,Respiratory / airway EV biology,0
B06587,11.369545,9.197774,3,Broad cancer EV biology,0
B06588,9.782707,8.288038,5,Lung cancer EV biology,0
B06589,9.620017,10.632998,5,Lung cancer EV biology,0
B06590,10.427387,8.372155,3,Broad cancer EV biology,0
B06591,9.564492,7.6566634,2,EV engineering / delivery,0
B06592,10.6316805,9.152896,5,Lung cancer EV biology,0
B06593,10.286655,8.433871,3,Broad cancer EV biology,0
B06594,10.245526,8.088494,5,Lung cancer EV biology,0
B06595,10.998021,7.550374,2,EV engineering / delivery,0
B06596,11.575779,9.383938,3,Broad cancer EV biology,0
B06597,9.394375,3.5053678,0,MSC / regenerative EV therapy,0
B06598,11.5904875,8.861753,5,Lung cancer EV biology,0
B06599,9.755474,5.6942205,2,EV engineering / delivery,0
B06600,10.429072,7.2673106,2,EV engineering / delivery,0
B06601,9.066038,2.970508,0,MSC / regenerative EV therapy,0
B06602,9.266826,8.26358,5,Lung cancer EV biology,0
B06603,11.471159,3.368557,4,Respiratory / airway EV biology,0
B06604,10.948173,5.314359,2,EV engineering / delivery,0
B06605,9.581694,4.774199,2,EV engineering / delivery,0
B06606,10.139844,5.917499,2,EV engineering / delivery,0
B06607,9.572571,10.580302,5,Lung cancer EV biology,0
B06608,8.4351015,10.044978,4,Respiratory / airway EV biology,0
B06609,10.700824,2.9420598,0,MSC / regenerative EV therapy,0
B06610,12.571756,5.1545415,4,Respiratory / airway EV biology,0
B06611,9.632047,4.798482,1,Vascular / systemic inflammation,0
B06612,10.822718,5.2753367,2,EV engineering / delivery,0
B06613,11.982574,4.712048,4,Respiratory / airway EV biology,0
B06614,11.0229,9.76706,3,Broad cancer EV biology,0
B06615,11.202578,9.057734,3,Broad cancer EV biology,0
B06616,8.025805,5.19976,1,Vascular / systemic inflammation,0
B06617,11.988891,8.653309,3,Broad cancer EV biology,0
B06618,10.735661,7.6670494,3,Broad cancer EV biology,0
B06619,13.23364,4.813645,4,Respiratory / airway EV biology,0
B06620,10.670709,10.484653,5,Lung cancer EV biology,0
B06621,10.085933,8.088873,5,Lung cancer EV biology,0
B06622,13.303585,4.7070556,4,Respiratory / airway EV biology,0
B06623,10.216285,4.511715,4,Respiratory / airway EV biology,0
B06624,10.255633,7.855917,2,EV engineering / delivery,0
B06625,9.714249,9.78858,5,Lung cancer EV biology,0
B06626,7.4027658,2.7834308,1,Vascular / systemic inflammation,0
B06627,11.461557,7.920788,3,Broad cancer EV biology,0
B06628,8.381627,5.0504513,2,EV engineering / delivery,0
B06629,10.187851,5.0807934,4,Respiratory / airway EV biology,0
B06630,9.083435,8.382899,5,Lung cancer EV biology,0
B06631,10.1008005,4.9351053,4,Respiratory / airway EV biology,0
B06632,9.64999,3.20474,0,MSC / regenerative EV therapy,0
B06633,9.365221,8.436118,5,Lung cancer EV biology,0
B06634,8.080832,1.7679801,1,Vascular / systemic inflammation,0
B06635,9.459006,7.9583335,5,Lung cancer EV biology,0
B06636,12.146196,4.770161,4,Respiratory / airway EV biology,0
B06637,11.90423,8.270014,5,Lung cancer EV biology,0
B06638,9.430405,7.589396,5,Lung cancer EV biology,0
B06639,11.434126,9.571846,5,Lung cancer EV biology,0
B06640,8.692697,1.1082361,4,Respiratory / airway EV biology,0
B06641,9.841929,8.524497,5,Lung cancer EV biology,0
B06642,7.2357345,3.2773418,1,Vascular / systemic inflammation,0
B06643,11.896504,1.4215955,5,Lung cancer EV biology,0
B06644,8.632924,2.2973704,0,MSC / regenerative EV therapy,0
B06645,10.319442,9.943797,3,Broad cancer EV biology,0
B06646,9.466799,4.6984143,1,Vascular / systemic inflammation,0
B06647,6.639056,3.4757447,1,Vascular / systemic inflammation,0
B06648,13.5499325,0.41956806,0,MSC / regenerative EV therapy,0
B06649,10.230393,7.817715,5,Lung cancer EV biology,0
B06650,11.185336,7.483168,2,EV engineering / delivery,0
B06651,10.249482,2.0203426,4,Respiratory / airway EV biology,0
B06652,10.150038,1.5945128,0,MSC / regenerative EV therapy,0
B06653,11.20304,2.5628703,4,Respiratory / airway EV biology,0
B06654,9.495911,2.2673495,0,MSC / regenerative EV therapy,0
B06655,9.49048,4.716348,0,MSC / regenerative EV therapy,0
B06656,9.5985365,4.876698,2,EV engineering / delivery,0
B06657,9.458295,3.96791,0,MSC / regenerative EV therapy,0
B06658,9.20388,1.3689681,0,MSC / regenerative EV therapy,0
B06659,10.391419,2.0061378,0,MSC / regenerative EV therapy,0
B06660,10.011574,3.5350537,0,MSC / regenerative EV therapy,0
B06661,10.341295,9.616173,5,Lung cancer EV biology,0
B06662,10.233158,9.691992,5,Lung cancer EV biology,0
B06663,10.832413,9.868226,5,Lung cancer EV biology,0
B06664,7.1317835,7.7038045,2,EV engineering / delivery,0
B06665,7.2066784,3.322195,1,Vascular / systemic inflammation,0
B06666,8.1729555,3.0544808,4,Respiratory / airway EV biology,0
B06667,9.52859,5.8571725,2,EV engineering / delivery,0
B06668,6.5874553,3.4373183,1,Vascular / systemic inflammation,0
B06669,12.085801,3.2623394,4,Respiratory / airway EV biology,0
B06670,8.588987,4.06393,1,Vascular / systemic inflammation,0
B06671,10.03112,8.095166,4,Respiratory / airway EV biology,0
B06672,12.3690815,5.0164595,2,EV engineering / delivery,0
B06673,9.4275875,6.005217,2,EV engineering / delivery,0
B06674,10.946046,8.89524,5,Lung cancer EV biology,0
B06675,10.676414,10.810357,5,Lung cancer EV biology,0
B06676,8.432604,3.11786,1,Vascular / systemic inflammation,0
B06677,9.428824,2.4019742,1,Vascular / systemic inflammation,0
B06678,11.86581,8.187722,5,Lung cancer EV biology,0
B06679,11.8688345,3.1433232,4,Respiratory / airway EV biology,0
B06680,11.970374,9.6461935,5,Lung cancer EV biology,0
B06681,10.811268,9.928876,5,Lung cancer EV biology,0
B06682,11.047786,8.545418,3,Broad cancer EV biology,0
B06683,10.00361,7.8899207,5,Lung cancer EV biology,0
B06684,11.567354,8.228396,3,Broad cancer EV biology,0
B06685,10.391153,8.763926,3,Broad cancer EV biology,0
B06686,10.870799,10.026076,5,Lung cancer EV biology,0
B06687,11.872695,8.817677,3,Broad cancer EV biology,0
B06688,11.496796,9.948122,5,Lung cancer EV biology,0
B06689,11.679709,7.058225,3,Broad cancer EV biology,0
B06690,11.658506,8.609217,3,Broad cancer EV biology,0
B06691,11.240448,9.235625,3,Broad cancer EV biology,0
B06692,10.520549,6.933418,2,EV engineering / delivery,0
B06693,10.937725,7.8467755,3,Broad cancer EV biology,0
B06694,10.863755,8.810912,3,Broad cancer EV biology,0
B06695,10.560248,9.828033,5,Lung cancer EV biology,0
B06696,10.670387,6.648748,2,EV engineering / delivery,0
B06697,11.30463,6.9541945,2,EV engineering / delivery,0
B06698,9.32375,10.61032,5,Lung cancer EV biology,0
B06699,9.693354,3.1830075,1,Vascular / systemic inflammation,0
B06700,11.40644,6.8879185,2,EV engineering / delivery,0
B06701,10.900489,0.39211923,0,MSC / regenerative EV therapy,0
B06702,10.932567,0.33014837,0,MSC / regenerative EV therapy,0
B06703,9.541079,2.2664974,0,MSC / regenerative EV therapy,0
B06704,10.726017,8.277904,5,Lung cancer EV biology,0
B06705,11.192765,6.843158,5,Lung cancer EV biology,0
B06706,8.847504,5.028362,1,Vascular / systemic inflammation,0
B06707,7.3826766,7.296061,2,EV engineering / delivery,0
B06708,9.467015,8.726444,5,Lung cancer EV biology,0
B06709,9.944914,10.610062,5,Lung cancer EV biology,0
B06710,11.6618805,3.881629,1,Vascular / systemic inflammation,0
B06711,9.088944,3.1310697,0,MSC / regenerative EV therapy,0
B06712,11.876625,8.241428,5,Lung cancer EV biology,0
B06713,9.751612,8.54514,3,Broad cancer EV biology,0
B06714,8.086911,10.364158,3,Broad cancer EV biology,0
B06715,7.6708307,2.2418299,1,Vascular / systemic inflammation,0
B06716,11.45156,8.955928,3,Broad cancer EV biology,0
B06717,10.982811,4.3182526,4,Respiratory / airway EV biology,0
B06718,7.9128118,8.356175,5,Lung cancer EV biology,0
B06719,9.063313,2.8380196,0,MSC / regenerative EV therapy,0
B06720,9.16093,3.4421034,0,MSC / regenerative EV therapy,0
B06721,9.564925,3.7630649,0,MSC / regenerative EV therapy,0
B06722,9.923791,3.5845237,4,Respiratory / airway EV biology,0
B06723,9.507069,2.3744438,0,MSC / regenerative EV therapy,0
B06724,9.543421,3.6200447,0,MSC / regenerative EV therapy,0
B06725,10.134055,10.866812,5,Lung cancer EV biology,0
B06726,8.522862,5.536876,1,Vascular / systemic inflammation,0
B06727,11.017128,3.5295231,4,Respiratory / airway EV biology,0
B06728,8.890451,1.0586052,1,Vascular / systemic inflammation,0
B06729,8.538452,3.6536152,0,MSC / regenerative EV therapy,0
B06730,9.299316,3.01229,0,MSC / regenerative EV therapy,0
B06731,11.195769,8.856714,5,Lung cancer EV biology,0
B06732,11.277325,3.1098166,4,Respiratory / airway EV biology,0
B06733,9.197362,9.566428,3,Broad cancer EV biology,0
B06734,11.117198,2.1011386,0,MSC / regenerative EV therapy,0
B06735,11.707981,8.678399,3,Broad cancer EV biology,0
B06736,9.705035,10.202039,5,Lung cancer EV biology,0
B06737,9.315684,8.973766,5,Lung cancer EV biology,0
B06738,10.904864,2.3712146,4,Respiratory / airway EV biology,0
B06739,10.127627,6.2541857,2,EV engineering / delivery,0
B06740,13.094009,4.6174517,4,Respiratory / airway EV biology,0
B06741,13.529157,0.6046724,0,MSC / regenerative EV therapy,0
B06742,8.273992,5.1457214,2,EV engineering / delivery,0
B06743,8.428225,5.873722,2,EV engineering / delivery,0
B06744,8.50531,5.9116898,2,EV engineering / delivery,0
B06745,8.029022,5.233404,5,Lung cancer EV biology,0
B06746,10.225889,3.286549,4,Respiratory / airway EV biology,0
B06747,9.009695,10.678996,3,Broad cancer EV biology,0
B06748,7.0839906,7.7118425,2,EV engineering / delivery,0
B06749,7.1425767,7.919165,2,EV engineering / delivery,0
B06750,11.313031,8.137741,5,Lung cancer EV biology,0
B06751,11.966531,7.994327,5,Lung cancer EV biology,0
B06752,10.35603,7.410208,3,Broad cancer EV biology,0
B06753,10.921189,7.077294,5,Lung cancer EV biology,0
B06754,8.172843,5.527495,2,EV engineering / delivery,0
B06755,9.331324,6.0390844,2,EV engineering / delivery,0
B06756,10.273927,4.690417,4,Respiratory / airway EV biology,0
B06757,13.316387,4.7663875,4,Respiratory / airway EV biology,0
B06758,8.537342,3.6765487,1,Vascular / systemic inflammation,0
B06759,11.605742,5.0156784,2,EV engineering / delivery,0
B06760,8.890592,2.5678022,0,MSC / regenerative EV therapy,0
B06761,7.5512342,3.8012636,1,Vascular / systemic inflammation,0
B06762,11.951573,3.1991136,4,Respiratory / airway EV biology,0
B06763,8.585016,3.2335823,2,EV engineering / delivery,0
B06764,11.137464,1.7411397,0,MSC / regenerative EV therapy,0
B06765,7.6402235,7.933848,5,Lung cancer EV biology,0
B06766,11.48775,6.508193,5,Lung cancer EV biology,0
B06767,8.309694,5.062261,2,EV engineering / delivery,0
B06768,9.363478,5.3929462,2,EV engineering / delivery,0
B06769,9.551605,10.223966,5,Lung cancer EV biology,0
B06770,10.999916,2.479456,5,Lung cancer EV biology,0
B06771,7.0590143,3.6398067,1,Vascular / systemic inflammation,0
B06772,8.418892,7.296929,2,EV engineering / delivery,0
B06773,10.134634,10.688096,5,Lung cancer EV biology,0
B06774,8.97201,7.576177,5,Lung cancer EV biology,0
B06775,10.043913,9.773509,5,Lung cancer EV biology,0
B06776,6.231671,4.825933,3,Broad cancer EV biology,0
B06777,6.670263,4.6564302,0,MSC / regenerative EV therapy,0
B06778,10.690083,10.703553,5,Lung cancer EV biology,0
B06779,10.871886,8.141975,5,Lung cancer EV biology,0
B06780,9.459462,8.659407,5,Lung cancer EV biology,0
B06781,8.857664,4.8597994,1,Vascular / systemic inflammation,0
B06782,7.298958,5.2315803,1,Vascular / systemic inflammation,0
B06783,7.9972553,5.449499,2,EV engineering / delivery,0
B06784,7.932217,5.502328,2,EV engineering / delivery,0
B06785,10.558257,8.6219,5,Lung cancer EV biology,0
B06786,10.549164,4.3596964,4,Respiratory / airway EV biology,0
B06787,10.052872,3.8998275,1,Vascular / systemic inflammation,0
B06788,8.307516,5.8722286,2,EV engineering / delivery,0
B06789,10.688956,4.1955314,1,Vascular / systemic inflammation,0
B06790,10.736899,2.100599,4,Respiratory / airway EV biology,0
B06791,10.619443,7.8450427,5,Lung cancer EV biology,0
B06792,9.941527,1.9153574,1,Vascular / systemic inflammation,0
B06793,12.250465,2.1774802,0,MSC / regenerative EV therapy,0
B06794,11.601819,2.1797194,4,Respiratory / airway EV biology,0
B06795,12.782279,3.2315884,4,Respiratory / airway EV biology,0
B06796,10.13332,1.2666906,0,MSC / regenerative EV therapy,0
B06797,11.36069,7.719338,5,Lung cancer EV biology,0
B06798,8.718567,8.570967,5,Lung cancer EV biology,0
B06799,9.398479,8.048196,5,Lung cancer EV biology,0
B06800,12.766999,3.165385,4,Respiratory / airway EV biology,0
B06801,9.498248,1.4159845,0,MSC / regenerative EV therapy,0
B06802,9.688471,6.34037,2,EV engineering / delivery,0
B06803,9.722167,8.253025,3,Broad cancer EV biology,0
B06804,7.0272627,8.089534,2,EV engineering / delivery,0
B06805,11.402834,7.0295,2,EV engineering / delivery,0
B06806,8.81419,10.116418,5,Lung cancer EV biology,0
B06807,10.320784,3.8822148,4,Respiratory / airway EV biology,0
B06808,9.80474,1.6218264,0,MSC / regenerative EV therapy,0
B06809,9.803805,1.3213265,0,MSC / regenerative EV therapy,0
B06810,13.771089,0.7152646,0,MSC / regenerative EV therapy,0
B06811,13.553351,0.66242814,0,MSC / regenerative EV therapy,0
B06812,7.7186127,8.126216,2,EV engineering / delivery,0
B06813,9.656504,4.468457,1,Vascular / systemic inflammation,0
B06814,8.95512,2.3460717,1,Vascular / systemic inflammation,0
B06815,10.700318,3.6074712,4,Respiratory / airway EV biology,0
B06816,8.498068,10.005981,2,EV engineering / delivery,0
B06817,7.111401,3.4158955,1,Vascular / systemic inflammation,0
B06818,9.134931,4.288086,5,Lung cancer EV biology,0
B06819,9.932439,1.0378371,0,MSC / regenerative EV therapy,0
B06820,9.740061,7.2319665,5,Lung cancer EV biology,0
B06821,9.121606,6.7281284,1,Vascular / systemic inflammation,0
B06822,10.676318,6.8013067,2,EV engineering / delivery,0
B06823,11.429052,8.79664,3,Broad cancer EV biology,0
B06824,7.1956625,7.575177,2,EV engineering / delivery,0
B06825,8.223386,8.029812,2,EV engineering / delivery,0
B06826,11.189498,2.9131947,4,Respiratory / airway EV biology,0
B06827,8.05675,5.519723,2,EV engineering / delivery,0
B06828,8.717773,7.188878,2,EV engineering / delivery,0
B06829,9.480271,3.6797676,0,MSC / regenerative EV therapy,0
B06830,7.564712,3.8933105,1,Vascular / systemic inflammation,0
B06831,7.483618,3.1753633,2,EV engineering / delivery,0
B06832,11.405543,4.796201,4,Respiratory / airway EV biology,0
B06833,9.38082,9.98679,3,Broad cancer EV biology,0
B06834,9.614628,8.794749,3,Broad cancer EV biology,0
B06835,12.594574,2.6786075,4,Respiratory / airway EV biology,0
B06836,10.4793,3.5527666,4,Respiratory / airway EV biology,0
B06837,9.907096,2.8290553,1,Vascular / systemic inflammation,0
B06838,8.645616,7.1408873,2,EV engineering / delivery,0
B06839,11.225339,0.19636697,1,Vascular / systemic inflammation,0
B06840,10.9062605,0.3395821,0,MSC / regenerative EV therapy,0
B06841,11.072408,0.28365767,0,MSC / regenerative EV therapy,0
B06842,9.162353,2.1258764,0,MSC / regenerative EV therapy,0
B06843,9.355035,3.4017882,0,MSC / regenerative EV therapy,0
B06844,7.1164103,3.5023475,1,Vascular / systemic inflammation,0
B06845,10.762473,6.9864783,2,EV engineering / delivery,0
B06846,11.256584,8.043886,2,EV engineering / delivery,0
B06847,9.827575,2.2720513,0,MSC / regenerative EV therapy,0
B06848,12.505319,4.734924,2,EV engineering / delivery,0
B06849,10.480929,2.2945273,4,Respiratory / airway EV biology,0
B06850,9.608891,2.6338599,1,Vascular / systemic inflammation,0
B06851,8.9420595,5.326496,4,Respiratory / airway EV biology,0
B06852,8.586904,4.0604067,1,Vascular / systemic inflammation,0
B06853,9.932656,9.961097,3,Broad cancer EV biology,0
B06854,10.598352,6.630488,2,EV engineering / delivery,0
B06855,10.477053,6.767257,2,EV engineering / delivery,0
B06856,8.120509,5.0623417,0,MSC / regenerative EV therapy,0
B06857,9.205017,7.4231496,2,EV engineering / delivery,0
B06858,8.261998,7.2262244,2,EV engineering / delivery,0
B06859,10.073741,5.9972606,2,EV engineering / delivery,0
B06860,7.6194277,8.959534,5,Lung cancer EV biology,0
B06861,8.505265,10.430446,5,Lung cancer EV biology,0
B06862,10.949835,3.4266896,4,Respiratory / airway EV biology,0
B06863,7.015942,8.032646,2,EV engineering / delivery,0
B06864,7.7004476,10.651124,5,Lung cancer EV biology,0
B06865,7.699426,8.102206,2,EV engineering / delivery,0
B06866,9.197736,8.35106,5,Lung cancer EV biology,0
B06867,8.346889,4.9885364,2,EV engineering / delivery,0
B06868,11.314741,8.710889,5,Lung cancer EV biology,0
B06869,10.748396,2.2565734,0,MSC / regenerative EV therapy,0
B06870,11.04019,0.4706227,0,MSC / regenerative EV therapy,0
B06871,8.49652,4.6050053,1,Vascular / systemic inflammation,0
B06872,8.661215,2.0722299,0,MSC / regenerative EV therapy,0
B06873,8.238314,4.589379,1,Vascular / systemic inflammation,0
B06874,10.682014,7.9115567,3,Broad cancer EV biology,0
B06875,9.8912325,7.076045,1,Vascular / systemic inflammation,0
B06876,7.8733,5.2458158,1,Vascular / systemic inflammation,0
B06877,9.948738,9.745957,5,Lung cancer EV biology,0
B06878,8.686054,9.34731,2,EV engineering / delivery,0
B06879,11.485802,7.72505,1,Vascular / systemic inflammation,0
B06880,9.476231,4.709885,0,MSC / regenerative EV therapy,0
B06881,10.159803,3.1980114,4,Respiratory / airway EV biology,0
B06882,8.849034,4.539025,1,Vascular / systemic inflammation,0
B06883,11.167827,0.30638558,0,MSC / regenerative EV therapy,0
B06884,9.910367,1.4232628,0,MSC / regenerative EV therapy,0
B06885,11.533596,4.851174,1,Vascular / systemic inflammation,0
B06886,11.545931,5.418748,2,EV engineering / delivery,0
B06887,7.518283,8.622017,2,EV engineering / delivery,0
B06888,9.75568,3.051167,1,Vascular / systemic inflammation,0
B06889,12.253815,4.280218,4,Respiratory / airway EV biology,0
B06890,7.8925037,8.082048,2,EV engineering / delivery,0
B06891,7.1697955,7.5907826,2,EV engineering / delivery,0
B06892,9.895535,4.9203463,2,EV engineering / delivery,0
B06893,9.1679,3.3578103,0,MSC / regenerative EV therapy,0
B06894,10.0580435,6.125448,2,EV engineering / delivery,0
B06895,9.735562,7.363544,5,Lung cancer EV biology,0
B06896,8.946062,3.6578543,0,MSC / regenerative EV therapy,0
B06897,9.712018,4.888286,0,MSC / regenerative EV therapy,0
B06898,9.913009,10.75007,3,Broad cancer EV biology,0
B06899,9.977641,8.502714,5,Lung cancer EV biology,0
B06900,9.221573,3.3674498,0,MSC / regenerative EV therapy,0
B06901,9.867284,5.0180836,1,Vascular / systemic inflammation,0
B06902,8.442412,3.3113432,1,Vascular / systemic inflammation,0
B06903,9.332535,2.5545805,1,Vascular / systemic inflammation,0
B06904,12.498924,3.0378423,4,Respiratory / airway EV biology,0
B06905,10.16714,6.843065,2,EV engineering / delivery,0
B06906,11.163706,6.66293,2,EV engineering / delivery,0
B06907,7.537316,9.012905,3,Broad cancer EV biology,0
B06908,7.0448503,7.9927373,2,EV engineering / delivery,0
B06909,8.028271,10.593955,5,Lung cancer EV biology,0
B06910,8.610251,10.133763,5,Lung cancer EV biology,0
B06911,6.598746,3.4357047,1,Vascular / systemic inflammation,0
B06912,8.739849,10.199344,3,Broad cancer EV biology,0
B06913,7.655346,4.3888874,1,Vascular / systemic inflammation,0
B06914,9.636198,9.72307,5,Lung cancer EV biology,0
B06915,8.350735,10.303601,5,Lung cancer EV biology,0
B06916,7.4465694,2.563256,1,Vascular / systemic inflammation,0
B06917,9.42508,3.4913297,0,MSC / regenerative EV therapy,0
B06918,10.262493,10.166722,3,Broad cancer EV biology,0
B06919,10.0990095,9.85557,3,Broad cancer EV biology,0
B06920,10.697881,0.7104441,0,MSC / regenerative EV therapy,0
B06921,12.2119255,9.480414,3,Broad cancer EV biology,0
B06922,9.662062,1.4675555,0,MSC / regenerative EV therapy,0
B06923,10.035713,5.343127,2,EV engineering / delivery,0
B06924,13.60945,0.39820185,0,MSC / regenerative EV therapy,0
B06925,8.916082,3.8255734,0,MSC / regenerative EV therapy,0
B06926,12.090476,8.731892,3,Broad cancer EV biology,0
B06927,11.660142,9.574404,5,Lung cancer EV biology,0
B06928,7.4302015,8.27,2,EV engineering / delivery,0
B06929,11.055435,7.3059397,0,MSC / regenerative EV therapy,0
B06930,11.866749,8.195581,5,Lung cancer EV biology,0
B06931,12.152617,3.0765052,4,Respiratory / airway EV biology,0
B06932,9.688367,4.6065283,4,Respiratory / airway EV biology,0
B06933,10.571633,8.799324,5,Lung cancer EV biology,0
B06934,11.300937,7.568382,2,EV engineering / delivery,0
B06935,12.593901,4.9172077,4,Respiratory / airway EV biology,0
B06936,10.567974,10.295014,3,Broad cancer EV biology,0
B06937,10.630055,9.765261,5,Lung cancer EV biology,0
B06938,10.923383,9.554396,5,Lung cancer EV biology,0
B06939,10.658546,8.794919,5,Lung cancer EV biology,0
B06940,11.130518,8.704359,5,Lung cancer EV biology,0
B06941,11.137877,10.264099,5,Lung cancer EV biology,0
B06942,9.860011,7.3514867,3,Broad cancer EV biology,0
B06943,9.798788,9.065272,5,Lung cancer EV biology,0
B06944,10.649591,10.435487,5,Lung cancer EV biology,0
B06945,6.5513234,3.4283917,3,Broad cancer EV biology,0
B06946,10.277577,10.96601,5,Lung cancer EV biology,0
B06947,10.643252,9.844144,5,Lung cancer EV biology,0
B06948,7.7957435,8.185656,2,EV engineering / delivery,0
B06949,10.5613575,7.676784,3,Broad cancer EV biology,0
B06950,10.453718,9.223034,3,Broad cancer EV biology,0
B06951,11.030833,8.0442915,3,Broad cancer EV biology,0
B06952,11.199534,7.996227,5,Lung cancer EV biology,0
B06953,9.655326,10.093591,3,Broad cancer EV biology,0
B06954,10.039133,8.913607,5,Lung cancer EV biology,0
B06955,8.593769,3.2002769,0,MSC / regenerative EV therapy,0
B06956,9.958917,1.3204776,1,Vascular / systemic inflammation,0
B06957,12.866383,0.8826409,0,MSC / regenerative EV therapy,0
B06958,12.028144,8.315275,3,Broad cancer EV biology,0
B06959,10.242742,2.6904557,4,Respiratory / airway EV biology,0
B06960,12.006713,5.1554775,2,EV engineering / delivery,0
B06961,8.913953,1.2290578,4,Respiratory / airway EV biology,0
B06962,12.054156,9.316743,3,Broad cancer EV biology,0
B06963,10.187717,2.5102074,4,Respiratory / airway EV biology,0
B06964,7.6003413,3.1688266,1,Vascular / systemic inflammation,0
B06965,8.590929,2.712109,0,MSC / regenerative EV therapy,0
B06966,7.7241373,8.968796,5,Lung cancer EV biology,0
B06967,8.997452,2.9241507,0,MSC / regenerative EV therapy,0
B06968,12.104292,8.292536,5,Lung cancer EV biology,0
B06969,11.477375,7.750975,5,Lung cancer EV biology,0
B06970,9.464695,1.4952416,0,MSC / regenerative EV therapy,0
B06971,8.528149,2.2644947,0,MSC / regenerative EV therapy,0
B06972,8.015711,9.471006,3,Broad cancer EV biology,0
B06973,9.752139,7.8254323,5,Lung cancer EV biology,0
B06974,10.1599455,9.023549,3,Broad cancer EV biology,0
B06975,8.548109,4.016758,1,Vascular / systemic inflammation,0
B06976,11.3026085,2.2933848,5,Lung cancer EV biology,0
B06977,8.5302515,4.1796885,1,Vascular / systemic inflammation,0
B06978,10.245964,10.132059,3,Broad cancer EV biology,0
B06979,13.55062,0.7711069,0,MSC / regenerative EV therapy,0
B06980,11.413232,5.0310664,4,Respiratory / airway EV biology,0
B06981,9.828938,8.50284,3,Broad cancer EV biology,0
B06982,9.435372,10.159613,5,Lung cancer EV biology,0
B06983,11.487682,2.0238497,0,MSC / regenerative EV therapy,0
B06984,10.816931,0.48257574,1,Vascular / systemic inflammation,0
B06985,11.509219,3.0457337,4,Respiratory / airway EV biology,0
B06986,11.384098,3.29456,4,Respiratory / airway EV biology,0
B06987,10.3068695,11.049286,5,Lung cancer EV biology,0
B06988,11.721906,2.4520211,4,Respiratory / airway EV biology,0
B06989,10.302206,10.913914,5,Lung cancer EV biology,0
B06990,9.855865,9.016119,5,Lung cancer EV biology,0
B06991,10.301496,10.485301,3,Broad cancer EV biology,0
B06992,10.116257,10.234362,3,Broad cancer EV biology,0
B06993,10.9652,0.39371797,4,Respiratory / airway EV biology,0
B06994,9.250639,8.782454,3,Broad cancer EV biology,0
B06995,9.365138,8.701163,3,Broad cancer EV biology,0
B06996,9.068933,8.756226,3,Broad cancer EV biology,0
B06997,9.05571,8.658047,5,Lung cancer EV biology,0
B06998,8.787822,5.1532316,2,EV engineering / delivery,0
B06999,7.787103,5.550112,1,Vascular / systemic inflammation,0
B07000,8.842951,4.565383,1,Vascular / systemic inflammation,0
B07001,9.057719,2.6831694,1,Vascular / systemic inflammation,0
B07002,8.058374,8.852565,5,Lung cancer EV biology,0
B07003,9.342176,9.749586,2,EV engineering / delivery,0
B07004,7.7541895,9.107494,5,Lung cancer EV biology,0
B07005,6.1649003,4.733369,0,MSC / regenerative EV therapy,0
B07006,9.717863,9.66282,3,Broad cancer EV biology,0
B07007,9.071747,10.922624,3,Broad cancer EV biology,0
B07008,8.865002,8.21062,5,Lung cancer EV biology,0
B07009,9.3119955,7.9237094,3,Broad cancer EV biology,0
B07010,8.97797,10.442671,3,Broad cancer EV biology,0
B07011,7.8654866,3.7106073,1,Vascular / systemic inflammation,0
B07012,8.968071,10.132837,5,Lung cancer EV biology,0
B07013,6.7701216,3.4261954,1,Vascular / systemic inflammation,0
B07014,7.3202424,3.293165,1,Vascular / systemic inflammation,0
B07015,6.9976063,3.556631,1,Vascular / systemic inflammation,0
B07016,8.10774,9.215383,5,Lung cancer EV biology,0
B07017,8.2359085,10.379315,5,Lung cancer EV biology,0
B07018,7.995828,10.047854,5,Lung cancer EV biology,0
B07019,7.7060943,9.061071,5,Lung cancer EV biology,0
B07020,7.7965465,4.443974,1,Vascular / systemic inflammation,0
B07021,9.250689,8.9189825,3,Broad cancer EV biology,0
B07022,7.7822585,4.3889375,1,Vascular / systemic inflammation,0
B07023,10.993351,5.194783,2,EV engineering / delivery,0
B07024,10.969881,5.5672483,2,EV engineering / delivery,0
B07025,7.6191216,8.967865,5,Lung cancer EV biology,0
B07026,8.595268,2.1796365,0,MSC / regenerative EV therapy,0
B07027,9.693481,10.608929,3,Broad cancer EV biology,0
B07028,11.845962,8.555032,5,Lung cancer EV biology,0
B07029,9.640586,1.2408862,4,Respiratory / airway EV biology,0
B07030,8.417957,4.2098727,5,Lung cancer EV biology,0
B07031,7.4151926,3.0088944,1,Vascular / systemic inflammation,0
B07032,7.392221,3.8755314,1,Vascular / systemic inflammation,0
B07033,10.073734,8.247173,3,Broad cancer EV biology,0
B07034,10.049893,8.356944,3,Broad cancer EV biology,0
B07035,7.6727667,9.083415,3,Broad cancer EV biology,0
B07036,10.006261,10.24229,5,Lung cancer EV biology,0
B07037,9.063406,10.531604,5,Lung cancer EV biology,0
B07038,11.794302,2.660698,5,Lung cancer EV biology,0
B07039,8.818411,10.330513,5,Lung cancer EV biology,0
B07040,13.431556,4.6880026,5,Lung cancer EV biology,0
B07041,12.692096,5.2096496,4,Respiratory / airway EV biology,0
B07042,8.21365,5.453106,2,EV engineering / delivery,0
B07043,8.591303,3.38458,0,MSC / regenerative EV therapy,0
B07044,9.580125,3.8161545,0,MSC / regenerative EV therapy,0
B07045,13.600976,0.6599478,0,MSC / regenerative EV therapy,0
B07046,9.259383,8.319144,5,Lung cancer EV biology,0
B07047,8.2022,5.242424,1,Vascular / systemic inflammation,0
B07048,9.704642,10.019445,3,Broad cancer EV biology,0
B07049,7.148763,3.6185377,1,Vascular / systemic inflammation,0
B07050,10.212946,8.220275,3,Broad cancer EV biology,0
B07051,8.272106,5.427732,2,EV engineering / delivery,0
B07052,7.6026397,6.28546,1,Vascular / systemic inflammation,0
B07053,10.418939,10.625062,5,Lung cancer EV biology,0
B07054,10.148928,10.619903,5,Lung cancer EV biology,0
B07055,7.9240303,4.5636334,1,Vascular / systemic inflammation,0
B07056,11.055695,9.739983,5,Lung cancer EV biology,0
B07057,7.6608214,4.0675144,1,Vascular / systemic inflammation,0
B07058,8.524393,2.6450155,1,Vascular / systemic inflammation,0
B07059,8.049883,4.658953,4,Respiratory / airway EV biology,0
B07060,11.055731,5.1945662,1,Vascular / systemic inflammation,0
B07061,10.475953,10.5936775,5,Lung cancer EV biology,0
B07062,7.192017,7.520646,2,EV engineering / delivery,0
B07063,10.530423,8.575173,5,Lung cancer EV biology,0
B07064,9.877782,8.933206,5,Lung cancer EV biology,0
B07065,9.997909,4.3497853,1,Vascular / systemic inflammation,0
B07066,9.663729,4.8470936,1,Vascular / systemic inflammation,0
B07067,9.959926,8.683719,3,Broad cancer EV biology,0
B07068,11.461102,8.917484,5,Lung cancer EV biology,0
B07069,12.606383,4.6919336,1,Vascular / systemic inflammation,0
B07070,12.481799,4.6814733,4,Respiratory / airway EV biology,0
B07071,12.203662,4.8937554,2,EV engineering / delivery,0
B07072,11.080225,6.2505445,2,EV engineering / delivery,0
B07073,7.695135,9.028826,5,Lung cancer EV biology,0
B07074,7.6418433,8.916318,5,Lung cancer EV biology,0
B07075,11.267569,2.4503334,4,Respiratory / airway EV biology,0
B07076,9.702246,4.224494,1,Vascular / systemic inflammation,0
B07077,10.112921,8.904863,2,EV engineering / delivery,0
B07078,11.092662,7.6102176,5,Lung cancer EV biology,0
B07079,9.586869,7.858662,5,Lung cancer EV biology,0
B07080,9.106305,7.859026,2,EV engineering / delivery,0
B07081,10.38196,9.680897,5,Lung cancer EV biology,0
B07082,7.4365916,8.258403,1,Vascular / systemic inflammation,0
B07083,7.0602317,8.044183,2,EV engineering / delivery,0
B07084,11.101123,5.8408933,2,EV engineering / delivery,0
B07085,9.952728,2.9315505,4,Respiratory / airway EV biology,0
B07086,12.852049,3.1147022,4,Respiratory / airway EV biology,0
B07087,10.2671175,8.616354,5,Lung cancer EV biology,0
B07088,10.2012,10.281264,5,Lung cancer EV biology,0
B07089,9.710986,9.466165,3,Broad cancer EV biology,0
B07090,9.534853,8.486934,3,Broad cancer EV biology,0
B07091,10.266374,7.892767,3,Broad cancer EV biology,0
B07092,13.640048,0.9435173,4,Respiratory / airway EV biology,0
B07093,8.708966,5.3912683,2,EV engineering / delivery,0
B07094,7.3125405,7.991789,2,EV engineering / delivery,0
B07095,9.425442,5.4491315,2,EV engineering / delivery,0
B07096,12.874003,3.1388414,4,Respiratory / airway EV biology,0
B07097,8.244556,9.971823,3,Broad cancer EV biology,0
B07098,8.282536,8.918234,3,Broad cancer EV biology,0
B07099,9.084596,1.8397168,0,MSC / regenerative EV therapy,0
B07100,10.9337225,10.023506,5,Lung cancer EV biology,0
B07101,12.54509,7.52784,5,Lung cancer EV biology,0
B07102,8.868746,2.4499993,0,MSC / regenerative EV therapy,0
B07103,13.351686,4.7083044,2,EV engineering / delivery,0
B07104,9.890775,10.032713,5,Lung cancer EV biology,0
B07105,11.503415,3.5655725,4,Respiratory / airway EV biology,0
B07106,9.095262,8.660283,3,Broad cancer EV biology,0
B07107,8.080272,9.864199,3,Broad cancer EV biology,0
B07108,9.559515,2.8448381,1,Vascular / systemic inflammation,0
B07109,7.429488,3.251606,1,Vascular / systemic inflammation,0
B07110,13.605639,0.34285942,0,MSC / regenerative EV therapy,0
B07111,8.430035,3.6836457,1,Vascular / systemic inflammation,0
B07112,8.574058,4.7286954,1,Vascular / systemic inflammation,0
B07113,9.337534,1.7333925,1,Vascular / systemic inflammation,0
B07114,9.587281,0.91726965,0,MSC / regenerative EV therapy,0
B07115,8.361192,9.436229,5,Lung cancer EV biology,0
B07116,8.734126,2.089241,0,MSC / regenerative EV therapy,0
B07117,8.428934,7.1624336,2,EV engineering / delivery,0
B07118,9.357482,10.211979,3,Broad cancer EV biology,0
B07119,9.302483,10.137517,3,Broad cancer EV biology,0
B07120,11.308332,8.064298,5,Lung cancer EV biology,0
B07121,9.18492,6.519179,2,EV engineering / delivery,0
B07122,9.774034,7.710959,2,EV engineering / delivery,0
B07123,7.084962,7.5914583,2,EV engineering / delivery,0
B07124,10.00395,8.052826,5,Lung cancer EV biology,0
B07125,9.453159,4.505222,0,MSC / regenerative EV therapy,0
B07126,11.850407,5.037529,1,Vascular / systemic inflammation,0
B07127,9.964766,8.915452,5,Lung cancer EV biology,0
B07128,7.24951,3.157503,1,Vascular / systemic inflammation,0
B07129,6.181466,4.674274,4,Respiratory / airway EV biology,0
B07130,6.2974906,4.81522,4,Respiratory / airway EV biology,0
B07131,11.279216,1.9715142,0,MSC / regenerative EV therapy,0
B07132,9.803264,8.537145,3,Broad cancer EV biology,0
B07133,10.283167,5.5806007,2,EV engineering / delivery,0
B07134,10.811624,7.9888706,5,Lung cancer EV biology,0
B07135,11.480682,8.420318,3,Broad cancer EV biology,0
B07136,8.948334,1.0761013,0,MSC / regenerative EV therapy,0
B07137,11.65234,3.8072312,1,Vascular / systemic inflammation,0
B07138,8.236537,3.656988,1,Vascular / systemic inflammation,0
B07139,7.242791,3.6904726,1,Vascular / systemic inflammation,0
B07140,11.551532,2.3499622,1,Vascular / systemic inflammation,0
B07141,11.234124,0.8805877,4,Respiratory / airway EV biology,0
B07142,12.751296,5.4249086,1,Vascular / systemic inflammation,0
B07143,6.3265934,5.700532,1,Vascular / systemic inflammation,0
B07144,13.769163,0.80707985,0,MSC / regenerative EV therapy,0
B07145,8.286714,4.848596,1,Vascular / systemic inflammation,0
B07146,10.707837,4.0695844,4,Respiratory / airway EV biology,0
B07147,10.228498,5.504814,2,EV engineering / delivery,0
B07148,11.467796,4.6796274,4,Respiratory / airway EV biology,0
B07149,8.330202,3.540552,1,Vascular / systemic inflammation,0
B07150,11.149871,7.1602693,3,Broad cancer EV biology,0
B07151,7.5215864,9.1960125,3,Broad cancer EV biology,0
B07152,9.856634,10.6087265,5,Lung cancer EV biology,0
B07153,9.4125395,4.9576735,1,Vascular / systemic inflammation,0
B07154,9.785268,6.2798996,2,EV engineering / delivery,0
B07155,12.61226,7.445837,2,EV engineering / delivery,0
B07156,8.946126,8.8719635,3,Broad cancer EV biology,0
B07157,9.116712,8.854725,3,Broad cancer EV biology,0
B07158,10.4003725,4.160743,0,MSC / regenerative EV therapy,0
B07159,7.375723,3.7527583,1,Vascular / systemic inflammation,0
B07160,9.546176,3.2868173,0,MSC / regenerative EV therapy,1
B07161,8.222087,1.4682152,1,Vascular / systemic inflammation,0
B07162,10.0150175,10.399554,5,Lung cancer EV biology,0
B07163,9.3524885,3.1479537,0,MSC / regenerative EV therapy,0
B07164,11.640942,7.294577,2,EV engineering / delivery,0
B07165,9.809462,0.95226127,0,MSC / regenerative EV therapy,0
B07166,13.727237,0.98022413,4,Respiratory / airway EV biology,0
B07167,10.3364315,7.603499,3,Broad cancer EV biology,0
B07168,11.863729,2.3389118,4,Respiratory / airway EV biology,0
B07169,13.582676,0.45206082,0,MSC / regenerative EV therapy,0
B07170,13.711875,0.5389766,0,MSC / regenerative EV therapy,0
B07171,10.099556,3.989553,1,Vascular / systemic inflammation,0
B07172,13.670914,0.53148144,0,MSC / regenerative EV therapy,0
B07173,7.1302004,7.844568,2,EV engineering / delivery,0
B07174,7.0706725,7.789738,2,EV engineering / delivery,0
B07175,7.683713,2.9430559,1,Vascular / systemic inflammation,0
B07176,10.292388,11.163872,3,Broad cancer EV biology,0
B07177,8.175865,5.669184,2,EV engineering / delivery,0
B07178,9.367358,7.86344,5,Lung cancer EV biology,0
B07179,11.508581,9.708254,5,Lung cancer EV biology,0
B07180,11.399461,6.7805405,2,EV engineering / delivery,0
B07181,8.586812,10.125787,5,Lung cancer EV biology,0
B07182,10.956504,8.125303,2,EV engineering / delivery,0
B07183,9.665628,10.3816395,5,Lung cancer EV biology,0
B07184,11.055374,7.465935,2,EV engineering / delivery,0
B07185,8.779792,10.3996525,5,Lung cancer EV biology,0
B07186,10.683072,8.987384,5,Lung cancer EV biology,0
B07187,8.961038,8.5970545,1,Vascular / systemic inflammation,0
B07188,9.842503,10.789729,5,Lung cancer EV biology,0
B07189,9.408687,7.8739705,5,Lung cancer EV biology,0
B07190,10.460644,8.236288,3,Broad cancer EV biology,0
B07191,11.695846,2.419607,4,Respiratory / airway EV biology,0
B07192,9.146578,4.7718806,1,Vascular / systemic inflammation,0
B07193,9.609362,8.105686,3,Broad cancer EV biology,0
B07194,10.377869,8.224482,3,Broad cancer EV biology,0
B07195,8.563299,3.738759,1,Vascular / systemic inflammation,0
B07196,8.428674,3.8997238,3,Broad cancer EV biology,0
B07197,12.085449,5.0027914,2,EV engineering / delivery,0
B07198,13.387958,0.63781846,0,MSC / regenerative EV therapy,0
B07199,10.657932,2.0178392,0,MSC / regenerative EV therapy,0
B07200,11.227397,6.060098,1,Vascular / systemic inflammation,0
B07201,10.141324,3.6597457,4,Respiratory / airway EV biology,0
B07202,9.514162,2.8484426,1,Vascular / systemic inflammation,0
B07203,9.366756,5.0092707,1,Vascular / systemic inflammation,0
B07204,10.243459,2.6739788,4,Respiratory / airway EV biology,0
B07205,9.473531,2.4362552,1,Vascular / systemic inflammation,1
B07206,10.390798,7.9669843,2,EV engineering / delivery,0
B07207,10.625483,6.7898088,2,EV engineering / delivery,0
B07208,10.351364,10.235116,5,Lung cancer EV biology,0
B07209,9.676097,8.990371,5,Lung cancer EV biology,0
B07210,8.314478,5.051649,2,EV engineering / delivery,0
B07211,7.978115,5.690285,2,EV engineering / delivery,0
B07212,10.633134,6.4417887,2,EV engineering / delivery,0
B07213,10.750232,7.2784863,3,Broad cancer EV biology,0
B07214,11.152616,6.7564273,2,EV engineering / delivery,0
B07215,7.8318243,5.5991926,2,EV engineering / delivery,0
B07216,7.749873,5.472715,1,Vascular / systemic inflammation,0
B07217,11.214393,7.224368,2,EV engineering / delivery,0
B07218,8.26308,8.769627,5,Lung cancer EV biology,0
B07219,9.081213,3.0023804,0,MSC / regenerative EV therapy,0
B07220,9.177027,8.722265,5,Lung cancer EV biology,0
B07221,8.452228,5.368175,1,Vascular / systemic inflammation,0
B07222,11.484635,3.8798356,4,Respiratory / airway EV biology,0
B07223,8.668578,4.4740796,1,Vascular / systemic inflammation,0
B07224,10.654254,1.6999276,0,MSC / regenerative EV therapy,0
B07225,10.0567875,3.2791877,0,MSC / regenerative EV therapy,0
B07226,9.326662,10.868089,3,Broad cancer EV biology,0
B07227,8.28535,1.5468206,1,Vascular / systemic inflammation,0
B07228,11.258237,5.965017,4,Respiratory / airway EV biology,0
B07229,7.8712125,5.7530055,2,EV engineering / delivery,0
B07230,10.67337,7.142011,3,Broad cancer EV biology,0
B07231,9.673823,10.953735,5,Lung cancer EV biology,0
B07232,7.9729357,1.9990132,1,Vascular / systemic inflammation,0
B07233,9.204311,10.629741,5,Lung cancer EV biology,0
B07234,9.404446,10.699429,5,Lung cancer EV biology,0
B07235,9.824782,3.395517,0,MSC / regenerative EV therapy,0
B07236,10.880644,2.3610373,0,MSC / regenerative EV therapy,0
B07237,9.54981,6.1938562,2,EV engineering / delivery,0
B07238,11.675508,2.9970882,4,Respiratory / airway EV biology,0
B07239,10.61356,3.0438507,1,Vascular / systemic inflammation,0
B07240,10.242535,11.013065,5,Lung cancer EV biology,0
B07241,10.258027,10.966171,5,Lung cancer EV biology,0
B07242,10.547773,10.969136,5,Lung cancer EV biology,0
B07243,10.918346,10.251608,5,Lung cancer EV biology,0
B07244,9.624604,8.849571,5,Lung cancer EV biology,0
B07245,10.504843,8.904763,3,Broad cancer EV biology,0
B07246,10.598432,10.634225,5,Lung cancer EV biology,0
B07247,9.987211,10.945249,5,Lung cancer EV biology,0
B07248,10.369983,10.890758,5,Lung cancer EV biology,0
B07249,8.448287,3.9757884,1,Vascular / systemic inflammation,0
B07250,10.227931,10.427751,5,Lung cancer EV biology,0
B07251,10.575715,10.356913,5,Lung cancer EV biology,0
B07252,10.230559,11.06965,5,Lung cancer EV biology,0
B07253,9.877693,7.184945,3,Broad cancer EV biology,0
B07254,11.902687,1.382643,0,MSC / regenerative EV therapy,0
B07255,11.253753,9.85623,5,Lung cancer EV biology,0
B07256,9.6559515,11.019878,5,Lung cancer EV biology,0
B07257,10.319839,9.037751,5,Lung cancer EV biology,0
B07258,9.421085,8.56021,3,Broad cancer EV biology,0
B07259,9.107451,4.1845164,1,Vascular / systemic inflammation,0
B07260,8.093371,5.229887,2,EV engineering / delivery,0
B07261,11.206845,2.3458204,4,Respiratory / airway EV biology,0
B07262,9.830479,8.573575,5,Lung cancer EV biology,0
B07263,9.854145,8.307639,5,Lung cancer EV biology,0
B07264,10.04467,1.041973,0,MSC / regenerative EV therapy,0
B07265,10.465294,10.647655,5,Lung cancer EV biology,0
B07266,8.815502,5.1126013,5,Lung cancer EV biology,0
B07267,10.664309,10.857244,5,Lung cancer EV biology,0
B07268,7.09099,7.7070627,2,EV engineering / delivery,0
B07269,10.775108,8.260853,5,Lung cancer EV biology,0
B07270,11.104474,10.224009,5,Lung cancer EV biology,0
B07271,10.609181,8.89226,5,Lung cancer EV biology,0
B07272,9.696118,1.019469,0,MSC / regenerative EV therapy,0
B07273,10.764461,10.897906,5,Lung cancer EV biology,0
B07274,10.458643,9.702599,5,Lung cancer EV biology,0
B07275,12.281899,2.1567903,0,MSC / regenerative EV therapy,0
B07276,11.509942,10.207899,5,Lung cancer EV biology,0
B07277,10.058176,8.895127,5,Lung cancer EV biology,0
B07278,10.732427,10.383455,5,Lung cancer EV biology,0
B07279,11.848396,2.5670235,3,Broad cancer EV biology,0
B07280,8.92938,10.758802,5,Lung cancer EV biology,0
B07281,9.702716,8.621168,5,Lung cancer EV biology,0
B07282,12.023303,8.56555,5,Lung cancer EV biology,0
B07283,9.990216,8.388674,3,Broad cancer EV biology,0
B07284,10.085474,8.785747,3,Broad cancer EV biology,0
B07285,10.704021,6.996169,3,Broad cancer EV biology,0
B07286,9.616905,9.749012,5,Lung cancer EV biology,0
B07287,11.076858,10.079307,5,Lung cancer EV biology,0
B07288,9.42807,10.029325,3,Broad cancer EV biology,0
B07289,8.816391,7.6159306,2,EV engineering / delivery,0
B07290,12.497939,2.7645924,5,Lung cancer EV biology,0
B07291,8.425389,5.9253197,2,EV engineering / delivery,0
B07292,11.954263,8.826433,3,Broad cancer EV biology,0
B07293,8.930525,4.7555485,1,Vascular / systemic inflammation,0
B07294,8.126968,5.1179547,2,EV engineering / delivery,0
B07295,11.216266,5.9278493,2,EV engineering / delivery,0
B07296,10.333497,6.6042795,2,EV engineering / delivery,0
B07297,8.285034,8.263698,5,Lung cancer EV biology,0
B07298,9.435581,4.5731,1,Vascular / systemic inflammation,0
B07299,10.570696,6.9817815,3,Broad cancer EV biology,0
B07300,10.177117,10.449159,5,Lung cancer EV biology,0
B07301,9.497621,8.742783,5,Lung cancer EV biology,0
B07302,10.295989,6.496346,2,EV engineering / delivery,0
B07303,10.79808,7.7300873,3,Broad cancer EV biology,0
B07304,11.005538,6.756781,2,EV engineering / delivery,0
B07305,12.011352,8.2602625,2,EV engineering / delivery,0
B07306,8.5391245,5.78905,2,EV engineering / delivery,0
B07307,10.37054,10.80172,5,Lung cancer EV biology,0
B07308,10.964747,7.936035,3,Broad cancer EV biology,0
B07309,11.673675,2.2841194,4,Respiratory / airway EV biology,0
B07310,9.492622,0.7968379,0,MSC / regenerative EV therapy,0
B07311,10.364192,1.7587886,0,MSC / regenerative EV therapy,0
B07312,13.783593,0.5651599,0,MSC / regenerative EV therapy,0
B07313,9.860775,2.7042077,1,Vascular / systemic inflammation,0
B07314,10.245481,2.060253,0,MSC / regenerative EV therapy,0
B07315,10.441973,2.1012187,0,MSC / regenerative EV therapy,0
B07316,10.821334,10.687904,3,Broad cancer EV biology,0
B07317,13.781795,0.66198075,0,MSC / regenerative EV therapy,0
B07318,12.031152,8.442497,5,Lung cancer EV biology,0
B07319,12.951084,2.6702826,4,Respiratory / airway EV biology,0
B07320,10.009545,8.77395,5,Lung cancer EV biology,0
B07321,8.130021,5.2766495,2,EV engineering / delivery,0
B07322,9.629467,8.394283,5,Lung cancer EV biology,0
B07323,9.062236,10.205904,3,Broad cancer EV biology,0
B07324,9.426115,0.7448115,0,MSC / regenerative EV therapy,0
B07325,10.081833,1.1179954,0,MSC / regenerative EV therapy,0
B07326,11.278126,8.896896,3,Broad cancer EV biology,0
B07327,13.694197,0.5653091,0,MSC / regenerative EV therapy,0
B07328,10.46526,9.403405,3,Broad cancer EV biology,0
B07329,9.703361,0.9149938,0,MSC / regenerative EV therapy,0
B07330,11.114868,10.165824,5,Lung cancer EV biology,0
B07331,11.912429,3.7990932,5,Lung cancer EV biology,0
B07332,9.575982,8.527983,3,Broad cancer EV biology,0
B07333,11.289787,2.1193573,4,Respiratory / airway EV biology,0
B07334,11.746889,9.250624,5,Lung cancer EV biology,0
B07335,9.800557,7.853298,5,Lung cancer EV biology,0
B07336,12.160855,9.5279,3,Broad cancer EV biology,0
B07337,10.254639,10.504171,3,Broad cancer EV biology,0
B07338,10.26614,8.177949,3,Broad cancer EV biology,0
B07339,10.617138,10.793275,5,Lung cancer EV biology,0
B07340,8.880453,5.4012256,4,Respiratory / airway EV biology,0
B07341,11.162866,9.921143,3,Broad cancer EV biology,0
B07342,13.555647,0.5632668,0,MSC / regenerative EV therapy,0
B07343,10.715505,9.6190195,3,Broad cancer EV biology,0
B07344,12.461118,7.5167036,5,Lung cancer EV biology,0
B07345,10.483634,9.678042,3,Broad cancer EV biology,0
B07346,11.95713,8.080856,2,EV engineering / delivery,0
B07347,10.474845,6.865243,2,EV engineering / delivery,0
B07348,10.461991,10.722184,3,Broad cancer EV biology,0
B07349,10.6945305,9.694435,5,Lung cancer EV biology,0
B07350,10.069439,8.251272,5,Lung cancer EV biology,0
B07351,8.416463,5.2974634,2,EV engineering / delivery,0
B07352,10.077834,7.2862663,3,Broad cancer EV biology,0
B07353,9.842205,10.189646,5,Lung cancer EV biology,0
B07354,9.939502,10.848496,5,Lung cancer EV biology,0
B07355,8.178014,3.12429,1,Vascular / systemic inflammation,0
B07356,8.154953,4.9877906,2,EV engineering / delivery,0
B07357,8.501224,10.333623,5,Lung cancer EV biology,0
B07358,8.642604,2.1170225,0,MSC / regenerative EV therapy,0
B07359,9.682265,9.421206,5,Lung cancer EV biology,0
B07360,8.670204,7.48273,1,Vascular / systemic inflammation,0
B07361,9.96786,10.729568,5,Lung cancer EV biology,0
B07362,9.429244,9.962974,5,Lung cancer EV biology,0
B07363,8.377884,4.896716,1,Vascular / systemic inflammation,0
B07364,10.808418,7.6642137,5,Lung cancer EV biology,0
B07365,9.347277,4.5733705,1,Vascular / systemic inflammation,0
B07366,8.353926,6.9800057,5,Lung cancer EV biology,0
B07367,11.396909,3.2517657,4,Respiratory / airway EV biology,1
B07368,9.050774,7.8925076,2,EV engineering / delivery,0
B07369,12.150073,9.318337,2,EV engineering / delivery,0
B07370,11.005497,0.43557388,0,MSC / regenerative EV therapy,0
B07371,13.425061,0.7560642,0,MSC / regenerative EV therapy,0
B07372,11.537204,3.1774528,4,Respiratory / airway EV biology,0
B07373,7.498798,4.4267435,1,Vascular / systemic inflammation,0
B07374,11.673333,3.8953416,4,Respiratory / airway EV biology,0
B07375,7.628783,3.435752,1,Vascular / systemic inflammation,0
B07376,9.992114,3.7417479,0,MSC / regenerative EV therapy,0
B07377,10.902537,6.585058,2,EV engineering / delivery,0
B07378,11.549768,3.0926306,4,Respiratory / airway EV biology,0
B07379,8.125703,3.5756023,1,Vascular / systemic inflammation,0
B07380,9.455207,3.1433756,4,Respiratory / airway EV biology,0
B07381,11.4760065,4.273146,5,Lung cancer EV biology,0
B07382,12.037336,8.12362,2,EV engineering / delivery,0
B07383,11.1101,0.63775,4,Respiratory / airway EV biology,0
B07384,10.430148,6.6478043,2,EV engineering / delivery,0
B07385,11.076139,0.85372573,0,MSC / regenerative EV therapy,0
B07386,10.656008,2.7539663,4,Respiratory / airway EV biology,0
B07387,7.9812737,10.091202,3,Broad cancer EV biology,0
B07388,10.806196,7.469217,3,Broad cancer EV biology,0
B07389,9.792979,9.576589,3,Broad cancer EV biology,0
B07390,6.8412666,3.3225586,1,Vascular / systemic inflammation,0
B07391,12.66745,3.2865603,4,Respiratory / airway EV biology,0
B07392,8.036643,4.228657,1,Vascular / systemic inflammation,0
B07393,9.382577,2.5594032,1,Vascular / systemic inflammation,0
B07394,8.588349,3.505361,0,MSC / regenerative EV therapy,0
B07395,10.627543,9.314184,3,Broad cancer EV biology,0
B07396,10.87749,9.326705,4,Respiratory / airway EV biology,0
B07397,9.949375,1.8121456,0,MSC / regenerative EV therapy,0
B07398,10.793511,1.8884473,0,MSC / regenerative EV therapy,0
B07399,9.216576,3.8391593,0,MSC / regenerative EV therapy,0
B07400,11.62764,3.6645665,4,Respiratory / airway EV biology,0
B07401,12.616407,3.4105215,4,Respiratory / airway EV biology,0
B07402,9.907261,7.1567345,3,Broad cancer EV biology,0
B07403,9.93903,1.6844554,4,Respiratory / airway EV biology,0
B07404,9.864292,9.366665,3,Broad cancer EV biology,0
B07405,11.681023,3.7145994,1,Vascular / systemic inflammation,0
B07406,8.8286295,5.7461963,4,Respiratory / airway EV biology,0
B07407,9.145284,9.554359,3,Broad cancer EV biology,0
B07408,9.926572,10.227602,5,Lung cancer EV biology,0
B07409,12.090629,8.331791,5,Lung cancer EV biology,0
B07410,9.476215,7.377555,3,Broad cancer EV biology,0
B07411,10.8322115,5.0521073,4,Respiratory / airway EV biology,0
B07412,9.748219,9.760176,3,Broad cancer EV biology,0
B07413,11.074375,3.121887,4,Respiratory / airway EV biology,0
B07414,10.450333,7.615313,2,EV engineering / delivery,0
B07415,12.3960495,4.685562,4,Respiratory / airway EV biology,0
B07416,13.250251,4.7635036,4,Respiratory / airway EV biology,0
B07417,11.234184,8.653169,5,Lung cancer EV biology,0
B07418,10.308606,7.702638,3,Broad cancer EV biology,0
B07419,9.775294,7.2548003,2,EV engineering / delivery,0
B07420,10.947303,2.7002966,4,Respiratory / airway EV biology,0
B07421,10.133678,4.22076,4,Respiratory / airway EV biology,0
B07422,9.6593075,6.294465,2,EV engineering / delivery,0
B07423,11.190405,3.6714528,4,Respiratory / airway EV biology,0
B07424,7.451145,2.6100059,1,Vascular / systemic inflammation,0
B07425,10.065575,1.9307141,4,Respiratory / airway EV biology,0
B07426,11.503482,3.2486873,4,Respiratory / airway EV biology,0
B07427,6.6807437,4.669772,2,EV engineering / delivery,0
B07428,9.737323,3.2482116,1,Vascular / systemic inflammation,0
B07429,11.52012,3.145654,4,Respiratory / airway EV biology,1
B07430,10.473763,8.214232,3,Broad cancer EV biology,0
B07431,8.6722355,7.1318126,2,EV engineering / delivery,0
B07432,8.766353,10.080883,3,Broad cancer EV biology,0
B07433,10.10059,4.0647984,4,Respiratory / airway EV biology,0
B07434,6.4679275,4.6218424,4,Respiratory / airway EV biology,0
B07435,8.683146,3.8133688,1,Vascular / systemic inflammation,0
B07436,11.038018,2.4219677,0,MSC / regenerative EV therapy,0
B07437,10.582431,7.0270033,2,EV engineering / delivery,0
B07438,10.336421,7.609333,3,Broad cancer EV biology,0
B07439,12.120505,4.6193233,4,Respiratory / airway EV biology,0
B07440,12.041166,8.372506,2,EV engineering / delivery,0
B07441,8.774489,10.087339,3,Broad cancer EV biology,0
B07442,8.758605,1.1668788,4,Respiratory / airway EV biology,0
B07443,11.496309,8.606061,5,Lung cancer EV biology,0
B07444,8.69326,1.0328262,1,Vascular / systemic inflammation,0
B07445,9.274326,9.770521,5,Lung cancer EV biology,0
B07446,10.757837,7.701831,2,EV engineering / delivery,0
B07447,6.568219,4.7044334,4,Respiratory / airway EV biology,0
B07448,11.111814,2.3633945,4,Respiratory / airway EV biology,0
B07449,10.06859,9.741994,5,Lung cancer EV biology,0
B07450,11.254787,2.6787732,4,Respiratory / airway EV biology,0
B07451,9.915226,9.737543,5,Lung cancer EV biology,0
B07452,9.326666,1.3650345,0,MSC / regenerative EV therapy,0
B07453,11.562784,3.3822656,4,Respiratory / airway EV biology,0
B07454,9.081401,5.8034525,2,EV engineering / delivery,0
B07455,11.973321,8.720653,5,Lung cancer EV biology,0
B07456,8.136751,3.3418155,1,Vascular / systemic inflammation,0
B07457,10.602015,0.81880814,0,MSC / regenerative EV therapy,0
B07458,11.14051,0.32100433,0,MSC / regenerative EV therapy,0
B07459,10.202882,3.6263366,1,Vascular / systemic inflammation,0
B07460,12.2098055,3.3308067,4,Respiratory / airway EV biology,0
B07461,7.952441,7.5226564,2,EV engineering / delivery,0
B07462,9.473364,6.402859,2,EV engineering / delivery,0
B07463,8.971407,5.2503195,1,Vascular / systemic inflammation,0
B07464,10.224846,10.732704,5,Lung cancer EV biology,0
B07465,11.759376,3.1751912,5,Lung cancer EV biology,0
B07466,8.38101,3.9948666,1,Vascular / systemic inflammation,0
B07467,9.213365,10.044001,5,Lung cancer EV biology,0
B07468,9.856405,3.7657816,0,MSC / regenerative EV therapy,0
B07469,9.902803,5.8669877,2,EV engineering / delivery,0
B07470,7.9009957,8.90943,5,Lung cancer EV biology,0
B07471,10.300549,10.294811,5,Lung cancer EV biology,0
B07472,12.653177,3.3052125,1,Vascular / systemic inflammation,0
B07473,13.801317,0.5879479,0,MSC / regenerative EV therapy,0
B07474,10.458442,8.183935,3,Broad cancer EV biology,0
B07475,10.543302,0.581526,0,MSC / regenerative EV therapy,0
B07476,10.277349,5.738713,2,EV engineering / delivery,0
B07477,7.965603,5.6280093,2,EV engineering / delivery,0
B07478,10.341374,8.808356,5,Lung cancer EV biology,0
B07479,6.7372446,3.4501524,1,Vascular / systemic inflammation,0
B07480,11.3631935,9.26343,3,Broad cancer EV biology,0
B07481,8.011517,5.6422076,2,EV engineering / delivery,0
B07482,12.702127,5.644303,5,Lung cancer EV biology,0
B07483,11.981954,4.9870057,1,Vascular / systemic inflammation,0
B07484,11.045253,6.6216545,3,Broad cancer EV biology,0
B07485,9.5329075,3.9300673,0,MSC / regenerative EV therapy,0
B07486,10.721462,8.419742,2,EV engineering / delivery,0
B07487,8.686116,5.7589927,2,EV engineering / delivery,0
B07488,8.898204,3.903995,2,EV engineering / delivery,0
B07489,5.738644,5.9418745,1,Vascular / systemic inflammation,0
B07490,5.7199955,5.950146,1,Vascular / systemic inflammation,0
B07491,8.091555,5.5173903,2,EV engineering / delivery,0
B07492,9.716114,6.431101,3,Broad cancer EV biology,0
B07493,8.072862,4.9263554,1,Vascular / systemic inflammation,0
B07494,7.5808043,9.094914,5,Lung cancer EV biology,0
B07495,10.269107,5.79896,2,EV engineering / delivery,0
B07496,9.694707,10.924165,5,Lung cancer EV biology,0
B07497,10.958946,0.08900549,0,MSC / regenerative EV therapy,0
B07498,8.669542,4.0890727,1,Vascular / systemic inflammation,0
B07499,12.67452,3.2317781,4,Respiratory / airway EV biology,0
B07500,7.734015,2.6257012,1,Vascular / systemic inflammation,0
B07501,9.756776,4.055791,0,MSC / regenerative EV therapy,0
B07502,10.487426,4.632493,4,Respiratory / airway EV biology,0
B07503,7.0122523,7.723422,2,EV engineering / delivery,0
B07504,10.284155,8.246854,5,Lung cancer EV biology,0
B07505,10.975845,8.77656,3,Broad cancer EV biology,0
B07506,12.988769,0.7638437,0,MSC / regenerative EV therapy,0
B07507,8.515804,7.099759,2,EV engineering / delivery,0
B07508,12.560656,2.9308336,4,Respiratory / airway EV biology,0
B07509,8.117359,8.469007,2,EV engineering / delivery,0
B07510,7.974973,5.0811086,1,Vascular / systemic inflammation,0
B07511,9.479579,8.48341,3,Broad cancer EV biology,0
B07512,8.330943,6.9494233,5,Lung cancer EV biology,0
B07513,9.908261,0.90341175,0,MSC / regenerative EV therapy,0
B07514,9.238654,3.177351,0,MSC / regenerative EV therapy,0
B07515,10.862959,1.4935219,0,MSC / regenerative EV therapy,0
B07516,10.606007,7.240056,3,Broad cancer EV biology,0
B07517,10.387505,0.9283648,0,MSC / regenerative EV therapy,0
B07518,11.39035,3.5006366,5,Lung cancer EV biology,0
B07519,12.40054,2.2785313,4,Respiratory / airway EV biology,0
B07520,10.669944,10.576592,5,Lung cancer EV biology,0
B07521,11.078032,0.35484707,0,MSC / regenerative EV therapy,0
B07522,11.266701,4.966256,1,Vascular / systemic inflammation,0
B07523,10.884397,5.190556,2,EV engineering / delivery,0
B07524,11.028956,4.901935,4,Respiratory / airway EV biology,0
B07525,8.847098,1.930983,0,MSC / regenerative EV therapy,0
B07526,11.6377,2.3617187,4,Respiratory / airway EV biology,0
B07527,10.89171,2.0345888,0,MSC / regenerative EV therapy,0
B07528,9.305645,2.4812412,0,MSC / regenerative EV therapy,0
B07529,10.079165,10.028826,5,Lung cancer EV biology,0
B07530,12.633384,7.4288874,1,Vascular / systemic inflammation,0
B07531,9.52373,2.2112179,0,MSC / regenerative EV therapy,0
B07532,8.594583,2.8403912,1,Vascular / systemic inflammation,0
B07533,11.591856,7.5865645,5,Lung cancer EV biology,0
B07534,9.540167,8.766209,5,Lung cancer EV biology,0
B07535,10.363226,8.143805,3,Broad cancer EV biology,0
B07536,12.425487,7.457679,3,Broad cancer EV biology,0
B07537,11.23991,10.2108755,5,Lung cancer EV biology,0
B07538,11.163707,10.242692,5,Lung cancer EV biology,0
B07539,8.851006,10.453338,3,Broad cancer EV biology,0
B07540,8.6968775,10.451053,3,Broad cancer EV biology,0
B07541,9.761462,10.323178,5,Lung cancer EV biology,0
B07542,11.739999,2.8491805,4,Respiratory / airway EV biology,0
B07543,9.51507,1.260636,4,Respiratory / airway EV biology,0
B07544,8.731389,7.400833,5,Lung cancer EV biology,0
B07545,10.339493,10.894658,5,Lung cancer EV biology,0
B07546,11.836131,4.937857,4,Respiratory / airway EV biology,0
B07547,9.549881,9.296786,5,Lung cancer EV biology,0
B07548,9.5065775,2.9870055,1,Vascular / systemic inflammation,0
B07549,9.924657,8.5707655,2,EV engineering / delivery,0
B07550,9.554805,10.545532,5,Lung cancer EV biology,0
B07551,11.329574,3.109809,4,Respiratory / airway EV biology,0
B07552,8.115607,8.945074,5,Lung cancer EV biology,0
B07553,12.478977,2.5546775,4,Respiratory / airway EV biology,0
B07554,11.122598,7.557186,5,Lung cancer EV biology,0
B07555,12.659869,2.586091,4,Respiratory / airway EV biology,0
B07556,11.048534,8.282257,5,Lung cancer EV biology,0
B07557,6.1447606,4.664768,4,Respiratory / airway EV biology,0
B07558,13.428704,4.6927543,4,Respiratory / airway EV biology,0
B07559,9.841677,4.174948,1,Vascular / systemic inflammation,0
B07560,12.178887,4.9113884,1,Vascular / systemic inflammation,0
B07561,13.279007,4.801281,4,Respiratory / airway EV biology,0
B07562,12.852445,3.041588,4,Respiratory / airway EV biology,0
B07563,11.004938,5.280339,4,Respiratory / airway EV biology,0
B07564,12.213405,4.9039226,4,Respiratory / airway EV biology,0
B07565,11.293837,6.5030107,2,EV engineering / delivery,0
B07566,12.596904,2.2440693,0,MSC / regenerative EV therapy,0
B07567,11.1095,5.023125,4,Respiratory / airway EV biology,0
B07568,12.519628,3.8577933,4,Respiratory / airway EV biology,0
B07569,12.923269,4.6878023,4,Respiratory / airway EV biology,0
B07570,10.929271,6.7905693,3,Broad cancer EV biology,0
B07571,10.655069,8.450559,5,Lung cancer EV biology,0
B07572,7.30799,2.5082507,1,Vascular / systemic inflammation,0
B07573,12.11871,2.113194,4,Respiratory / airway EV biology,0
B07574,11.954673,8.441716,5,Lung cancer EV biology,0
B07575,11.202233,0.25569984,0,MSC / regenerative EV therapy,0
B07576,10.421653,7.0601773,3,Broad cancer EV biology,0
B07577,11.323458,9.475986,5,Lung cancer EV biology,0
B07578,10.634368,7.2768993,2,EV engineering / delivery,0
B07579,6.729038,3.482374,1,Vascular / systemic inflammation,0
B07580,11.571569,3.7936332,4,Respiratory / airway EV biology,0
B07581,8.881238,2.891599,0,MSC / regenerative EV therapy,0
B07582,10.209202,2.5666318,4,Respiratory / airway EV biology,0
B07583,9.96539,2.2027102,4,Respiratory / airway EV biology,0
B07584,9.249611,5.915663,2,EV engineering / delivery,0
B07585,10.796432,4.2703533,2,EV engineering / delivery,0
B07586,10.150662,1.7712451,0,MSC / regenerative EV therapy,0
B07587,10.061569,1.4210712,0,MSC / regenerative EV therapy,0
B07588,10.6485405,10.050538,5,Lung cancer EV biology,0
B07589,9.075425,5.9548516,2,EV engineering / delivery,0
B07590,8.103891,2.0379708,1,Vascular / systemic inflammation,0
B07591,13.322843,4.772943,1,Vascular / systemic inflammation,0
B07592,13.271109,4.718901,2,EV engineering / delivery,0
B07593,8.523224,3.521172,1,Vascular / systemic inflammation,0
B07594,9.177274,7.987481,3,Broad cancer EV biology,0
B07595,9.574674,2.6578531,1,Vascular / systemic inflammation,0
B07596,8.251997,4.9149423,1,Vascular / systemic inflammation,0
B07597,9.575697,11.088434,5,Lung cancer EV biology,0
B07598,7.7270427,10.526906,5,Lung cancer EV biology,0
B07599,7.1991496,7.680332,3,Broad cancer EV biology,0
B07600,11.871146,1.4735844,1,Vascular / systemic inflammation,0
B07601,13.836645,0.6230495,0,MSC / regenerative EV therapy,0
B07602,8.127348,4.5479317,1,Vascular / systemic inflammation,0
B07603,9.638989,4.442911,1,Vascular / systemic inflammation,0
B07604,11.360016,2.9689407,4,Respiratory / airway EV biology,0
B07605,7.9192452,3.6446238,1,Vascular / systemic inflammation,0
B07606,9.551523,3.1972072,0,MSC / regenerative EV therapy,0
B07607,11.258165,7.4401374,3,Broad cancer EV biology,0
B07608,8.817445,4.033468,0,MSC / regenerative EV therapy,0
B07609,10.791672,0.39199588,0,MSC / regenerative EV therapy,0
B07610,8.889884,3.2171826,0,MSC / regenerative EV therapy,0
B07611,8.085538,10.053354,5,Lung cancer EV biology,0
B07612,7.1155186,7.7967577,2,EV engineering / delivery,0
B07613,11.204833,7.2172556,2,EV engineering / delivery,0
B07614,9.884774,2.5330033,4,Respiratory / airway EV biology,0
B07615,10.526915,7.5586786,2,EV engineering / delivery,0
B07616,8.962459,3.4708817,0,MSC / regenerative EV therapy,0
B07617,11.908815,5.037968,2,EV engineering / delivery,0
B07618,11.517648,8.952443,3,Broad cancer EV biology,0
B07619,11.269143,5.8976393,1,Vascular / systemic inflammation,0
B07620,11.122134,9.362446,5,Lung cancer EV biology,0
B07621,11.03586,8.676026,3,Broad cancer EV biology,0
B07622,8.732065,4.5809245,1,Vascular / systemic inflammation,0
B07623,8.660005,6.781899,2,EV engineering / delivery,0
B07624,8.990391,6.3088546,4,Respiratory / airway EV biology,0
B07625,11.012496,10.1873455,5,Lung cancer EV biology,0
B07626,7.7612867,7.861635,2,EV engineering / delivery,0
B07627,10.789025,8.711877,5,Lung cancer EV biology,0
B07628,10.034619,7.235982,2,EV engineering / delivery,0
B07629,9.244097,9.82303,3,Broad cancer EV biology,0
B07630,11.741329,8.004248,5,Lung cancer EV biology,0
B07631,8.800418,8.835257,5,Lung cancer EV biology,0
B07632,9.811415,4.38324,4,Respiratory / airway EV biology,0
B07633,7.4270396,3.5771258,1,Vascular / systemic inflammation,0
B07634,11.949232,8.768254,3,Broad cancer EV biology,0
B07635,9.085204,9.995185,5,Lung cancer EV biology,0
B07636,9.2650795,7.483115,5,Lung cancer EV biology,0
B07637,11.807499,8.835036,5,Lung cancer EV biology,0
B07638,10.966532,2.9463294,4,Respiratory / airway EV biology,0
B07639,11.735659,9.190708,5,Lung cancer EV biology,0
B07640,7.9936223,10.243047,5,Lung cancer EV biology,0
B07641,7.626395,8.9598465,5,Lung cancer EV biology,0
B07642,11.469081,9.702228,5,Lung cancer EV biology,0
B07643,7.554824,8.917794,5,Lung cancer EV biology,0
B07644,7.4613085,9.199632,3,Broad cancer EV biology,0
B07645,7.787185,10.600386,5,Lung cancer EV biology,0
B07646,7.79502,9.026574,3,Broad cancer EV biology,0
B07647,8.158941,8.550915,5,Lung cancer EV biology,0
B07648,12.252834,3.213815,4,Respiratory / airway EV biology,0
B07649,7.7976017,10.63384,5,Lung cancer EV biology,0
B07650,7.6213827,9.011913,5,Lung cancer EV biology,0
B07651,7.590852,9.18172,3,Broad cancer EV biology,0
B07652,7.940083,9.276125,3,Broad cancer EV biology,0
B07653,7.689214,10.634355,5,Lung cancer EV biology,0
B07654,7.6978345,10.706042,5,Lung cancer EV biology,0
B07655,8.19538,9.9646845,3,Broad cancer EV biology,0
B07656,7.647172,9.238509,3,Broad cancer EV biology,0
B07657,9.934987,8.991902,3,Broad cancer EV biology,0
B07658,12.033451,9.616849,5,Lung cancer EV biology,0
B07659,10.257167,10.514183,5,Lung cancer EV biology,0
B07660,9.58544,9.19601,3,Broad cancer EV biology,0
B07661,12.043516,9.685604,5,Lung cancer EV biology,0
B07662,9.185137,8.710617,3,Broad cancer EV biology,0
B07663,9.131896,8.347197,5,Lung cancer EV biology,0
B07664,7.1521854,8.257335,5,Lung cancer EV biology,0
B07665,7.100803,3.5350118,1,Vascular / systemic inflammation,0
B07666,10.035754,8.886265,5,Lung cancer EV biology,0
B07667,9.451018,8.787095,3,Broad cancer EV biology,0
B07668,11.329298,8.215059,5,Lung cancer EV biology,0
B07669,10.161052,10.749244,5,Lung cancer EV biology,0
B07670,10.199656,10.612072,5,Lung cancer EV biology,0
B07671,9.820952,10.088184,5,Lung cancer EV biology,0
B07672,9.103466,8.47026,5,Lung cancer EV biology,0
B07673,10.259737,8.482367,3,Broad cancer EV biology,0
B07674,8.968944,4.4471684,1,Vascular / systemic inflammation,0
B07675,8.0026655,5.23149,5,Lung cancer EV biology,0
B07676,9.910006,11.148791,5,Lung cancer EV biology,0
B07677,11.702538,3.6193342,4,Respiratory / airway EV biology,0
B07678,11.973063,5.719492,5,Lung cancer EV biology,0
B07679,10.804894,1.936758,0,MSC / regenerative EV therapy,0
B07680,10.325315,9.758119,5,Lung cancer EV biology,0
B07681,6.2978663,4.9826818,4,Respiratory / airway EV biology,0
B07682,6.279799,5.043216,4,Respiratory / airway EV biology,0
B07683,6.4354424,5.064631,4,Respiratory / airway EV biology,0
B07684,11.400002,9.600306,3,Broad cancer EV biology,0
B07685,11.151783,10.235367,5,Lung cancer EV biology,0
B07686,12.335295,3.7004404,4,Respiratory / airway EV biology,0
B07687,9.308634,9.899394,3,Broad cancer EV biology,0
B07688,10.1477785,9.260638,5,Lung cancer EV biology,0
B07689,11.117472,7.5628543,2,EV engineering / delivery,0
B07690,10.300369,2.9928155,4,Respiratory / airway EV biology,0
B07691,10.693637,5.9573107,2,EV engineering / delivery,0
B07692,8.922408,0.8208398,4,Respiratory / airway EV biology,0
B07693,10.142332,2.6031742,4,Respiratory / airway EV biology,0
B07694,11.932102,1.3834455,0,MSC / regenerative EV therapy,0
B07695,10.310822,4.526916,4,Respiratory / airway EV biology,0
B07696,11.417596,8.299315,3,Broad cancer EV biology,0
B07697,11.017155,4.2640753,2,EV engineering / delivery,0
B07698,10.225074,9.173623,3,Broad cancer EV biology,0
B07699,9.658036,9.099966,5,Lung cancer EV biology,0
B07700,11.5670595,9.512834,2,EV engineering / delivery,0
B07701,12.243946,2.022015,0,MSC / regenerative EV therapy,0
B07702,10.809256,5.0920453,1,Vascular / systemic inflammation,0
B07703,12.273163,2.5949411,4,Respiratory / airway EV biology,0
B07704,6.131785,4.6493053,5,Lung cancer EV biology,0
B07705,11.175756,5.7253656,2,EV engineering / delivery,0
B07706,11.310257,8.478217,5,Lung cancer EV biology,0
B07707,13.403526,0.752799,0,MSC / regenerative EV therapy,0
B07708,12.158155,2.0781002,4,Respiratory / airway EV biology,0
B07709,12.364288,7.638725,5,Lung cancer EV biology,0
B07710,8.288766,3.6410081,1,Vascular / systemic inflammation,0
B07711,10.559436,1.2230233,0,MSC / regenerative EV therapy,0
B07712,10.582947,8.806573,5,Lung cancer EV biology,0
B07713,9.486682,8.4031725,5,Lung cancer EV biology,0
B07714,9.614162,3.359716,0,MSC / regenerative EV therapy,0
B07715,9.41782,4.2311754,1,Vascular / systemic inflammation,0
B07716,8.263249,5.308603,2,EV engineering / delivery,0
B07717,10.695071,10.784484,5,Lung cancer EV biology,0
B07718,9.963703,7.5966215,2,EV engineering / delivery,0
B07719,9.673107,4.557851,1,Vascular / systemic inflammation,0
B07720,12.070407,4.877962,4,Respiratory / airway EV biology,0
B07721,11.747616,4.9729776,2,EV engineering / delivery,0
B07722,8.633434,2.0449033,0,MSC / regenerative EV therapy,0
B07723,8.036477,3.9916282,1,Vascular / systemic inflammation,0
B07724,12.931545,2.5360386,4,Respiratory / airway EV biology,0
B07725,9.374082,3.8685434,0,MSC / regenerative EV therapy,0
B07726,10.659021,4.281722,0,MSC / regenerative EV therapy,0
B07727,10.88405,2.312196,0,MSC / regenerative EV therapy,0
B07728,9.386304,3.3408945,0,MSC / regenerative EV therapy,0
B07729,11.066399,0.42300698,0,MSC / regenerative EV therapy,0
B07730,9.552061,3.5659423,0,MSC / regenerative EV therapy,0
B07731,9.573399,2.1585479,0,MSC / regenerative EV therapy,0
B07732,10.952109,0.52649,0,MSC / regenerative EV therapy,0
B07733,8.865056,2.4468117,0,MSC / regenerative EV therapy,0
B07734,11.013888,0.5292222,0,MSC / regenerative EV therapy,0
B07735,9.652859,2.3154047,0,MSC / regenerative EV therapy,0
B07736,9.687863,2.402528,0,MSC / regenerative EV therapy,0
B07737,9.272654,3.051987,0,MSC / regenerative EV therapy,0
B07738,9.166772,1.6966361,0,MSC / regenerative EV therapy,0
B07739,9.135975,1.6725096,0,MSC / regenerative EV therapy,0
B07740,9.134682,2.9946342,0,MSC / regenerative EV therapy,0
B07741,9.504312,1.4501479,0,MSC / regenerative EV therapy,0
B07742,12.800722,2.2892895,0,MSC / regenerative EV therapy,0
B07743,10.970682,7.261718,0,MSC / regenerative EV therapy,0
B07744,12.383424,2.2027018,0,MSC / regenerative EV therapy,0
B07745,10.690384,10.17086,5,Lung cancer EV biology,0
B07746,8.640438,2.203347,0,MSC / regenerative EV therapy,0
B07747,8.886463,2.5111613,0,MSC / regenerative EV therapy,0
B07748,9.77762,2.865482,0,MSC / regenerative EV therapy,0
B07749,8.697447,1.9320215,0,MSC / regenerative EV therapy,0
B07750,10.558262,7.1273675,2,EV engineering / delivery,0
B07751,12.782377,7.2843304,0,MSC / regenerative EV therapy,0
B07752,8.873863,2.617167,0,MSC / regenerative EV therapy,0
B07753,8.531768,2.067247,0,MSC / regenerative EV therapy,0
B07754,9.162735,2.9328816,0,MSC / regenerative EV therapy,0
B07755,10.965773,0.35627005,0,MSC / regenerative EV therapy,0
B07756,9.00597,1.0514638,0,MSC / regenerative EV therapy,0
B07757,11.014653,0.79004717,0,MSC / regenerative EV therapy,0
B07758,11.016238,0.44126365,0,MSC / regenerative EV therapy,0
B07759,11.005576,0.38603708,0,MSC / regenerative EV therapy,0
B07760,9.443601,4.711732,0,MSC / regenerative EV therapy,0
B07761,12.698493,2.2974563,4,Respiratory / airway EV biology,0
B07762,8.901159,1.9247874,0,MSC / regenerative EV therapy,0
B07763,10.779912,0.2501202,0,MSC / regenerative EV therapy,0
B07764,10.183073,1.6339308,0,MSC / regenerative EV therapy,0
B07765,10.475645,1.5800545,0,MSC / regenerative EV therapy,0
B07766,8.273387,3.7789166,1,Vascular / systemic inflammation,0
B07767,10.742588,2.6260245,4,Respiratory / airway EV biology,0
B07768,8.703369,3.8256183,1,Vascular / systemic inflammation,0
B07769,8.8870735,3.903534,4,Respiratory / airway EV biology,0
B07770,9.766798,7.106041,5,Lung cancer EV biology,0
B07771,9.406507,7.6442995,5,Lung cancer EV biology,0
B07772,9.104567,6.058135,2,EV engineering / delivery,0
B07773,12.027231,4.1549263,4,Respiratory / airway EV biology,0
B07774,12.121032,4.759258,4,Respiratory / airway EV biology,0
B07775,11.633267,8.710437,5,Lung cancer EV biology,0
B07776,12.08784,9.414787,3,Broad cancer EV biology,0
B07777,8.297056,7.635273,2,EV engineering / delivery,0
B07778,7.772258,8.893842,5,Lung cancer EV biology,0
B07779,12.71825,1.8599974,4,Respiratory / airway EV biology,0
B07780,12.719036,1.9099593,4,Respiratory / airway EV biology,0
B07781,11.745257,5.657861,2,EV engineering / delivery,0
B07782,11.695047,5.0641766,1,Vascular / systemic inflammation,0
B07783,7.8733234,5.796514,2,EV engineering / delivery,0
B07784,7.6026692,7.776942,2,EV engineering / delivery,0
B07785,7.7684865,8.095559,1,Vascular / systemic inflammation,0
B07786,8.030087,7.7618685,2,EV engineering / delivery,0
B07787,9.8509245,0.90406764,0,MSC / regenerative EV therapy,0
B07788,13.200043,4.6751966,4,Respiratory / airway EV biology,0
B07789,8.615256,4.5943503,1,Vascular / systemic inflammation,0
B07790,9.411215,2.4003723,1,Vascular / systemic inflammation,0
B07791,10.379655,10.336155,5,Lung cancer EV biology,0
B07792,9.100241,0.8354214,1,Vascular / systemic inflammation,0
B07793,11.57993,9.415905,3,Broad cancer EV biology,0
B07794,10.639395,10.623387,5,Lung cancer EV biology,0
B07795,8.585061,5.571205,1,Vascular / systemic inflammation,0
B07796,11.767976,2.8547823,4,Respiratory / airway EV biology,0
B07797,8.564879,4.3555617,1,Vascular / systemic inflammation,0
B07798,10.554687,3.099833,4,Respiratory / airway EV biology,0
B07799,9.067784,4.4516516,1,Vascular / systemic inflammation,0
B07800,13.908706,0.8655688,1,Vascular / systemic inflammation,0
B07801,9.771256,1.3914257,1,Vascular / systemic inflammation,0
B07802,9.624626,9.563656,3,Broad cancer EV biology,0
B07803,11.769626,3.3960788,4,Respiratory / airway EV biology,0
B07804,10.560476,3.1687443,4,Respiratory / airway EV biology,0
B07805,10.961631,0.2743661,0,MSC / regenerative EV therapy,0
B07806,9.641279,5.1782503,1,Vascular / systemic inflammation,0
B07807,11.37986,2.4540915,4,Respiratory / airway EV biology,0
B07808,10.357799,10.477853,5,Lung cancer EV biology,0
B07809,10.014398,2.710411,1,Vascular / systemic inflammation,0
B07810,8.993502,0.7388958,1,Vascular / systemic inflammation,0
B07811,13.843296,0.6304174,0,MSC / regenerative EV therapy,0
B07812,9.173634,1.016635,0,MSC / regenerative EV therapy,0
B07813,9.663703,1.141554,4,Respiratory / airway EV biology,0
B07814,11.641522,8.1274185,3,Broad cancer EV biology,0
B07815,9.16583,7.905891,5,Lung cancer EV biology,0
B07816,10.24581,1.065213,0,MSC / regenerative EV therapy,0
B07817,9.846422,1.1873027,4,Respiratory / airway EV biology,0
B07818,9.811688,0.9520359,4,Respiratory / airway EV biology,0
B07819,12.190018,7.5582933,5,Lung cancer EV biology,0
B07820,9.7364435,10.657363,3,Broad cancer EV biology,0
B07821,12.813669,2.4464855,4,Respiratory / airway EV biology,0
B07822,11.446127,7.7242074,5,Lung cancer EV biology,0
B07823,9.425425,2.669685,1,Vascular / systemic inflammation,0
B07824,9.229718,8.021375,5,Lung cancer EV biology,0
B07825,6.168149,4.8231287,3,Broad cancer EV biology,0
B07826,9.376447,4.7946525,1,Vascular / systemic inflammation,0
B07827,11.12318,2.4573145,4,Respiratory / airway EV biology,0
B07828,9.56268,8.577959,3,Broad cancer EV biology,0
B07829,9.35821,4.5970063,1,Vascular / systemic inflammation,0
B07830,9.675247,4.853813,4,Respiratory / airway EV biology,0
B07831,9.466288,4.8041143,0,MSC / regenerative EV therapy,0
B07832,9.372397,5.0704064,1,Vascular / systemic inflammation,0
B07833,8.979699,4.0828333,0,MSC / regenerative EV therapy,0
B07834,9.763232,4.2465396,0,MSC / regenerative EV therapy,0
B07835,7.76567,10.546413,5,Lung cancer EV biology,0
B07836,10.033255,9.931816,3,Broad cancer EV biology,0
B07837,9.339636,8.515196,5,Lung cancer EV biology,0
B07838,11.128944,1.904285,0,MSC / regenerative EV therapy,0
B07839,7.973033,8.786964,5,Lung cancer EV biology,0
B07840,11.618829,9.618777,5,Lung cancer EV biology,0
B07841,12.805058,7.3407655,0,MSC / regenerative EV therapy,0
B07842,7.163434,3.3823283,1,Vascular / systemic inflammation,0
B07843,9.419978,0.747065,0,MSC / regenerative EV therapy,0
B07844,12.774346,7.2850895,0,MSC / regenerative EV therapy,0
B07845,8.833487,6.9393544,1,Vascular / systemic inflammation,0
B07846,9.304408,6.055144,2,EV engineering / delivery,0
B07847,9.641544,6.150251,2,EV engineering / delivery,0
B07848,10.228864,2.2992263,4,Respiratory / airway EV biology,0
B07849,9.796996,2.0380874,0,MSC / regenerative EV therapy,0
B07850,9.240566,4.6340976,0,MSC / regenerative EV therapy,0
B07851,10.265067,2.0619352,0,MSC / regenerative EV therapy,0
B07852,9.392287,4.747976,0,MSC / regenerative EV therapy,0
B07853,10.997692,6.693097,2,EV engineering / delivery,0
B07854,7.664703,8.132228,2,EV engineering / delivery,0
B07855,12.095665,4.8457255,4,Respiratory / airway EV biology,0
B07856,10.025481,5.01423,4,Respiratory / airway EV biology,0
B07857,10.067226,10.175998,5,Lung cancer EV biology,0
B07858,8.810518,7.678159,1,Vascular / systemic inflammation,0
B07859,8.414828,5.360771,2,EV engineering / delivery,0
B07860,11.490767,7.9072185,3,Broad cancer EV biology,0
B07861,8.673781,4.7198505,5,Lung cancer EV biology,0
B07862,7.884667,8.08057,5,Lung cancer EV biology,0
B07863,9.187108,10.514694,5,Lung cancer EV biology,0
B07864,8.616964,2.3032045,0,MSC / regenerative EV therapy,0
B07865,7.808657,5.561253,2,EV engineering / delivery,0
B07866,9.661053,9.210582,5,Lung cancer EV biology,0
B07867,9.81656,10.036781,5,Lung cancer EV biology,0
B07868,13.3092375,4.7778215,4,Respiratory / airway EV biology,0
B07869,11.391121,4.433486,4,Respiratory / airway EV biology,0
B07870,10.054135,8.541994,3,Broad cancer EV biology,0
B07871,10.502607,5.78685,2,EV engineering / delivery,0
B07872,11.0047455,5.760371,2,EV engineering / delivery,0
B07873,11.100067,6.5698423,2,EV engineering / delivery,0
B07874,11.027406,4.388785,2,EV engineering / delivery,0
B07875,10.813476,9.244242,5,Lung cancer EV biology,0
B07876,10.85326,7.157689,5,Lung cancer EV biology,0
B07877,9.786601,6.5231795,2,EV engineering / delivery,0
B07878,9.974545,4.685504,2,EV engineering / delivery,1
B07879,10.816437,3.3527746,2,EV engineering / delivery,0
B07880,9.1220665,3.305338,0,MSC / regenerative EV therapy,0
B07881,11.385111,6.749243,2,EV engineering / delivery,0
B07882,10.370506,5.694599,2,EV engineering / delivery,0
B07883,11.423001,2.982058,4,Respiratory / airway EV biology,0
B07884,10.390669,5.515936,2,EV engineering / delivery,0
B07885,12.858854,2.6488073,0,MSC / regenerative EV therapy,0
B07886,11.070485,6.4449253,2,EV engineering / delivery,0
B07887,9.939914,7.9541993,5,Lung cancer EV biology,0
B07888,10.874361,2.7466388,4,Respiratory / airway EV biology,0
B07889,10.62931,1.8977368,0,MSC / regenerative EV therapy,0
B07890,10.465799,2.1800609,4,Respiratory / airway EV biology,0
B07891,10.466416,1.9094626,0,MSC / regenerative EV therapy,0
B07892,11.589775,7.3128633,2,EV engineering / delivery,0
B07893,11.210324,7.9616537,5,Lung cancer EV biology,0
B07894,8.317622,5.165166,1,Vascular / systemic inflammation,0
B07895,8.149756,4.9306827,1,Vascular / systemic inflammation,0
B07896,7.866236,5.6811314,2,EV engineering / delivery,0
B07897,11.575675,3.5478382,4,Respiratory / airway EV biology,0
B07898,9.943989,2.6324837,4,Respiratory / airway EV biology,0
B07899,12.413739,2.9431953,4,Respiratory / airway EV biology,0
B07900,8.6915865,3.513988,0,MSC / regenerative EV therapy,0
B07901,8.827178,3.8249784,1,Vascular / systemic inflammation,0
B07902,7.77716,7.959074,2,EV engineering / delivery,0
B07903,9.488518,1.8640406,1,Vascular / systemic inflammation,0
B07904,9.920388,3.4494796,0,MSC / regenerative EV therapy,0
B07905,10.037687,4.1735764,1,Vascular / systemic inflammation,0
B07906,9.892147,1.6231797,0,MSC / regenerative EV therapy,0
B07907,9.0841675,3.103898,0,MSC / regenerative EV therapy,0
B07908,9.244172,8.729579,5,Lung cancer EV biology,0
B07909,8.314631,2.3358653,1,Vascular / systemic inflammation,0
B07910,11.050783,6.781944,2,EV engineering / delivery,0
B07911,7.898195,4.7921295,1,Vascular / systemic inflammation,0
B07912,10.102147,3.931322,1,Vascular / systemic inflammation,0
B07913,9.977979,10.003993,5,Lung cancer EV biology,0
B07914,11.070395,10.170041,5,Lung cancer EV biology,0
B07915,10.857041,3.01425,4,Respiratory / airway EV biology,0
B07916,8.506089,3.9986403,1,Vascular / systemic inflammation,0
B07917,12.5785,2.479556,4,Respiratory / airway EV biology,0
B07918,10.155637,10.575005,5,Lung cancer EV biology,0
B07919,8.602704,4.307496,1,Vascular / systemic inflammation,0
B07920,8.418819,3.9775023,1,Vascular / systemic inflammation,0
B07921,10.899162,8.751121,3,Broad cancer EV biology,0
B07922,8.114395,10.556092,5,Lung cancer EV biology,0
B07923,8.1786785,8.796313,5,Lung cancer EV biology,0
B07924,10.525199,8.618686,5,Lung cancer EV biology,0
B07925,8.662249,8.442772,5,Lung cancer EV biology,0
B07926,9.491182,6.1643105,2,EV engineering / delivery,0
B07927,10.744738,9.333843,5,Lung cancer EV biology,0
B07928,8.288121,8.740498,5,Lung cancer EV biology,0
B07929,8.077155,6.1860886,1,Vascular / systemic inflammation,0
B07930,6.267477,4.873027,5,Lung cancer EV biology,0
B07931,9.354736,8.087875,3,Broad cancer EV biology,0
B07932,8.599301,4.5871124,1,Vascular / systemic inflammation,0
B07933,8.845049,3.9507298,4,Respiratory / airway EV biology,0
B07934,10.904747,9.399158,5,Lung cancer EV biology,0
B07935,7.1579514,3.2578669,1,Vascular / systemic inflammation,0
B07936,8.585014,8.620087,3,Broad cancer EV biology,0
B07937,10.964551,8.577631,3,Broad cancer EV biology,0
B07938,8.872401,7.719986,1,Vascular / systemic inflammation,0
B07939,13.656779,0.88338256,2,EV engineering / delivery,0
B07940,10.588701,4.0356293,0,MSC / regenerative EV therapy,0
B07941,8.8111105,4.32958,1,Vascular / systemic inflammation,0
B07942,10.335408,6.649593,2,EV engineering / delivery,0
B07943,10.289867,6.6242394,2,EV engineering / delivery,0
B07944,10.597415,6.443615,2,EV engineering / delivery,0
B07945,10.103935,6.087659,2,EV engineering / delivery,0
B07946,10.120441,3.4267118,1,Vascular / systemic inflammation,0
B07947,11.068315,9.910108,5,Lung cancer EV biology,0
B07948,8.930272,1.9509196,4,Respiratory / airway EV biology,0
B07949,11.989479,4.70379,4,Respiratory / airway EV biology,0
B07950,11.80593,8.146166,5,Lung cancer EV biology,0
B07951,8.967767,3.0147998,0,MSC / regenerative EV therapy,0
B07952,8.550718,4.2652745,1,Vascular / systemic inflammation,0
B07953,13.741203,0.7925891,0,MSC / regenerative EV therapy,0
B07954,9.26071,4.2786145,1,Vascular / systemic inflammation,0
B07955,11.821857,1.6346183,1,Vascular / systemic inflammation,0
B07956,9.741671,7.1635466,3,Broad cancer EV biology,0
B07957,7.652947,3.3096542,1,Vascular / systemic inflammation,0
B07958,11.459183,7.839381,5,Lung cancer EV biology,0
B07959,10.576551,3.5118113,1,Vascular / systemic inflammation,0
B07960,8.447216,1.2597797,1,Vascular / systemic inflammation,0
B07961,13.579061,1.2026932,1,Vascular / systemic inflammation,0
B07962,9.056392,4.947582,1,Vascular / systemic inflammation,0
B07963,7.933734,3.7884898,1,Vascular / systemic inflammation,0
B07964,9.208386,2.962304,2,EV engineering / delivery,0
B07965,7.174161,3.4154112,1,Vascular / systemic inflammation,0
B07966,7.708705,9.027743,5,Lung cancer EV biology,0
B07967,11.117171,2.640471,1,Vascular / systemic inflammation,0
B07968,10.255024,5.692692,2,EV engineering / delivery,0
B07969,10.0629635,2.10021,0,MSC / regenerative EV therapy,0
B07970,10.314431,7.4931602,2,EV engineering / delivery,0
B07971,11.318855,6.042288,5,Lung cancer EV biology,0
B07972,11.816516,4.5533257,1,Vascular / systemic inflammation,0
B07973,10.830684,6.255604,2,EV engineering / delivery,0
B07974,8.818988,9.104521,5,Lung cancer EV biology,0
B07975,8.128151,5.353223,2,EV engineering / delivery,0
B07976,9.727403,5.4525375,5,Lung cancer EV biology,0
B07977,7.980887,4.0651793,4,Respiratory / airway EV biology,0
B07978,9.602487,7.68946,3,Broad cancer EV biology,0
B07979,10.127398,7.514977,2,EV engineering / delivery,0
B07980,10.5600395,10.532111,5,Lung cancer EV biology,0
B07981,8.119103,5.424744,2,EV engineering / delivery,0
B07982,9.540934,10.913616,5,Lung cancer EV biology,0
B07983,10.741909,5.870308,5,Lung cancer EV biology,0
B07984,10.825194,2.9136367,4,Respiratory / airway EV biology,0
B07985,8.738899,5.4679146,2,EV engineering / delivery,0
B07986,9.456161,10.41719,5,Lung cancer EV biology,0
B07987,9.280036,9.885743,5,Lung cancer EV biology,0
B07988,9.49891,10.781589,5,Lung cancer EV biology,0
B07989,9.37799,4.177452,5,Lung cancer EV biology,0
B07990,9.317222,10.399846,5,Lung cancer EV biology,0
B07991,9.123949,10.313463,5,Lung cancer EV biology,0
B07992,9.084109,10.372202,5,Lung cancer EV biology,0
B07993,11.695826,3.0951617,4,Respiratory / airway EV biology,0
B07994,10.05088,2.2098668,4,Respiratory / airway EV biology,0
B07995,6.8285236,3.3776526,1,Vascular / systemic inflammation,0
B07996,7.478216,3.5557947,1,Vascular / systemic inflammation,0
B07997,9.190752,10.686558,5,Lung cancer EV biology,0
B07998,10.012596,10.930498,5,Lung cancer EV biology,0
B07999,10.752527,2.4711947,0,MSC / regenerative EV therapy,0
B08000,7.173912,3.4864247,1,Vascular / systemic inflammation,0
B08001,7.2748427,3.37374,1,Vascular / systemic inflammation,0
B08002,7.3032527,2.8015392,1,Vascular / systemic inflammation,0
B08003,9.43148,4.7323027,0,MSC / regenerative EV therapy,0
B08004,7.425806,3.619967,1,Vascular / systemic inflammation,0
B08005,7.2206106,3.036273,1,Vascular / systemic inflammation,0
B08006,7.802247,2.8470135,1,Vascular / systemic inflammation,0
B08007,7.1745334,3.3283298,1,Vascular / systemic inflammation,0
B08008,7.2448997,3.3825562,1,Vascular / systemic inflammation,0
B08009,7.160669,3.2286344,1,Vascular / systemic inflammation,0
B08010,7.119127,3.146123,1,Vascular / systemic inflammation,0
B08011,7.1389537,3.271928,1,Vascular / systemic inflammation,0
B08012,13.495735,0.6095664,0,MSC / regenerative EV therapy,0
B08013,12.115549,4.766993,1,Vascular / systemic inflammation,0
B08014,8.6145525,2.1524408,0,MSC / regenerative EV therapy,0
B08015,8.590391,5.8162203,2,EV engineering / delivery,0
B08016,9.974746,4.11354,0,MSC / regenerative EV therapy,0
B08017,8.735089,5.1113725,2,EV engineering / delivery,0
B08018,8.655864,2.136538,0,MSC / regenerative EV therapy,0
B08019,11.414574,6.936929,2,EV engineering / delivery,0
B08020,8.724879,2.5462086,0,MSC / regenerative EV therapy,0
B08021,9.495399,8.175669,1,Vascular / systemic inflammation,0
B08022,10.666012,1.5188173,0,MSC / regenerative EV therapy,0
B08023,9.553496,3.7003763,0,MSC / regenerative EV therapy,0
B08024,9.969306,2.8375833,4,Respiratory / airway EV biology,0
B08025,10.19032,8.290668,5,Lung cancer EV biology,0
B08026,10.322006,10.008966,5,Lung cancer EV biology,0
B08027,10.157075,8.617776,3,Broad cancer EV biology,0
B08028,5.968499,4.635591,1,Vascular / systemic inflammation,0
B08029,12.352811,4.5093346,4,Respiratory / airway EV biology,0
B08030,8.471508,5.259168,2,EV engineering / delivery,0
B08031,11.828851,3.1806216,5,Lung cancer EV biology,0
B08032,7.637307,4.050858,1,Vascular / systemic inflammation,0
B08033,7.079281,3.4815645,1,Vascular / systemic inflammation,0
B08034,11.104347,0.016494814,1,Vascular / systemic inflammation,0
B08035,8.694874,9.720293,3,Broad cancer EV biology,0
B08036,10.190817,6.184321,2,EV engineering / delivery,0
B08037,9.154089,5.1896987,1,Vascular / systemic inflammation,0
B08038,11.713792,6.105693,2,EV engineering / delivery,0
B08039,11.200003,8.348883,3,Broad cancer EV biology,0
B08040,11.689283,4.932936,4,Respiratory / airway EV biology,0
B08041,10.259107,2.068721,0,MSC / regenerative EV therapy,0
B08042,8.568329,8.461814,5,Lung cancer EV biology,0
B08043,7.800714,3.0355103,1,Vascular / systemic inflammation,0
B08044,10.876732,9.850175,5,Lung cancer EV biology,0
B08045,8.50998,3.6212745,1,Vascular / systemic inflammation,0
B08046,11.039537,2.9386575,4,Respiratory / airway EV biology,0
B08047,9.792538,8.867364,5,Lung cancer EV biology,0
B08048,9.339187,9.102245,3,Broad cancer EV biology,0
B08049,7.1896176,7.676073,2,EV engineering / delivery,0
B08050,11.012733,0.27551898,0,MSC / regenerative EV therapy,0
B08051,9.857285,9.909971,3,Broad cancer EV biology,0
B08052,12.35556,2.1847017,0,MSC / regenerative EV therapy,0
B08053,8.10959,5.228762,2,EV engineering / delivery,0
B08054,7.8435607,2.9428174,1,Vascular / systemic inflammation,0
B08055,13.842454,0.58320916,0,MSC / regenerative EV therapy,0
B08056,8.965692,0.7951969,1,Vascular / systemic inflammation,0
B08057,10.06685,1.8636235,0,MSC / regenerative EV therapy,0
B08058,10.287914,2.2111166,4,Respiratory / airway EV biology,0
B08059,8.250641,5.3899937,2,EV engineering / delivery,0
B08060,8.976401,9.579485,3,Broad cancer EV biology,0
B08061,8.815914,1.3203467,1,Vascular / systemic inflammation,0
B08062,10.095979,7.8032146,3,Broad cancer EV biology,0
B08063,11.868604,3.150321,4,Respiratory / airway EV biology,0
B08064,9.404707,10.107859,3,Broad cancer EV biology,0
B08065,11.854081,3.1722202,4,Respiratory / airway EV biology,0
B08066,7.6183395,4.296999,1,Vascular / systemic inflammation,0
B08067,12.065247,4.043196,4,Respiratory / airway EV biology,0
B08068,12.726153,5.4581137,4,Respiratory / airway EV biology,0
B08069,11.737496,3.5722704,4,Respiratory / airway EV biology,0
B08070,9.08183,9.657005,3,Broad cancer EV biology,0
B08071,10.875449,7.8894463,3,Broad cancer EV biology,0
B08072,7.3371787,3.7712014,1,Vascular / systemic inflammation,0
B08073,8.471409,5.5016737,4,Respiratory / airway EV biology,0
B08074,7.105917,7.591996,2,EV engineering / delivery,0
B08075,10.903846,10.651819,5,Lung cancer EV biology,0
B08076,11.506979,4.110548,4,Respiratory / airway EV biology,0
B08077,11.463588,4.2687926,4,Respiratory / airway EV biology,0
B08078,10.949972,0.44421202,0,MSC / regenerative EV therapy,0
B08079,10.364138,2.2733827,4,Respiratory / airway EV biology,0
B08080,10.636282,7.161754,2,EV engineering / delivery,0
B08081,10.568685,2.5388167,0,MSC / regenerative EV therapy,0
B08082,7.164633,3.5688453,1,Vascular / systemic inflammation,0
B08083,11.670431,2.9518638,4,Respiratory / airway EV biology,0
B08084,9.38382,2.2980688,1,Vascular / systemic inflammation,0
B08085,12.656278,2.9837358,4,Respiratory / airway EV biology,0
B08086,10.09525,6.0988855,2,EV engineering / delivery,0
B08087,9.357465,8.168905,3,Broad cancer EV biology,0
B08088,13.702735,0.5466471,4,Respiratory / airway EV biology,0
B08089,12.144596,7.558424,5,Lung cancer EV biology,0
B08090,7.3905354,7.675601,2,EV engineering / delivery,0
B08091,7.9999413,7.838549,3,Broad cancer EV biology,0
B08092,10.478102,10.901998,3,Broad cancer EV biology,0
B08093,9.455516,9.023625,5,Lung cancer EV biology,0
B08094,7.7272925,8.158709,2,EV engineering / delivery,0
B08095,10.759733,6.2112246,2,EV engineering / delivery,0
B08096,9.6357,4.981474,0,MSC / regenerative EV therapy,0
B08097,9.903933,7.703208,2,EV engineering / delivery,0
B08098,7.673914,9.005831,3,Broad cancer EV biology,0
B08099,9.898781,6.486908,2,EV engineering / delivery,0
B08100,12.905284,2.9735417,4,Respiratory / airway EV biology,0
B08101,7.7581224,9.004769,5,Lung cancer EV biology,0
B08102,11.248734,2.7342405,4,Respiratory / airway EV biology,0
B08103,11.828115,2.7708778,4,Respiratory / airway EV biology,0
B08104,7.1209245,7.922581,2,EV engineering / delivery,0
B08105,7.9215503,7.9517813,5,Lung cancer EV biology,0
B08106,9.591185,6.1389685,2,EV engineering / delivery,0
B08107,8.596437,5.0314384,1,Vascular / systemic inflammation,0
B08108,12.665199,2.524551,4,Respiratory / airway EV biology,0
B08109,10.963597,0.18098077,0,MSC / regenerative EV therapy,0
B08110,8.558623,2.70657,1,Vascular / systemic inflammation,0
B08111,9.403624,4.2536035,1,Vascular / systemic inflammation,0
B08112,9.1480465,3.159148,0,MSC / regenerative EV therapy,0
B08113,9.041756,3.1932263,0,MSC / regenerative EV therapy,0
B08114,9.638682,4.035216,0,MSC / regenerative EV therapy,0
B08115,8.647386,2.4753344,0,MSC / regenerative EV therapy,0
B08116,10.338366,3.0755906,1,Vascular / systemic inflammation,0
B08117,10.110349,4.5169497,4,Respiratory / airway EV biology,0
B08118,12.878017,2.719969,3,Broad cancer EV biology,0
B08119,8.954894,0.7179799,1,Vascular / systemic inflammation,0
B08120,8.535838,3.4456952,1,Vascular / systemic inflammation,0
B08121,8.070945,5.2353525,1,Vascular / systemic inflammation,0
B08122,11.068936,2.5334127,0,MSC / regenerative EV therapy,0
B08123,11.061641,7.8201056,2,EV engineering / delivery,0
B08124,12.875864,2.7502701,4,Respiratory / airway EV biology,0
B08125,9.945733,9.659293,5,Lung cancer EV biology,0
B08126,9.66362,2.966038,1,Vascular / systemic inflammation,0
B08127,8.815915,4.074257,1,Vascular / systemic inflammation,0
B08128,11.197794,6.6453776,2,EV engineering / delivery,0
B08129,11.634505,2.4333367,4,Respiratory / airway EV biology,0
B08130,10.757911,1.859266,0,MSC / regenerative EV therapy,0
B08131,10.837954,7.8762255,5,Lung cancer EV biology,0
B08132,9.931939,5.8335013,2,EV engineering / delivery,0
B08133,12.072167,8.706527,3,Broad cancer EV biology,0
B08134,10.879899,1.7922262,0,MSC / regenerative EV therapy,0
B08135,8.774923,7.509983,2,EV engineering / delivery,0
B08136,7.6791964,10.701225,5,Lung cancer EV biology,0
B08137,7.8559055,2.0122833,1,Vascular / systemic inflammation,0
B08138,9.692081,1.9989911,1,Vascular / systemic inflammation,0
B08139,9.034255,4.0860686,1,Vascular / systemic inflammation,0
B08140,6.1083894,4.757224,4,Respiratory / airway EV biology,0
B08141,8.75536,5.8828926,2,EV engineering / delivery,0
B08142,6.111982,4.744277,4,Respiratory / airway EV biology,0
B08143,10.086092,10.491248,5,Lung cancer EV biology,0
B08144,11.023502,10.159467,5,Lung cancer EV biology,0
B08145,10.288055,8.418264,3,Broad cancer EV biology,0
B08146,10.297714,9.897176,5,Lung cancer EV biology,0
B08147,11.852465,4.300874,1,Vascular / systemic inflammation,0
B08148,10.452481,10.619631,5,Lung cancer EV biology,0
B08149,10.0279875,8.615766,3,Broad cancer EV biology,0
B08150,10.420586,8.747793,5,Lung cancer EV biology,0
B08151,9.606174,10.932421,3,Broad cancer EV biology,0
B08152,10.09349,9.928927,5,Lung cancer EV biology,0
B08153,9.764291,0.90595937,0,MSC / regenerative EV therapy,0
B08154,10.23205,10.678206,5,Lung cancer EV biology,0
B08155,12.709317,2.6011517,4,Respiratory / airway EV biology,0
B08156,12.1764765,4.762021,4,Respiratory / airway EV biology,0
B08157,7.609447,4.4215384,1,Vascular / systemic inflammation,0
B08158,9.4184885,6.002443,1,Vascular / systemic inflammation,0
B08159,9.193228,8.459551,5,Lung cancer EV biology,0
B08160,9.862115,1.0729731,4,Respiratory / airway EV biology,0
B08161,10.384788,6.809454,2,EV engineering / delivery,0
B08162,11.44838,2.082274,4,Respiratory / airway EV biology,0
B08163,10.975636,2.0034895,0,MSC / regenerative EV therapy,0
B08164,8.770062,1.0072923,1,Vascular / systemic inflammation,0
B08165,9.0728,8.75958,5,Lung cancer EV biology,0
B08166,7.6318827,3.2362568,1,Vascular / systemic inflammation,0
B08167,11.323088,8.792519,5,Lung cancer EV biology,0
B08168,9.333643,8.689782,5,Lung cancer EV biology,0
B08169,10.702193,10.958874,5,Lung cancer EV biology,0
B08170,10.500105,8.241075,5,Lung cancer EV biology,0
B08171,10.502207,10.065163,5,Lung cancer EV biology,0
B08172,11.7157545,2.578835,4,Respiratory / airway EV biology,0
B08173,10.809784,2.9255924,4,Respiratory / airway EV biology,0
B08174,12.205353,9.259749,3,Broad cancer EV biology,0
B08175,9.055894,1.4753492,4,Respiratory / airway EV biology,0
B08176,9.577489,8.901679,5,Lung cancer EV biology,0
B08177,9.852955,3.3243446,0,MSC / regenerative EV therapy,0
B08178,10.841413,2.002746,0,MSC / regenerative EV therapy,0
B08179,8.912515,0.90100276,1,Vascular / systemic inflammation,0
B08180,9.15727,8.2186165,5,Lung cancer EV biology,0
B08181,11.588866,8.83885,5,Lung cancer EV biology,0
B08182,7.1519175,3.4038413,1,Vascular / systemic inflammation,0
B08183,7.2636285,3.225289,1,Vascular / systemic inflammation,0
B08184,7.688213,2.2827678,1,Vascular / systemic inflammation,0
B08185,10.201826,3.9255562,4,Respiratory / airway EV biology,0
B08186,11.576261,8.953381,3,Broad cancer EV biology,0
B08187,9.833548,7.90348,5,Lung cancer EV biology,0
B08188,11.198377,9.56633,5,Lung cancer EV biology,0
B08189,11.017728,8.767769,5,Lung cancer EV biology,0
B08190,10.755873,3.3348048,5,Lung cancer EV biology,0
B08191,9.13198,8.7417145,5,Lung cancer EV biology,0
B08192,11.437064,2.1706092,4,Respiratory / airway EV biology,0
B08193,8.793549,4.5629826,1,Vascular / systemic inflammation,0
B08194,6.883789,3.4467895,1,Vascular / systemic inflammation,0
B08195,9.621331,2.0633218,0,MSC / regenerative EV therapy,0
B08196,8.82952,3.5709846,0,MSC / regenerative EV therapy,0
B08197,8.094868,8.32609,2,EV engineering / delivery,0
B08198,10.679158,5.6433635,1,Vascular / systemic inflammation,0
B08199,8.16943,5.2558265,2,EV engineering / delivery,0
B08200,8.172834,4.93137,2,EV engineering / delivery,0
B08201,8.27378,4.917268,1,Vascular / systemic inflammation,0
B08202,8.040094,5.290793,1,Vascular / systemic inflammation,0
B08203,8.295246,5.8816295,2,EV engineering / delivery,0
B08204,7.8282957,5.215026,1,Vascular / systemic inflammation,0
B08205,7.9500012,5.447981,2,EV engineering / delivery,0
B08206,8.484185,5.274546,4,Respiratory / airway EV biology,0
B08207,10.316882,9.8839035,3,Broad cancer EV biology,0
B08208,12.3225975,2.4541898,4,Respiratory / airway EV biology,0
B08209,8.719327,10.113108,5,Lung cancer EV biology,0
B08210,9.976382,1.5520066,4,Respiratory / airway EV biology,0
B08211,9.627781,5.656628,2,EV engineering / delivery,0
B08212,8.51889,7.0703344,2,EV engineering / delivery,0
B08213,9.6446085,9.946455,3,Broad cancer EV biology,0
B08214,7.2996745,7.553102,2,EV engineering / delivery,0
B08215,7.609155,7.91726,2,EV engineering / delivery,0
B08216,9.6656065,10.890163,3,Broad cancer EV biology,0
B08217,8.836939,5.3683853,1,Vascular / systemic inflammation,0
B08218,11.130584,1.7602602,4,Respiratory / airway EV biology,0
B08219,10.383205,11.0178995,5,Lung cancer EV biology,0
B08220,7.786959,4.5818453,1,Vascular / systemic inflammation,0
B08221,9.26785,10.773496,5,Lung cancer EV biology,0
B08222,9.673258,11.060858,5,Lung cancer EV biology,0
B08223,9.993382,9.709482,3,Broad cancer EV biology,0
B08224,9.311769,10.209555,5,Lung cancer EV biology,0
B08225,8.105705,7.551152,2,EV engineering / delivery,0
B08226,11.202353,2.2793028,4,Respiratory / airway EV biology,0
B08227,11.629293,8.326347,5,Lung cancer EV biology,0
B08228,12.446667,2.4536862,4,Respiratory / airway EV biology,0
B08229,10.719872,10.569683,5,Lung cancer EV biology,0
B08230,10.460373,7.811118,2,EV engineering / delivery,0
B08231,11.723459,3.2711287,4,Respiratory / airway EV biology,0
B08232,7.6540394,1.0836502,0,MSC / regenerative EV therapy,0
B08233,13.680818,0.46389177,0,MSC / regenerative EV therapy,0
B08234,8.012265,8.857043,5,Lung cancer EV biology,0
B08235,7.298195,7.603661,2,EV engineering / delivery,0
B08236,8.004528,2.382216,1,Vascular / systemic inflammation,0
B08237,10.281021,7.6752334,5,Lung cancer EV biology,0
B08238,9.906975,0.9720927,0,MSC / regenerative EV therapy,0
B08239,9.690315,0.81566614,0,MSC / regenerative EV therapy,0
B08240,10.659835,0.6996447,0,MSC / regenerative EV therapy,0
B08241,10.42584,7.81614,3,Broad cancer EV biology,0
B08242,10.084028,8.586687,5,Lung cancer EV biology,0
B08243,10.445768,5.052871,4,Respiratory / airway EV biology,0
B08244,10.385857,8.154728,5,Lung cancer EV biology,0
B08245,8.665282,9.441196,5,Lung cancer EV biology,0
B08246,11.586194,8.868876,5,Lung cancer EV biology,0
B08247,8.460442,2.2042406,0,MSC / regenerative EV therapy,0
B08248,11.9628725,5.12669,2,EV engineering / delivery,0
B08249,8.629606,2.097519,0,MSC / regenerative EV therapy,0
B08250,9.667417,7.2557955,2,EV engineering / delivery,0
B08251,9.412693,2.310011,0,MSC / regenerative EV therapy,0
B08252,8.554573,2.015973,0,MSC / regenerative EV therapy,0
B08253,8.597034,1.9707328,0,MSC / regenerative EV therapy,0
B08254,10.674047,1.5688615,0,MSC / regenerative EV therapy,0
B08255,9.9074335,3.9560683,0,MSC / regenerative EV therapy,0
B08256,9.845992,2.5721805,0,MSC / regenerative EV therapy,0
B08257,10.935442,0.06866817,0,MSC / regenerative EV therapy,0
B08258,9.220892,2.468002,0,MSC / regenerative EV therapy,0
B08259,9.040125,3.0402308,0,MSC / regenerative EV therapy,0
B08260,13.738465,0.42071098,0,MSC / regenerative EV therapy,0
B08261,8.460761,2.18418,0,MSC / regenerative EV therapy,0
B08262,10.691358,0.22093455,0,MSC / regenerative EV therapy,0
B08263,8.620457,2.3696742,0,MSC / regenerative EV therapy,0
B08264,7.31267,2.4967954,1,Vascular / systemic inflammation,0
B08265,13.701372,0.43829262,0,MSC / regenerative EV therapy,0
B08266,9.670496,9.1442995,5,Lung cancer EV biology,0
B08267,10.32503,6.6557064,2,EV engineering / delivery,0
B08268,8.414401,5.8970833,2,EV engineering / delivery,0
B08269,10.262738,7.5757074,2,EV engineering / delivery,0
B08270,9.174181,0.71862954,0,MSC / regenerative EV therapy,0
B08271,11.032387,2.763392,1,Vascular / systemic inflammation,0
B08272,7.1330705,3.5247908,1,Vascular / systemic inflammation,0
B08273,10.808958,10.160404,5,Lung cancer EV biology,0
B08274,10.679331,7.945167,2,EV engineering / delivery,0
B08275,9.797565,8.52347,3,Broad cancer EV biology,0
B08276,7.950808,3.4190621,2,EV engineering / delivery,0
B08277,7.037847,8.106971,2,EV engineering / delivery,0
B08278,11.57309,7.291802,2,EV engineering / delivery,0
B08279,10.126445,9.723769,5,Lung cancer EV biology,0
B08280,9.7913,9.6236,3,Broad cancer EV biology,0
B08281,9.390425,10.990284,3,Broad cancer EV biology,0
B08282,9.381982,1.4842312,0,MSC / regenerative EV therapy,0
B08283,7.907779,4.428156,1,Vascular / systemic inflammation,0
B08284,10.752003,7.8976693,3,Broad cancer EV biology,0
B08285,9.686047,3.7329745,0,MSC / regenerative EV therapy,0
B08286,7.2484574,8.150832,2,EV engineering / delivery,0
B08287,8.49639,5.320644,2,EV engineering / delivery,0
B08288,11.5142765,4.047049,1,Vascular / systemic inflammation,0
B08289,11.53451,2.220567,5,Lung cancer EV biology,0
B08290,9.769736,4.3157535,1,Vascular / systemic inflammation,0
B08291,9.142106,2.9870265,0,MSC / regenerative EV therapy,0
B08292,10.682775,7.123442,2,EV engineering / delivery,0
B08293,11.407416,7.889775,5,Lung cancer EV biology,0
B08294,11.531792,7.8513007,2,EV engineering / delivery,0
B08295,12.496035,2.7292302,4,Respiratory / airway EV biology,0
B08296,9.344249,9.086287,5,Lung cancer EV biology,0
B08297,11.385484,8.540403,5,Lung cancer EV biology,0
B08298,11.172174,1.9743418,0,MSC / regenerative EV therapy,0
B08299,11.804484,7.969998,5,Lung cancer EV biology,0
B08300,9.939536,1.1908967,0,MSC / regenerative EV therapy,0
B08301,7.5903096,1.1081058,0,MSC / regenerative EV therapy,0
B08302,7.41844,7.5683527,5,Lung cancer EV biology,0
B08303,7.999431,5.09381,1,Vascular / systemic inflammation,0
B08304,11.558363,2.9889195,4,Respiratory / airway EV biology,0
B08305,10.592407,0.70956105,0,MSC / regenerative EV therapy,0
B08306,8.73312,5.2624507,4,Respiratory / airway EV biology,0
B08307,9.410178,6.1239343,2,EV engineering / delivery,0
B08308,10.103868,7.9692974,5,Lung cancer EV biology,0
B08309,9.148853,8.735817,5,Lung cancer EV biology,0
B08310,11.228412,0.25877607,0,MSC / regenerative EV therapy,0
B08311,11.539789,9.438435,5,Lung cancer EV biology,0
B08312,10.48147,10.918773,5,Lung cancer EV biology,0
B08313,11.504886,9.7110195,5,Lung cancer EV biology,0
B08314,9.129429,7.1522627,2,EV engineering / delivery,0
B08315,7.8042884,5.2362847,1,Vascular / systemic inflammation,0
B08316,12.802912,3.1330073,1,Vascular / systemic inflammation,0
B08317,12.517866,4.6626816,1,Vascular / systemic inflammation,0
B08318,9.4146,6.1496515,2,EV engineering / delivery,0
B08319,10.649122,4.429504,1,Vascular / systemic inflammation,0
B08320,9.466631,10.9156065,5,Lung cancer EV biology,0
B08321,8.274067,2.725441,1,Vascular / systemic inflammation,0
B08322,10.551031,8.919841,5,Lung cancer EV biology,0
B08323,7.726286,5.4895606,4,Respiratory / airway EV biology,0
B08324,11.415726,8.560513,5,Lung cancer EV biology,0
B08325,8.957068,1.2454524,4,Respiratory / airway EV biology,0
B08326,11.814023,5.7862396,2,EV engineering / delivery,0
B08327,9.223555,8.685077,5,Lung cancer EV biology,0
B08328,10.647849,10.8084345,5,Lung cancer EV biology,0
B08329,6.1550403,4.7369494,4,Respiratory / airway EV biology,0
B08330,10.507733,4.5917745,4,Respiratory / airway EV biology,0
B08331,12.436304,7.537461,5,Lung cancer EV biology,0
B08332,11.483767,3.2166896,4,Respiratory / airway EV biology,0
B08333,10.623533,2.2457395,0,MSC / regenerative EV therapy,0
B08334,11.461163,3.1753142,4,Respiratory / airway EV biology,0
B08335,10.321427,4.9335737,1,Vascular / systemic inflammation,0
B08336,7.7723126,2.1886938,1,Vascular / systemic inflammation,0
B08337,9.909375,4.9856467,4,Respiratory / airway EV biology,0
B08338,7.867055,3.7871928,1,Vascular / systemic inflammation,0
B08339,13.717942,0.47697175,0,MSC / regenerative EV therapy,0
B08340,9.540607,4.7788467,1,Vascular / systemic inflammation,0
B08341,9.023069,4.2687216,1,Vascular / systemic inflammation,0
B08342,9.160458,8.594504,5,Lung cancer EV biology,0
B08343,10.433142,8.774817,3,Broad cancer EV biology,0
B08344,7.7188115,4.0285287,1,Vascular / systemic inflammation,0
B08345,8.471878,3.9601507,1,Vascular / systemic inflammation,0
B08346,9.74693,8.794644,1,Vascular / systemic inflammation,0
B08347,10.238576,7.521555,2,EV engineering / delivery,0
B08348,10.684848,7.953715,3,Broad cancer EV biology,0
B08349,8.722277,8.156552,1,Vascular / systemic inflammation,0
B08350,7.1667333,3.4070356,1,Vascular / systemic inflammation,0
B08351,8.030289,8.538539,3,Broad cancer EV biology,0
B08352,8.260339,5.2100835,4,Respiratory / airway EV biology,0
B08353,11.169949,8.283897,5,Lung cancer EV biology,0
B08354,10.828013,4.432776,1,Vascular / systemic inflammation,0
B08355,6.46166,3.4808834,3,Broad cancer EV biology,0
B08356,6.5868807,3.4380298,3,Broad cancer EV biology,0
B08357,11.539394,8.1275,5,Lung cancer EV biology,0
B08358,9.259876,8.849339,3,Broad cancer EV biology,0
B08359,10.305055,8.550435,5,Lung cancer EV biology,0
B08360,9.445433,5.1965184,1,Vascular / systemic inflammation,0
B08361,12.19242,4.8411646,4,Respiratory / airway EV biology,0
B08362,8.770589,4.4646783,0,MSC / regenerative EV therapy,0
B08363,10.968685,7.9895744,5,Lung cancer EV biology,0
B08364,10.986774,5.794237,2,EV engineering / delivery,0
B08365,12.592959,2.8728175,4,Respiratory / airway EV biology,0
B08366,8.657704,9.367603,5,Lung cancer EV biology,0
B08367,12.884886,3.0447576,4,Respiratory / airway EV biology,0
B08368,8.418987,4.8469253,1,Vascular / systemic inflammation,0
B08369,9.662261,5.5185676,2,EV engineering / delivery,0
B08370,9.594649,6.2232428,2,EV engineering / delivery,0
B08371,11.276698,7.0662646,2,EV engineering / delivery,0
B08372,10.175977,4.6294436,1,Vascular / systemic inflammation,0
B08373,9.970231,8.52291,5,Lung cancer EV biology,0
B08374,11.999145,8.324245,5,Lung cancer EV biology,0
B08375,9.222809,8.565937,5,Lung cancer EV biology,0
B08376,11.862941,9.175885,3,Broad cancer EV biology,0
B08377,10.329621,4.3515935,1,Vascular / systemic inflammation,0
B08378,9.958543,7.247867,3,Broad cancer EV biology,0
B08379,9.556784,3.4583135,0,MSC / regenerative EV therapy,0
B08380,9.626099,8.650043,5,Lung cancer EV biology,0
B08381,11.147947,10.273558,5,Lung cancer EV biology,0
B08382,11.822956,2.5006204,4,Respiratory / airway EV biology,0
B08383,11.042857,8.005959,5,Lung cancer EV biology,0
B08384,9.447996,5.092824,1,Vascular / systemic inflammation,0
B08385,8.454653,3.1450253,1,Vascular / systemic inflammation,0
B08386,8.505695,5.0553937,4,Respiratory / airway EV biology,0
B08387,10.231921,4.691457,4,Respiratory / airway EV biology,0
B08388,10.930594,2.7627795,4,Respiratory / airway EV biology,0
B08389,10.376346,7.482383,2,EV engineering / delivery,0
B08390,9.375146,8.6433525,5,Lung cancer EV biology,0
B08391,10.211773,3.0340915,4,Respiratory / airway EV biology,0
B08392,7.9016924,3.7743652,1,Vascular / systemic inflammation,0
B08393,11.190363,5.0881777,1,Vascular / systemic inflammation,0
B08394,10.790263,3.424519,1,Vascular / systemic inflammation,0
B08395,11.089132,7.86052,3,Broad cancer EV biology,0
B08396,7.966453,5.086149,1,Vascular / systemic inflammation,0
B08397,9.069974,5.4020987,1,Vascular / systemic inflammation,0
B08398,12.80171,2.615807,4,Respiratory / airway EV biology,0
B08399,9.747999,10.588461,5,Lung cancer EV biology,0
B08400,12.93435,2.8585212,4,Respiratory / airway EV biology,0
B08401,13.854027,0.92054915,1,Vascular / systemic inflammation,0
B08402,11.504042,8.838951,5,Lung cancer EV biology,0
B08403,10.422138,8.043458,3,Broad cancer EV biology,0
B08404,8.959342,7.813864,1,Vascular / systemic inflammation,0
B08405,12.106745,8.149451,3,Broad cancer EV biology,0
B08406,10.410584,7.4648256,2,EV engineering / delivery,0
B08407,10.239265,10.892831,5,Lung cancer EV biology,0
B08408,11.233604,8.319663,3,Broad cancer EV biology,0
B08409,8.712488,1.8563163,0,MSC / regenerative EV therapy,0
B08410,9.543923,3.654933,0,MSC / regenerative EV therapy,0
B08411,7.7671804,8.891333,3,Broad cancer EV biology,0
B08412,10.904046,6.542467,2,EV engineering / delivery,0
B08413,9.671895,5.539364,2,EV engineering / delivery,0
B08414,9.107988,1.6461737,0,MSC / regenerative EV therapy,0
B08415,10.409994,2.232861,4,Respiratory / airway EV biology,0
B08416,9.522597,5.4013624,2,EV engineering / delivery,0
B08417,12.578795,7.4592195,5,Lung cancer EV biology,0
B08418,10.793793,1.3759173,0,MSC / regenerative EV therapy,0
B08419,9.737609,4.6155653,0,MSC / regenerative EV therapy,0
B08420,8.43624,2.4926472,1,Vascular / systemic inflammation,0
B08421,10.934727,5.2853475,2,EV engineering / delivery,0
B08422,9.007409,2.601304,0,MSC / regenerative EV therapy,0
B08423,11.031994,1.8607099,0,MSC / regenerative EV therapy,0
B08424,8.898672,3.7553828,0,MSC / regenerative EV therapy,0
B08425,9.48712,3.5777276,0,MSC / regenerative EV therapy,0
B08426,11.275067,7.920971,5,Lung cancer EV biology,0
B08427,8.217528,5.126078,1,Vascular / systemic inflammation,0
B08428,11.988422,4.9422913,2,EV engineering / delivery,0
B08429,9.708869,7.14169,5,Lung cancer EV biology,0
B08430,7.027173,3.571664,1,Vascular / systemic inflammation,0
B08431,10.390364,5.0690117,1,Vascular / systemic inflammation,0
B08432,11.2364855,7.941762,2,EV engineering / delivery,0
B08433,12.205872,4.199676,4,Respiratory / airway EV biology,0
B08434,6.4927235,3.3684733,3,Broad cancer EV biology,0
B08435,7.037721,3.623555,1,Vascular / systemic inflammation,0
B08436,7.1298065,3.5474753,1,Vascular / systemic inflammation,0
B08437,8.57146,2.0861614,0,MSC / regenerative EV therapy,0
B08438,8.715688,8.964936,2,EV engineering / delivery,0
B08439,10.751336,3.4052083,4,Respiratory / airway EV biology,0
B08440,10.168839,4.413969,0,MSC / regenerative EV therapy,0
B08441,7.864452,9.605541,3,Broad cancer EV biology,0
B08442,10.359213,4.689166,4,Respiratory / airway EV biology,0
B08443,10.00494,6.184787,2,EV engineering / delivery,0
B08444,11.121976,7.0991387,2,EV engineering / delivery,0
B08445,11.2881775,2.7979207,4,Respiratory / airway EV biology,0
B08446,10.554667,6.6252184,2,EV engineering / delivery,0
B08447,10.011887,5.475294,2,EV engineering / delivery,0
B08448,11.362987,4.510666,4,Respiratory / airway EV biology,0
B08449,7.9201727,4.064971,1,Vascular / systemic inflammation,0
B08450,7.8028293,2.0356152,1,Vascular / systemic inflammation,0
B08451,10.71509,2.6660287,0,MSC / regenerative EV therapy,0
B08452,13.809087,0.6274629,0,MSC / regenerative EV therapy,0
B08453,11.181901,0.27640706,0,MSC / regenerative EV therapy,0
B08454,7.00252,7.7886643,2,EV engineering / delivery,0
B08455,10.527764,10.567343,5,Lung cancer EV biology,0
B08456,10.755593,10.369627,5,Lung cancer EV biology,0
B08457,11.209233,8.273114,5,Lung cancer EV biology,0
B08458,9.777386,7.1305285,3,Broad cancer EV biology,0
B08459,11.403067,7.3206606,2,EV engineering / delivery,0
B08460,11.160808,10.02323,3,Broad cancer EV biology,0
B08461,11.960394,8.745636,5,Lung cancer EV biology,0
B08462,10.559139,10.351042,5,Lung cancer EV biology,0
B08463,9.298469,8.234265,5,Lung cancer EV biology,0
B08464,12.066911,8.463934,5,Lung cancer EV biology,0
B08465,11.055047,9.692267,5,Lung cancer EV biology,0
B08466,10.315152,10.005604,5,Lung cancer EV biology,0
B08467,10.610585,8.5774975,3,Broad cancer EV biology,0
B08468,10.684406,10.291594,5,Lung cancer EV biology,0
B08469,11.132053,8.994319,3,Broad cancer EV biology,0
B08470,10.402956,9.83179,5,Lung cancer EV biology,0
B08471,10.482776,8.750208,3,Broad cancer EV biology,0
B08472,11.507765,8.94654,3,Broad cancer EV biology,0
B08473,11.095401,8.791778,3,Broad cancer EV biology,0
B08474,11.410835,9.733482,5,Lung cancer EV biology,0
B08475,9.714372,9.77804,5,Lung cancer EV biology,0
B08476,11.999332,5.6863594,3,Broad cancer EV biology,0
B08477,11.556161,9.575275,3,Broad cancer EV biology,0
B08478,11.352699,8.390399,5,Lung cancer EV biology,0
B08479,11.115785,8.186229,3,Broad cancer EV biology,0
B08480,11.921585,8.66263,5,Lung cancer EV biology,0
B08481,8.056991,9.592245,5,Lung cancer EV biology,0
B08482,11.4929695,9.365081,5,Lung cancer EV biology,0
B08483,11.951699,8.46653,3,Broad cancer EV biology,0
B08484,11.141299,6.715037,2,EV engineering / delivery,0
B08485,9.78251,7.8634906,5,Lung cancer EV biology,0
B08486,11.368846,7.908911,2,EV engineering / delivery,0
B08487,10.497287,7.3450794,3,Broad cancer EV biology,0
B08488,8.314997,8.897918,5,Lung cancer EV biology,0
B08489,10.639805,8.817176,3,Broad cancer EV biology,0
B08490,11.028992,6.5249596,2,EV engineering / delivery,0
B08491,9.650956,2.146612,1,Vascular / systemic inflammation,0
B08492,7.0467486,3.4472265,1,Vascular / systemic inflammation,0
B08493,7.2543983,3.7316272,1,Vascular / systemic inflammation,0
B08494,7.324656,3.7107348,1,Vascular / systemic inflammation,0
B08495,9.428023,9.5739565,3,Broad cancer EV biology,0
B08496,8.028532,5.1923494,1,Vascular / systemic inflammation,0
B08497,9.524938,9.598773,3,Broad cancer EV biology,0
B08498,11.134474,8.57732,5,Lung cancer EV biology,0
B08499,10.428172,7.0072355,2,EV engineering / delivery,0
B08500,11.882415,3.182513,4,Respiratory / airway EV biology,0
B08501,8.488626,5.478196,2,EV engineering / delivery,0
B08502,11.119083,3.9039612,4,Respiratory / airway EV biology,0
B08503,9.548583,5.0224395,0,MSC / regenerative EV therapy,0
B08504,8.57411,2.0568304,0,MSC / regenerative EV therapy,0
B08505,7.0749874,3.1980383,1,Vascular / systemic inflammation,0
B08506,10.419799,10.919489,5,Lung cancer EV biology,0
B08507,11.456939,2.0783708,4,Respiratory / airway EV biology,0
B08508,8.819957,8.208374,5,Lung cancer EV biology,0
B08509,10.54117,4.835027,4,Respiratory / airway EV biology,0
B08510,9.691635,2.4280899,0,MSC / regenerative EV therapy,0
B08511,9.364788,3.6894867,0,MSC / regenerative EV therapy,0
B08512,11.112165,2.452866,0,MSC / regenerative EV therapy,0
B08513,13.32871,4.767802,4,Respiratory / airway EV biology,0
B08514,8.425459,3.149295,1,Vascular / systemic inflammation,0
B08515,8.838137,5.4696183,2,EV engineering / delivery,0
B08516,8.562813,5.022438,2,EV engineering / delivery,0
B08517,9.776697,10.097573,5,Lung cancer EV biology,0
B08518,11.59288,8.835548,3,Broad cancer EV biology,0
B08519,10.483435,7.4623528,3,Broad cancer EV biology,0
B08520,8.493457,2.1816108,0,MSC / regenerative EV therapy,0
B08521,9.4471035,4.325084,1,Vascular / systemic inflammation,0
B08522,9.49018,5.1040683,1,Vascular / systemic inflammation,0
B08523,11.231708,3.6998136,1,Vascular / systemic inflammation,0
B08524,9.525273,10.290173,3,Broad cancer EV biology,0
B08525,9.80791,1.2404947,0,MSC / regenerative EV therapy,0
B08526,7.7040606,4.542068,1,Vascular / systemic inflammation,0
B08527,9.828942,3.6744096,0,MSC / regenerative EV therapy,0
B08528,10.185523,10.118114,5,Lung cancer EV biology,0
B08529,12.113199,5.010977,2,EV engineering / delivery,0
B08530,9.553712,1.3391712,1,Vascular / systemic inflammation,0
B08531,8.558137,2.054875,0,MSC / regenerative EV therapy,0
B08532,9.62285,10.538475,3,Broad cancer EV biology,0
B08533,6.163826,4.821952,4,Respiratory / airway EV biology,0
B08534,8.425555,7.1348686,2,EV engineering / delivery,0
B08535,9.757993,5.7142196,2,EV engineering / delivery,0
B08536,11.409687,8.4004135,5,Lung cancer EV biology,0
B08537,6.0835567,4.654144,4,Respiratory / airway EV biology,0
B08538,8.469213,3.4060607,1,Vascular / systemic inflammation,0
B08539,7.970714,5.225633,1,Vascular / systemic inflammation,0
B08540,10.072506,6.314257,2,EV engineering / delivery,0
B08541,12.078541,8.634296,5,Lung cancer EV biology,0
B08542,7.0846586,7.5785985,2,EV engineering / delivery,0
B08543,7.0891104,7.594394,2,EV engineering / delivery,0
B08544,10.192932,10.287234,5,Lung cancer EV biology,0
B08545,8.597771,4.996179,1,Vascular / systemic inflammation,0
B08546,8.891539,9.954026,5,Lung cancer EV biology,0
B08547,11.2796335,9.333549,3,Broad cancer EV biology,0
B08548,8.799224,5.394376,2,EV engineering / delivery,0
B08549,11.7267685,2.7017324,4,Respiratory / airway EV biology,0
B08550,12.094052,8.483373,5,Lung cancer EV biology,0
B08551,8.731291,4.2049675,1,Vascular / systemic inflammation,0
B08552,8.752997,5.2166133,2,EV engineering / delivery,0
B08553,8.161568,8.503367,3,Broad cancer EV biology,0
B08554,8.469914,8.823762,5,Lung cancer EV biology,0
B08555,9.1163645,9.849789,3,Broad cancer EV biology,0
B08556,7.813645,9.050325,5,Lung cancer EV biology,0
B08557,10.816786,0.15367608,0,MSC / regenerative EV therapy,0
B08558,9.392678,7.9004135,5,Lung cancer EV biology,0
B08559,13.420492,0.72642916,0,MSC / regenerative EV therapy,0
B08560,10.804136,0.47499388,4,Respiratory / airway EV biology,0
B08561,8.292172,5.5185657,2,EV engineering / delivery,0
B08562,7.1436806,7.6357174,2,EV engineering / delivery,0
B08563,9.815783,6.4689445,2,EV engineering / delivery,0
B08564,8.187046,5.7907605,2,EV engineering / delivery,0
B08565,8.004046,5.349486,1,Vascular / systemic inflammation,0
B08566,8.775042,3.994882,0,MSC / regenerative EV therapy,0
B08567,8.08924,5.251536,5,Lung cancer EV biology,0
B08568,8.361002,5.111548,2,EV engineering / delivery,0
B08569,8.094081,5.2969756,1,Vascular / systemic inflammation,0
B08570,10.180145,7.165673,2,EV engineering / delivery,0
B08571,8.730765,4.830671,1,Vascular / systemic inflammation,0
B08572,6.2136426,5.794302,1,Vascular / systemic inflammation,0
B08573,11.29782,7.9671993,5,Lung cancer EV biology,0
B08574,11.066264,3.5509367,4,Respiratory / airway EV biology,0
B08575,8.045122,5.3920965,4,Respiratory / airway EV biology,0
B08576,11.078456,6.9841313,3,Broad cancer EV biology,0
B08577,9.031454,4.2560773,1,Vascular / systemic inflammation,0
B08578,10.680638,7.770632,3,Broad cancer EV biology,0
B08579,9.842402,3.4245481,0,MSC / regenerative EV therapy,0
B08580,9.375738,3.1174667,0,MSC / regenerative EV therapy,0
B08581,10.693559,2.4304156,0,MSC / regenerative EV therapy,0
B08582,9.934745,3.3177311,1,Vascular / systemic inflammation,0
B08583,8.3297615,5.511108,2,EV engineering / delivery,0
B08584,8.438256,8.569437,5,Lung cancer EV biology,0
B08585,10.754238,9.916375,5,Lung cancer EV biology,0
B08586,8.714926,6.254432,1,Vascular / systemic inflammation,0
B08587,9.369664,5.666988,1,Vascular / systemic inflammation,0
B08588,9.245349,3.3202746,0,MSC / regenerative EV therapy,0
B08589,7.6775293,10.6064625,5,Lung cancer EV biology,0
B08590,9.5189705,6.5274057,2,EV engineering / delivery,0
B08591,11.534985,9.85299,5,Lung cancer EV biology,0
B08592,10.376371,1.3292568,0,MSC / regenerative EV therapy,0
B08593,8.849965,2.721105,0,MSC / regenerative EV therapy,0
B08594,11.02586,0.35486072,0,MSC / regenerative EV therapy,0
B08595,7.3188443,7.714835,2,EV engineering / delivery,0
B08596,8.063824,1.8041872,1,Vascular / systemic inflammation,0
B08597,9.028175,2.7268193,0,MSC / regenerative EV therapy,0
B08598,9.381899,3.341736,0,MSC / regenerative EV therapy,0
B08599,9.558032,7.6597395,3,Broad cancer EV biology,0
B08600,9.779517,7.0537853,3,Broad cancer EV biology,0
B08601,10.451883,0.9086936,0,MSC / regenerative EV therapy,0
B08602,11.006721,0.57799774,0,MSC / regenerative EV therapy,0
B08603,10.38334,8.106602,5,Lung cancer EV biology,0
B08604,9.0829,4.1958055,1,Vascular / systemic inflammation,0
B08605,8.623541,10.5115795,5,Lung cancer EV biology,0
B08606,8.055753,9.742078,3,Broad cancer EV biology,0
B08607,12.565387,7.471951,5,Lung cancer EV biology,0
B08608,6.0905395,4.677203,4,Respiratory / airway EV biology,0
B08609,7.5326376,2.5093653,1,Vascular / systemic inflammation,0
B08610,8.648788,7.5882487,3,Broad cancer EV biology,0
B08611,11.221796,8.290582,5,Lung cancer EV biology,0
B08612,10.748789,8.836259,1,Vascular / systemic inflammation,0
B08613,7.8345113,5.5150003,4,Respiratory / airway EV biology,0
B08614,9.060329,6.605118,2,EV engineering / delivery,0
B08615,11.07938,8.010354,1,Vascular / systemic inflammation,0
B08616,10.880741,8.940029,3,Broad cancer EV biology,0
B08617,9.7662325,3.0157282,0,MSC / regenerative EV therapy,0
B08618,7.676807,7.440254,2,EV engineering / delivery,0
B08619,5.908771,4.78154,4,Respiratory / airway EV biology,0
B08620,10.627573,8.067769,5,Lung cancer EV biology,0
B08621,7.648258,2.006705,1,Vascular / systemic inflammation,0
B08622,11.593287,4.8086076,1,Vascular / systemic inflammation,0
B08623,10.468235,10.556782,5,Lung cancer EV biology,0
B08624,10.532545,7.6982045,5,Lung cancer EV biology,0
B08625,10.718143,8.03376,5,Lung cancer EV biology,0
B08626,8.806168,8.685,5,Lung cancer EV biology,0
B08627,9.024301,4.273226,0,MSC / regenerative EV therapy,0
B08628,9.006817,2.6501126,0,MSC / regenerative EV therapy,0
B08629,8.329337,5.439604,2,EV engineering / delivery,0
B08630,7.6349435,2.4501553,1,Vascular / systemic inflammation,0
B08631,9.758137,4.0111923,2,EV engineering / delivery,0
B08632,12.749141,7.294146,0,MSC / regenerative EV therapy,0
B08633,9.317712,2.5129414,1,Vascular / systemic inflammation,0
B08634,11.995753,4.8009877,4,Respiratory / airway EV biology,0
B08635,8.555634,2.2566621,0,MSC / regenerative EV therapy,0
B08636,8.837369,2.6851292,0,MSC / regenerative EV therapy,0
B08637,7.419253,3.2278934,1,Vascular / systemic inflammation,0
B08638,10.914157,7.1327014,2,EV engineering / delivery,0
B08639,11.283608,8.303756,5,Lung cancer EV biology,0
B08640,10.734611,5.8783035,2,EV engineering / delivery,0
B08641,10.029738,7.0385175,2,EV engineering / delivery,0
B08642,10.241372,10.673551,5,Lung cancer EV biology,0
B08643,12.472943,2.4998972,4,Respiratory / airway EV biology,0
B08644,9.705592,2.2116494,0,MSC / regenerative EV therapy,0
B08645,10.462473,0.9461337,1,Vascular / systemic inflammation,0
B08646,10.031939,8.373992,5,Lung cancer EV biology,0
B08647,11.964641,8.316518,5,Lung cancer EV biology,0
B08648,10.89127,8.579528,5,Lung cancer EV biology,0
B08649,10.590482,10.391127,3,Broad cancer EV biology,0
B08650,11.56741,5.765707,2,EV engineering / delivery,0
B08651,12.083329,4.866921,4,Respiratory / airway EV biology,0
B08652,12.341834,3.921019,4,Respiratory / airway EV biology,0
B08653,11.831469,8.862646,3,Broad cancer EV biology,0
B08654,7.397739,2.5193741,1,Vascular / systemic inflammation,0
B08655,7.9348817,5.186707,1,Vascular / systemic inflammation,0
B08656,9.8681965,5.1039186,1,Vascular / systemic inflammation,0
B08657,11.322423,6.801231,2,EV engineering / delivery,0
B08658,7.7202744,1.9039801,1,Vascular / systemic inflammation,0
B08659,7.424379,3.7369037,1,Vascular / systemic inflammation,0
B08660,10.873338,7.2213993,2,EV engineering / delivery,0
B08661,11.3567,5.0442004,1,Vascular / systemic inflammation,0
B08662,11.210352,6.8373303,2,EV engineering / delivery,0
B08663,10.6077795,5.4230123,2,EV engineering / delivery,0
B08664,8.891883,0.8240443,2,EV engineering / delivery,0
B08665,10.0754175,6.187957,2,EV engineering / delivery,0
B08666,10.114557,5.819684,2,EV engineering / delivery,0
B08667,11.069002,6.5741873,2,EV engineering / delivery,0
B08668,10.786718,7.2077928,2,EV engineering / delivery,0
B08669,9.550079,8.737542,3,Broad cancer EV biology,0
B08670,10.861191,7.5827827,3,Broad cancer EV biology,0
B08671,11.205761,6.816749,2,EV engineering / delivery,0
B08672,8.055684,5.194823,1,Vascular / systemic inflammation,0
B08673,11.558139,7.757981,3,Broad cancer EV biology,0
B08674,10.528538,6.1005054,2,EV engineering / delivery,0
B08675,13.319957,0.91010183,1,Vascular / systemic inflammation,0
B08676,10.130829,9.145769,5,Lung cancer EV biology,0
B08677,9.536081,5.586521,2,EV engineering / delivery,0
B08678,8.241975,8.567081,5,Lung cancer EV biology,0
B08679,8.930277,10.679217,3,Broad cancer EV biology,0
B08680,7.668549,9.30789,1,Vascular / systemic inflammation,0
B08681,9.758839,0.84135395,0,MSC / regenerative EV therapy,0
B08682,10.1845665,1.6332773,0,MSC / regenerative EV therapy,0
B08683,10.27552,10.930019,5,Lung cancer EV biology,0
B08684,10.43486,0.9057906,0,MSC / regenerative EV therapy,0
B08685,13.482679,0.6735359,0,MSC / regenerative EV therapy,0
B08686,10.865116,5.755683,2,EV engineering / delivery,0
B08687,8.466936,1.3034177,1,Vascular / systemic inflammation,0
B08688,8.941141,3.4965885,0,MSC / regenerative EV therapy,0
B08689,11.975985,9.034551,3,Broad cancer EV biology,0
B08690,10.724359,0.18086264,0,MSC / regenerative EV therapy,0
B08691,12.000301,8.728537,3,Broad cancer EV biology,0
B08692,7.905353,4.320572,1,Vascular / systemic inflammation,0
B08693,10.682307,10.734788,5,Lung cancer EV biology,0
B08694,10.747434,9.765114,3,Broad cancer EV biology,0
B08695,10.569993,10.729309,5,Lung cancer EV biology,0
B08696,10.374509,10.861631,5,Lung cancer EV biology,0
B08697,10.3591795,8.029586,3,Broad cancer EV biology,0
B08698,12.088253,8.498947,5,Lung cancer EV biology,0
B08699,6.608461,3.4760444,1,Vascular / systemic inflammation,0
B08700,8.9606,2.5807688,2,EV engineering / delivery,0
B08701,11.404704,7.553228,5,Lung cancer EV biology,0
B08702,10.083461,2.069809,1,Vascular / systemic inflammation,0
B08703,7.131874,3.5055897,1,Vascular / systemic inflammation,0
B08704,8.47203,5.1937075,1,Vascular / systemic inflammation,0
B08705,8.718465,2.3808208,0,MSC / regenerative EV therapy,0
B08706,8.039787,3.919561,1,Vascular / systemic inflammation,0
B08707,8.48426,3.6906092,1,Vascular / systemic inflammation,0
B08708,8.84739,9.642854,5,Lung cancer EV biology,0
B08709,10.841896,7.9375205,2,EV engineering / delivery,0
B08710,11.091123,8.638871,3,Broad cancer EV biology,0
B08711,9.71103,4.0396543,0,MSC / regenerative EV therapy,0
B08712,8.515378,2.2271128,0,MSC / regenerative EV therapy,0
B08713,7.7002187,8.721004,1,Vascular / systemic inflammation,0
B08714,8.875106,3.0328329,4,Respiratory / airway EV biology,0
B08715,9.67539,3.6787138,0,MSC / regenerative EV therapy,0
B08716,7.9449763,5.330118,2,EV engineering / delivery,0
B08717,9.514427,7.553798,3,Broad cancer EV biology,0
B08718,9.207647,3.8145747,4,Respiratory / airway EV biology,0
B08719,10.754635,0.12869585,0,MSC / regenerative EV therapy,0
B08720,11.219085,7.6471257,2,EV engineering / delivery,0
B08721,10.889211,0.8116915,0,MSC / regenerative EV therapy,0
B08722,10.462932,2.348988,4,Respiratory / airway EV biology,0
B08723,11.680469,9.625104,3,Broad cancer EV biology,0
B08724,11.891326,4.006336,4,Respiratory / airway EV biology,0
B08725,8.939399,2.692499,0,MSC / regenerative EV therapy,0
B08726,10.000559,6.198597,2,EV engineering / delivery,0
B08727,12.765601,2.51304,4,Respiratory / airway EV biology,0
B08728,11.523069,3.870656,5,Lung cancer EV biology,0
B08729,8.397419,7.3644757,1,Vascular / systemic inflammation,0
B08730,8.559687,7.9292045,3,Broad cancer EV biology,0
B08731,8.512128,2.101322,0,MSC / regenerative EV therapy,0
B08732,11.565795,9.001565,3,Broad cancer EV biology,0
B08733,10.809865,4.4182315,4,Respiratory / airway EV biology,0
B08734,8.075465,4.8062882,1,Vascular / systemic inflammation,0
B08735,11.022737,2.9065683,4,Respiratory / airway EV biology,0
B08736,12.559123,7.3796835,2,EV engineering / delivery,0
B08737,8.339238,8.12558,2,EV engineering / delivery,0
B08738,10.306724,2.46541,4,Respiratory / airway EV biology,0
B08739,6.2114325,4.7994256,4,Respiratory / airway EV biology,0
B08740,8.812756,5.310374,4,Respiratory / airway EV biology,0
B08741,11.69414,8.985847,3,Broad cancer EV biology,0
B08742,11.889072,8.256307,3,Broad cancer EV biology,0
B08743,7.440923,2.6039267,1,Vascular / systemic inflammation,0
B08744,7.755629,6.2188635,1,Vascular / systemic inflammation,0
B08745,11.021653,2.0817826,0,MSC / regenerative EV therapy,0
B08746,11.648764,3.2319052,5,Lung cancer EV biology,0
B08747,11.690602,2.1458018,4,Respiratory / airway EV biology,0
B08748,11.644977,1.937806,5,Lung cancer EV biology,0
B08749,10.674192,10.355054,5,Lung cancer EV biology,0
B08750,9.179417,8.7499275,5,Lung cancer EV biology,0
B08751,9.133462,8.772465,5,Lung cancer EV biology,0
B08752,10.237523,10.9966135,5,Lung cancer EV biology,0
B08753,9.4603815,8.852457,3,Broad cancer EV biology,0
B08754,9.376969,10.7828665,5,Lung cancer EV biology,0
B08755,8.529906,8.705788,5,Lung cancer EV biology,0
B08756,9.050533,8.668412,1,Vascular / systemic inflammation,0
B08757,9.16569,8.845366,1,Vascular / systemic inflammation,0
B08758,8.041219,10.1479025,3,Broad cancer EV biology,0
B08759,9.044917,2.7389073,1,Vascular / systemic inflammation,0
B08760,11.510826,9.595972,3,Broad cancer EV biology,0
B08761,9.943325,11.025485,5,Lung cancer EV biology,0
B08762,6.1749563,4.7925906,4,Respiratory / airway EV biology,0
B08763,10.73718,0.69024193,4,Respiratory / airway EV biology,0
B08764,7.5412154,2.9632823,1,Vascular / systemic inflammation,0
B08765,11.583279,3.2711833,4,Respiratory / airway EV biology,0
B08766,8.833453,7.7571855,5,Lung cancer EV biology,0
B08767,7.542385,4.312786,1,Vascular / systemic inflammation,0
B08768,8.87765,5.353877,2,EV engineering / delivery,0
B08769,8.013598,4.252999,1,Vascular / systemic inflammation,0
B08770,9.851643,9.689439,5,Lung cancer EV biology,0
B08771,7.822953,2.960413,1,Vascular / systemic inflammation,0
B08772,7.7995358,8.687323,1,Vascular / systemic inflammation,0
B08773,7.098254,3.6000152,1,Vascular / systemic inflammation,0
B08774,13.1986,4.7499294,4,Respiratory / airway EV biology,0
B08775,12.206885,9.542606,3,Broad cancer EV biology,0
B08776,9.004027,10.806571,3,Broad cancer EV biology,0
B08777,8.968066,8.242634,5,Lung cancer EV biology,0
B08778,9.319224,8.576931,5,Lung cancer EV biology,0
B08779,7.759986,9.447684,3,Broad cancer EV biology,0
B08780,10.442983,8.1214485,3,Broad cancer EV biology,0
B08781,7.7345805,9.154704,5,Lung cancer EV biology,0
B08782,10.194667,8.143018,5,Lung cancer EV biology,0
B08783,10.845697,10.496184,3,Broad cancer EV biology,0
B08784,10.68918,5.443095,4,Respiratory / airway EV biology,0
B08785,11.204093,9.10493,5,Lung cancer EV biology,0
B08786,9.86017,5.931445,2,EV engineering / delivery,0
B08787,11.530431,9.632738,5,Lung cancer EV biology,0
B08788,9.789841,10.026083,3,Broad cancer EV biology,0
B08789,9.6308975,11.123245,5,Lung cancer EV biology,0
B08790,10.914829,2.632277,0,MSC / regenerative EV therapy,0
B08791,9.414591,2.3185163,1,Vascular / systemic inflammation,0
B08792,9.970465,7.507796,3,Broad cancer EV biology,0
B08793,8.688248,2.5825467,0,MSC / regenerative EV therapy,0
B08794,8.570838,2.208875,0,MSC / regenerative EV therapy,0
B08795,6.3107314,4.7812166,0,MSC / regenerative EV therapy,0
B08796,6.454508,4.869942,0,MSC / regenerative EV therapy,0
B08797,8.759739,2.635241,0,MSC / regenerative EV therapy,0
B08798,7.7144065,4.639229,1,Vascular / systemic inflammation,0
B08799,9.162999,2.9551702,0,MSC / regenerative EV therapy,0
B08800,9.142357,7.104729,2,EV engineering / delivery,0
B08801,10.251173,2.7145069,4,Respiratory / airway EV biology,0
B08802,9.088058,5.998148,2,EV engineering / delivery,0
B08803,7.1375675,3.6389453,1,Vascular / systemic inflammation,0
B08804,10.014602,2.934452,1,Vascular / systemic inflammation,0
B08805,9.852633,8.032114,2,EV engineering / delivery,0
B08806,13.286041,4.8478928,4,Respiratory / airway EV biology,0
B08807,10.839026,9.607693,5,Lung cancer EV biology,0
B08808,7.638248,1.975531,1,Vascular / systemic inflammation,0
B08809,11.492534,2.8116393,5,Lung cancer EV biology,0
B08810,9.478722,9.871751,5,Lung cancer EV biology,0
B08811,10.007077,8.833536,5,Lung cancer EV biology,0
B08812,9.594524,8.491381,5,Lung cancer EV biology,0
B08813,8.004287,5.0776114,1,Vascular / systemic inflammation,0
B08814,8.599276,2.126698,0,MSC / regenerative EV therapy,0
B08815,11.117235,9.953444,5,Lung cancer EV biology,0
B08816,10.282404,10.8850765,5,Lung cancer EV biology,0
B08817,11.4908495,10.204115,5,Lung cancer EV biology,0
B08818,6.7080245,3.4698741,1,Vascular / systemic inflammation,0
B08819,11.152898,10.3766365,5,Lung cancer EV biology,0
B08820,10.609164,3.6948588,4,Respiratory / airway EV biology,0
B08821,10.612907,6.6879134,2,EV engineering / delivery,0
B08822,7.2461753,3.6947136,1,Vascular / systemic inflammation,0
B08823,8.543159,2.1311076,0,MSC / regenerative EV therapy,0
B08824,7.3487644,3.780316,1,Vascular / systemic inflammation,0
B08825,6.1166387,4.7258554,4,Respiratory / airway EV biology,0
B08826,7.543599,3.6346407,1,Vascular / systemic inflammation,0
B08827,7.9375625,5.2930827,1,Vascular / systemic inflammation,0
B08828,8.444647,5.5470033,2,EV engineering / delivery,0
B08829,9.089495,7.6876163,1,Vascular / systemic inflammation,0
B08830,8.830449,9.911904,5,Lung cancer EV biology,0
B08831,11.373628,8.6805935,3,Broad cancer EV biology,0
B08832,9.589482,5.546024,2,EV engineering / delivery,0
B08833,9.404696,3.6515431,0,MSC / regenerative EV therapy,0
B08834,12.396272,4.7152467,4,Respiratory / airway EV biology,0
B08835,9.329521,7.813021,5,Lung cancer EV biology,0
B08836,8.480586,7.595736,2,EV engineering / delivery,0
B08837,8.04213,8.354794,1,Vascular / systemic inflammation,0
B08838,12.917675,3.3352566,4,Respiratory / airway EV biology,0
B08839,8.286384,7.69691,2,EV engineering / delivery,0
B08840,7.78514,10.313887,3,Broad cancer EV biology,0
B08841,9.878529,2.0087984,0,MSC / regenerative EV therapy,0
B08842,8.835446,1.6820194,0,MSC / regenerative EV therapy,0
B08843,9.419989,3.8040226,0,MSC / regenerative EV therapy,0
B08844,8.27652,5.8368783,2,EV engineering / delivery,0
B08845,8.680459,2.4591143,4,Respiratory / airway EV biology,0
B08846,8.567667,5.3203626,1,Vascular / systemic inflammation,0
B08847,11.976619,5.0472097,1,Vascular / systemic inflammation,0
B08848,11.688519,7.1887355,2,EV engineering / delivery,0
B08849,6.0901413,4.7686934,4,Respiratory / airway EV biology,0
B08850,8.077523,5.229865,1,Vascular / systemic inflammation,0
B08851,9.425376,10.810121,5,Lung cancer EV biology,0
B08852,11.544798,3.9576418,4,Respiratory / airway EV biology,0
B08853,10.294484,7.1161046,2,EV engineering / delivery,0
B08854,11.941185,4.8977547,2,EV engineering / delivery,0
B08855,10.486611,6.031365,2,EV engineering / delivery,0
B08856,7.133197,7.8023934,2,EV engineering / delivery,0
B08857,7.7317324,10.424596,5,Lung cancer EV biology,0
B08858,11.557195,3.2456195,4,Respiratory / airway EV biology,0
B08859,9.125493,9.689057,5,Lung cancer EV biology,0
B08860,8.277832,10.160247,3,Broad cancer EV biology,0
B08861,8.546074,7.5995655,5,Lung cancer EV biology,0
B08862,7.0065966,3.4417148,1,Vascular / systemic inflammation,0
B08863,8.453656,2.429744,1,Vascular / systemic inflammation,0
B08864,6.540644,5.0730243,1,Vascular / systemic inflammation,0
B08865,13.158928,4.826545,2,EV engineering / delivery,0
B08866,11.8888035,5.1202664,2,EV engineering / delivery,0
B08867,8.728768,5.9825625,2,EV engineering / delivery,0
B08868,8.775163,6.059472,2,EV engineering / delivery,0
B08869,7.280667,2.9153583,1,Vascular / systemic inflammation,0
B08870,10.653798,3.4100413,1,Vascular / systemic inflammation,0
B08871,8.710626,9.572804,5,Lung cancer EV biology,0
B08872,11.168423,2.992601,4,Respiratory / airway EV biology,0
B08873,9.492907,5.9772034,2,EV engineering / delivery,0
B08874,9.274448,7.0490785,2,EV engineering / delivery,0
B08875,9.103162,10.30564,5,Lung cancer EV biology,0
B08876,9.260858,7.4205875,2,EV engineering / delivery,0
B08877,8.422814,2.0670602,0,MSC / regenerative EV therapy,0
B08878,9.700974,0.9784313,0,MSC / regenerative EV therapy,0
B08879,8.586831,5.000152,1,Vascular / systemic inflammation,0
B08880,9.238596,7.97552,3,Broad cancer EV biology,0
B08881,8.710021,10.069137,3,Broad cancer EV biology,0
B08882,7.5468307,8.991929,5,Lung cancer EV biology,0
B08883,9.226372,10.653983,5,Lung cancer EV biology,0
B08884,9.611274,11.071341,5,Lung cancer EV biology,0
B08885,9.3016615,10.259047,3,Broad cancer EV biology,0
B08886,8.939828,5.0552325,1,Vascular / systemic inflammation,0
B08887,10.085029,10.432324,5,Lung cancer EV biology,0
B08888,10.607598,1.4786763,0,MSC / regenerative EV therapy,0
B08889,7.1841636,3.8302372,1,Vascular / systemic inflammation,0
B08890,13.161687,4.7199593,4,Respiratory / airway EV biology,0
B08891,11.69189,2.4543924,5,Lung cancer EV biology,0
B08892,8.137659,5.158266,2,EV engineering / delivery,0
B08893,7.982932,4.7498245,1,Vascular / systemic inflammation,0
B08894,9.622594,8.076794,5,Lung cancer EV biology,0
B08895,7.823701,9.970754,3,Broad cancer EV biology,0
B08896,12.503363,4.6963353,4,Respiratory / airway EV biology,0
B08897,10.679526,7.2197285,2,EV engineering / delivery,0
B08898,8.470081,3.0910418,1,Vascular / systemic inflammation,0
B08899,8.400094,2.2608025,0,MSC / regenerative EV therapy,0
B08900,11.349002,7.022721,2,EV engineering / delivery,0
B08901,11.309689,2.2269347,5,Lung cancer EV biology,0
B08902,8.276373,5.020348,1,Vascular / systemic inflammation,0
B08903,7.1143417,7.6898785,2,EV engineering / delivery,0
B08904,9.271042,9.699763,3,Broad cancer EV biology,0
B08905,9.141719,9.906502,5,Lung cancer EV biology,0
B08906,10.46487,5.864201,2,EV engineering / delivery,0
B08907,9.528898,10.968364,3,Broad cancer EV biology,0
B08908,7.784942,4.787196,1,Vascular / systemic inflammation,0
B08909,10.607647,5.777571,2,EV engineering / delivery,0
B08910,12.021865,5.004945,4,Respiratory / airway EV biology,0
B08911,10.28279,3.7112691,1,Vascular / systemic inflammation,0
B08912,10.913572,2.4621098,0,MSC / regenerative EV therapy,0
B08913,6.6642776,4.6145287,1,Vascular / systemic inflammation,0
B08914,11.652121,8.582806,3,Broad cancer EV biology,0
B08915,10.300404,7.668055,2,EV engineering / delivery,0
B08916,9.524755,9.770527,5,Lung cancer EV biology,0
B08917,9.452954,1.928787,0,MSC / regenerative EV therapy,0
B08918,13.885434,0.8035917,1,Vascular / systemic inflammation,0
B08919,7.649011,2.802319,4,Respiratory / airway EV biology,0
B08920,9.324877,2.9967847,0,MSC / regenerative EV therapy,0
B08921,9.941543,1.8449465,0,MSC / regenerative EV therapy,0
B08922,10.588165,1.8135889,0,MSC / regenerative EV therapy,0
B08923,10.714302,9.743903,3,Broad cancer EV biology,0
B08924,10.483853,8.829045,3,Broad cancer EV biology,0
B08925,8.909387,2.0955524,0,MSC / regenerative EV therapy,0
B08926,12.90638,2.944851,3,Broad cancer EV biology,0
B08927,7.1154985,7.6493053,2,EV engineering / delivery,0
B08928,10.615247,11.145617,5,Lung cancer EV biology,0
B08929,12.088389,8.385398,5,Lung cancer EV biology,0
B08930,12.425972,2.5843015,5,Lung cancer EV biology,0
B08931,12.140638,1.9986675,0,MSC / regenerative EV therapy,0
B08932,9.4849825,1.5588408,0,MSC / regenerative EV therapy,0
B08933,12.775617,3.0210817,4,Respiratory / airway EV biology,0
B08934,11.130863,8.541231,5,Lung cancer EV biology,0
B08935,8.377554,10.684068,5,Lung cancer EV biology,0
B08936,9.123198,8.052209,5,Lung cancer EV biology,0
B08937,10.85591,7.509724,2,EV engineering / delivery,0
B08938,8.2491455,5.0690975,2,EV engineering / delivery,0
B08939,10.168124,8.201794,5,Lung cancer EV biology,0
B08940,8.3945265,5.408143,4,Respiratory / airway EV biology,0
B08941,8.971053,4.8841667,1,Vascular / systemic inflammation,0
B08942,8.818033,3.3846922,0,MSC / regenerative EV therapy,0
B08943,11.324808,7.188355,2,EV engineering / delivery,0
B08944,10.455805,10.221317,5,Lung cancer EV biology,0
B08945,10.844697,2.0597136,0,MSC / regenerative EV therapy,0
B08946,11.951835,5.0241075,2,EV engineering / delivery,0
B08947,7.6069503,7.662567,2,EV engineering / delivery,0
B08948,10.89239,2.171821,0,MSC / regenerative EV therapy,0
B08949,7.7997108,5.5445967,2,EV engineering / delivery,0
B08950,9.721476,3.6244476,0,MSC / regenerative EV therapy,0
B08951,7.714957,1.9042342,1,Vascular / systemic inflammation,0
B08952,8.567726,7.521978,5,Lung cancer EV biology,0
B08953,11.078096,5.737191,1,Vascular / systemic inflammation,0
B08954,9.478162,7.9501243,2,EV engineering / delivery,0
B08955,12.667365,3.29222,1,Vascular / systemic inflammation,0
B08956,12.808365,3.3710327,4,Respiratory / airway EV biology,0
B08957,8.373653,9.976128,5,Lung cancer EV biology,0
B08958,10.888878,7.1977377,5,Lung cancer EV biology,0
B08959,12.918069,2.7724333,4,Respiratory / airway EV biology,0
B08960,12.723997,3.0415413,4,Respiratory / airway EV biology,0
B08961,11.100944,2.0761077,4,Respiratory / airway EV biology,0
B08962,12.4719,2.8890383,4,Respiratory / airway EV biology,0
B08963,12.318907,3.0787787,4,Respiratory / airway EV biology,0
B08964,10.5028105,10.643713,5,Lung cancer EV biology,0
B08965,10.032789,2.3045135,1,Vascular / systemic inflammation,0
B08966,10.383708,8.073556,3,Broad cancer EV biology,0
B08967,11.00064,10.095588,5,Lung cancer EV biology,0
B08968,8.737963,6.789806,2,EV engineering / delivery,0
B08969,8.866538,0.8731235,1,Vascular / systemic inflammation,0
B08970,11.610115,3.2237833,4,Respiratory / airway EV biology,0
B08971,9.485349,7.699073,3,Broad cancer EV biology,0
B08972,11.497673,3.202475,1,Vascular / systemic inflammation,0
B08973,8.7171545,7.1168327,2,EV engineering / delivery,0
B08974,11.85083,2.715346,4,Respiratory / airway EV biology,0
B08975,10.436546,8.738846,5,Lung cancer EV biology,0
B08976,10.493797,10.988714,5,Lung cancer EV biology,0
B08977,10.681504,10.855641,3,Broad cancer EV biology,0
B08978,6.555646,3.5651991,3,Broad cancer EV biology,0
B08979,10.408024,10.441597,5,Lung cancer EV biology,0
B08980,9.424405,10.843248,5,Lung cancer EV biology,0
B08981,9.745539,0.8044302,0,MSC / regenerative EV therapy,0
B08982,10.268788,10.492257,5,Lung cancer EV biology,0
B08983,10.881727,1.6072265,0,MSC / regenerative EV therapy,0
B08984,10.046176,10.959993,5,Lung cancer EV biology,0
B08985,10.662902,10.827472,5,Lung cancer EV biology,0
B08986,11.822369,2.3013215,5,Lung cancer EV biology,0
B08987,9.013861,8.101581,5,Lung cancer EV biology,0
B08988,12.74773,2.5742354,4,Respiratory / airway EV biology,0
B08989,10.41064,11.189473,5,Lung cancer EV biology,0
B08990,9.723598,6.9527693,5,Lung cancer EV biology,0
B08991,10.046059,10.832581,5,Lung cancer EV biology,0
B08992,11.25362,9.753485,3,Broad cancer EV biology,0
B08993,10.656303,8.620353,5,Lung cancer EV biology,0
B08994,11.1069,2.0340781,0,MSC / regenerative EV therapy,0
B08995,10.772108,9.168614,5,Lung cancer EV biology,0
B08996,10.393015,10.959354,5,Lung cancer EV biology,0
B08997,9.79087,0.85178363,0,MSC / regenerative EV therapy,0
B08998,10.720444,11.041988,5,Lung cancer EV biology,0
B08999,11.358392,4.282114,4,Respiratory / airway EV biology,0
B09000,10.189525,1.3155425,4,Respiratory / airway EV biology,0
B09001,9.625324,8.343266,3,Broad cancer EV biology,0
B09002,9.600303,2.3263228,1,Vascular / systemic inflammation,0
B09003,9.238135,0.87345046,4,Respiratory / airway EV biology,0
B09004,10.507729,10.775415,5,Lung cancer EV biology,0
B09005,10.392711,10.7331505,5,Lung cancer EV biology,0
B09006,10.452126,9.798796,3,Broad cancer EV biology,0
B09007,10.835883,10.823168,5,Lung cancer EV biology,0
B09008,10.560011,10.958926,5,Lung cancer EV biology,0
B09009,10.2112055,11.15772,3,Broad cancer EV biology,0
B09010,13.470696,4.693147,5,Lung cancer EV biology,0
B09011,9.252986,8.562417,5,Lung cancer EV biology,0
B09012,10.928969,4.980272,4,Respiratory / airway EV biology,0
B09013,10.811866,8.54601,3,Broad cancer EV biology,0
B09014,12.093257,8.145339,3,Broad cancer EV biology,0
B09015,12.470137,2.7732427,4,Respiratory / airway EV biology,0
B09016,9.653254,5.5080214,2,EV engineering / delivery,0
B09017,10.271307,10.217175,5,Lung cancer EV biology,0
B09018,9.939731,10.232185,5,Lung cancer EV biology,0
B09019,11.078702,9.044416,5,Lung cancer EV biology,0
B09020,12.175312,9.459694,3,Broad cancer EV biology,0
B09021,11.259428,7.7723985,3,Broad cancer EV biology,0
B09022,9.327263,7.6890235,2,EV engineering / delivery,0
B09023,10.119841,6.619292,2,EV engineering / delivery,0
B09024,8.199561,10.2676935,5,Lung cancer EV biology,0
B09025,10.148929,5.7954783,2,EV engineering / delivery,0
B09026,11.53572,6.8472424,2,EV engineering / delivery,0
B09027,8.904983,5.8011785,2,EV engineering / delivery,0
B09028,8.661817,2.172968,0,MSC / regenerative EV therapy,0
B09029,9.444308,0.7621284,4,Respiratory / airway EV biology,0
B09030,11.820467,1.430186,0,MSC / regenerative EV therapy,0
B09031,9.8646555,3.4018655,0,MSC / regenerative EV therapy,0
B09032,10.088929,1.196583,0,MSC / regenerative EV therapy,0
B09033,9.916145,1.0120678,0,MSC / regenerative EV therapy,0
B09034,9.766453,2.64332,0,MSC / regenerative EV therapy,0
B09035,10.859843,5.1950707,3,Broad cancer EV biology,0
B09036,11.078626,1.8100226,0,MSC / regenerative EV therapy,0
B09037,9.46719,0.66261005,0,MSC / regenerative EV therapy,0
B09038,10.175142,8.191709,3,Broad cancer EV biology,0
B09039,13.57095,0.63816303,0,MSC / regenerative EV therapy,0
B09040,10.587309,10.716152,5,Lung cancer EV biology,0
B09041,9.689464,8.425881,3,Broad cancer EV biology,0
B09042,10.637192,11.105753,5,Lung cancer EV biology,0
B09043,10.463796,10.751501,5,Lung cancer EV biology,0
B09044,11.0945425,1.5702262,0,MSC / regenerative EV therapy,0
B09045,7.9555483,4.7054014,1,Vascular / systemic inflammation,0
B09046,12.214884,2.1294913,0,MSC / regenerative EV therapy,0
B09047,13.804966,0.6652525,0,MSC / regenerative EV therapy,0
B09048,10.549435,8.604824,0,MSC / regenerative EV therapy,0
B09049,9.65636,5.320107,2,EV engineering / delivery,0
B09050,9.883361,7.943504,5,Lung cancer EV biology,0
B09051,8.439031,3.665866,1,Vascular / systemic inflammation,0
B09052,11.808201,2.45544,4,Respiratory / airway EV biology,0
B09053,8.305892,8.238784,5,Lung cancer EV biology,0
B09054,9.834937,9.908893,3,Broad cancer EV biology,0
B09055,12.061168,9.5660515,3,Broad cancer EV biology,0
B09056,10.348009,10.02538,5,Lung cancer EV biology,0
B09057,8.799398,3.0918157,0,MSC / regenerative EV therapy,0
B09058,8.749293,3.1128752,0,MSC / regenerative EV therapy,0
B09059,10.7544155,10.738292,5,Lung cancer EV biology,0
B09060,9.827181,6.3731704,2,EV engineering / delivery,0
B09061,9.501152,6.193767,2,EV engineering / delivery,0
B09062,12.487131,7.5807266,3,Broad cancer EV biology,0
B09063,12.443326,2.468562,2,EV engineering / delivery,0
B09064,8.727545,5.478527,4,Respiratory / airway EV biology,0
B09065,7.9347177,5.17572,2,EV engineering / delivery,0
B09066,9.724671,3.7946248,0,MSC / regenerative EV therapy,0
B09067,8.8215065,0.80185956,4,Respiratory / airway EV biology,0
B09068,9.618975,5.4661226,2,EV engineering / delivery,0
B09069,8.576829,5.371314,2,EV engineering / delivery,0
B09070,10.701517,8.604686,3,Broad cancer EV biology,0
B09071,10.66986,11.117903,5,Lung cancer EV biology,0
B09072,7.4033875,2.3805687,1,Vascular / systemic inflammation,0
B09073,7.756284,7.730914,2,EV engineering / delivery,0
B09074,9.125811,7.82545,3,Broad cancer EV biology,0
B09075,9.5423975,10.210849,3,Broad cancer EV biology,0
B09076,8.1049185,8.620992,3,Broad cancer EV biology,0
B09077,9.098763,3.8179064,4,Respiratory / airway EV biology,0
B09078,9.554605,5.820897,1,Vascular / systemic inflammation,0
B09079,11.919084,4.1896935,4,Respiratory / airway EV biology,0
B09080,11.069879,10.279806,5,Lung cancer EV biology,0
B09081,8.952084,8.144814,5,Lung cancer EV biology,0
B09082,12.7523775,2.4964397,4,Respiratory / airway EV biology,0
B09083,10.150279,10.614328,5,Lung cancer EV biology,0
B09084,12.727086,5.488126,4,Respiratory / airway EV biology,0
B09085,9.81571,8.422582,5,Lung cancer EV biology,0
B09086,8.914594,5.200663,4,Respiratory / airway EV biology,0
B09087,9.873719,3.1503527,1,Vascular / systemic inflammation,0
B09088,8.952335,8.677419,1,Vascular / systemic inflammation,0
B09089,8.297603,6.946139,5,Lung cancer EV biology,0
B09090,8.65285,3.3439074,0,MSC / regenerative EV therapy,0
B09091,10.931005,7.1360555,2,EV engineering / delivery,0
B09092,9.050062,7.8850117,5,Lung cancer EV biology,0
B09093,9.649007,3.3491294,4,Respiratory / airway EV biology,0
B09094,11.135396,3.8099782,4,Respiratory / airway EV biology,0
B09095,9.139992,7.520508,2,EV engineering / delivery,0
B09096,10.288527,4.0175643,4,Respiratory / airway EV biology,0
B09097,10.034333,4.405849,4,Respiratory / airway EV biology,0
B09098,8.708507,6.1500287,2,EV engineering / delivery,0
B09099,9.781244,1.9910195,4,Respiratory / airway EV biology,0
B09100,12.354858,3.2630763,4,Respiratory / airway EV biology,0
B09101,10.285306,4.012709,4,Respiratory / airway EV biology,0
B09102,10.704272,6.741282,2,EV engineering / delivery,0
B09103,11.100881,0.4356094,4,Respiratory / airway EV biology,0
B09104,9.979512,2.8559413,4,Respiratory / airway EV biology,0
B09105,8.700923,5.184452,2,EV engineering / delivery,0
B09106,9.014232,7.6520185,3,Broad cancer EV biology,0
B09107,9.085124,3.6637936,0,MSC / regenerative EV therapy,0
B09108,9.892951,5.316082,2,EV engineering / delivery,0
B09109,12.682831,3.2001367,4,Respiratory / airway EV biology,0
B09110,10.20571,4.5179505,2,EV engineering / delivery,0
B09111,10.194899,7.819772,3,Broad cancer EV biology,0
B09112,8.839946,10.103806,5,Lung cancer EV biology,0
B09113,8.090869,4.598648,4,Respiratory / airway EV biology,0
B09114,11.238467,3.6228983,4,Respiratory / airway EV biology,0
B09115,11.535815,8.905418,5,Lung cancer EV biology,0
B09116,8.228395,5.124992,2,EV engineering / delivery,0
B09117,8.39611,6.8561387,2,EV engineering / delivery,0
B09118,7.94683,5.7496395,2,EV engineering / delivery,0
B09119,10.894112,3.2694998,4,Respiratory / airway EV biology,0
B09120,9.771136,7.763783,3,Broad cancer EV biology,0
B09121,9.693545,3.8554645,0,MSC / regenerative EV therapy,0
B09122,8.740987,3.5723798,1,Vascular / systemic inflammation,0
B09123,9.261369,3.743482,0,MSC / regenerative EV therapy,0
B09124,9.018085,3.679015,0,MSC / regenerative EV therapy,0
B09125,10.743371,2.0776489,0,MSC / regenerative EV therapy,0
B09126,12.143924,3.6447916,4,Respiratory / airway EV biology,0
B09127,7.6673813,7.7203937,2,EV engineering / delivery,0
B09128,10.333963,7.492604,2,EV engineering / delivery,0
B09129,9.916311,9.760519,5,Lung cancer EV biology,0
B09130,9.7693405,7.3313923,2,EV engineering / delivery,0
B09131,12.593739,7.324268,0,MSC / regenerative EV therapy,0
B09132,11.739861,3.179215,4,Respiratory / airway EV biology,0
B09133,12.103713,4.7597227,4,Respiratory / airway EV biology,0
B09134,11.394377,3.3946052,4,Respiratory / airway EV biology,0
B09135,10.4151945,0.7492587,0,MSC / regenerative EV therapy,0
B09136,10.629662,7.875381,3,Broad cancer EV biology,0
B09137,9.795016,1.8447201,4,Respiratory / airway EV biology,0
B09138,11.996122,3.4931483,4,Respiratory / airway EV biology,0
B09139,12.570561,3.3329422,4,Respiratory / airway EV biology,0
B09140,12.127068,9.260748,3,Broad cancer EV biology,0
B09141,10.223691,7.6745977,3,Broad cancer EV biology,0
B09142,10.489869,7.4701076,5,Lung cancer EV biology,0
B09143,10.869364,5.143841,1,Vascular / systemic inflammation,0
B09144,10.709611,7.784116,3,Broad cancer EV biology,0
B09145,9.685508,9.352887,3,Broad cancer EV biology,0
B09146,9.321567,9.163255,3,Broad cancer EV biology,0
B09147,9.9794035,7.692216,3,Broad cancer EV biology,0
B09148,10.116488,3.4459357,0,MSC / regenerative EV therapy,0
B09149,12.144267,9.352921,2,EV engineering / delivery,0
B09150,11.04406,4.1814084,1,Vascular / systemic inflammation,0
B09151,11.248073,2.8602543,4,Respiratory / airway EV biology,0
B09152,7.430879,2.901496,1,Vascular / systemic inflammation,0
B09153,9.743977,3.6176386,0,MSC / regenerative EV therapy,0
B09154,11.532767,8.917278,3,Broad cancer EV biology,0
B09155,9.392248,7.2077127,2,EV engineering / delivery,0
B09156,12.063942,9.245997,3,Broad cancer EV biology,0
B09157,9.468324,3.6019135,0,MSC / regenerative EV therapy,0
B09158,7.7022943,4.426379,1,Vascular / systemic inflammation,0
B09159,12.164041,8.479672,5,Lung cancer EV biology,0
B09160,11.045258,9.066779,3,Broad cancer EV biology,0
B09161,10.352252,4.0857015,4,Respiratory / airway EV biology,0
B09162,9.782673,9.869202,5,Lung cancer EV biology,0
B09163,12.64804,3.8461113,4,Respiratory / airway EV biology,0
B09164,13.628664,1.0791852,4,Respiratory / airway EV biology,0
B09165,11.343318,2.8679044,4,Respiratory / airway EV biology,0
B09166,10.296912,3.0723815,4,Respiratory / airway EV biology,0
B09167,11.738346,4.508177,2,EV engineering / delivery,0
B09168,10.908838,0.3436553,0,MSC / regenerative EV therapy,0
B09169,8.690282,5.521803,2,EV engineering / delivery,0
B09170,9.881224,7.288659,5,Lung cancer EV biology,0
B09171,11.208333,2.8850963,4,Respiratory / airway EV biology,0
B09172,10.386059,3.8507655,1,Vascular / systemic inflammation,0
B09173,8.753645,7.4023185,2,EV engineering / delivery,0
B09174,11.128011,3.027481,4,Respiratory / airway EV biology,0
B09175,10.278972,7.7574863,3,Broad cancer EV biology,0
B09176,7.5747714,3.5282733,1,Vascular / systemic inflammation,0
B09177,12.250103,2.784557,4,Respiratory / airway EV biology,0
B09178,11.308687,5.969656,5,Lung cancer EV biology,0
B09179,11.120273,0.30633673,0,MSC / regenerative EV therapy,0
B09180,11.440437,8.591259,3,Broad cancer EV biology,0
B09181,10.810461,2.3588123,0,MSC / regenerative EV therapy,0
B09182,10.662605,10.206915,5,Lung cancer EV biology,0
B09183,11.106996,9.882382,5,Lung cancer EV biology,0
B09184,11.731724,5.2379775,2,EV engineering / delivery,0
B09185,8.458133,2.3694339,2,EV engineering / delivery,0
B09186,10.209146,4.4379697,4,Respiratory / airway EV biology,0
B09187,11.762763,4.9200497,4,Respiratory / airway EV biology,0
B09188,10.642571,4.987539,4,Respiratory / airway EV biology,0
B09189,7.4767184,9.236149,3,Broad cancer EV biology,0
B09190,7.946216,5.433689,2,EV engineering / delivery,0
B09191,6.14307,5.8114786,1,Vascular / systemic inflammation,0
B09192,10.119803,10.014532,5,Lung cancer EV biology,0
B09193,7.747809,4.179839,4,Respiratory / airway EV biology,0
B09194,10.491452,3.914637,1,Vascular / systemic inflammation,0
B09195,7.5976176,2.3699715,1,Vascular / systemic inflammation,0
B09196,7.5409455,2.3453388,1,Vascular / systemic inflammation,0
B09197,12.017399,4.4202843,4,Respiratory / airway EV biology,0
B09198,7.4168897,2.5738862,1,Vascular / systemic inflammation,0
B09199,8.988225,1.0879904,1,Vascular / systemic inflammation,0
B09200,8.247588,8.501645,1,Vascular / systemic inflammation,0
B09201,10.002298,8.3805065,5,Lung cancer EV biology,0
B09202,10.311052,8.099085,5,Lung cancer EV biology,0
B09203,11.023949,6.26882,2,EV engineering / delivery,0
B09204,9.299517,10.04838,3,Broad cancer EV biology,0
B09205,11.479797,8.8851185,3,Broad cancer EV biology,0
B09206,11.519613,3.883883,1,Vascular / systemic inflammation,0
B09207,8.342941,5.01302,5,Lung cancer EV biology,0
B09208,8.060808,10.057315,3,Broad cancer EV biology,0
B09209,9.166854,4.063054,1,Vascular / systemic inflammation,0
B09210,9.944626,2.7999313,1,Vascular / systemic inflammation,0
B09211,8.48024,6.7100596,1,Vascular / systemic inflammation,0
B09212,9.2051,7.536424,5,Lung cancer EV biology,0
B09213,10.4105015,9.992785,5,Lung cancer EV biology,0
B09214,10.367264,10.124387,5,Lung cancer EV biology,0
B09215,10.731084,4.2911243,1,Vascular / systemic inflammation,0
B09216,11.7329,4.958534,1,Vascular / systemic inflammation,0
B09217,11.755296,9.825793,3,Broad cancer EV biology,0
B09218,10.99828,7.2903495,2,EV engineering / delivery,0
B09219,8.613038,6.134123,0,MSC / regenerative EV therapy,0
B09220,10.736631,1.5896726,0,MSC / regenerative EV therapy,0
B09221,12.134907,2.2471108,3,Broad cancer EV biology,0
B09222,8.348889,5.4709034,1,Vascular / systemic inflammation,0
B09223,10.305072,7.58745,0,MSC / regenerative EV therapy,0
B09224,10.785285,9.124315,3,Broad cancer EV biology,0
B09225,9.78403,10.2661295,5,Lung cancer EV biology,0
B09226,9.90987,1.646283,0,MSC / regenerative EV therapy,0
B09227,10.916349,10.366093,5,Lung cancer EV biology,0
B09228,9.114662,10.300893,5,Lung cancer EV biology,0
B09229,11.7625675,8.391266,2,EV engineering / delivery,0
B09230,10.66103,3.312696,4,Respiratory / airway EV biology,0
B09231,8.562055,5.267816,2,EV engineering / delivery,0
B09232,7.517259,7.8265324,2,EV engineering / delivery,0
B09233,10.3243475,8.721545,5,Lung cancer EV biology,0
B09234,9.712576,8.947773,5,Lung cancer EV biology,0
B09235,8.35243,5.8718047,2,EV engineering / delivery,0
B09236,10.874433,7.470229,3,Broad cancer EV biology,0
B09237,10.684712,8.6501665,5,Lung cancer EV biology,0
B09238,12.895781,2.3796463,0,MSC / regenerative EV therapy,0
B09239,9.895953,10.398976,5,Lung cancer EV biology,0
B09240,9.18099,8.583511,3,Broad cancer EV biology,0
B09241,8.095803,4.921356,0,MSC / regenerative EV therapy,0
B09242,8.325774,7.0240717,3,Broad cancer EV biology,0
B09243,8.5795555,5.4600215,2,EV engineering / delivery,0
B09244,8.826779,4.3530254,0,MSC / regenerative EV therapy,0
B09245,10.992308,2.1555338,0,MSC / regenerative EV therapy,1
B09246,8.912018,5.3666997,2,EV engineering / delivery,0
B09247,9.458989,0.847888,0,MSC / regenerative EV therapy,0
B09248,10.824684,2.705501,2,EV engineering / delivery,0
B09249,10.797969,1.793514,0,MSC / regenerative EV therapy,0
B09250,10.097085,8.511995,3,Broad cancer EV biology,0
B09251,9.75902,4.137608,1,Vascular / systemic inflammation,0
B09252,10.867703,0.51850027,4,Respiratory / airway EV biology,0
B09253,10.613596,10.025131,5,Lung cancer EV biology,0
B09254,10.378013,8.560278,3,Broad cancer EV biology,0
B09255,12.213772,2.006707,0,MSC / regenerative EV therapy,0
B09256,10.985081,9.521419,3,Broad cancer EV biology,0
B09257,10.638056,10.4860735,5,Lung cancer EV biology,0
B09258,9.812312,4.283263,0,MSC / regenerative EV therapy,0
B09259,12.540665,4.6734996,1,Vascular / systemic inflammation,0
B09260,11.972147,3.4444911,5,Lung cancer EV biology,0
B09261,10.064004,10.441162,5,Lung cancer EV biology,0
B09262,9.090104,9.107799,3,Broad cancer EV biology,0
B09263,9.663244,10.061035,5,Lung cancer EV biology,0
B09264,8.699488,4.494839,1,Vascular / systemic inflammation,0
B09265,9.306202,9.684349,5,Lung cancer EV biology,0
B09266,11.064828,2.4863598,1,Vascular / systemic inflammation,0
B09267,6.310572,5.722951,1,Vascular / systemic inflammation,0
B09268,12.500275,3.263878,4,Respiratory / airway EV biology,0
B09269,11.91088,9.20862,3,Broad cancer EV biology,0
B09270,10.27961,9.660123,5,Lung cancer EV biology,0
B09271,12.553948,4.8873124,4,Respiratory / airway EV biology,0
B09272,10.653341,8.530117,5,Lung cancer EV biology,0
B09273,11.958476,9.160338,5,Lung cancer EV biology,0
B09274,8.1197,7.6642346,1,Vascular / systemic inflammation,0
B09275,11.46658,6.846977,2,EV engineering / delivery,0
B09276,7.266462,3.7801704,1,Vascular / systemic inflammation,0
B09277,12.109611,5.0437794,2,EV engineering / delivery,0
B09278,13.7254505,0.4460013,0,MSC / regenerative EV therapy,0
B09279,9.153756,3.3968184,0,MSC / regenerative EV therapy,0
B09280,10.682651,4.8491855,0,MSC / regenerative EV therapy,0
B09281,8.460132,2.4310696,0,MSC / regenerative EV therapy,0
B09282,9.248826,3.2996564,0,MSC / regenerative EV therapy,0
B09283,7.88091,10.633784,5,Lung cancer EV biology,0
B09284,8.552603,2.1306372,0,MSC / regenerative EV therapy,0
B09285,11.567045,8.376446,3,Broad cancer EV biology,0
B09286,10.506439,7.926779,5,Lung cancer EV biology,0
B09287,9.58306,3.4662514,0,MSC / regenerative EV therapy,0
B09288,12.496522,7.537173,5,Lung cancer EV biology,0
B09289,7.5298166,3.0014527,1,Vascular / systemic inflammation,0
B09290,10.182117,7.2616477,5,Lung cancer EV biology,0
B09291,7.881505,1.5741922,0,MSC / regenerative EV therapy,0
B09292,7.111927,7.6802683,2,EV engineering / delivery,0
B09293,9.68779,6.4486556,2,EV engineering / delivery,0
B09294,11.931367,4.868397,1,Vascular / systemic inflammation,0
B09295,6.593188,3.6033487,5,Lung cancer EV biology,0
B09296,12.650895,2.7595353,4,Respiratory / airway EV biology,0
B09297,9.612356,11.082733,5,Lung cancer EV biology,0
B09298,12.548247,7.511156,3,Broad cancer EV biology,0
B09299,12.284932,3.5395448,4,Respiratory / airway EV biology,0
B09300,8.362349,3.8286676,1,Vascular / systemic inflammation,0
B09301,11.665167,2.0678346,4,Respiratory / airway EV biology,0
B09302,9.593295,1.9256794,4,Respiratory / airway EV biology,0
B09303,9.637018,4.2828345,1,Vascular / systemic inflammation,0
B09304,12.531391,2.7569115,4,Respiratory / airway EV biology,0
B09305,10.736162,3.0767462,4,Respiratory / airway EV biology,0
B09306,11.149192,8.338762,5,Lung cancer EV biology,0
B09307,10.347413,1.8702893,4,Respiratory / airway EV biology,0
B09308,9.219472,0.73442054,0,MSC / regenerative EV therapy,0
B09309,11.56069,8.78232,3,Broad cancer EV biology,0
B09310,9.683122,6.5106893,5,Lung cancer EV biology,0
B09311,8.986395,2.7750084,1,Vascular / systemic inflammation,0
B09312,7.886085,4.1202917,4,Respiratory / airway EV biology,0
B09313,10.961823,8.440533,5,Lung cancer EV biology,0
B09314,7.970361,8.786212,5,Lung cancer EV biology,0
B09315,10.309347,10.812456,5,Lung cancer EV biology,0
B09316,9.377318,10.080086,5,Lung cancer EV biology,0
B09317,12.821415,3.0922773,4,Respiratory / airway EV biology,0
B09318,11.119086,8.622346,1,Vascular / systemic inflammation,0
B09319,7.9236646,4.0262837,1,Vascular / systemic inflammation,0
B09320,11.210764,8.442636,5,Lung cancer EV biology,0
B09321,10.703769,11.078322,5,Lung cancer EV biology,0
B09322,10.660813,10.864841,3,Broad cancer EV biology,0
B09323,10.121389,8.379009,3,Broad cancer EV biology,0
B09324,10.257804,5.9153996,2,EV engineering / delivery,0
B09325,10.820423,3.2403586,4,Respiratory / airway EV biology,0
B09326,10.693064,0.12581916,0,MSC / regenerative EV therapy,0
B09327,11.534443,3.222045,4,Respiratory / airway EV biology,0
B09328,9.581835,2.3526313,0,MSC / regenerative EV therapy,0
B09329,12.623825,2.2183318,4,Respiratory / airway EV biology,0
B09330,12.481598,2.1824453,4,Respiratory / airway EV biology,0
B09331,11.013811,0.43399128,0,MSC / regenerative EV therapy,0
B09332,12.107218,4.8120327,4,Respiratory / airway EV biology,0
B09333,7.913545,3.1280577,1,Vascular / systemic inflammation,0
B09334,9.202012,9.780492,1,Vascular / systemic inflammation,0
B09335,8.169309,5.3972263,2,EV engineering / delivery,0
B09336,9.654389,1.6425425,0,MSC / regenerative EV therapy,0
B09337,11.6138115,3.3842583,4,Respiratory / airway EV biology,0
B09338,11.787357,2.4193318,4,Respiratory / airway EV biology,0
B09339,12.319606,3.3032904,4,Respiratory / airway EV biology,0
B09340,12.676263,2.8375072,4,Respiratory / airway EV biology,0
B09341,8.92789,7.074431,3,Broad cancer EV biology,0
B09342,10.272457,2.884024,4,Respiratory / airway EV biology,0
B09343,7.5551634,8.987529,5,Lung cancer EV biology,0
B09344,11.34403,8.650961,3,Broad cancer EV biology,0
B09345,11.044748,10.330697,5,Lung cancer EV biology,0
B09346,10.181597,8.218786,5,Lung cancer EV biology,0
B09347,10.469937,7.9335966,3,Broad cancer EV biology,0
B09348,11.832797,3.2111042,1,Vascular / systemic inflammation,0
B09349,8.68342,3.5301805,0,MSC / regenerative EV therapy,0
B09350,11.912358,4.1122413,4,Respiratory / airway EV biology,0
B09351,7.462606,3.9806364,1,Vascular / systemic inflammation,0
B09352,10.475248,3.8581305,1,Vascular / systemic inflammation,0
B09353,9.529631,6.9588532,3,Broad cancer EV biology,0
B09354,9.841143,1.2666119,0,MSC / regenerative EV therapy,0
B09355,8.361908,5.6300488,2,EV engineering / delivery,0
B09356,7.529733,9.064198,5,Lung cancer EV biology,0
B09357,7.3885846,8.257268,5,Lung cancer EV biology,0
B09358,8.28604,10.33885,5,Lung cancer EV biology,0
B09359,7.729534,10.667825,5,Lung cancer EV biology,0
B09360,7.7003036,10.459198,5,Lung cancer EV biology,0
B09361,7.660128,10.32607,3,Broad cancer EV biology,0
B09362,7.7335715,10.186396,3,Broad cancer EV biology,0
B09363,7.754094,8.591988,3,Broad cancer EV biology,0
B09364,7.464044,9.034821,5,Lung cancer EV biology,0
B09365,10.295753,3.5955184,1,Vascular / systemic inflammation,0
B09366,10.808687,10.427492,5,Lung cancer EV biology,0
B09367,10.251562,5.641191,2,EV engineering / delivery,0
B09368,9.283551,8.721966,5,Lung cancer EV biology,0
B09369,12.100201,8.341805,5,Lung cancer EV biology,0
B09370,11.761391,2.2368104,5,Lung cancer EV biology,0
B09371,9.00386,8.369695,1,Vascular / systemic inflammation,0
B09372,10.420328,2.8979702,1,Vascular / systemic inflammation,0
B09373,8.986525,8.668501,5,Lung cancer EV biology,0
B09374,9.4379635,8.913196,3,Broad cancer EV biology,0
B09375,11.482458,4.448465,1,Vascular / systemic inflammation,0
B09376,11.303866,5.601825,2,EV engineering / delivery,0
B09377,9.596587,3.923678,4,Respiratory / airway EV biology,0
B09378,9.769694,7.3368607,5,Lung cancer EV biology,0
B09379,8.085378,8.23945,2,EV engineering / delivery,0
B09380,8.857409,6.625583,2,EV engineering / delivery,0
B09381,11.830725,4.9643025,4,Respiratory / airway EV biology,0
B09382,11.462554,10.193957,5,Lung cancer EV biology,0
B09383,7.9234595,10.191374,3,Broad cancer EV biology,0
B09384,10.369458,1.2166005,0,MSC / regenerative EV therapy,0
B09385,10.511015,2.900143,0,MSC / regenerative EV therapy,0
B09386,10.932008,3.5891595,2,EV engineering / delivery,0
B09387,11.8669615,3.0685349,4,Respiratory / airway EV biology,0
B09388,6.258011,4.979244,4,Respiratory / airway EV biology,0
B09389,10.234478,1.3469199,0,MSC / regenerative EV therapy,0
B09390,10.640715,10.463697,5,Lung cancer EV biology,0
B09391,11.20542,9.416256,3,Broad cancer EV biology,0
B09392,10.856287,7.08623,2,EV engineering / delivery,0
B09393,11.081225,10.3076725,5,Lung cancer EV biology,0
B09394,9.652957,7.9677773,5,Lung cancer EV biology,0
B09395,11.871317,1.4302891,0,MSC / regenerative EV therapy,0
B09396,11.209116,1.9662732,0,MSC / regenerative EV therapy,0
B09397,10.340561,3.082939,1,Vascular / systemic inflammation,0
B09398,9.4822645,2.8674042,0,MSC / regenerative EV therapy,0
B09399,10.381626,2.9101083,4,Respiratory / airway EV biology,0
B09400,9.136266,8.041959,5,Lung cancer EV biology,0
B09401,11.755766,4.4011006,4,Respiratory / airway EV biology,0
B09402,9.770519,5.602973,2,EV engineering / delivery,0
B09403,10.0867815,4.16794,4,Respiratory / airway EV biology,0
B09404,8.94514,9.496812,5,Lung cancer EV biology,0
B09405,9.00867,9.469917,5,Lung cancer EV biology,0
B09406,12.1170435,2.0321124,4,Respiratory / airway EV biology,0
B09407,11.453487,8.678794,5,Lung cancer EV biology,0
B09408,11.15304,7.0295877,2,EV engineering / delivery,0
B09409,8.784922,5.4627433,2,EV engineering / delivery,0
B09410,12.891005,3.1083722,4,Respiratory / airway EV biology,0
B09411,11.408162,4.8028502,4,Respiratory / airway EV biology,0
B09412,11.816326,9.694354,5,Lung cancer EV biology,0
B09413,9.253765,8.939535,3,Broad cancer EV biology,0
B09414,9.439807,4.6208673,1,Vascular / systemic inflammation,0
B09415,10.241634,9.914359,3,Broad cancer EV biology,0
B09416,10.167397,4.084874,0,MSC / regenerative EV therapy,0
B09417,10.471281,1.0412862,0,MSC / regenerative EV therapy,0
B09418,9.924363,5.5070124,2,EV engineering / delivery,0
B09419,11.348505,2.020266,4,Respiratory / airway EV biology,0
B09420,9.783687,7.612157,5,Lung cancer EV biology,0
B09421,8.0673,4.6043024,1,Vascular / systemic inflammation,0
B09422,10.629744,10.842705,5,Lung cancer EV biology,0
B09423,10.599529,8.661744,5,Lung cancer EV biology,0
B09424,11.7646,5.410194,2,EV engineering / delivery,0
B09425,10.804739,1.6661903,0,MSC / regenerative EV therapy,0
B09426,10.942297,2.314443,5,Lung cancer EV biology,0
B09427,10.867703,1.9084612,0,MSC / regenerative EV therapy,0
B09428,8.581528,2.2190368,0,MSC / regenerative EV therapy,0
B09429,8.558536,2.107039,0,MSC / regenerative EV therapy,0
B09430,9.287312,1.5368701,0,MSC / regenerative EV therapy,0
B09431,9.031263,3.2548757,0,MSC / regenerative EV therapy,0
B09432,10.293024,8.808411,3,Broad cancer EV biology,0
B09433,8.675014,2.5097766,0,MSC / regenerative EV therapy,0
B09434,8.608426,2.2755668,0,MSC / regenerative EV therapy,0
B09435,8.542192,2.3376687,0,MSC / regenerative EV therapy,0
B09436,12.546731,7.4168997,0,MSC / regenerative EV therapy,0
B09437,8.039833,4.8659625,0,MSC / regenerative EV therapy,0
B09438,8.585161,2.4249256,0,MSC / regenerative EV therapy,0
B09439,9.744511,3.8163977,0,MSC / regenerative EV therapy,0
B09440,9.289892,4.140628,0,MSC / regenerative EV therapy,0
B09441,12.673486,7.318512,0,MSC / regenerative EV therapy,1
B09442,8.820811,2.3493948,0,MSC / regenerative EV therapy,0
B09443,10.118111,3.330621,0,MSC / regenerative EV therapy,0
B09444,9.302173,1.674907,0,MSC / regenerative EV therapy,0
B09445,8.871956,4.29032,0,MSC / regenerative EV therapy,0
B09446,8.978739,0.9147848,0,MSC / regenerative EV therapy,0
B09447,9.460219,3.6417193,0,MSC / regenerative EV therapy,0
B09448,11.2188,2.388582,0,MSC / regenerative EV therapy,0
B09449,8.643308,2.1108353,0,MSC / regenerative EV therapy,0
B09450,9.570038,2.6505554,0,MSC / regenerative EV therapy,0
B09451,9.819489,1.4839714,4,Respiratory / airway EV biology,0
B09452,8.624811,2.366445,0,MSC / regenerative EV therapy,0
B09453,11.883818,1.3982091,0,MSC / regenerative EV therapy,0
B09454,11.197769,8.0424,3,Broad cancer EV biology,0
B09455,8.496588,2.301846,0,MSC / regenerative EV therapy,0
B09456,8.899409,2.738374,0,MSC / regenerative EV therapy,0
B09457,8.503678,2.0444486,0,MSC / regenerative EV therapy,0
B09458,10.898833,7.0809946,0,MSC / regenerative EV therapy,0
B09459,11.268784,7.832671,0,MSC / regenerative EV therapy,0
B09460,8.395072,2.0913084,0,MSC / regenerative EV therapy,0
B09461,8.719116,2.2516794,0,MSC / regenerative EV therapy,0
B09462,10.989686,7.2022223,3,Broad cancer EV biology,0
B09463,8.853606,1.8213935,0,MSC / regenerative EV therapy,0
B09464,8.955195,2.7769923,0,MSC / regenerative EV therapy,0
B09465,9.271641,3.72374,0,MSC / regenerative EV therapy,0
B09466,8.765831,2.4113016,0,MSC / regenerative EV therapy,0
B09467,8.997496,1.3697468,0,MSC / regenerative EV therapy,0
B09468,10.809233,3.6728864,0,MSC / regenerative EV therapy,0
B09469,8.523864,2.055099,0,MSC / regenerative EV therapy,0
B09470,9.426026,2.2685444,0,MSC / regenerative EV therapy,0
B09471,10.574888,2.0046802,0,MSC / regenerative EV therapy,0
B09472,9.70892,1.955704,0,MSC / regenerative EV therapy,0
B09473,10.9661,0.31387374,0,MSC / regenerative EV therapy,0
B09474,10.74343,0.43105468,0,MSC / regenerative EV therapy,0
B09475,9.956508,3.2432394,0,MSC / regenerative EV therapy,0
B09476,10.303947,1.9561269,0,MSC / regenerative EV therapy,0
B09477,9.946244,1.9344515,0,MSC / regenerative EV therapy,0
B09478,9.448459,1.9699357,0,MSC / regenerative EV therapy,0
B09479,9.264944,2.986489,0,MSC / regenerative EV therapy,0
B09480,8.662201,2.2624125,0,MSC / regenerative EV therapy,0
B09481,8.642463,2.2080343,0,MSC / regenerative EV therapy,0
B09482,10.01193,3.2250628,0,MSC / regenerative EV therapy,0
B09483,8.965831,1.4610499,0,MSC / regenerative EV therapy,0
B09484,10.724431,0.8724935,0,MSC / regenerative EV therapy,0
B09485,10.737269,1.995885,0,MSC / regenerative EV therapy,0
B09486,8.886294,2.1988142,0,MSC / regenerative EV therapy,0
B09487,8.888822,7.5848155,1,Vascular / systemic inflammation,0
B09488,10.776905,8.649475,5,Lung cancer EV biology,0
B09489,12.795958,3.2631135,1,Vascular / systemic inflammation,0
B09490,11.821459,4.958593,4,Respiratory / airway EV biology,0
B09491,7.594261,8.167409,2,EV engineering / delivery,0
B09492,7.6696568,8.217571,2,EV engineering / delivery,0
B09493,9.574801,3.1727035,0,MSC / regenerative EV therapy,0
B09494,11.10779,3.4281445,4,Respiratory / airway EV biology,0
B09495,9.954044,11.053429,5,Lung cancer EV biology,0
B09496,10.508344,10.351431,5,Lung cancer EV biology,0
B09497,10.574722,8.102282,5,Lung cancer EV biology,0
B09498,10.85656,2.1371548,0,MSC / regenerative EV therapy,0
B09499,10.547415,10.57855,5,Lung cancer EV biology,0
B09500,12.404429,3.026455,4,Respiratory / airway EV biology,0
B09501,12.39289,2.471617,4,Respiratory / airway EV biology,0
B09502,12.098755,8.332899,5,Lung cancer EV biology,0
B09503,12.303777,2.368005,4,Respiratory / airway EV biology,0
B09504,11.086193,10.136762,5,Lung cancer EV biology,0
B09505,10.092741,10.905539,5,Lung cancer EV biology,0
B09506,8.288821,8.541505,5,Lung cancer EV biology,0
B09507,9.048578,8.20869,1,Vascular / systemic inflammation,0
B09508,9.546914,10.820768,3,Broad cancer EV biology,0
B09509,9.160781,4.242374,5,Lung cancer EV biology,0
B09510,10.959426,4.0160065,2,EV engineering / delivery,0
B09511,11.475883,3.1445916,4,Respiratory / airway EV biology,0
B09512,8.925191,2.7799315,1,Vascular / systemic inflammation,0
B09513,11.663221,4.404553,4,Respiratory / airway EV biology,0
B09514,8.13085,4.91415,1,Vascular / systemic inflammation,0
B09515,10.79503,9.24895,5,Lung cancer EV biology,0
B09516,7.9914145,5.5731444,2,EV engineering / delivery,0
B09517,10.346061,9.055653,3,Broad cancer EV biology,0
B09518,12.930284,3.043468,4,Respiratory / airway EV biology,0
B09519,10.490916,10.829063,5,Lung cancer EV biology,0
B09520,10.166411,10.553062,3,Broad cancer EV biology,0
B09521,10.549443,10.649372,3,Broad cancer EV biology,0
B09522,8.702225,5.142173,5,Lung cancer EV biology,0
B09523,12.015617,2.1281273,4,Respiratory / airway EV biology,0
B09524,11.604318,1.5352054,0,MSC / regenerative EV therapy,0
B09525,10.35209,10.714153,5,Lung cancer EV biology,0
B09526,9.6488905,2.4965217,1,Vascular / systemic inflammation,0
B09527,9.218596,8.340143,5,Lung cancer EV biology,0
B09528,9.689372,10.837102,3,Broad cancer EV biology,0
B09529,9.3644,8.375731,3,Broad cancer EV biology,0
B09530,10.8446865,10.449895,5,Lung cancer EV biology,0
B09531,11.270231,2.2466676,0,MSC / regenerative EV therapy,0
B09532,11.751432,2.0876079,4,Respiratory / airway EV biology,0
B09533,9.159348,10.769684,3,Broad cancer EV biology,0
B09534,8.664053,3.9543197,0,MSC / regenerative EV therapy,0
B09535,9.402157,4.70998,0,MSC / regenerative EV therapy,0
B09536,10.791486,2.0342488,0,MSC / regenerative EV therapy,0
B09537,9.538309,4.6070366,1,Vascular / systemic inflammation,0
B09538,9.405163,4.75697,0,MSC / regenerative EV therapy,0
B09539,8.342753,6.6666803,1,Vascular / systemic inflammation,0
B09540,9.910729,3.664059,0,MSC / regenerative EV therapy,0
B09541,8.490446,10.406269,5,Lung cancer EV biology,0
B09542,7.997537,5.136535,2,EV engineering / delivery,0
B09543,8.08164,10.536973,5,Lung cancer EV biology,0
B09544,12.77337,5.52912,4,Respiratory / airway EV biology,0
B09545,13.782958,0.86656487,4,Respiratory / airway EV biology,0
B09546,8.847724,4.360171,1,Vascular / systemic inflammation,0
B09547,10.393288,1.6450845,0,MSC / regenerative EV therapy,0
B09548,11.7068815,9.150546,5,Lung cancer EV biology,0
B09549,9.095212,2.7831848,1,Vascular / systemic inflammation,0
B09550,7.740027,9.272334,5,Lung cancer EV biology,0
B09551,7.687156,9.094626,5,Lung cancer EV biology,0
B09552,9.252263,10.135242,5,Lung cancer EV biology,0
B09553,7.7608685,10.402717,5,Lung cancer EV biology,0
B09554,8.340981,1.5035032,1,Vascular / systemic inflammation,0
B09555,8.233666,1.5700902,1,Vascular / systemic inflammation,0
B09556,9.469869,2.7630682,1,Vascular / systemic inflammation,0
B09557,10.138433,3.0402534,1,Vascular / systemic inflammation,0
B09558,8.950768,3.2753172,0,MSC / regenerative EV therapy,0
B09559,11.658695,4.9442954,1,Vascular / systemic inflammation,0
B09560,10.948904,0.13061695,0,MSC / regenerative EV therapy,0
B09561,8.097357,4.710729,0,MSC / regenerative EV therapy,0
B09562,10.316833,7.0403366,2,EV engineering / delivery,0
B09563,10.259491,2.2219963,0,MSC / regenerative EV therapy,0
B09564,9.682199,1.1371896,0,MSC / regenerative EV therapy,0
B09565,9.250153,2.9992738,0,MSC / regenerative EV therapy,0
B09566,12.914495,2.8799303,4,Respiratory / airway EV biology,0
B09567,7.71201,8.111331,3,Broad cancer EV biology,0
B09568,9.086627,5.552912,1,Vascular / systemic inflammation,0
B09569,7.7115803,7.9210753,2,EV engineering / delivery,0
B09570,9.21177,3.609092,0,MSC / regenerative EV therapy,0
B09571,9.442416,4.564544,0,MSC / regenerative EV therapy,0
B09572,13.178713,4.8620915,4,Respiratory / airway EV biology,0
B09573,11.545216,8.538631,5,Lung cancer EV biology,0
B09574,8.49841,3.084355,1,Vascular / systemic inflammation,0
B09575,9.182516,6.0123816,2,EV engineering / delivery,0
B09576,9.160752,3.3694463,2,EV engineering / delivery,0
B09577,10.310491,2.567116,2,EV engineering / delivery,0
B09578,10.92704,7.0889816,5,Lung cancer EV biology,0
B09579,11.162757,7.5951366,5,Lung cancer EV biology,0
B09580,10.529885,6.177949,2,EV engineering / delivery,0
B09581,10.356429,5.1606317,2,EV engineering / delivery,0
B09582,10.872737,6.8007207,5,Lung cancer EV biology,0
B09583,10.935039,7.328441,5,Lung cancer EV biology,0
B09584,11.26392,7.5258293,2,EV engineering / delivery,0
B09585,7.1068716,3.407858,1,Vascular / systemic inflammation,0
B09586,8.962319,9.9816675,3,Broad cancer EV biology,0
B09587,11.009346,8.040012,5,Lung cancer EV biology,0
B09588,9.787079,7.319063,5,Lung cancer EV biology,0
B09589,9.457705,4.662711,0,MSC / regenerative EV therapy,0
B09590,10.232634,8.80346,3,Broad cancer EV biology,0
B09591,10.886072,8.742924,1,Vascular / systemic inflammation,0
B09592,12.668604,3.5763786,4,Respiratory / airway EV biology,0
B09593,13.210228,4.7590036,4,Respiratory / airway EV biology,0
B09594,11.422453,4.309872,4,Respiratory / airway EV biology,0
B09595,10.97715,3.3262115,4,Respiratory / airway EV biology,0
B09596,11.204723,2.7823265,4,Respiratory / airway EV biology,0
B09597,10.814669,3.4000196,4,Respiratory / airway EV biology,0
B09598,7.5765524,9.333243,3,Broad cancer EV biology,0
B09599,11.064096,7.605049,2,EV engineering / delivery,0
B09600,9.150153,3.4919453,1,Vascular / systemic inflammation,0
B09601,9.122137,8.748378,5,Lung cancer EV biology,0
B09602,9.708533,1.7848171,4,Respiratory / airway EV biology,0
B09603,11.117242,0.08174666,0,MSC / regenerative EV therapy,0
B09604,9.006277,2.6921003,0,MSC / regenerative EV therapy,0
B09605,7.543296,6.2601137,5,Lung cancer EV biology,0
B09606,12.801776,3.0731277,4,Respiratory / airway EV biology,0
B09607,9.323733,3.6085858,0,MSC / regenerative EV therapy,0
B09608,9.200884,3.4834342,0,MSC / regenerative EV therapy,0
B09609,8.200392,8.265005,2,EV engineering / delivery,0
B09610,11.603112,7.156383,2,EV engineering / delivery,0
B09611,9.776119,10.448964,3,Broad cancer EV biology,0
B09612,9.172975,5.28272,2,EV engineering / delivery,0
B09613,9.346354,2.4924257,3,Broad cancer EV biology,0
B09614,9.753735,7.489914,5,Lung cancer EV biology,0
B09615,9.798344,7.263057,3,Broad cancer EV biology,0
B09616,11.512146,10.304002,5,Lung cancer EV biology,0
B09617,10.514393,10.163801,5,Lung cancer EV biology,0
B09618,8.264426,5.1902137,2,EV engineering / delivery,0
B09619,9.76309,6.79482,5,Lung cancer EV biology,0
B09620,9.549456,9.815755,5,Lung cancer EV biology,0
B09621,8.584741,5.546927,2,EV engineering / delivery,0
B09622,7.1110106,3.2589395,1,Vascular / systemic inflammation,0
B09623,9.268896,2.5616338,1,Vascular / systemic inflammation,0
B09624,8.97847,10.154364,3,Broad cancer EV biology,0
B09625,10.318379,3.8571851,0,MSC / regenerative EV therapy,0
B09626,9.884323,6.2657228,2,EV engineering / delivery,0
B09627,13.6415415,0.4135902,0,MSC / regenerative EV therapy,0
B09628,9.73423,9.622736,2,EV engineering / delivery,0
B09629,9.704252,5.5933633,2,EV engineering / delivery,0
B09630,10.842804,5.7721224,2,EV engineering / delivery,0
B09631,10.575118,8.190587,3,Broad cancer EV biology,0
B09632,11.909404,8.967385,5,Lung cancer EV biology,0
B09633,11.946908,4.9948335,4,Respiratory / airway EV biology,0
B09634,11.891031,4.9470015,2,EV engineering / delivery,0
B09635,9.532376,9.849096,5,Lung cancer EV biology,0
B09636,7.5018077,3.3196194,1,Vascular / systemic inflammation,0
B09637,11.825932,3.6007354,4,Respiratory / airway EV biology,0
B09638,11.008898,8.660494,5,Lung cancer EV biology,0
B09639,10.883569,3.3743782,4,Respiratory / airway EV biology,0
B09640,10.020589,5.955046,2,EV engineering / delivery,0
B09641,12.269238,3.5654671,4,Respiratory / airway EV biology,0
B09642,10.702348,3.0267103,1,Vascular / systemic inflammation,0
B09643,8.030643,3.950916,1,Vascular / systemic inflammation,0
B09644,9.741705,10.502481,5,Lung cancer EV biology,0
B09645,8.960031,5.204704,5,Lung cancer EV biology,0
B09646,7.1658607,3.742575,1,Vascular / systemic inflammation,0
B09647,9.565215,9.553692,3,Broad cancer EV biology,0
B09648,10.385436,8.834819,5,Lung cancer EV biology,0
B09649,10.691414,8.562197,5,Lung cancer EV biology,0
B09650,8.7937,10.023396,5,Lung cancer EV biology,0
B09651,11.075298,8.342793,5,Lung cancer EV biology,0
B09652,9.230387,1.3477497,4,Respiratory / airway EV biology,0
B09653,10.961083,8.701109,3,Broad cancer EV biology,0
B09654,7.8422794,10.556136,5,Lung cancer EV biology,0
B09655,11.542516,7.446738,5,Lung cancer EV biology,0
B09656,10.956311,4.945969,4,Respiratory / airway EV biology,0
B09657,12.087739,5.322376,2,EV engineering / delivery,0
B09658,8.997924,8.287162,1,Vascular / systemic inflammation,0
B09659,10.743735,9.384666,3,Broad cancer EV biology,0
B09660,12.138638,8.355678,5,Lung cancer EV biology,0
B09661,8.741596,2.7254114,0,MSC / regenerative EV therapy,0
B09662,9.277535,9.784731,3,Broad cancer EV biology,0
B09663,9.082938,4.1583567,1,Vascular / systemic inflammation,0
B09664,10.141211,9.172573,4,Respiratory / airway EV biology,0
B09665,9.160353,4.7969766,1,Vascular / systemic inflammation,0
B09666,9.593411,1.7694634,1,Vascular / systemic inflammation,0
B09667,7.1714644,3.545591,1,Vascular / systemic inflammation,0
B09668,10.814164,8.941286,3,Broad cancer EV biology,0
B09669,8.467954,4.281166,1,Vascular / systemic inflammation,0
B09670,9.475618,10.805561,5,Lung cancer EV biology,0
B09671,10.493159,1.6429278,4,Respiratory / airway EV biology,0
B09672,10.593392,3.4419935,5,Lung cancer EV biology,0
B09673,11.19636,2.6020606,4,Respiratory / airway EV biology,0
B09674,12.743806,3.2375004,4,Respiratory / airway EV biology,0
B09675,10.955745,2.305482,4,Respiratory / airway EV biology,0
B09676,9.015003,10.726839,3,Broad cancer EV biology,0
B09677,9.527068,2.565556,1,Vascular / systemic inflammation,0
B09678,9.5511875,10.3322115,3,Broad cancer EV biology,0
B09679,12.022798,9.603337,3,Broad cancer EV biology,0
B09680,9.015291,0.92177564,4,Respiratory / airway EV biology,0
B09681,8.964556,10.371185,5,Lung cancer EV biology,0
B09682,6.2031207,4.668776,1,Vascular / systemic inflammation,0
B09683,10.991326,9.385019,1,Vascular / systemic inflammation,0
B09684,6.9123855,3.477195,1,Vascular / systemic inflammation,0
B09685,7.05532,3.304474,1,Vascular / systemic inflammation,0
B09686,7.320169,3.557383,1,Vascular / systemic inflammation,0
B09687,7.358577,2.4711068,1,Vascular / systemic inflammation,0
B09688,7.0730634,3.2381318,1,Vascular / systemic inflammation,0
B09689,7.3077874,2.6907244,1,Vascular / systemic inflammation,0
B09690,7.4438963,3.2318795,1,Vascular / systemic inflammation,0
B09691,7.207358,3.385612,1,Vascular / systemic inflammation,0
B09692,7.8243628,9.473517,3,Broad cancer EV biology,0
B09693,10.078176,6.2513523,2,EV engineering / delivery,0
B09694,9.975674,5.978694,2,EV engineering / delivery,0
B09695,8.2688465,9.929328,3,Broad cancer EV biology,0
B09696,6.1319227,4.63213,1,Vascular / systemic inflammation,0
B09697,12.120216,4.885957,4,Respiratory / airway EV biology,0
B09698,10.484432,6.438633,2,EV engineering / delivery,0
B09699,11.446804,8.599866,3,Broad cancer EV biology,0
B09700,6.576933,3.449658,1,Vascular / systemic inflammation,0
B09701,8.989897,6.8955083,1,Vascular / systemic inflammation,0
B09702,8.032311,3.9145443,1,Vascular / systemic inflammation,0
B09703,9.112261,4.373705,1,Vascular / systemic inflammation,0
B09704,11.9784775,5.411568,2,EV engineering / delivery,0
B09705,9.040423,8.749141,3,Broad cancer EV biology,0
B09706,6.95156,8.0688505,2,EV engineering / delivery,0
B09707,6.1728706,4.702854,4,Respiratory / airway EV biology,0
B09708,9.817452,5.0637603,1,Vascular / systemic inflammation,0
B09709,10.508404,4.8838983,4,Respiratory / airway EV biology,0
B09710,9.603532,8.726338,5,Lung cancer EV biology,0
B09711,8.521298,2.0238655,0,MSC / regenerative EV therapy,0
B09712,8.151439,4.9651747,0,MSC / regenerative EV therapy,0
B09713,11.769924,2.7517984,1,Vascular / systemic inflammation,0
B09714,8.145093,5.081423,2,EV engineering / delivery,0
B09715,9.406056,3.48097,0,MSC / regenerative EV therapy,0
B09716,11.41862,8.9066105,3,Broad cancer EV biology,0
B09717,8.272914,8.577493,1,Vascular / systemic inflammation,0
B09718,10.123374,6.182662,2,EV engineering / delivery,0
B09719,10.509821,1.9539216,0,MSC / regenerative EV therapy,0
B09720,9.484052,3.7837992,0,MSC / regenerative EV therapy,0
B09721,8.627916,9.991559,5,Lung cancer EV biology,0
B09722,8.615655,10.037101,3,Broad cancer EV biology,0
B09723,9.282562,9.842938,5,Lung cancer EV biology,0
B09724,10.24233,6.2886376,2,EV engineering / delivery,0
B09725,9.946218,5.434698,2,EV engineering / delivery,0
B09726,11.100577,3.5726984,4,Respiratory / airway EV biology,0
B09727,8.613203,2.0836396,0,MSC / regenerative EV therapy,0
B09728,7.936006,4.2832704,4,Respiratory / airway EV biology,0
B09729,10.614621,8.900917,5,Lung cancer EV biology,0
B09730,9.153728,2.5680833,0,MSC / regenerative EV therapy,0
B09731,7.829877,10.195385,3,Broad cancer EV biology,0
B09732,10.524079,8.78072,3,Broad cancer EV biology,0
B09733,9.192133,1.6234858,0,MSC / regenerative EV therapy,0
B09734,8.504904,3.5228424,0,MSC / regenerative EV therapy,0
B09735,10.853667,1.6704881,0,MSC / regenerative EV therapy,0
B09736,10.14729,10.260911,5,Lung cancer EV biology,0
B09737,7.762527,10.654589,5,Lung cancer EV biology,0
B09738,9.95903,10.315344,5,Lung cancer EV biology,0
B09739,9.043663,0.79918116,0,MSC / regenerative EV therapy,0
B09740,8.5865345,2.5171835,0,MSC / regenerative EV therapy,0
B09741,9.14966,3.254772,0,MSC / regenerative EV therapy,0
B09742,9.992727,9.7212105,5,Lung cancer EV biology,0
B09743,12.499339,4.7646813,4,Respiratory / airway EV biology,0
B09744,11.008313,3.0908005,4,Respiratory / airway EV biology,0
B09745,11.189951,2.8822792,4,Respiratory / airway EV biology,0
B09746,11.765186,3.349195,1,Vascular / systemic inflammation,0
B09747,11.260434,2.8021934,4,Respiratory / airway EV biology,0
B09748,11.571808,2.1095781,4,Respiratory / airway EV biology,0
B09749,9.649975,9.088995,5,Lung cancer EV biology,0
B09750,8.851531,9.514458,5,Lung cancer EV biology,0
B09751,12.062065,3.09342,4,Respiratory / airway EV biology,0
B09752,7.8360953,4.71957,1,Vascular / systemic inflammation,0
B09753,11.486485,3.0539324,4,Respiratory / airway EV biology,0
B09754,11.61356,3.0595915,4,Respiratory / airway EV biology,0
B09755,8.083105,5.3703704,1,Vascular / systemic inflammation,0
B09756,8.955919,9.39211,2,EV engineering / delivery,0
B09757,11.899847,8.813413,5,Lung cancer EV biology,0
B09758,9.512944,2.5725324,1,Vascular / systemic inflammation,0
B09759,10.500299,2.79793,0,MSC / regenerative EV therapy,0
B09760,10.602747,3.2818677,0,MSC / regenerative EV therapy,0
B09761,9.9361315,8.871577,5,Lung cancer EV biology,0
B09762,7.9228663,9.670649,1,Vascular / systemic inflammation,0
B09763,11.35786,9.70443,5,Lung cancer EV biology,0
B09764,8.056108,4.8549833,1,Vascular / systemic inflammation,0
B09765,10.097225,6.3875284,2,EV engineering / delivery,0
B09766,11.183267,8.535318,3,Broad cancer EV biology,0
B09767,7.9944034,8.334878,3,Broad cancer EV biology,0
B09768,8.993319,3.6084142,0,MSC / regenerative EV therapy,0
B09769,7.853679,6.9200177,2,EV engineering / delivery,0
B09770,11.895232,5.1853504,2,EV engineering / delivery,0
B09771,9.796526,6.519277,2,EV engineering / delivery,0
B09772,8.519268,3.450204,0,MSC / regenerative EV therapy,0
B09773,10.936158,7.4594626,3,Broad cancer EV biology,0
B09774,12.206459,9.373433,5,Lung cancer EV biology,0
B09775,11.492567,7.833308,5,Lung cancer EV biology,0
B09776,11.495881,7.976144,5,Lung cancer EV biology,0
B09777,8.804661,5.5221696,2,EV engineering / delivery,0
B09778,11.711745,3.6020467,4,Respiratory / airway EV biology,0
B09779,12.477009,3.1986463,4,Respiratory / airway EV biology,0
B09780,9.444291,11.197737,3,Broad cancer EV biology,0
B09781,10.17351,10.166487,5,Lung cancer EV biology,0
B09782,8.720316,2.1700563,0,MSC / regenerative EV therapy,0
B09783,8.550546,2.2795238,0,MSC / regenerative EV therapy,0
B09784,10.599859,8.933488,5,Lung cancer EV biology,0
B09785,11.304393,7.6754003,2,EV engineering / delivery,0
B09786,11.044176,3.4950507,5,Lung cancer EV biology,0
B09787,9.956746,8.527796,1,Vascular / systemic inflammation,0
B09788,9.160039,3.636238,0,MSC / regenerative EV therapy,0
B09789,9.709701,10.888741,3,Broad cancer EV biology,0
B09790,11.501104,1.9228289,4,Respiratory / airway EV biology,0
B09791,9.387625,4.6495557,0,MSC / regenerative EV therapy,0
B09792,8.02317,5.0265346,1,Vascular / systemic inflammation,0
B09793,8.748477,3.8415813,1,Vascular / systemic inflammation,0
B09794,11.432188,7.7265997,2,EV engineering / delivery,0
B09795,11.351615,2.2130857,1,Vascular / systemic inflammation,0
B09796,10.2324705,1.2678233,4,Respiratory / airway EV biology,0
B09797,9.640655,1.6413453,0,MSC / regenerative EV therapy,0
B09798,9.877974,1.4078361,4,Respiratory / airway EV biology,0
B09799,9.635443,8.638363,5,Lung cancer EV biology,0
B09800,11.493398,8.097405,3,Broad cancer EV biology,0
B09801,9.128382,2.463019,0,MSC / regenerative EV therapy,0
B09802,11.052598,0.15262109,4,Respiratory / airway EV biology,0
B09803,7.3304667,3.9244993,1,Vascular / systemic inflammation,0
B09804,8.3944435,2.2145329,1,Vascular / systemic inflammation,0
B09805,11.266355,10.075704,5,Lung cancer EV biology,0
B09806,9.221078,3.4385908,0,MSC / regenerative EV therapy,0
B09807,10.102513,8.334969,5,Lung cancer EV biology,0
B09808,11.257697,9.799585,5,Lung cancer EV biology,0
B09809,9.617991,0.8016808,0,MSC / regenerative EV therapy,0
B09810,9.934552,0.8233415,0,MSC / regenerative EV therapy,0
B09811,10.032386,10.124551,5,Lung cancer EV biology,0
B09812,11.995545,8.386083,5,Lung cancer EV biology,0
B09813,10.14025,9.991377,5,Lung cancer EV biology,0
B09814,10.471085,10.700272,5,Lung cancer EV biology,0
B09815,10.577542,10.214754,3,Broad cancer EV biology,0
B09816,10.454429,10.811147,5,Lung cancer EV biology,0
B09817,10.424912,10.2424345,5,Lung cancer EV biology,0
B09818,10.084743,10.19507,5,Lung cancer EV biology,0
B09819,10.118477,1.1989658,0,MSC / regenerative EV therapy,0
B09820,8.254295,7.579193,2,EV engineering / delivery,0
B09821,8.584966,2.049223,0,MSC / regenerative EV therapy,0
B09822,11.342415,8.723568,3,Broad cancer EV biology,0
B09823,11.261419,2.0692358,5,Lung cancer EV biology,0
B09824,9.648168,4.7232637,1,Vascular / systemic inflammation,0
B09825,12.180959,2.8231418,4,Respiratory / airway EV biology,0
B09826,9.985953,10.563429,5,Lung cancer EV biology,0
B09827,9.793207,3.6741195,2,EV engineering / delivery,0
B09828,10.136961,1.9994382,0,MSC / regenerative EV therapy,0
B09829,10.683579,8.206635,5,Lung cancer EV biology,0
B09830,10.741752,9.782165,5,Lung cancer EV biology,0
B09831,9.939563,2.054253,4,Respiratory / airway EV biology,0
B09832,7.191588,3.5333805,1,Vascular / systemic inflammation,0
B09833,9.981282,7.708019,5,Lung cancer EV biology,0
B09834,11.403673,9.747867,5,Lung cancer EV biology,0
B09835,10.11475,10.468983,5,Lung cancer EV biology,0
B09836,12.694573,2.6940289,4,Respiratory / airway EV biology,0
B09837,9.758878,7.9375186,5,Lung cancer EV biology,0
B09838,8.889314,1.4700414,4,Respiratory / airway EV biology,0
B09839,11.4682665,3.1797223,4,Respiratory / airway EV biology,0
B09840,10.952728,4.2236714,2,EV engineering / delivery,0
B09841,9.839604,4.2290177,2,EV engineering / delivery,0
B09842,9.153581,9.291087,3,Broad cancer EV biology,0
B09843,9.80868,8.331494,5,Lung cancer EV biology,0
B09844,12.317768,2.6757982,4,Respiratory / airway EV biology,0
B09845,12.527362,2.5862575,4,Respiratory / airway EV biology,0
B09846,11.376847,3.8067124,4,Respiratory / airway EV biology,0
B09847,8.3899355,3.1552708,1,Vascular / systemic inflammation,0
B09848,11.90616,2.3451772,5,Lung cancer EV biology,0
B09849,9.126874,8.02499,5,Lung cancer EV biology,0
B09850,10.363551,7.899856,5,Lung cancer EV biology,0
B09851,10.227057,3.2276082,0,MSC / regenerative EV therapy,0
B09852,9.621088,8.169293,5,Lung cancer EV biology,0
B09853,9.436389,8.224451,1,Vascular / systemic inflammation,0
B09854,10.462694,2.8461072,4,Respiratory / airway EV biology,0
B09855,9.5597315,4.894568,1,Vascular / systemic inflammation,0
B09856,7.6912885,7.756143,2,EV engineering / delivery,0
B09857,9.9570875,1.8389986,1,Vascular / systemic inflammation,0
B09858,7.936952,5.1798596,1,Vascular / systemic inflammation,0
B09859,6.302712,5.0276265,4,Respiratory / airway EV biology,0
B09860,7.4545817,3.9514103,1,Vascular / systemic inflammation,0
B09861,7.184036,3.519827,1,Vascular / systemic inflammation,0
B09862,7.982806,5.098438,1,Vascular / systemic inflammation,0
B09863,8.466823,2.0843008,0,MSC / regenerative EV therapy,0
B09864,7.0790772,3.4551113,1,Vascular / systemic inflammation,0
B09865,10.770872,3.2848568,4,Respiratory / airway EV biology,0
B09866,12.608537,4.8372407,1,Vascular / systemic inflammation,0
B09867,9.40623,4.646569,1,Vascular / systemic inflammation,0
B09868,9.675829,6.2517858,2,EV engineering / delivery,0
B09869,12.380332,7.4827585,2,EV engineering / delivery,0
B09870,10.204178,9.6541,5,Lung cancer EV biology,0
B09871,8.807324,2.1615582,0,MSC / regenerative EV therapy,0
B09872,10.17695,6.3000064,2,EV engineering / delivery,0
B09873,8.589844,5.4090247,2,EV engineering / delivery,0
B09874,10.868714,4.3814425,4,Respiratory / airway EV biology,0
B09875,9.0497265,0.8324696,1,Vascular / systemic inflammation,0
B09876,9.041246,10.875537,3,Broad cancer EV biology,0
B09877,9.603212,9.84909,5,Lung cancer EV biology,0
B09878,12.6021185,2.7538726,4,Respiratory / airway EV biology,0
B09879,8.663494,8.399628,5,Lung cancer EV biology,0
B09880,9.678922,11.013816,5,Lung cancer EV biology,0
B09881,9.341726,10.575174,5,Lung cancer EV biology,0
B09882,9.351651,10.628941,3,Broad cancer EV biology,0
B09883,9.23046,10.576639,5,Lung cancer EV biology,0
B09884,8.860327,9.004628,3,Broad cancer EV biology,0
B09885,9.532503,3.8422408,0,MSC / regenerative EV therapy,0
B09886,11.410094,3.6979935,4,Respiratory / airway EV biology,0
B09887,11.153312,1.8938117,0,MSC / regenerative EV therapy,0
B09888,8.157091,5.1002917,2,EV engineering / delivery,0
B09889,8.332627,5.9407105,2,EV engineering / delivery,0
B09890,9.797969,8.270629,3,Broad cancer EV biology,0
B09891,11.73129,9.061005,5,Lung cancer EV biology,0
B09892,9.760153,7.385828,2,EV engineering / delivery,0
B09893,8.747177,5.349902,2,EV engineering / delivery,0
B09894,9.943367,9.524223,4,Respiratory / airway EV biology,0
B09895,9.395413,3.6024585,0,MSC / regenerative EV therapy,0
B09896,9.5373125,7.331161,2,EV engineering / delivery,0
B09897,9.123276,9.87147,3,Broad cancer EV biology,0
B09898,6.4185853,4.671832,4,Respiratory / airway EV biology,0
B09899,11.1648655,8.32563,5,Lung cancer EV biology,0
B09900,9.652155,4.534428,1,Vascular / systemic inflammation,0
B09901,8.125129,1.7944291,1,Vascular / systemic inflammation,0
B09902,9.4581,10.788919,5,Lung cancer EV biology,0
B09903,10.726066,6.385325,2,EV engineering / delivery,0
B09904,10.510684,8.205228,3,Broad cancer EV biology,0
B09905,8.60848,4.770416,1,Vascular / systemic inflammation,0
B09906,8.597286,10.191849,5,Lung cancer EV biology,0
B09907,10.308197,8.868813,3,Broad cancer EV biology,0
B09908,10.918685,9.70849,3,Broad cancer EV biology,0
B09909,10.5646925,2.2346475,1,Vascular / systemic inflammation,0
B09910,11.35672,7.020106,2,EV engineering / delivery,0
B09911,12.623569,2.885507,4,Respiratory / airway EV biology,0
B09912,9.116774,5.1662083,1,Vascular / systemic inflammation,0
B09913,11.914668,1.4216949,4,Respiratory / airway EV biology,0
B09914,10.551935,6.8662586,0,MSC / regenerative EV therapy,0
B09915,8.57726,1.9392126,0,MSC / regenerative EV therapy,0
B09916,8.556793,2.109589,0,MSC / regenerative EV therapy,0
B09917,9.188899,3.7667751,0,MSC / regenerative EV therapy,0
B09918,8.498929,2.1542318,0,MSC / regenerative EV therapy,0
B09919,8.487897,2.2002113,0,MSC / regenerative EV therapy,0
B09920,10.703226,1.6800704,0,MSC / regenerative EV therapy,0
B09921,8.378538,2.4303346,1,Vascular / systemic inflammation,0
B09922,8.675742,1.9968395,0,MSC / regenerative EV therapy,0
B09923,13.667525,0.33709365,0,MSC / regenerative EV therapy,0
B09924,13.604224,0.51845205,0,MSC / regenerative EV therapy,0
B09925,8.883156,2.7386982,0,MSC / regenerative EV therapy,0
B09926,13.226932,0.8906033,0,MSC / regenerative EV therapy,0
B09927,9.627868,7.738876,5,Lung cancer EV biology,0
B09928,12.103776,5.2292814,2,EV engineering / delivery,0
B09929,10.469958,10.612127,5,Lung cancer EV biology,0
B09930,10.047329,3.9636855,2,EV engineering / delivery,0
B09931,10.012487,9.170347,3,Broad cancer EV biology,0
B09932,10.208671,1.6832657,4,Respiratory / airway EV biology,0
B09933,13.072884,0.99912107,0,MSC / regenerative EV therapy,0
B09934,10.756428,0.21063758,0,MSC / regenerative EV therapy,0
B09935,7.6781974,2.9145029,1,Vascular / systemic inflammation,0
B09936,9.699338,6.3781996,2,EV engineering / delivery,0
B09937,7.0479617,7.793952,2,EV engineering / delivery,0
B09938,11.340605,6.4655223,2,EV engineering / delivery,0
B09939,10.660127,6.5495524,2,EV engineering / delivery,0
B09940,9.337308,2.0975974,0,MSC / regenerative EV therapy,0
B09941,11.395561,9.7536545,5,Lung cancer EV biology,0
B09942,12.763154,3.3046463,2,EV engineering / delivery,0
B09943,7.901493,5.6920786,2,EV engineering / delivery,0
B09944,10.281876,2.499822,4,Respiratory / airway EV biology,0
B09945,8.574968,3.720074,0,MSC / regenerative EV therapy,0
B09946,10.514701,6.7497864,2,EV engineering / delivery,0
B09947,10.650383,10.303142,5,Lung cancer EV biology,0
B09948,10.642407,6.299468,2,EV engineering / delivery,0
B09949,11.216425,7.4306602,3,Broad cancer EV biology,0
B09950,11.526698,8.881351,3,Broad cancer EV biology,0
B09951,8.881867,1.9625269,0,MSC / regenerative EV therapy,0
B09952,11.588715,7.413884,5,Lung cancer EV biology,0
B09953,10.711045,3.1315236,4,Respiratory / airway EV biology,0
B09954,9.676896,5.9218507,2,EV engineering / delivery,0
B09955,6.972769,8.018165,2,EV engineering / delivery,0
B09956,7.6206045,1.1075692,0,MSC / regenerative EV therapy,0
B09957,11.947729,9.4935465,5,Lung cancer EV biology,0
B09958,10.50244,2.1509795,0,MSC / regenerative EV therapy,0
B09959,11.027379,10.019895,5,Lung cancer EV biology,0
B09960,7.505147,2.795265,1,Vascular / systemic inflammation,0
B09961,9.17396,4.1238933,1,Vascular / systemic inflammation,0
B09962,12.179915,9.213679,3,Broad cancer EV biology,0
B09963,8.841558,4.6094713,1,Vascular / systemic inflammation,0
B09964,9.225804,8.405057,5,Lung cancer EV biology,0
B09965,9.755615,7.4199944,2,EV engineering / delivery,0
B09966,10.31672,7.6740327,3,Broad cancer EV biology,0
B09967,9.036867,8.383633,3,Broad cancer EV biology,0
B09968,8.612724,5.986658,2,EV engineering / delivery,0
B09969,6.7799807,3.497446,1,Vascular / systemic inflammation,0
B09970,12.12215,8.203456,2,EV engineering / delivery,0
B09971,11.816876,8.118365,3,Broad cancer EV biology,0
B09972,10.421623,3.460354,1,Vascular / systemic inflammation,0
B09973,11.741519,4.464767,4,Respiratory / airway EV biology,0
B09974,10.162036,9.844551,5,Lung cancer EV biology,0
B09975,8.600951,1.1257864,1,Vascular / systemic inflammation,0
B09976,10.996858,8.517735,3,Broad cancer EV biology,0
B09977,8.488579,2.0549686,0,MSC / regenerative EV therapy,0
B09978,8.517805,2.101099,0,MSC / regenerative EV therapy,0
B09979,11.553511,7.6052814,3,Broad cancer EV biology,0
B09980,10.569796,10.075956,5,Lung cancer EV biology,0
B09981,11.404613,8.319108,5,Lung cancer EV biology,0
B09982,10.244307,1.72495,4,Respiratory / airway EV biology,0
B09983,9.626947,3.69119,0,MSC / regenerative EV therapy,0
B09984,9.561906,3.9738526,0,MSC / regenerative EV therapy,0
B09985,12.090694,3.4099684,4,Respiratory / airway EV biology,0
B09986,9.066203,8.898821,3,Broad cancer EV biology,0
B09987,10.525027,7.984679,5,Lung cancer EV biology,0
B09988,10.362873,4.9309406,4,Respiratory / airway EV biology,0
B09989,8.09687,4.925445,1,Vascular / systemic inflammation,0
B09990,8.897889,8.472509,5,Lung cancer EV biology,0
B09991,11.213264,2.0513787,0,MSC / regenerative EV therapy,0
B09992,10.228347,3.7828097,1,Vascular / systemic inflammation,0
B09993,11.653749,8.881504,5,Lung cancer EV biology,0
B09994,10.295843,4.278364,4,Respiratory / airway EV biology,0
B09995,8.312847,2.8524222,1,Vascular / systemic inflammation,0
B09996,10.387139,8.921534,5,Lung cancer EV biology,0
B09997,8.162645,8.97658,5,Lung cancer EV biology,0
B09998,10.398824,10.455003,5,Lung cancer EV biology,0
B09999,7.7872553,5.6040015,2,EV engineering / delivery,0
B10000,6.5124044,3.3625565,1,Vascular / systemic inflammation,0
B10001,10.368961,8.045861,3,Broad cancer EV biology,0
B10002,10.618684,7.7854996,3,Broad cancer EV biology,0
B10003,10.067083,8.744465,5,Lung cancer EV biology,0
B10004,9.179499,9.498659,4,Respiratory / airway EV biology,0
B10005,11.679471,4.678961,4,Respiratory / airway EV biology,0
B10006,11.408919,9.848522,5,Lung cancer EV biology,0
B10007,7.6862755,8.97467,5,Lung cancer EV biology,0
B10008,8.525451,9.103369,3,Broad cancer EV biology,0
B10009,9.21179,5.085473,1,Vascular / systemic inflammation,0
B10010,9.3188715,4.104561,1,Vascular / systemic inflammation,0
B10011,10.817081,1.3256898,0,MSC / regenerative EV therapy,0
B10012,11.246024,8.095894,3,Broad cancer EV biology,0
B10013,12.131043,9.4442,3,Broad cancer EV biology,0
B10014,8.684717,4.2782984,1,Vascular / systemic inflammation,0
B10015,12.146694,4.6343827,4,Respiratory / airway EV biology,0
B10016,10.635979,2.6416414,0,MSC / regenerative EV therapy,0
B10017,9.3156,10.504731,5,Lung cancer EV biology,0
B10018,8.7262945,8.570362,1,Vascular / systemic inflammation,0
B10019,7.8956833,4.574827,1,Vascular / systemic inflammation,0
B10020,8.85811,7.1196475,1,Vascular / systemic inflammation,0
B10021,8.058233,5.0792904,2,EV engineering / delivery,0
B10022,11.746075,3.1090274,4,Respiratory / airway EV biology,0
B10023,8.113042,10.657182,5,Lung cancer EV biology,0
B10024,8.864787,1.0692176,1,Vascular / systemic inflammation,0
B10025,10.20165,3.4876018,1,Vascular / systemic inflammation,0
B10026,11.799206,8.935735,3,Broad cancer EV biology,0
B10027,9.656374,7.4632735,3,Broad cancer EV biology,0
B10028,11.13644,8.426859,3,Broad cancer EV biology,0
B10029,11.566569,3.0308967,1,Vascular / systemic inflammation,0
B10030,8.064704,10.424724,5,Lung cancer EV biology,0
B10031,13.688241,0.9411165,4,Respiratory / airway EV biology,0
B10032,9.414133,8.431381,5,Lung cancer EV biology,0
B10033,8.284976,8.216006,5,Lung cancer EV biology,0
B10034,10.8237705,10.147804,5,Lung cancer EV biology,0
B10035,8.016849,5.0594473,2,EV engineering / delivery,0
B10036,11.444602,3.0757208,4,Respiratory / airway EV biology,0
B10037,10.270922,7.6161256,3,Broad cancer EV biology,0
B10038,8.617433,3.7746246,1,Vascular / systemic inflammation,0
B10039,7.7628965,1.919082,4,Respiratory / airway EV biology,0
B10040,10.200494,4.501042,4,Respiratory / airway EV biology,0
B10041,7.965772,10.604743,5,Lung cancer EV biology,0
B10042,9.379693,8.30391,5,Lung cancer EV biology,0
B10043,7.978901,4.0274506,1,Vascular / systemic inflammation,0
B10044,11.822206,4.634281,4,Respiratory / airway EV biology,0
B10045,11.462197,2.450255,4,Respiratory / airway EV biology,0
B10046,11.214274,2.3539248,4,Respiratory / airway EV biology,0
B10047,10.003169,9.292477,3,Broad cancer EV biology,0
B10048,9.843821,8.525444,3,Broad cancer EV biology,0
B10049,12.743697,3.2400663,4,Respiratory / airway EV biology,0
B10050,8.843756,4.1204567,1,Vascular / systemic inflammation,0
B10051,9.651381,7.4068418,5,Lung cancer EV biology,0
B10052,11.522713,8.807161,3,Broad cancer EV biology,0
B10053,9.714916,10.651244,3,Broad cancer EV biology,0
B10054,9.444721,9.496744,2,EV engineering / delivery,0
B10055,10.416335,3.4644434,1,Vascular / systemic inflammation,0
B10056,8.58997,3.4259992,1,Vascular / systemic inflammation,0
B10057,7.771781,4.7037168,2,EV engineering / delivery,0
B10058,11.243701,8.873057,5,Lung cancer EV biology,0
B10059,11.550669,8.640945,3,Broad cancer EV biology,0
B10060,9.160244,3.1629143,0,MSC / regenerative EV therapy,0
B10061,7.9285626,9.900618,5,Lung cancer EV biology,0
B10062,8.802414,8.681222,3,Broad cancer EV biology,0
B10063,10.447227,4.5521717,4,Respiratory / airway EV biology,0
B10064,9.168109,3.5651069,0,MSC / regenerative EV therapy,0
B10065,9.40933,4.2591085,5,Lung cancer EV biology,0
B10066,10.218417,1.3134713,0,MSC / regenerative EV therapy,0
B10067,10.355423,1.3712257,0,MSC / regenerative EV therapy,0
B10068,10.307675,2.277717,4,Respiratory / airway EV biology,0
B10069,10.815204,0.36750385,0,MSC / regenerative EV therapy,0
B10070,9.340684,3.748252,0,MSC / regenerative EV therapy,0
B10071,9.11515,3.4430764,0,MSC / regenerative EV therapy,0
B10072,8.867113,1.6770564,0,MSC / regenerative EV therapy,0
B10073,8.900123,1.091707,4,Respiratory / airway EV biology,0
B10074,9.831846,1.9870379,0,MSC / regenerative EV therapy,0
B10075,8.632699,2.2853458,0,MSC / regenerative EV therapy,0
B10076,8.038823,2.031686,0,MSC / regenerative EV therapy,0
B10077,8.75328,2.1983953,0,MSC / regenerative EV therapy,0
B10078,9.594241,3.4974365,0,MSC / regenerative EV therapy,0
B10079,10.14296,7.035081,2,EV engineering / delivery,0
B10080,13.551763,0.5382107,0,MSC / regenerative EV therapy,0
B10081,7.0958576,3.410585,1,Vascular / systemic inflammation,0
B10082,6.557823,3.413984,3,Broad cancer EV biology,0
B10083,7.0593247,3.6678488,1,Vascular / systemic inflammation,0
B10084,9.903895,7.957283,3,Broad cancer EV biology,0
B10085,10.256197,1.7039522,4,Respiratory / airway EV biology,0
B10086,11.245953,3.979116,1,Vascular / systemic inflammation,0
B10087,7.5942464,2.780705,1,Vascular / systemic inflammation,0
B10088,9.633364,3.874991,2,EV engineering / delivery,0
B10089,12.491364,7.646134,5,Lung cancer EV biology,1
B10090,7.3911157,7.6927967,2,EV engineering / delivery,0
B10091,10.870278,1.8323419,0,MSC / regenerative EV therapy,0
B10092,11.997385,9.0246935,3,Broad cancer EV biology,0
B10093,10.330875,8.323261,5,Lung cancer EV biology,0
B10094,11.572631,9.386065,3,Broad cancer EV biology,0
B10095,8.617968,2.432692,1,Vascular / systemic inflammation,0
B10096,10.2464285,9.733726,5,Lung cancer EV biology,0
B10097,11.267324,2.5880694,0,MSC / regenerative EV therapy,0
B10098,12.482213,4.8682456,1,Vascular / systemic inflammation,0
B10099,8.899961,5.4853563,2,EV engineering / delivery,0
B10100,11.018069,9.81413,5,Lung cancer EV biology,0
B10101,11.044202,10.094192,3,Broad cancer EV biology,0
B10102,11.136118,10.297727,5,Lung cancer EV biology,0
B10103,11.081479,10.367304,5,Lung cancer EV biology,0
B10104,10.581833,11.042265,5,Lung cancer EV biology,0
B10105,10.995479,10.03221,3,Broad cancer EV biology,0
B10106,10.551422,10.387528,5,Lung cancer EV biology,0
B10107,10.3062315,10.549198,5,Lung cancer EV biology,0
B10108,11.318669,9.567725,3,Broad cancer EV biology,0
B10109,11.709166,8.675489,5,Lung cancer EV biology,0
B10110,11.04684,8.61314,5,Lung cancer EV biology,0
B10111,11.075812,7.9575405,5,Lung cancer EV biology,0
B10112,11.631416,9.605113,5,Lung cancer EV biology,0
B10113,11.010055,9.266949,5,Lung cancer EV biology,0
B10114,10.793956,8.535989,3,Broad cancer EV biology,0
B10115,10.506656,8.097182,3,Broad cancer EV biology,0
B10116,11.089805,8.65392,3,Broad cancer EV biology,0
B10117,11.600199,8.464011,3,Broad cancer EV biology,0
B10118,11.439911,8.714651,5,Lung cancer EV biology,0
B10119,11.163713,8.142237,2,EV engineering / delivery,0
B10120,10.53536,10.398355,3,Broad cancer EV biology,0
B10121,11.318126,7.683559,3,Broad cancer EV biology,0
B10122,9.639045,8.391794,5,Lung cancer EV biology,0
B10123,11.6074,10.212948,5,Lung cancer EV biology,0
B10124,12.864701,3.168678,1,Vascular / systemic inflammation,0
B10125,11.215162,7.2255177,3,Broad cancer EV biology,0
B10126,13.409758,4.755177,4,Respiratory / airway EV biology,0
B10127,7.5914073,7.9273067,2,EV engineering / delivery,0
B10128,7.3383303,7.6603417,2,EV engineering / delivery,0
B10129,10.740234,2.7413154,2,EV engineering / delivery,0
B10130,9.778172,11.037638,3,Broad cancer EV biology,0
B10131,12.419123,5.0685973,1,Vascular / systemic inflammation,0
B10132,8.8333,2.2997305,0,MSC / regenerative EV therapy,0
B10133,11.052337,0.53810245,0,MSC / regenerative EV therapy,0
B10134,11.326089,8.213832,5,Lung cancer EV biology,0
B10135,9.327995,8.738704,5,Lung cancer EV biology,0
B10136,8.200946,5.0610023,1,Vascular / systemic inflammation,0
B10137,10.105537,5.8298373,2,EV engineering / delivery,0
B10138,11.501199,3.0615187,4,Respiratory / airway EV biology,0
B10139,8.480421,4.7239313,1,Vascular / systemic inflammation,0
B10140,8.393547,10.025948,5,Lung cancer EV biology,0
B10141,8.550414,2.0915864,0,MSC / regenerative EV therapy,0
B10142,7.554384,9.05606,5,Lung cancer EV biology,0
B10143,9.357125,0.81210387,1,Vascular / systemic inflammation,0
B10144,9.621968,10.868219,5,Lung cancer EV biology,0
B10145,12.307455,3.765283,4,Respiratory / airway EV biology,0
B10146,12.441913,3.6995387,4,Respiratory / airway EV biology,0
B10147,9.367016,10.281786,3,Broad cancer EV biology,0
B10148,7.2385116,7.689559,2,EV engineering / delivery,0
B10149,8.919653,1.4006357,1,Vascular / systemic inflammation,0
B10150,9.420742,9.621909,3,Broad cancer EV biology,0
B10151,10.340301,10.521579,5,Lung cancer EV biology,0
B10152,11.890692,3.4363167,4,Respiratory / airway EV biology,0
B10153,8.694699,5.2646446,1,Vascular / systemic inflammation,0
B10154,9.869816,5.741872,2,EV engineering / delivery,0
B10155,8.421453,5.9555,2,EV engineering / delivery,0
B10156,10.982452,3.6393893,4,Respiratory / airway EV biology,0
B10157,8.699116,2.2685025,0,MSC / regenerative EV therapy,0
B10158,10.998913,0.3054212,0,MSC / regenerative EV therapy,0
B10159,9.776174,2.423058,0,MSC / regenerative EV therapy,0
B10160,8.274659,8.576259,3,Broad cancer EV biology,0
B10161,7.9559703,4.682068,1,Vascular / systemic inflammation,0
B10162,9.283502,7.382507,3,Broad cancer EV biology,0
B10163,11.022613,0.06873659,4,Respiratory / airway EV biology,0
B10164,10.709997,8.527848,5,Lung cancer EV biology,0
B10165,9.079936,10.843761,3,Broad cancer EV biology,0
B10166,9.882454,6.670856,2,EV engineering / delivery,0
B10167,10.918507,8.110056,5,Lung cancer EV biology,0
B10168,9.547724,5.3449936,0,MSC / regenerative EV therapy,0
B10169,10.353336,2.245071,0,MSC / regenerative EV therapy,0
B10170,8.703197,5.2953243,2,EV engineering / delivery,0
B10171,12.372278,1.9537351,0,MSC / regenerative EV therapy,0
B10172,8.19325,5.307968,2,EV engineering / delivery,0
B10173,13.423596,4.734086,2,EV engineering / delivery,0
B10174,10.862436,10.287149,3,Broad cancer EV biology,0
B10175,10.563821,11.106447,5,Lung cancer EV biology,0
B10176,8.884693,10.776487,5,Lung cancer EV biology,0
B10177,8.204992,10.475454,5,Lung cancer EV biology,0
B10178,10.531757,9.391857,5,Lung cancer EV biology,0
B10179,8.206794,5.1879854,1,Vascular / systemic inflammation,0
B10180,8.559722,8.7883,3,Broad cancer EV biology,0
B10181,7.5984955,1.0800605,0,MSC / regenerative EV therapy,0
B10182,10.722558,5.678908,1,Vascular / systemic inflammation,0
B10183,12.396255,4.6943,1,Vascular / systemic inflammation,0
B10184,10.127283,3.1243777,4,Respiratory / airway EV biology,0
B10185,6.9241323,3.372062,1,Vascular / systemic inflammation,0
B10186,9.855538,1.5490988,0,MSC / regenerative EV therapy,0
B10187,10.517509,8.638039,5,Lung cancer EV biology,0
B10188,9.6978245,4.4732776,4,Respiratory / airway EV biology,0
B10189,8.717583,3.437516,0,MSC / regenerative EV therapy,0
B10190,10.143457,1.679301,0,MSC / regenerative EV therapy,0
B10191,11.168907,8.777462,3,Broad cancer EV biology,0
B10192,8.560119,2.09924,0,MSC / regenerative EV therapy,0
B10193,10.174271,6.6902666,0,MSC / regenerative EV therapy,0
B10194,7.2100935,7.7827578,2,EV engineering / delivery,0
B10195,9.994816,10.23234,5,Lung cancer EV biology,0
B10196,7.33346,8.19448,3,Broad cancer EV biology,0
B10197,9.44647,8.271116,3,Broad cancer EV biology,0
B10198,9.9201975,10.204981,5,Lung cancer EV biology,0
B10199,9.886083,10.166809,5,Lung cancer EV biology,0
B10200,9.886495,4.651042,4,Respiratory / airway EV biology,1
B10201,12.008362,2.8639889,4,Respiratory / airway EV biology,0
B10202,8.938319,5.121603,4,Respiratory / airway EV biology,0
B10203,12.441665,2.5727007,4,Respiratory / airway EV biology,0
B10204,12.8811,2.5977802,1,Vascular / systemic inflammation,0
B10205,8.456695,2.035324,1,Vascular / systemic inflammation,0
B10206,10.136677,4.266524,4,Respiratory / airway EV biology,0
B10207,8.593739,5.3241043,2,EV engineering / delivery,0
B10208,11.154292,2.5720384,4,Respiratory / airway EV biology,0
B10209,9.1509,6.9294662,2,EV engineering / delivery,0
B10210,11.811139,3.01443,4,Respiratory / airway EV biology,0
B10211,9.847035,1.1102538,4,Respiratory / airway EV biology,0
B10212,8.831357,5.3000836,4,Respiratory / airway EV biology,0
B10213,10.853046,2.0464547,1,Vascular / systemic inflammation,0
B10214,9.134768,10.844599,3,Broad cancer EV biology,0
B10215,11.345692,7.2992177,2,EV engineering / delivery,0
B10216,7.5827327,7.91879,2,EV engineering / delivery,0
B10217,10.959324,4.7465105,4,Respiratory / airway EV biology,0
B10218,11.335205,4.279666,4,Respiratory / airway EV biology,0
B10219,12.794093,5.557163,1,Vascular / systemic inflammation,0
B10220,12.205297,2.3827834,4,Respiratory / airway EV biology,0
B10221,8.972933,4.2211514,2,EV engineering / delivery,0
B10222,11.025546,0.56985235,0,MSC / regenerative EV therapy,0
B10223,11.542159,7.305106,2,EV engineering / delivery,0
B10224,10.257716,2.2102082,0,MSC / regenerative EV therapy,0
B10225,10.549471,1.604074,0,MSC / regenerative EV therapy,0
B10226,10.81228,5.6568904,4,Respiratory / airway EV biology,0
B10227,10.389357,8.978971,5,Lung cancer EV biology,0
B10228,10.817026,8.274211,5,Lung cancer EV biology,0
B10229,10.640735,7.2058644,2,EV engineering / delivery,0
B10230,10.945109,9.474252,3,Broad cancer EV biology,0
B10231,9.054212,6.739177,1,Vascular / systemic inflammation,0
B10232,8.276708,8.2458,5,Lung cancer EV biology,0
B10233,10.369866,0.94012135,0,MSC / regenerative EV therapy,0
B10234,9.336879,3.705086,0,MSC / regenerative EV therapy,0
B10235,11.78097,2.8436174,4,Respiratory / airway EV biology,0
B10236,7.265878,3.1656187,1,Vascular / systemic inflammation,0
B10237,10.867476,0.092561744,0,MSC / regenerative EV therapy,0
B10238,11.043524,7.3269215,0,MSC / regenerative EV therapy,0
B10239,10.297528,9.871953,5,Lung cancer EV biology,0
B10240,12.371551,2.0139718,0,MSC / regenerative EV therapy,0
B10241,11.060288,2.37201,4,Respiratory / airway EV biology,0
B10242,9.701405,2.4743357,5,Lung cancer EV biology,0
B10243,6.0155478,4.6783123,4,Respiratory / airway EV biology,0
B10244,10.0166645,6.8579764,2,EV engineering / delivery,0
B10245,11.981152,4.643417,4,Respiratory / airway EV biology,0
B10246,12.315924,3.757436,4,Respiratory / airway EV biology,0
B10247,11.660969,4.6164017,4,Respiratory / airway EV biology,0
B10248,10.900946,3.194841,4,Respiratory / airway EV biology,0
B10249,13.691403,0.3768173,0,MSC / regenerative EV therapy,0
B10250,10.187829,3.7263384,1,Vascular / systemic inflammation,0
B10251,8.129417,5.1905403,1,Vascular / systemic inflammation,0
B10252,8.724083,8.493795,5,Lung cancer EV biology,0
B10253,7.326648,8.09907,2,EV engineering / delivery,0
B10254,8.7039995,5.2658534,1,Vascular / systemic inflammation,0
B10255,9.849965,10.104006,5,Lung cancer EV biology,0
B10256,6.5505724,3.3663194,3,Broad cancer EV biology,0
B10257,8.677233,2.2745404,0,MSC / regenerative EV therapy,0
B10258,10.62606,3.2734184,4,Respiratory / airway EV biology,0
B10259,11.8855715,7.82014,2,EV engineering / delivery,0
B10260,12.090831,4.910173,2,EV engineering / delivery,0
B10261,8.509261,1.8134005,1,Vascular / systemic inflammation,0
B10262,7.4066615,3.9617534,1,Vascular / systemic inflammation,0
B10263,10.165016,4.4942417,4,Respiratory / airway EV biology,0
B10264,7.0900645,8.044972,1,Vascular / systemic inflammation,0
B10265,8.583951,4.6901913,1,Vascular / systemic inflammation,0
B10266,7.11991,7.803379,2,EV engineering / delivery,0
B10267,8.736408,5.0344977,1,Vascular / systemic inflammation,0
B10268,8.084808,10.486185,5,Lung cancer EV biology,0
B10269,9.768474,4.8466024,1,Vascular / systemic inflammation,0
B10270,7.9293437,10.319823,5,Lung cancer EV biology,0
B10271,10.683493,1.470958,0,MSC / regenerative EV therapy,0
B10272,11.418199,9.147673,3,Broad cancer EV biology,0
B10273,12.18445,9.611827,5,Lung cancer EV biology,0
B10274,9.408786,0.8478705,0,MSC / regenerative EV therapy,0
B10275,10.69575,10.899046,5,Lung cancer EV biology,0
B10276,11.728602,9.464725,5,Lung cancer EV biology,0
B10277,12.144957,8.428978,5,Lung cancer EV biology,0
B10278,11.109297,8.329139,5,Lung cancer EV biology,0
B10279,10.239086,2.4466984,4,Respiratory / airway EV biology,0
B10280,10.134824,2.3662283,2,EV engineering / delivery,0
B10281,8.815725,2.2147024,0,MSC / regenerative EV therapy,0
B10282,11.557604,7.255594,3,Broad cancer EV biology,0
B10283,8.453463,4.00132,1,Vascular / systemic inflammation,0
B10284,11.201808,8.9629,5,Lung cancer EV biology,0
B10285,11.263358,8.914597,5,Lung cancer EV biology,0
B10286,12.124888,8.7518425,5,Lung cancer EV biology,0
B10287,10.764261,10.147809,5,Lung cancer EV biology,0
B10288,10.055687,8.093439,5,Lung cancer EV biology,0
B10289,7.0918026,8.207792,2,EV engineering / delivery,0
B10290,10.658591,10.972493,5,Lung cancer EV biology,0
B10291,10.8952265,7.7313194,3,Broad cancer EV biology,0
B10292,9.605644,2.3224847,0,MSC / regenerative EV therapy,0
B10293,8.450192,3.885458,2,EV engineering / delivery,0
B10294,11.138604,3.0864265,4,Respiratory / airway EV biology,0
B10295,12.848756,2.99738,4,Respiratory / airway EV biology,0
B10296,11.007294,10.297441,5,Lung cancer EV biology,0
B10297,9.963204,8.614217,3,Broad cancer EV biology,0
B10298,9.73175,4.5875406,0,MSC / regenerative EV therapy,0
B10299,8.830721,2.910921,2,EV engineering / delivery,0
B10300,11.163635,4.7176256,4,Respiratory / airway EV biology,0
B10301,9.606061,4.0913434,0,MSC / regenerative EV therapy,0
B10302,11.121066,7.0514507,3,Broad cancer EV biology,0
B10303,9.577629,3.5872874,0,MSC / regenerative EV therapy,0
B10304,10.303266,2.8711476,4,Respiratory / airway EV biology,0
B10305,7.152803,3.5305796,1,Vascular / systemic inflammation,0
B10306,11.733221,2.7010498,4,Respiratory / airway EV biology,0
B10307,11.4458,3.0587742,4,Respiratory / airway EV biology,0
B10308,13.729912,0.5961638,0,MSC / regenerative EV therapy,0
B10309,11.351703,8.454536,3,Broad cancer EV biology,0
B10310,10.111783,8.912577,5,Lung cancer EV biology,0
B10311,10.057073,10.907181,5,Lung cancer EV biology,0
B10312,9.124958,8.774834,5,Lung cancer EV biology,0
B10313,10.428535,10.854121,3,Broad cancer EV biology,0
B10314,9.115032,9.051171,5,Lung cancer EV biology,0
B10315,10.198674,10.988639,5,Lung cancer EV biology,0
B10316,9.881008,10.786486,5,Lung cancer EV biology,0
B10317,9.290279,8.877545,5,Lung cancer EV biology,0
B10318,8.914068,8.748906,5,Lung cancer EV biology,0
B10319,9.755894,10.64962,3,Broad cancer EV biology,0
B10320,8.083824,8.7087,5,Lung cancer EV biology,0
B10321,10.616489,8.780324,3,Broad cancer EV biology,0
B10322,8.468235,10.099641,3,Broad cancer EV biology,0
B10323,6.156582,4.9085565,4,Respiratory / airway EV biology,0
B10324,6.1701374,4.893969,4,Respiratory / airway EV biology,0
B10325,6.1589837,4.956118,4,Respiratory / airway EV biology,0
B10326,9.839161,1.0139467,4,Respiratory / airway EV biology,0
B10327,9.3102665,3.9141722,4,Respiratory / airway EV biology,0
B10328,6.2144623,4.9025035,4,Respiratory / airway EV biology,0
B10329,6.0293674,4.7463756,4,Respiratory / airway EV biology,0
B10330,5.9172726,4.7681108,4,Respiratory / airway EV biology,0
B10331,6.3073883,4.698689,1,Vascular / systemic inflammation,0
B10332,9.244772,7.4574165,3,Broad cancer EV biology,0
B10333,9.588472,8.975182,3,Broad cancer EV biology,0
B10334,9.317446,9.93692,5,Lung cancer EV biology,0
B10335,8.761927,8.129117,5,Lung cancer EV biology,0
B10336,8.07616,4.815491,1,Vascular / systemic inflammation,0
B10337,8.826062,8.307661,5,Lung cancer EV biology,0
B10338,9.003782,0.9959127,1,Vascular / systemic inflammation,0
B10339,9.906354,2.6396248,1,Vascular / systemic inflammation,0
B10340,9.162424,4.0731497,1,Vascular / systemic inflammation,0
B10341,9.366391,11.134787,3,Broad cancer EV biology,0
B10342,7.9060764,9.376001,3,Broad cancer EV biology,0
B10343,6.4817142,4.7948647,3,Broad cancer EV biology,0
B10344,9.482295,3.5782645,0,MSC / regenerative EV therapy,0
B10345,10.960504,7.193981,5,Lung cancer EV biology,0
B10346,9.142885,8.397677,5,Lung cancer EV biology,0
B10347,7.5793653,3.7238302,1,Vascular / systemic inflammation,0
B10348,10.317191,6.492577,2,EV engineering / delivery,0
B10349,7.480062,8.98212,5,Lung cancer EV biology,0
B10350,9.680454,8.544083,3,Broad cancer EV biology,0
B10351,7.592342,9.154332,3,Broad cancer EV biology,0
B10352,6.553662,3.4400742,3,Broad cancer EV biology,0
B10353,7.8510036,10.411637,5,Lung cancer EV biology,0
B10354,8.986827,9.866084,5,Lung cancer EV biology,0
B10355,9.599898,5.488651,2,EV engineering / delivery,0
B10356,10.454266,9.025759,5,Lung cancer EV biology,0
B10357,9.568551,11.177104,5,Lung cancer EV biology,0
B10358,11.242225,2.3854623,4,Respiratory / airway EV biology,0
B10359,8.93099,8.508752,3,Broad cancer EV biology,0
B10360,10.413959,8.427915,3,Broad cancer EV biology,0
B10361,7.3021197,3.6427279,1,Vascular / systemic inflammation,0
B10362,9.442122,5.4865446,2,EV engineering / delivery,0
B10363,9.430239,8.200893,5,Lung cancer EV biology,0
B10364,9.454954,3.3695724,0,MSC / regenerative EV therapy,0
B10365,11.58117,7.4227524,5,Lung cancer EV biology,0
B10366,10.574404,8.261456,3,Broad cancer EV biology,0
B10367,10.048285,7.5235796,3,Broad cancer EV biology,0
B10368,10.995045,3.0126843,4,Respiratory / airway EV biology,0
B10369,10.485208,2.5122783,4,Respiratory / airway EV biology,0
B10370,9.830487,0.8825769,0,MSC / regenerative EV therapy,0
B10371,10.712056,10.257326,5,Lung cancer EV biology,0
B10372,12.728739,2.9219677,4,Respiratory / airway EV biology,0
B10373,9.209535,9.584861,3,Broad cancer EV biology,0
B10374,9.4545965,10.592317,3,Broad cancer EV biology,0
B10375,12.6831455,3.1495166,1,Vascular / systemic inflammation,0
B10376,9.836498,0.8112277,0,MSC / regenerative EV therapy,0
B10377,10.878193,10.094247,5,Lung cancer EV biology,0
B10378,8.473679,2.1151817,0,MSC / regenerative EV therapy,0
B10379,8.293985,5.2583246,4,Respiratory / airway EV biology,0
B10380,7.330962,3.9448035,1,Vascular / systemic inflammation,0
B10381,7.8879566,5.6987805,2,EV engineering / delivery,0
B10382,8.177223,4.34997,1,Vascular / systemic inflammation,0
B10383,7.9014454,4.9451823,1,Vascular / systemic inflammation,0
B10384,8.616421,4.979474,2,EV engineering / delivery,0
B10385,11.901758,8.685246,5,Lung cancer EV biology,0
B10386,9.758541,9.564161,3,Broad cancer EV biology,0
B10387,11.740053,9.002327,5,Lung cancer EV biology,0
B10388,11.404327,3.1053848,4,Respiratory / airway EV biology,0
B10389,11.280664,7.6511145,2,EV engineering / delivery,0
B10390,12.521871,4.6737094,4,Respiratory / airway EV biology,0
B10391,7.7052402,10.59938,5,Lung cancer EV biology,0
B10392,8.058232,10.484425,5,Lung cancer EV biology,0
B10393,9.638152,5.6345167,2,EV engineering / delivery,0
B10394,9.177576,3.4780288,0,MSC / regenerative EV therapy,0
B10395,7.793595,9.129786,5,Lung cancer EV biology,0
B10396,10.561364,6.6236753,2,EV engineering / delivery,0
B10397,8.468973,2.7007368,1,Vascular / systemic inflammation,0
B10398,8.554599,1.9139638,0,MSC / regenerative EV therapy,0
B10399,7.803943,8.962552,3,Broad cancer EV biology,0
B10400,11.424417,8.67078,3,Broad cancer EV biology,0
B10401,8.955887,8.734516,4,Respiratory / airway EV biology,0
B10402,11.798027,3.7668521,5,Lung cancer EV biology,0
B10403,10.881989,1.5426085,0,MSC / regenerative EV therapy,0
B10404,7.7310724,5.6912518,2,EV engineering / delivery,0
B10405,8.798454,5.749859,1,Vascular / systemic inflammation,0
B10406,9.572314,8.428221,3,Broad cancer EV biology,0
B10407,10.242237,7.8528595,5,Lung cancer EV biology,0
B10408,8.368466,8.4217825,5,Lung cancer EV biology,0
B10409,10.77817,3.222575,0,MSC / regenerative EV therapy,0
B10410,10.059581,10.55133,5,Lung cancer EV biology,0
B10411,8.946953,4.1337237,1,Vascular / systemic inflammation,0
B10412,9.985276,6.0805516,2,EV engineering / delivery,0
B10413,11.209831,6.7011924,2,EV engineering / delivery,0
B10414,10.010772,5.6727076,2,EV engineering / delivery,0
B10415,9.670638,6.2454915,2,EV engineering / delivery,0
B10416,11.60976,7.2644224,2,EV engineering / delivery,0
B10417,13.000358,1.2891146,0,MSC / regenerative EV therapy,0
B10418,13.661154,0.40063745,0,MSC / regenerative EV therapy,0
B10419,8.238186,8.609292,5,Lung cancer EV biology,0
B10420,8.150358,10.0568905,3,Broad cancer EV biology,0
B10421,8.34378,3.8102202,2,EV engineering / delivery,0
B10422,8.452796,3.7473176,0,MSC / regenerative EV therapy,0
B10423,7.866724,4.312889,1,Vascular / systemic inflammation,0
B10424,7.5233808,7.88889,5,Lung cancer EV biology,0
B10425,11.644187,7.067041,2,EV engineering / delivery,0
B10426,7.704147,10.685868,5,Lung cancer EV biology,0
B10427,9.075331,1.1803755,1,Vascular / systemic inflammation,0
B10428,8.771986,8.475803,3,Broad cancer EV biology,0
B10429,7.7451696,9.13612,3,Broad cancer EV biology,0
B10430,11.263276,7.914758,5,Lung cancer EV biology,0
B10431,8.724061,6.1163626,1,Vascular / systemic inflammation,0
B10432,6.606597,3.420515,1,Vascular / systemic inflammation,0
B10433,11.756201,3.3949225,4,Respiratory / airway EV biology,0
B10434,10.965549,2.4942174,4,Respiratory / airway EV biology,0
B10435,8.933071,2.5202768,0,MSC / regenerative EV therapy,0
B10436,10.925373,4.976041,4,Respiratory / airway EV biology,0
B10437,10.22505,7.730809,5,Lung cancer EV biology,0
B10438,12.788027,2.9825675,4,Respiratory / airway EV biology,0
B10439,6.1607647,4.7815065,4,Respiratory / airway EV biology,0
B10440,6.0201697,4.7587194,4,Respiratory / airway EV biology,0
B10441,8.051308,4.8471694,1,Vascular / systemic inflammation,0
B10442,5.990464,4.647764,1,Vascular / systemic inflammation,0
B10443,12.40128,7.7544985,3,Broad cancer EV biology,0
B10444,10.725211,10.888001,5,Lung cancer EV biology,0
B10445,10.856366,6.756351,2,EV engineering / delivery,0
B10446,10.124871,10.252719,5,Lung cancer EV biology,0
B10447,6.9972553,7.867427,2,EV engineering / delivery,0
B10448,9.35308,9.693704,3,Broad cancer EV biology,0
B10449,9.137156,8.478931,5,Lung cancer EV biology,0
B10450,11.143119,2.4749298,5,Lung cancer EV biology,0
B10451,8.54073,3.0915253,0,MSC / regenerative EV therapy,0
B10452,7.3536687,8.438859,5,Lung cancer EV biology,0
B10453,8.492574,5.4073443,1,Vascular / systemic inflammation,0
B10454,8.713901,3.7724328,1,Vascular / systemic inflammation,0
B10455,8.286963,3.0071158,1,Vascular / systemic inflammation,0
B10456,10.791894,10.82498,5,Lung cancer EV biology,0
B10457,10.753651,9.425149,3,Broad cancer EV biology,0
B10458,9.314524,9.689565,5,Lung cancer EV biology,0
B10459,12.467205,7.6788054,5,Lung cancer EV biology,0
B10460,10.415837,1.4735998,0,MSC / regenerative EV therapy,0
B10461,10.414956,1.5349698,0,MSC / regenerative EV therapy,0
B10462,12.068313,9.329716,0,MSC / regenerative EV therapy,0
B10463,10.404231,9.892752,5,Lung cancer EV biology,0
B10464,7.9896717,2.7512667,4,Respiratory / airway EV biology,0
B10465,8.553743,10.115001,5,Lung cancer EV biology,0
B10466,9.260269,8.760406,5,Lung cancer EV biology,0
B10467,9.268863,8.8171625,3,Broad cancer EV biology,0
B10468,7.913239,10.36191,3,Broad cancer EV biology,0
B10469,9.10437,8.822757,5,Lung cancer EV biology,0
B10470,13.376321,0.7832451,4,Respiratory / airway EV biology,0
B10471,11.37296,3.1792762,4,Respiratory / airway EV biology,0
B10472,9.749047,3.4432108,0,MSC / regenerative EV therapy,0
B10473,8.812607,2.8023546,0,MSC / regenerative EV therapy,0
B10474,9.125864,8.209221,1,Vascular / systemic inflammation,0
B10475,10.89485,8.259767,3,Broad cancer EV biology,0
B10476,10.198026,1.7942835,4,Respiratory / airway EV biology,0
B10477,7.819338,3.9723864,1,Vascular / systemic inflammation,0
B10478,8.520321,3.5634563,1,Vascular / systemic inflammation,0
B10479,8.9608135,0.92059416,1,Vascular / systemic inflammation,0
B10480,8.663785,3.3686135,0,MSC / regenerative EV therapy,0
B10481,8.930956,0.92163974,1,Vascular / systemic inflammation,0
B10482,9.4783745,7.819353,3,Broad cancer EV biology,0
B10483,8.634994,3.0172849,1,Vascular / systemic inflammation,0
B10484,10.273748,5.96209,2,EV engineering / delivery,0
B10485,10.499449,7.248574,3,Broad cancer EV biology,0
B10486,11.579534,7.90315,3,Broad cancer EV biology,0
B10487,11.022581,7.336139,0,MSC / regenerative EV therapy,0
B10488,12.823719,3.2005665,3,Broad cancer EV biology,0
B10489,8.226328,3.4040544,1,Vascular / systemic inflammation,0
B10490,12.594536,2.6825407,4,Respiratory / airway EV biology,0
B10491,9.246779,4.17631,1,Vascular / systemic inflammation,0
B10492,7.510887,9.182099,3,Broad cancer EV biology,0
B10493,8.150436,2.9696274,4,Respiratory / airway EV biology,0
B10494,12.308337,4.454216,1,Vascular / systemic inflammation,0
B10495,9.526147,10.481292,5,Lung cancer EV biology,0
B10496,12.165829,9.643745,5,Lung cancer EV biology,0
B10497,6.49397,5.693274,1,Vascular / systemic inflammation,0
B10498,8.021795,10.167775,3,Broad cancer EV biology,0
B10499,9.676569,10.974716,5,Lung cancer EV biology,0
B10500,12.75072,4.813721,4,Respiratory / airway EV biology,0
B10501,8.658369,5.2439995,4,Respiratory / airway EV biology,0
B10502,11.343339,8.818696,3,Broad cancer EV biology,0
B10503,9.115458,8.015738,5,Lung cancer EV biology,0
B10504,10.51558,10.726274,5,Lung cancer EV biology,0
B10505,9.861359,8.728499,5,Lung cancer EV biology,0
B10506,9.353913,8.755111,5,Lung cancer EV biology,0
B10507,11.609917,9.498084,5,Lung cancer EV biology,0
B10508,9.715851,10.768173,5,Lung cancer EV biology,0
B10509,9.752219,10.764008,5,Lung cancer EV biology,0
B10510,11.0541,9.531844,3,Broad cancer EV biology,0
B10511,8.699049,3.5784836,0,MSC / regenerative EV therapy,0
B10512,12.895788,2.6055748,4,Respiratory / airway EV biology,0
B10513,10.61023,11.06224,3,Broad cancer EV biology,0
B10514,9.953871,10.564221,5,Lung cancer EV biology,0
B10515,9.73656,10.714126,5,Lung cancer EV biology,0
B10516,9.077313,4.029991,1,Vascular / systemic inflammation,0
B10517,10.194856,8.992767,5,Lung cancer EV biology,0
B10518,10.41559,10.847612,5,Lung cancer EV biology,0
B10519,9.558897,11.202962,5,Lung cancer EV biology,0
B10520,10.676623,10.460915,5,Lung cancer EV biology,0
B10521,12.061455,8.690958,5,Lung cancer EV biology,0
B10522,12.048111,3.4635684,4,Respiratory / airway EV biology,0
B10523,9.782252,2.551846,1,Vascular / systemic inflammation,0
B10524,7.0842338,3.6306608,1,Vascular / systemic inflammation,0
B10525,10.197927,8.169985,3,Broad cancer EV biology,0
B10526,11.775538,2.3336663,3,Broad cancer EV biology,0
B10527,9.864021,1.074831,4,Respiratory / airway EV biology,0
B10528,9.763312,11.190855,5,Lung cancer EV biology,0
B10529,11.915884,1.3527573,5,Lung cancer EV biology,0
B10530,10.183506,11.078616,5,Lung cancer EV biology,0
B10531,9.904847,8.539033,3,Broad cancer EV biology,0
B10532,10.413163,10.534663,5,Lung cancer EV biology,0
B10533,11.900787,8.43307,3,Broad cancer EV biology,0
B10534,9.636918,11.103003,5,Lung cancer EV biology,0
B10535,10.2463455,7.7603226,3,Broad cancer EV biology,0
B10536,12.038865,2.6374638,4,Respiratory / airway EV biology,0
B10537,9.617085,10.973465,5,Lung cancer EV biology,0
B10538,9.510821,10.88532,5,Lung cancer EV biology,0
B10539,10.081882,8.533983,5,Lung cancer EV biology,0
B10540,9.134568,10.686944,3,Broad cancer EV biology,0
B10541,11.7457485,9.82922,5,Lung cancer EV biology,0
B10542,9.546376,9.81219,3,Broad cancer EV biology,0
B10543,10.393183,8.814842,3,Broad cancer EV biology,0
B10544,11.533023,2.7595134,4,Respiratory / airway EV biology,0
B10545,10.299585,8.406961,3,Broad cancer EV biology,0
B10546,9.52283,10.911281,3,Broad cancer EV biology,0
B10547,10.717042,11.101667,5,Lung cancer EV biology,0
B10548,9.875385,5.9103527,2,EV engineering / delivery,0
B10549,9.484776,7.8635674,3,Broad cancer EV biology,0
B10550,12.482953,2.6356292,4,Respiratory / airway EV biology,0
B10551,8.415827,5.152146,4,Respiratory / airway EV biology,0
B10552,10.046605,6.48894,2,EV engineering / delivery,0
B10553,10.399382,2.989545,4,Respiratory / airway EV biology,0
B10554,10.402998,6.3243785,2,EV engineering / delivery,0
B10555,11.317871,7.227627,2,EV engineering / delivery,0
B10556,10.350384,9.790232,3,Broad cancer EV biology,0
B10557,9.97125,1.3664719,4,Respiratory / airway EV biology,0
B10558,8.5689945,2.0694282,0,MSC / regenerative EV therapy,0
B10559,12.152717,9.599128,5,Lung cancer EV biology,0
B10560,10.448087,8.121744,3,Broad cancer EV biology,0
B10561,10.919892,10.2514925,5,Lung cancer EV biology,0
B10562,13.3916445,0.6168255,0,MSC / regenerative EV therapy,0
B10563,10.216185,7.6394825,3,Broad cancer EV biology,0
B10564,11.886144,1.3805212,0,MSC / regenerative EV therapy,0
B10565,10.026119,10.681249,5,Lung cancer EV biology,0
B10566,11.373054,1.9792278,0,MSC / regenerative EV therapy,0
B10567,10.701198,8.363393,3,Broad cancer EV biology,0
B10568,9.743578,2.0384007,0,MSC / regenerative EV therapy,0
B10569,10.960971,9.43548,3,Broad cancer EV biology,0
B10570,12.345694,2.396033,4,Respiratory / airway EV biology,0
B10571,9.616148,2.6787326,1,Vascular / systemic inflammation,0
B10572,10.712781,8.833887,5,Lung cancer EV biology,0
B10573,10.318034,8.044602,5,Lung cancer EV biology,0
B10574,8.898772,0.80446124,1,Vascular / systemic inflammation,0
B10575,9.995274,8.046961,5,Lung cancer EV biology,0
B10576,10.235562,7.934533,5,Lung cancer EV biology,0
B10577,10.469926,10.226747,3,Broad cancer EV biology,0
B10578,11.440621,7.720637,3,Broad cancer EV biology,0
B10579,9.949731,8.750291,5,Lung cancer EV biology,0
B10580,10.284441,10.544083,5,Lung cancer EV biology,0
B10581,10.828245,9.786365,5,Lung cancer EV biology,0
B10582,8.739495,3.9625678,1,Vascular / systemic inflammation,0
B10583,10.456545,8.315717,3,Broad cancer EV biology,0
B10584,9.546241,7.9969707,3,Broad cancer EV biology,0
B10585,8.77661,9.559379,3,Broad cancer EV biology,0
B10586,8.624492,5.39722,2,EV engineering / delivery,0
B10587,8.976347,4.0151496,0,MSC / regenerative EV therapy,0
B10588,6.2938848,4.765269,4,Respiratory / airway EV biology,0
B10589,10.773385,10.911231,5,Lung cancer EV biology,0
B10590,9.91234,6.201368,2,EV engineering / delivery,0
B10591,10.884762,1.9281259,0,MSC / regenerative EV therapy,0
B10592,10.481867,10.968228,5,Lung cancer EV biology,0
B10593,10.639417,11.014847,3,Broad cancer EV biology,0
B10594,10.163456,8.806127,5,Lung cancer EV biology,0
B10595,10.2481365,10.997901,5,Lung cancer EV biology,0
B10596,10.070176,10.333392,3,Broad cancer EV biology,0
B10597,7.5194564,6.2641225,1,Vascular / systemic inflammation,0
B10598,9.492642,10.62591,3,Broad cancer EV biology,0
B10599,8.254178,9.326438,3,Broad cancer EV biology,0
B10600,8.641383,4.7162695,1,Vascular / systemic inflammation,0
B10601,11.897314,9.211631,3,Broad cancer EV biology,0
B10602,9.29249,5.0034165,1,Vascular / systemic inflammation,0
B10603,11.720947,4.71825,1,Vascular / systemic inflammation,0
B10604,11.6543045,2.9388208,5,Lung cancer EV biology,0
B10605,9.197066,8.455972,3,Broad cancer EV biology,0
B10606,9.488642,11.171683,3,Broad cancer EV biology,0
B10607,9.380628,11.157763,5,Lung cancer EV biology,0
B10608,8.28218,6.947804,5,Lung cancer EV biology,0
B10609,9.114882,8.026174,5,Lung cancer EV biology,0
B10610,12.747782,5.5015583,4,Respiratory / airway EV biology,0
B10611,9.56565,1.7519387,4,Respiratory / airway EV biology,0
B10612,12.3914,3.2638822,4,Respiratory / airway EV biology,0
B10613,10.330908,7.210373,3,Broad cancer EV biology,0
B10614,10.702588,8.481358,3,Broad cancer EV biology,0
B10615,11.623402,3.7077177,4,Respiratory / airway EV biology,0
B10616,9.881505,7.6913404,3,Broad cancer EV biology,0
B10617,10.049,5.512578,2,EV engineering / delivery,0
B10618,11.394886,3.0045269,4,Respiratory / airway EV biology,0
B10619,6.8056207,4.6224213,0,MSC / regenerative EV therapy,0
B10620,8.659762,4.592345,1,Vascular / systemic inflammation,0
B10621,10.830557,3.0412452,4,Respiratory / airway EV biology,0
B10622,10.977014,0.955061,0,MSC / regenerative EV therapy,0
B10623,10.335816,7.1247206,2,EV engineering / delivery,0
B10624,8.142987,10.059983,3,Broad cancer EV biology,0
B10625,10.280484,5.275893,2,EV engineering / delivery,0
B10626,11.064655,2.6505592,4,Respiratory / airway EV biology,0
B10627,10.263343,1.432764,1,Vascular / systemic inflammation,0
B10628,7.8338246,5.628273,2,EV engineering / delivery,0
B10629,10.593041,7.0773344,2,EV engineering / delivery,0
B10630,9.379004,3.378303,0,MSC / regenerative EV therapy,0
B10631,10.716854,2.2260475,0,MSC / regenerative EV therapy,0
B10632,9.892667,7.3599515,2,EV engineering / delivery,0
B10633,9.807255,2.2902458,0,MSC / regenerative EV therapy,0
B10634,11.557057,2.935586,4,Respiratory / airway EV biology,0
B10635,10.456225,7.8657956,3,Broad cancer EV biology,0
B10636,10.23661,8.300561,3,Broad cancer EV biology,0
B10637,11.097746,8.792283,5,Lung cancer EV biology,0
B10638,12.623381,7.3132353,0,MSC / regenerative EV therapy,0
B10639,8.880863,3.4631164,0,MSC / regenerative EV therapy,0
B10640,11.281806,2.7821918,4,Respiratory / airway EV biology,1
B10641,11.657597,3.1290402,4,Respiratory / airway EV biology,0
B10642,8.990705,3.1292117,0,MSC / regenerative EV therapy,0
B10643,11.047337,2.8652923,4,Respiratory / airway EV biology,0
B10644,11.890742,4.076659,4,Respiratory / airway EV biology,0
B10645,6.418665,4.677823,4,Respiratory / airway EV biology,0
B10646,12.123231,9.309262,3,Broad cancer EV biology,0
B10647,8.791563,5.3541017,2,EV engineering / delivery,0
B10648,11.466325,3.3955748,4,Respiratory / airway EV biology,0
B10649,10.416077,4.0943656,4,Respiratory / airway EV biology,0
B10650,11.003239,0.41454858,0,MSC / regenerative EV therapy,0
B10651,10.587888,4.497924,4,Respiratory / airway EV biology,0
B10652,11.2182665,0.42540568,0,MSC / regenerative EV therapy,0
B10653,9.722198,10.459485,5,Lung cancer EV biology,0
B10654,10.18406,8.019271,3,Broad cancer EV biology,0
B10655,10.057329,1.7507995,0,MSC / regenerative EV therapy,0
B10656,12.118377,9.373411,3,Broad cancer EV biology,0
B10657,10.993589,3.2294064,2,EV engineering / delivery,0
B10658,9.666449,2.605661,1,Vascular / systemic inflammation,0
B10659,11.281699,2.8018324,4,Respiratory / airway EV biology,0
B10660,8.119031,3.5503147,1,Vascular / systemic inflammation,0
B10661,10.830137,3.00228,4,Respiratory / airway EV biology,0
B10662,8.3292055,7.474773,2,EV engineering / delivery,0
B10663,10.576781,8.109355,5,Lung cancer EV biology,0
B10664,11.445055,2.941803,4,Respiratory / airway EV biology,0
B10665,7.4556723,3.4184241,1,Vascular / systemic inflammation,0
B10666,9.622338,1.9062918,4,Respiratory / airway EV biology,0
B10667,7.9087276,3.6962419,1,Vascular / systemic inflammation,0
B10668,8.773082,5.3334255,2,EV engineering / delivery,0
B10669,10.464062,10.082617,5,Lung cancer EV biology,0
B10670,9.621744,4.00922,0,MSC / regenerative EV therapy,0
B10671,8.481065,2.1826136,0,MSC / regenerative EV therapy,0
B10672,11.46697,2.735428,4,Respiratory / airway EV biology,0
B10673,10.854439,10.115323,5,Lung cancer EV biology,0
B10674,13.703484,0.94145197,0,MSC / regenerative EV therapy,0
B10675,7.4559774,8.346498,2,EV engineering / delivery,0
B10676,8.808644,7.415408,2,EV engineering / delivery,0
B10677,7.912141,7.6414857,1,Vascular / systemic inflammation,0
B10678,9.258556,3.0556083,0,MSC / regenerative EV therapy,0
B10679,7.6802306,10.689724,5,Lung cancer EV biology,0
B10680,10.734349,10.504421,5,Lung cancer EV biology,0
B10681,7.936079,2.9102685,1,Vascular / systemic inflammation,0
B10682,10.323063,9.133502,3,Broad cancer EV biology,0
B10683,11.610004,7.773353,2,EV engineering / delivery,0
B10684,6.608395,3.4676185,1,Vascular / systemic inflammation,0
B10685,6.5208354,3.4225729,1,Vascular / systemic inflammation,0
B10686,11.116738,7.2279396,0,MSC / regenerative EV therapy,0
B10687,7.663199,6.6563864,1,Vascular / systemic inflammation,0
B10688,6.2964077,4.7357407,4,Respiratory / airway EV biology,0
B10689,11.296858,0.85783136,5,Lung cancer EV biology,0
B10690,10.580303,6.8142433,2,EV engineering / delivery,0
B10691,10.66686,5.870623,2,EV engineering / delivery,0
B10692,5.735026,5.942043,1,Vascular / systemic inflammation,0
B10693,9.003825,10.246632,5,Lung cancer EV biology,0
B10694,9.032563,1.1266412,4,Respiratory / airway EV biology,0
B10695,12.583899,4.980581,4,Respiratory / airway EV biology,0
B10696,8.552884,3.2729814,0,MSC / regenerative EV therapy,0
B10697,10.59938,8.561557,3,Broad cancer EV biology,0
B10698,11.966523,8.342771,5,Lung cancer EV biology,0
B10699,6.4983506,3.462549,3,Broad cancer EV biology,0
B10700,8.948863,5.139209,4,Respiratory / airway EV biology,0
B10701,6.9920087,7.82827,2,EV engineering / delivery,0
B10702,7.923055,7.8606877,2,EV engineering / delivery,0
B10703,11.790406,4.8249187,1,Vascular / systemic inflammation,0
B10704,12.652019,4.831661,4,Respiratory / airway EV biology,0
B10705,8.903182,5.2108145,4,Respiratory / airway EV biology,0
B10706,9.268469,8.654891,5,Lung cancer EV biology,0
B10707,8.461094,4.1799464,3,Broad cancer EV biology,0
B10708,12.049694,3.0867038,4,Respiratory / airway EV biology,0
B10709,10.797974,0.3743933,0,MSC / regenerative EV therapy,0
B10710,7.461448,2.7267077,1,Vascular / systemic inflammation,0
B10711,8.631789,2.2790308,0,MSC / regenerative EV therapy,0
B10712,11.02469,1.7816964,0,MSC / regenerative EV therapy,0
B10713,10.962876,0.3392068,0,MSC / regenerative EV therapy,0
B10714,11.052777,7.246125,2,EV engineering / delivery,0
B10715,8.5308275,4.0925956,1,Vascular / systemic inflammation,0
B10716,8.776614,1.7973905,0,MSC / regenerative EV therapy,0
B10717,10.690941,10.429253,5,Lung cancer EV biology,0
B10718,9.017533,9.464086,3,Broad cancer EV biology,0
B10719,9.29582,8.3059025,3,Broad cancer EV biology,0
B10720,9.5466585,10.546377,3,Broad cancer EV biology,0
B10721,9.3446045,10.555452,5,Lung cancer EV biology,0
B10722,10.614961,7.37989,3,Broad cancer EV biology,0
B10723,13.315777,4.83831,4,Respiratory / airway EV biology,0
B10724,9.505779,8.494078,3,Broad cancer EV biology,0
B10725,9.686153,11.004548,5,Lung cancer EV biology,0
B10726,11.669717,8.96535,3,Broad cancer EV biology,0
B10727,12.317916,3.7112794,4,Respiratory / airway EV biology,0
B10728,8.267634,5.044968,2,EV engineering / delivery,0
B10729,11.03308,8.111813,5,Lung cancer EV biology,0
B10730,11.443109,6.8776584,2,EV engineering / delivery,0
B10731,8.837652,6.0177145,2,EV engineering / delivery,0
B10732,9.31406,3.272093,0,MSC / regenerative EV therapy,0
B10733,8.622012,2.4289489,0,MSC / regenerative EV therapy,0
B10734,12.65544,4.736189,1,Vascular / systemic inflammation,0
B10735,9.597429,3.5154774,0,MSC / regenerative EV therapy,0
B10736,9.812228,9.461717,3,Broad cancer EV biology,0
B10737,9.28962,3.4126668,0,MSC / regenerative EV therapy,0
B10738,9.904372,9.880506,5,Lung cancer EV biology,0
B10739,7.7822847,3.2839806,1,Vascular / systemic inflammation,0
B10740,9.514479,4.8348007,0,MSC / regenerative EV therapy,0
B10741,12.066449,3.838838,4,Respiratory / airway EV biology,0
B10742,9.7993965,6.995306,2,EV engineering / delivery,0
B10743,9.818154,2.5034297,0,MSC / regenerative EV therapy,0
B10744,6.2636485,5.763871,1,Vascular / systemic inflammation,0
B10745,10.65033,6.368963,2,EV engineering / delivery,0
B10746,10.823739,4.8308234,4,Respiratory / airway EV biology,0
B10747,11.322044,2.8580558,4,Respiratory / airway EV biology,0
B10748,8.1832285,2.623902,4,Respiratory / airway EV biology,0
B10749,11.721613,3.6870122,4,Respiratory / airway EV biology,0
B10750,7.50285,2.9440467,1,Vascular / systemic inflammation,0
B10751,8.109019,2.6952295,4,Respiratory / airway EV biology,0
B10752,9.571568,5.0764327,1,Vascular / systemic inflammation,0
B10753,6.9087467,4.6481624,1,Vascular / systemic inflammation,0
B10754,11.992664,3.8763638,5,Lung cancer EV biology,0
B10755,11.509133,7.2616878,2,EV engineering / delivery,0
B10756,12.211543,5.1931195,2,EV engineering / delivery,0
B10757,8.132705,4.5455403,1,Vascular / systemic inflammation,0
B10758,10.228962,3.473542,4,Respiratory / airway EV biology,0
B10759,10.930373,1.6690814,0,MSC / regenerative EV therapy,0
B10760,10.618543,3.383586,0,MSC / regenerative EV therapy,0
B10761,8.430189,5.466247,2,EV engineering / delivery,0
B10762,9.263388,5.1076107,1,Vascular / systemic inflammation,0
B10763,10.975462,10.058554,3,Broad cancer EV biology,0
B10764,11.342298,8.363245,3,Broad cancer EV biology,0
B10765,8.859589,2.6287758,0,MSC / regenerative EV therapy,0
B10766,11.527358,4.0296426,1,Vascular / systemic inflammation,0
B10767,9.646275,4.1451764,0,MSC / regenerative EV therapy,0
B10768,9.276359,9.781479,5,Lung cancer EV biology,0
B10769,12.316536,3.656414,4,Respiratory / airway EV biology,0
B10770,9.567658,4.8004403,1,Vascular / systemic inflammation,0
B10771,10.978783,6.6086802,2,EV engineering / delivery,0
B10772,10.067837,2.9238548,4,Respiratory / airway EV biology,0
B10773,9.972176,6.2122164,2,EV engineering / delivery,0
B10774,10.003617,4.045938,1,Vascular / systemic inflammation,0
B10775,8.939145,3.031587,0,MSC / regenerative EV therapy,0
B10776,8.740749,0.9684608,4,Respiratory / airway EV biology,0
B10777,6.3403563,4.643421,4,Respiratory / airway EV biology,0
B10778,9.391443,4.7337637,1,Vascular / systemic inflammation,0
B10779,12.033036,5.3226604,4,Respiratory / airway EV biology,0
B10780,10.843455,0.24655022,0,MSC / regenerative EV therapy,0
B10781,8.837533,3.5027666,0,MSC / regenerative EV therapy,0
B10782,10.98101,8.684293,3,Broad cancer EV biology,0
B10783,7.4591427,2.690811,4,Respiratory / airway EV biology,0
B10784,9.749514,4.8071756,1,Vascular / systemic inflammation,0
B10785,9.181319,9.667587,3,Broad cancer EV biology,0
B10786,10.445168,6.6962333,2,EV engineering / delivery,0
B10787,10.898693,2.5654259,4,Respiratory / airway EV biology,0
B10788,7.787292,7.31574,2,EV engineering / delivery,0
B10789,12.034292,8.374379,5,Lung cancer EV biology,0
B10790,7.7826586,2.2735279,1,Vascular / systemic inflammation,0
B10791,9.770011,2.5396237,1,Vascular / systemic inflammation,0
B10792,9.268376,4.436829,1,Vascular / systemic inflammation,0
B10793,11.802282,3.9095798,4,Respiratory / airway EV biology,0
B10794,6.2282143,5.777637,1,Vascular / systemic inflammation,0
B10795,9.358974,9.702966,3,Broad cancer EV biology,0
B10796,8.855577,5.598402,4,Respiratory / airway EV biology,0
B10797,10.789777,4.542388,1,Vascular / systemic inflammation,0
B10798,12.036736,5.074901,1,Vascular / systemic inflammation,0
B10799,7.525843,9.020694,5,Lung cancer EV biology,0
B10800,7.387294,9.244796,3,Broad cancer EV biology,0
B10801,7.4482474,9.048217,5,Lung cancer EV biology,0
B10802,7.6200933,9.110187,3,Broad cancer EV biology,0
B10803,7.5143294,9.195878,3,Broad cancer EV biology,0
B10804,7.7143865,10.64233,5,Lung cancer EV biology,0
B10805,7.7016892,10.228468,3,Broad cancer EV biology,0
B10806,7.5030193,9.0993395,3,Broad cancer EV biology,0
B10807,7.5062175,9.04527,5,Lung cancer EV biology,0
B10808,7.5410523,9.119455,3,Broad cancer EV biology,0
B10809,7.791633,8.966357,3,Broad cancer EV biology,0
B10810,7.847904,9.931716,5,Lung cancer EV biology,0
B10811,7.668585,10.519678,5,Lung cancer EV biology,0
B10812,7.5508184,9.11979,3,Broad cancer EV biology,0
B10813,7.5234504,8.994952,5,Lung cancer EV biology,0
B10814,7.8817077,10.193955,5,Lung cancer EV biology,0
B10815,10.1032715,6.044183,2,EV engineering / delivery,0
B10816,9.8803625,4.0274134,1,Vascular / systemic inflammation,0
B10817,12.459446,2.599873,4,Respiratory / airway EV biology,0
B10818,10.159729,10.327449,3,Broad cancer EV biology,0
B10819,9.955744,10.192644,5,Lung cancer EV biology,0
B10820,7.8946357,7.640593,2,EV engineering / delivery,0
B10821,10.090979,9.420169,3,Broad cancer EV biology,0
B10822,9.640405,8.638205,3,Broad cancer EV biology,0
B10823,9.069577,8.674926,5,Lung cancer EV biology,0
B10824,9.154292,7.883953,3,Broad cancer EV biology,0
B10825,9.81612,7.9972353,5,Lung cancer EV biology,0
B10826,11.2077265,2.076489,5,Lung cancer EV biology,0
B10827,11.5408945,2.9663,4,Respiratory / airway EV biology,0
B10828,10.282103,8.784813,5,Lung cancer EV biology,0
B10829,7.9006495,3.0890126,4,Respiratory / airway EV biology,0
B10830,11.234497,9.75588,3,Broad cancer EV biology,0
B10831,10.210643,9.049151,3,Broad cancer EV biology,0
B10832,9.499599,10.213646,3,Broad cancer EV biology,0
B10833,10.326925,9.161751,3,Broad cancer EV biology,0
B10834,10.716404,10.386691,5,Lung cancer EV biology,0
B10835,10.355874,1.3142402,0,MSC / regenerative EV therapy,0
B10836,12.041305,3.9296377,4,Respiratory / airway EV biology,0
B10837,11.976825,8.4642515,5,Lung cancer EV biology,0
B10838,10.495401,1.4058577,0,MSC / regenerative EV therapy,0
B10839,11.157108,9.005597,3,Broad cancer EV biology,0
B10840,9.970907,2.3915982,4,Respiratory / airway EV biology,0
B10841,10.910614,10.080642,5,Lung cancer EV biology,0
B10842,11.504881,2.0832307,4,Respiratory / airway EV biology,0
B10843,11.480333,2.0541193,4,Respiratory / airway EV biology,0
B10844,10.990434,6.866515,2,EV engineering / delivery,0
B10845,12.094899,9.206468,3,Broad cancer EV biology,0
B10846,11.278956,9.006409,3,Broad cancer EV biology,0
B10847,11.395945,9.1677475,3,Broad cancer EV biology,0
B10848,10.406255,10.693385,5,Lung cancer EV biology,0
B10849,9.343081,10.7652235,3,Broad cancer EV biology,0
B10850,8.912674,2.723854,0,MSC / regenerative EV therapy,0
B10851,9.721344,1.2852721,0,MSC / regenerative EV therapy,0
B10852,13.756072,0.48357955,0,MSC / regenerative EV therapy,0
B10853,8.149184,7.56387,2,EV engineering / delivery,0
B10854,11.045943,9.144203,5,Lung cancer EV biology,0
B10855,12.582447,5.7697344,5,Lung cancer EV biology,0
B10856,10.808743,2.006918,0,MSC / regenerative EV therapy,0
B10857,10.886404,9.826735,3,Broad cancer EV biology,0
B10858,9.935631,7.4070883,2,EV engineering / delivery,0
B10859,10.926192,3.3686392,4,Respiratory / airway EV biology,0
B10860,9.962687,1.321156,0,MSC / regenerative EV therapy,0
B10861,9.220049,2.8457298,0,MSC / regenerative EV therapy,0
B10862,12.303576,4.770397,2,EV engineering / delivery,0
B10863,8.410174,6.9851594,2,EV engineering / delivery,0
B10864,9.619054,2.7307918,0,MSC / regenerative EV therapy,0
B10865,9.783888,1.7283868,0,MSC / regenerative EV therapy,0
B10866,9.074585,3.7110612,0,MSC / regenerative EV therapy,0
B10867,8.851589,0.9162495,0,MSC / regenerative EV therapy,0
B10868,10.0919895,1.7693864,0,MSC / regenerative EV therapy,0
B10869,9.629418,3.2000473,0,MSC / regenerative EV therapy,0
B10870,9.449392,3.6084325,0,MSC / regenerative EV therapy,0
B10871,9.821029,1.7131364,0,MSC / regenerative EV therapy,0
B10872,9.431081,3.551699,0,MSC / regenerative EV therapy,0
B10873,9.615526,3.6060364,0,MSC / regenerative EV therapy,0
B10874,9.418669,3.6902184,0,MSC / regenerative EV therapy,0
B10875,9.386831,3.3227668,0,MSC / regenerative EV therapy,0
B10876,10.843594,2.0710566,0,MSC / regenerative EV therapy,0
B10877,10.732648,0.21703526,0,MSC / regenerative EV therapy,0
B10878,9.750842,0.8453416,0,MSC / regenerative EV therapy,0
B10879,9.649714,2.2101088,0,MSC / regenerative EV therapy,0
B10880,9.430251,3.5706785,0,MSC / regenerative EV therapy,0
B10881,8.70799,2.0925672,0,MSC / regenerative EV therapy,0
B10882,8.857618,1.764398,0,MSC / regenerative EV therapy,0
B10883,8.541847,2.305415,0,MSC / regenerative EV therapy,0
B10884,8.802611,2.4466007,0,MSC / regenerative EV therapy,0
B10885,8.75817,2.3042634,0,MSC / regenerative EV therapy,0
B10886,8.573405,2.0242991,0,MSC / regenerative EV therapy,0
B10887,8.597917,2.0067255,0,MSC / regenerative EV therapy,0
B10888,8.6352625,2.071997,0,MSC / regenerative EV therapy,0
B10889,9.605324,2.3039646,1,Vascular / systemic inflammation,0
B10890,9.107907,2.6679933,0,MSC / regenerative EV therapy,0
B10891,12.760845,2.1964116,0,MSC / regenerative EV therapy,0
B10892,9.795365,0.85814625,0,MSC / regenerative EV therapy,0
B10893,9.396711,2.3174257,0,MSC / regenerative EV therapy,0
B10894,11.003482,0.32478955,0,MSC / regenerative EV therapy,0
B10895,8.706671,2.0439212,0,MSC / regenerative EV therapy,0
B10896,9.406856,2.2870226,0,MSC / regenerative EV therapy,0
B10897,8.670189,2.1061025,0,MSC / regenerative EV therapy,0
B10898,8.850068,2.8480744,0,MSC / regenerative EV therapy,0
B10899,8.884304,1.4128755,0,MSC / regenerative EV therapy,0
B10900,13.237708,4.9333987,2,EV engineering / delivery,0
B10901,13.088682,4.571028,4,Respiratory / airway EV biology,0
B10902,10.620679,7.907053,3,Broad cancer EV biology,0
B10903,12.317392,3.8526397,4,Respiratory / airway EV biology,0
B10904,12.125812,8.777718,3,Broad cancer EV biology,0
B10905,12.057673,2.5826547,4,Respiratory / airway EV biology,0
B10906,12.189086,4.1332154,4,Respiratory / airway EV biology,0
B10907,9.6818695,8.96622,3,Broad cancer EV biology,0
B10908,7.377448,2.8652887,1,Vascular / systemic inflammation,0
B10909,7.544808,2.4265316,1,Vascular / systemic inflammation,0
B10910,13.287649,4.774408,4,Respiratory / airway EV biology,0
B10911,9.564618,9.925528,5,Lung cancer EV biology,0
B10912,9.979281,1.69725,0,MSC / regenerative EV therapy,0
B10913,10.421272,8.458869,5,Lung cancer EV biology,0
B10914,9.817285,0.8096721,0,MSC / regenerative EV therapy,0
B10915,9.852804,8.173942,3,Broad cancer EV biology,0
B10916,9.989741,2.963507,0,MSC / regenerative EV therapy,0
B10917,12.554507,7.5411634,5,Lung cancer EV biology,0
B10918,7.017814,3.299305,1,Vascular / systemic inflammation,0
B10919,11.896216,3.528286,1,Vascular / systemic inflammation,0
B10920,9.570594,2.5542238,1,Vascular / systemic inflammation,0
B10921,10.152813,1.5148028,0,MSC / regenerative EV therapy,0
B10922,9.666657,1.4604176,1,Vascular / systemic inflammation,0
B10923,13.851468,0.70492715,1,Vascular / systemic inflammation,0
B10924,9.734344,9.181608,3,Broad cancer EV biology,0
B10925,9.949569,11.056677,5,Lung cancer EV biology,0
B10926,10.618985,10.513178,5,Lung cancer EV biology,0
B10927,9.252171,4.3034086,1,Vascular / systemic inflammation,0
B10928,10.763643,10.382084,5,Lung cancer EV biology,0
B10929,10.683325,9.891984,5,Lung cancer EV biology,0
B10930,12.629318,2.4086065,4,Respiratory / airway EV biology,0
B10931,10.4777565,10.682725,5,Lung cancer EV biology,0
B10932,12.190409,2.5859904,4,Respiratory / airway EV biology,0
B10933,7.8452334,3.702812,1,Vascular / systemic inflammation,0
B10934,9.008342,4.814367,1,Vascular / systemic inflammation,0
B10935,9.76643,5.9729643,3,Broad cancer EV biology,0
B10936,9.453461,4.7642803,0,MSC / regenerative EV therapy,0
B10937,11.243213,8.179558,3,Broad cancer EV biology,0
B10938,12.057166,1.9869894,0,MSC / regenerative EV therapy,0
B10939,9.477713,2.7778647,0,MSC / regenerative EV therapy,0
B10940,8.592149,10.127865,5,Lung cancer EV biology,0
B10941,11.554146,2.795204,4,Respiratory / airway EV biology,0
B10942,8.461261,7.070699,5,Lung cancer EV biology,0
B10943,8.092669,2.553506,4,Respiratory / airway EV biology,0
B10944,9.677422,2.6160235,4,Respiratory / airway EV biology,0
B10945,10.939267,5.364927,3,Broad cancer EV biology,0
B10946,11.49441,8.871304,5,Lung cancer EV biology,0
B10947,6.2147326,5.789085,1,Vascular / systemic inflammation,0
B10948,8.3993845,10.299911,3,Broad cancer EV biology,0
B10949,10.657314,1.2769688,0,MSC / regenerative EV therapy,0
B10950,12.258302,1.9796958,4,Respiratory / airway EV biology,0
B10951,8.723918,9.996193,5,Lung cancer EV biology,0
B10952,7.2972655,7.807677,2,EV engineering / delivery,0
B10953,9.263269,3.491538,0,MSC / regenerative EV therapy,0
B10954,10.5869055,2.6520658,4,Respiratory / airway EV biology,0
B10955,10.291385,6.739677,2,EV engineering / delivery,0
B10956,9.576344,4.614957,0,MSC / regenerative EV therapy,0
B10957,13.32225,4.795173,4,Respiratory / airway EV biology,0
B10958,11.656239,3.766086,4,Respiratory / airway EV biology,0
B10959,9.695056,4.884893,1,Vascular / systemic inflammation,0
B10960,11.084601,9.546214,5,Lung cancer EV biology,0
B10961,11.906588,4.9740534,2,EV engineering / delivery,0
B10962,9.853092,5.0096807,2,EV engineering / delivery,0
B10963,11.079802,2.2761483,0,MSC / regenerative EV therapy,0
B10964,9.390688,2.7508316,4,Respiratory / airway EV biology,0
B10965,11.990332,4.963522,2,EV engineering / delivery,0
B10966,9.34503,9.445847,3,Broad cancer EV biology,0
B10967,12.068775,3.664736,4,Respiratory / airway EV biology,0
B10968,9.125532,10.449574,3,Broad cancer EV biology,0
B10969,11.077473,8.08376,5,Lung cancer EV biology,0
B10970,7.728873,1.8970754,1,Vascular / systemic inflammation,0
B10971,9.456435,4.6575394,0,MSC / regenerative EV therapy,0
B10972,8.774955,5.2010617,2,EV engineering / delivery,0
B10973,9.899394,2.5966253,4,Respiratory / airway EV biology,0
B10974,6.484827,3.410407,3,Broad cancer EV biology,0
B10975,11.328298,8.463831,5,Lung cancer EV biology,0
B10976,8.694154,5.4445553,2,EV engineering / delivery,0
B10977,8.027885,5.190842,2,EV engineering / delivery,0
B10978,10.688303,9.764529,3,Broad cancer EV biology,0
B10979,11.3136635,9.0827265,5,Lung cancer EV biology,0
B10980,10.107509,1.4789385,4,Respiratory / airway EV biology,0
B10981,9.917852,10.740982,3,Broad cancer EV biology,0
B10982,11.225234,4.1875677,5,Lung cancer EV biology,0
B10983,8.957133,8.539665,5,Lung cancer EV biology,0
B10984,7.5515194,8.099265,5,Lung cancer EV biology,0
B10985,9.10168,8.141166,5,Lung cancer EV biology,0
B10986,11.089683,2.534681,4,Respiratory / airway EV biology,0
B10987,8.507094,3.6092658,0,MSC / regenerative EV therapy,0
B10988,12.87865,3.0127554,4,Respiratory / airway EV biology,0
B10989,7.5522566,6.25313,1,Vascular / systemic inflammation,0
B10990,11.08013,0.08998527,1,Vascular / systemic inflammation,0
B10991,9.526818,4.881374,1,Vascular / systemic inflammation,0
B10992,9.603261,3.1490333,0,MSC / regenerative EV therapy,0
B10993,12.792697,3.2252495,4,Respiratory / airway EV biology,0
B10994,8.537469,5.181224,1,Vascular / systemic inflammation,0
B10995,8.433656,8.173612,1,Vascular / systemic inflammation,0
B10996,8.084145,5.186112,2,EV engineering / delivery,0
B10997,7.9285913,7.680651,2,EV engineering / delivery,0
B10998,10.102039,3.3988483,1,Vascular / systemic inflammation,0
B10999,13.748565,0.41324657,0,MSC / regenerative EV therapy,0
B11000,8.480177,6.535481,2,EV engineering / delivery,0
B11001,7.893684,9.98912,5,Lung cancer EV biology,0
B11002,9.42088,11.2367525,3,Broad cancer EV biology,0
B11003,11.471135,9.382677,0,MSC / regenerative EV therapy,0
B11004,7.9222007,5.2334704,1,Vascular / systemic inflammation,0
B11005,11.930105,4.344023,4,Respiratory / airway EV biology,0
B11006,11.666008,8.287878,5,Lung cancer EV biology,0
B11007,8.793331,1.8424574,0,MSC / regenerative EV therapy,0
B11008,12.2359295,4.7666326,4,Respiratory / airway EV biology,0
B11009,11.420515,3.4530632,4,Respiratory / airway EV biology,0
B11010,8.626082,3.143988,1,Vascular / systemic inflammation,0
B11011,8.072816,8.726192,5,Lung cancer EV biology,0
B11012,11.64146,8.432573,3,Broad cancer EV biology,0
B11013,11.358782,8.451067,3,Broad cancer EV biology,0
B11014,12.755279,5.5586395,1,Vascular / systemic inflammation,0
B11015,9.724904,1.4203755,0,MSC / regenerative EV therapy,0
B11016,11.122937,2.4553976,4,Respiratory / airway EV biology,0
B11017,10.765542,2.103483,0,MSC / regenerative EV therapy,0
B11018,8.473757,3.7374518,1,Vascular / systemic inflammation,0
B11019,7.979813,10.009997,5,Lung cancer EV biology,0
B11020,10.417788,5.585318,2,EV engineering / delivery,0
B11021,10.738295,0.32816133,0,MSC / regenerative EV therapy,0
B11022,12.027321,9.600753,5,Lung cancer EV biology,0
B11023,7.4554763,7.7736154,2,EV engineering / delivery,0
B11024,9.047348,8.629487,3,Broad cancer EV biology,0
B11025,8.649128,1.9346762,0,MSC / regenerative EV therapy,0
B11026,8.748993,7.1204977,2,EV engineering / delivery,0
B11027,10.231935,3.780364,4,Respiratory / airway EV biology,0
B11028,8.916978,5.2611313,2,EV engineering / delivery,0
B11029,8.915722,9.302691,5,Lung cancer EV biology,0
B11030,9.854027,10.630136,3,Broad cancer EV biology,0
B11031,9.148926,3.8672526,4,Respiratory / airway EV biology,0
B11032,9.177072,4.14087,1,Vascular / systemic inflammation,1
B11033,9.932499,7.9525924,3,Broad cancer EV biology,0
B11034,9.830481,9.329718,5,Lung cancer EV biology,0
B11035,9.900362,9.220931,3,Broad cancer EV biology,0
B11036,8.82418,0.87686807,1,Vascular / systemic inflammation,0
B11037,7.676249,2.9766395,1,Vascular / systemic inflammation,0
B11038,7.7546973,2.9455516,4,Respiratory / airway EV biology,0
B11039,7.0750184,3.4750242,1,Vascular / systemic inflammation,0
B11040,7.1167603,3.3081264,1,Vascular / systemic inflammation,0
B11041,6.1999087,4.760743,4,Respiratory / airway EV biology,0
B11042,11.378822,8.109886,5,Lung cancer EV biology,0
B11043,7.8702283,10.19803,3,Broad cancer EV biology,0
B11044,8.973081,1.9329318,0,MSC / regenerative EV therapy,0
B11045,9.233905,3.4460614,0,MSC / regenerative EV therapy,0
B11046,9.897172,10.792942,5,Lung cancer EV biology,0
B11047,7.043698,4.5937595,1,Vascular / systemic inflammation,0
B11048,9.286685,5.078488,1,Vascular / systemic inflammation,0
B11049,10.290448,8.131719,3,Broad cancer EV biology,0
B11050,8.026384,8.926035,3,Broad cancer EV biology,0
B11051,8.022966,4.719622,0,MSC / regenerative EV therapy,0
B11052,8.8010845,9.984859,5,Lung cancer EV biology,0
B11053,8.364979,8.842868,3,Broad cancer EV biology,0
B11054,10.822778,6.0965514,2,EV engineering / delivery,0
B11055,11.14213,0.04329589,0,MSC / regenerative EV therapy,0
B11056,9.490243,3.5119412,0,MSC / regenerative EV therapy,0
B11057,8.420808,2.4375148,1,Vascular / systemic inflammation,0
B11058,11.851473,9.053869,3,Broad cancer EV biology,0
B11059,10.580842,10.2846985,5,Lung cancer EV biology,0
B11060,9.882589,10.720468,5,Lung cancer EV biology,0
B11061,11.0345125,2.8656583,4,Respiratory / airway EV biology,0
B11062,9.602559,10.049715,5,Lung cancer EV biology,0
B11063,10.68855,8.477431,5,Lung cancer EV biology,0
B11064,9.945272,6.6808596,2,EV engineering / delivery,0
B11065,11.875195,1.3952008,0,MSC / regenerative EV therapy,0
B11066,12.229152,4.9251003,4,Respiratory / airway EV biology,0
B11067,9.95715,8.929662,5,Lung cancer EV biology,0
B11068,10.592272,8.558497,3,Broad cancer EV biology,0
B11069,10.6359005,3.998502,4,Respiratory / airway EV biology,0
B11070,8.363325,5.016632,1,Vascular / systemic inflammation,0
B11071,9.835106,8.01048,3,Broad cancer EV biology,0
B11072,9.606565,9.204323,3,Broad cancer EV biology,0
B11073,11.822399,2.6953523,4,Respiratory / airway EV biology,0
B11074,8.979028,9.317337,5,Lung cancer EV biology,0
B11075,6.414637,4.753249,4,Respiratory / airway EV biology,0
B11076,10.334625,4.296229,4,Respiratory / airway EV biology,0
B11077,6.3964763,4.8146343,4,Respiratory / airway EV biology,0
B11078,10.700398,10.003031,5,Lung cancer EV biology,0
B11079,12.839731,2.878762,4,Respiratory / airway EV biology,0
B11080,9.059804,5.2879405,1,Vascular / systemic inflammation,0
B11081,11.636378,3.4863975,4,Respiratory / airway EV biology,0
B11082,7.172696,3.1452088,1,Vascular / systemic inflammation,0
B11083,10.761788,3.3588243,4,Respiratory / airway EV biology,0
B11084,7.8851266,9.665346,1,Vascular / systemic inflammation,0
B11085,10.439499,3.189245,1,Vascular / systemic inflammation,0
B11086,11.283021,3.716424,1,Vascular / systemic inflammation,0
B11087,8.162469,4.9132495,1,Vascular / systemic inflammation,0
B11088,7.438181,2.6931107,1,Vascular / systemic inflammation,0
B11089,11.826777,7.2261715,3,Broad cancer EV biology,0
B11090,7.229549,7.3310194,2,EV engineering / delivery,0
B11091,8.571942,2.022732,0,MSC / regenerative EV therapy,0
B11092,12.768262,7.2367253,0,MSC / regenerative EV therapy,0
B11093,10.970562,2.4365728,5,Lung cancer EV biology,0
B11094,8.581025,2.6464655,0,MSC / regenerative EV therapy,0
B11095,7.7280664,8.399524,5,Lung cancer EV biology,0
B11096,10.389586,5.908687,2,EV engineering / delivery,0
B11097,8.190933,8.812431,5,Lung cancer EV biology,0
B11098,11.152831,6.504922,2,EV engineering / delivery,0
B11099,7.1471334,7.731933,2,EV engineering / delivery,0
B11100,8.785693,8.37414,1,Vascular / systemic inflammation,0
B11101,11.13314,6.706179,2,EV engineering / delivery,0
B11102,9.277429,2.8236108,0,MSC / regenerative EV therapy,0
B11103,7.3818903,2.4562252,1,Vascular / systemic inflammation,0
B11104,11.240491,7.2645645,2,EV engineering / delivery,0
B11105,9.824236,1.6613134,0,MSC / regenerative EV therapy,0
B11106,8.212031,5.1905,2,EV engineering / delivery,0
B11107,10.32128,1.2849736,0,MSC / regenerative EV therapy,0
B11108,9.622366,8.129617,3,Broad cancer EV biology,0
B11109,8.5974655,2.100893,0,MSC / regenerative EV therapy,0
B11110,8.556658,4.2939076,1,Vascular / systemic inflammation,0
B11111,12.24765,3.219584,4,Respiratory / airway EV biology,0
B11112,6.0568366,4.779682,4,Respiratory / airway EV biology,0
B11113,8.576248,2.8068557,0,MSC / regenerative EV therapy,0
B11114,10.390299,10.875777,3,Broad cancer EV biology,0
B11115,10.290322,10.2189865,5,Lung cancer EV biology,0
B11116,10.5253,10.741715,5,Lung cancer EV biology,0
B11117,11.229072,8.171076,5,Lung cancer EV biology,0
B11118,9.40006,2.7042665,1,Vascular / systemic inflammation,0
B11119,9.0316,7.5113096,2,EV engineering / delivery,0
B11120,10.232683,8.906909,3,Broad cancer EV biology,0
B11121,9.174962,2.6198723,1,Vascular / systemic inflammation,0
B11122,10.04748,10.80697,5,Lung cancer EV biology,0
B11123,11.512135,2.616958,3,Broad cancer EV biology,0
B11124,11.176083,3.3171146,4,Respiratory / airway EV biology,0
B11125,9.706223,9.294176,3,Broad cancer EV biology,0
B11126,8.809734,5.3236837,4,Respiratory / airway EV biology,0
B11127,9.2344675,2.7972856,1,Vascular / systemic inflammation,0
B11128,11.355168,6.118057,3,Broad cancer EV biology,0
B11129,11.486874,8.913893,5,Lung cancer EV biology,0
B11130,12.260218,9.624767,1,Vascular / systemic inflammation,0
B11131,12.186281,9.586621,3,Broad cancer EV biology,0
B11132,11.843957,5.211348,4,Respiratory / airway EV biology,0
B11133,7.4418573,7.2833076,2,EV engineering / delivery,0
B11134,8.404448,3.8508174,1,Vascular / systemic inflammation,0
B11135,9.560922,0.7536931,4,Respiratory / airway EV biology,0
B11136,8.904131,6.7548685,2,EV engineering / delivery,0
B11137,8.640726,5.3849497,2,EV engineering / delivery,0
B11138,12.727967,3.1339443,4,Respiratory / airway EV biology,0
B11139,11.923356,2.6525753,4,Respiratory / airway EV biology,0
B11140,8.276056,4.7227592,1,Vascular / systemic inflammation,0
B11141,7.3945203,2.4018009,1,Vascular / systemic inflammation,0
B11142,12.533227,2.4529629,4,Respiratory / airway EV biology,0
B11143,9.712781,1.8863722,4,Respiratory / airway EV biology,0
B11144,8.908685,9.902855,3,Broad cancer EV biology,0
B11145,11.53316,8.641115,3,Broad cancer EV biology,0
B11146,10.913162,3.4207466,0,MSC / regenerative EV therapy,0
B11147,11.670892,3.6851118,1,Vascular / systemic inflammation,0
B11148,9.685147,11.207509,5,Lung cancer EV biology,0
B11149,9.650356,11.1550455,5,Lung cancer EV biology,0
B11150,9.574059,11.284337,5,Lung cancer EV biology,0
B11151,9.631838,11.192638,5,Lung cancer EV biology,0
B11152,9.409605,10.863902,5,Lung cancer EV biology,0
B11153,8.232006,4.924138,1,Vascular / systemic inflammation,0
B11154,7.552403,3.0435574,4,Respiratory / airway EV biology,0
B11155,6.974562,3.2701247,1,Vascular / systemic inflammation,0
B11156,12.072945,9.355543,5,Lung cancer EV biology,0
B11157,11.98963,4.8393416,4,Respiratory / airway EV biology,0
B11158,9.825106,8.677463,3,Broad cancer EV biology,0
B11159,8.3495655,7.6290603,2,EV engineering / delivery,0
B11160,9.5174885,9.9615,5,Lung cancer EV biology,0
B11161,8.365197,7.213462,2,EV engineering / delivery,0
B11162,12.731359,2.4243279,4,Respiratory / airway EV biology,0
B11163,12.567113,2.1635613,4,Respiratory / airway EV biology,0
B11164,13.588349,0.77448535,0,MSC / regenerative EV therapy,0
B11165,8.938768,7.423369,2,EV engineering / delivery,0
B11166,9.031928,10.526052,5,Lung cancer EV biology,0
B11167,12.507113,2.5339286,4,Respiratory / airway EV biology,0
B11168,11.238165,8.036251,5,Lung cancer EV biology,0
B11169,10.164274,4.7257705,4,Respiratory / airway EV biology,0
B11170,10.756324,3.3785794,1,Vascular / systemic inflammation,0
B11171,8.0035515,9.790172,1,Vascular / systemic inflammation,0
B11172,10.67239,3.2647197,0,MSC / regenerative EV therapy,0
B11173,9.585953,5.0864244,0,MSC / regenerative EV therapy,0
B11174,9.181118,1.4509453,0,MSC / regenerative EV therapy,0
B11175,12.596051,7.2593045,0,MSC / regenerative EV therapy,0
B11176,9.261026,3.657823,0,MSC / regenerative EV therapy,0
B11177,9.012246,1.7486538,0,MSC / regenerative EV therapy,0
B11178,10.928577,0.24412988,0,MSC / regenerative EV therapy,0
B11179,8.561805,1.9946018,0,MSC / regenerative EV therapy,0
B11180,8.605112,1.9519793,0,MSC / regenerative EV therapy,0
B11181,8.4353075,2.174021,0,MSC / regenerative EV therapy,0
B11182,8.72607,2.5052965,0,MSC / regenerative EV therapy,0
B11183,10.585517,0.21849994,0,MSC / regenerative EV therapy,0
B11184,10.710615,1.6082251,0,MSC / regenerative EV therapy,0
B11185,8.82161,2.7307203,0,MSC / regenerative EV therapy,0
B11186,10.9926605,6.6768394,2,EV engineering / delivery,0
B11187,7.810322,6.77229,2,EV engineering / delivery,0
B11188,8.509082,3.8494833,1,Vascular / systemic inflammation,0
B11189,12.135479,4.8705454,2,EV engineering / delivery,0
B11190,11.077874,6.259409,5,Lung cancer EV biology,0
B11191,10.71126,5.4585733,2,EV engineering / delivery,0
B11192,8.99933,8.270632,5,Lung cancer EV biology,0
B11193,6.3115754,4.738971,4,Respiratory / airway EV biology,0
B11194,10.123702,6.342629,2,EV engineering / delivery,0
B11195,11.655601,3.2904267,4,Respiratory / airway EV biology,0
B11196,7.922759,2.4088464,1,Vascular / systemic inflammation,0
B11197,9.206086,7.3702717,2,EV engineering / delivery,0
B11198,9.787807,1.8811985,0,MSC / regenerative EV therapy,0
B11199,12.399306,3.1586351,4,Respiratory / airway EV biology,0
B11200,8.704273,5.4853797,1,Vascular / systemic inflammation,0
B11201,11.128734,0.1017029,0,MSC / regenerative EV therapy,0
B11202,11.706617,3.0507963,4,Respiratory / airway EV biology,0
B11203,8.455215,5.2821164,2,EV engineering / delivery,0
B11204,10.225995,9.69459,5,Lung cancer EV biology,0
B11205,11.391138,7.8733263,5,Lung cancer EV biology,0
B11206,10.143677,7.95733,5,Lung cancer EV biology,0
B11207,11.62465,8.246193,3,Broad cancer EV biology,0
B11208,10.527626,7.442101,3,Broad cancer EV biology,0
B11209,7.9699473,8.514501,2,EV engineering / delivery,0
B11210,6.2876296,5.7266507,1,Vascular / systemic inflammation,0
B11211,12.066031,8.361543,5,Lung cancer EV biology,0
B11212,10.024359,4.651251,2,EV engineering / delivery,0
B11213,10.357266,8.209783,3,Broad cancer EV biology,0
B11214,8.722278,7.001502,1,Vascular / systemic inflammation,0
B11215,9.216152,2.6049528,1,Vascular / systemic inflammation,0
B11216,8.96375,4.372341,1,Vascular / systemic inflammation,0
B11217,9.896126,11.035611,5,Lung cancer EV biology,0
B11218,8.5451355,2.0719995,0,MSC / regenerative EV therapy,0
B11219,9.793299,8.681901,5,Lung cancer EV biology,0
B11220,9.475574,5.029373,1,Vascular / systemic inflammation,0
B11221,10.545091,2.4175403,4,Respiratory / airway EV biology,0
B11222,9.029887,2.896499,0,MSC / regenerative EV therapy,0
B11223,9.311023,8.471771,5,Lung cancer EV biology,0
B11224,8.0564785,8.219675,1,Vascular / systemic inflammation,0
B11225,12.146855,8.486657,5,Lung cancer EV biology,0
B11226,11.228757,2.1788187,4,Respiratory / airway EV biology,0
B11227,9.217741,1.552643,0,MSC / regenerative EV therapy,0
B11228,9.112516,2.9994245,0,MSC / regenerative EV therapy,0
B11229,10.229248,4.4459553,1,Vascular / systemic inflammation,0
B11230,10.5853615,8.434241,3,Broad cancer EV biology,0
B11231,11.589891,8.879605,3,Broad cancer EV biology,0
B11232,8.193185,5.3167996,1,Vascular / systemic inflammation,0
B11233,12.311779,4.3945875,4,Respiratory / airway EV biology,0
B11234,7.24271,3.2220657,1,Vascular / systemic inflammation,0
B11235,12.247261,3.7410583,4,Respiratory / airway EV biology,0
B11236,7.328968,2.5200357,1,Vascular / systemic inflammation,0
B11237,9.661307,8.383295,3,Broad cancer EV biology,0
B11238,12.849313,2.6744304,1,Vascular / systemic inflammation,0
B11239,6.588096,3.3755968,1,Vascular / systemic inflammation,0
B11240,7.27346,2.618292,1,Vascular / systemic inflammation,0
B11241,9.018001,7.872715,5,Lung cancer EV biology,0
B11242,9.462691,8.676831,5,Lung cancer EV biology,0
B11243,7.67185,9.007816,3,Broad cancer EV biology,0
B11244,11.53956,5.004656,4,Respiratory / airway EV biology,0
B11245,10.684276,7.92576,5,Lung cancer EV biology,0
B11246,11.025695,10.130309,5,Lung cancer EV biology,0
B11247,8.933885,8.342693,5,Lung cancer EV biology,0
B11248,12.322379,4.7401237,2,EV engineering / delivery,0
B11249,10.733559,5.4572334,1,Vascular / systemic inflammation,0
B11250,7.5572796,9.153329,3,Broad cancer EV biology,0
B11251,9.253191,8.247805,5,Lung cancer EV biology,0
B11252,10.534995,1.454996,0,MSC / regenerative EV therapy,0
B11253,10.685791,0.21201675,0,MSC / regenerative EV therapy,0
B11254,7.6344147,3.8826559,1,Vascular / systemic inflammation,0
B11255,11.572914,10.10125,3,Broad cancer EV biology,0
B11256,11.757903,2.309396,4,Respiratory / airway EV biology,0
B11257,8.62239,2.1218202,0,MSC / regenerative EV therapy,0
B11258,7.7159777,8.871895,5,Lung cancer EV biology,0
B11259,9.008041,0.7743368,1,Vascular / systemic inflammation,0
B11260,9.44274,2.2424643,0,MSC / regenerative EV therapy,0
B11261,8.677715,2.0944974,0,MSC / regenerative EV therapy,0
B11262,8.244409,10.198012,3,Broad cancer EV biology,0
B11263,11.046563,8.996593,3,Broad cancer EV biology,0
B11264,8.817258,4.9176908,1,Vascular / systemic inflammation,0
B11265,10.721873,3.3213153,4,Respiratory / airway EV biology,0
B11266,10.208571,8.974151,5,Lung cancer EV biology,0
B11267,9.925324,8.40988,5,Lung cancer EV biology,0
B11268,9.601868,8.5687,3,Broad cancer EV biology,0
B11269,10.110878,10.674418,5,Lung cancer EV biology,0
B11270,8.482179,3.9554536,1,Vascular / systemic inflammation,0
B11271,11.423648,2.5155177,4,Respiratory / airway EV biology,0
B11272,12.589436,2.5746927,4,Respiratory / airway EV biology,0
B11273,12.537409,2.4647608,4,Respiratory / airway EV biology,0
B11274,8.633762,5.396442,2,EV engineering / delivery,0
B11275,8.246913,5.261747,2,EV engineering / delivery,0
B11276,11.271652,3.2917407,4,Respiratory / airway EV biology,0
B11277,9.871209,7.345518,5,Lung cancer EV biology,0
B11278,8.852624,1.2648023,1,Vascular / systemic inflammation,0
B11279,6.034537,4.795579,4,Respiratory / airway EV biology,0
B11280,11.372456,9.61341,3,Broad cancer EV biology,0
B11281,7.792194,10.189524,3,Broad cancer EV biology,0
B11282,12.5572,2.8095264,4,Respiratory / airway EV biology,0
B11283,10.84614,7.964035,3,Broad cancer EV biology,0
B11284,11.153048,2.75753,4,Respiratory / airway EV biology,0
B11285,8.255301,5.138452,2,EV engineering / delivery,0
B11286,9.40191,4.7305784,0,MSC / regenerative EV therapy,0
B11287,9.805876,5.323389,1,Vascular / systemic inflammation,0
B11288,9.275416,8.14385,5,Lung cancer EV biology,0
B11289,11.568606,8.527014,3,Broad cancer EV biology,0
B11290,12.544201,4.941572,4,Respiratory / airway EV biology,0
B11291,9.402725,3.6461847,0,MSC / regenerative EV therapy,0
B11292,7.678195,3.4737854,1,Vascular / systemic inflammation,0
B11293,10.2555065,9.068153,5,Lung cancer EV biology,0
B11294,9.321091,3.6246707,0,MSC / regenerative EV therapy,0
B11295,9.352736,3.258666,0,MSC / regenerative EV therapy,0
B11296,9.381773,1.4471012,0,MSC / regenerative EV therapy,0
B11297,8.9143095,3.739103,2,EV engineering / delivery,0
B11298,9.269075,2.2760785,0,MSC / regenerative EV therapy,0
B11299,10.950996,1.1769415,0,MSC / regenerative EV therapy,0
B11300,11.232044,2.039066,0,MSC / regenerative EV therapy,0
B11301,9.53936,2.4448845,5,Lung cancer EV biology,0
B11302,8.5344925,2.0516562,0,MSC / regenerative EV therapy,0
B11303,10.36413,1.7174675,0,MSC / regenerative EV therapy,0
B11304,8.510113,1.9991217,0,MSC / regenerative EV therapy,0
B11305,9.42404,1.4202455,1,Vascular / systemic inflammation,0
B11306,10.024541,9.476565,3,Broad cancer EV biology,0
B11307,10.479142,1.8420697,0,MSC / regenerative EV therapy,0
B11308,9.161116,3.2198532,0,MSC / regenerative EV therapy,0
B11309,9.3337345,2.9449422,0,MSC / regenerative EV therapy,0
B11310,9.764488,8.454726,3,Broad cancer EV biology,0
B11311,8.273428,5.3731523,4,Respiratory / airway EV biology,0
B11312,6.242793,5.7934346,1,Vascular / systemic inflammation,0
B11313,6.973789,3.5921712,1,Vascular / systemic inflammation,0
B11314,7.651691,3.351907,1,Vascular / systemic inflammation,0
B11315,6.535233,3.4167626,3,Broad cancer EV biology,0
B11316,11.642828,8.25426,2,EV engineering / delivery,0
B11317,10.097506,1.9635241,0,MSC / regenerative EV therapy,0
B11318,10.234827,7.2206054,2,EV engineering / delivery,0
B11319,9.951301,9.1015835,0,MSC / regenerative EV therapy,0
B11320,12.040883,8.443474,5,Lung cancer EV biology,0
B11321,11.440533,7.3258486,5,Lung cancer EV biology,0
B11322,12.104218,8.521743,3,Broad cancer EV biology,0
B11323,12.065185,8.652726,5,Lung cancer EV biology,0
B11324,11.294372,8.794607,5,Lung cancer EV biology,0
B11325,9.466284,10.858237,5,Lung cancer EV biology,0
B11326,9.829978,8.150603,3,Broad cancer EV biology,0
B11327,11.673407,7.1706233,3,Broad cancer EV biology,0
B11328,10.671173,8.713696,3,Broad cancer EV biology,0
B11329,9.134067,10.922738,3,Broad cancer EV biology,0
B11330,9.620842,11.037154,5,Lung cancer EV biology,0
B11331,10.34619,10.461128,5,Lung cancer EV biology,0
B11332,9.504757,11.101151,5,Lung cancer EV biology,0
B11333,9.51433,11.110814,5,Lung cancer EV biology,0
B11334,11.2484865,8.611194,3,Broad cancer EV biology,0
B11335,9.255226,8.111718,3,Broad cancer EV biology,0
B11336,11.604743,9.5712,5,Lung cancer EV biology,0
B11337,9.738806,8.533678,3,Broad cancer EV biology,0
B11338,11.364051,8.136366,5,Lung cancer EV biology,0
B11339,11.052947,9.859403,5,Lung cancer EV biology,0
B11340,9.457336,7.6521983,5,Lung cancer EV biology,0
B11341,8.691157,2.9081335,0,MSC / regenerative EV therapy,0
B11342,9.481844,10.21947,3,Broad cancer EV biology,0
B11343,8.060574,10.141164,5,Lung cancer EV biology,0
B11344,9.742598,6.2208896,0,MSC / regenerative EV therapy,0
B11345,9.859794,6.290374,2,EV engineering / delivery,0
B11346,8.969494,5.2214665,1,Vascular / systemic inflammation,0
B11347,9.873011,10.035763,3,Broad cancer EV biology,0
B11348,9.636884,2.0181854,1,Vascular / systemic inflammation,0
B11349,9.730265,4.500724,4,Respiratory / airway EV biology,0
B11350,7.973787,8.43047,3,Broad cancer EV biology,0
B11351,10.231327,9.606578,3,Broad cancer EV biology,0
B11352,11.149046,3.4474905,4,Respiratory / airway EV biology,0
B11353,8.833028,8.710625,2,EV engineering / delivery,0
B11354,11.639257,3.6828432,1,Vascular / systemic inflammation,0
B11355,9.298781,2.9344645,3,Broad cancer EV biology,0
B11356,10.270893,8.471878,3,Broad cancer EV biology,0
B11357,9.517754,6.150308,2,EV engineering / delivery,0
B11358,8.449049,5.1951957,1,Vascular / systemic inflammation,0
B11359,7.2056613,3.43355,1,Vascular / systemic inflammation,0
B11360,8.94061,3.3502617,1,Vascular / systemic inflammation,0
B11361,6.9475703,5.452295,1,Vascular / systemic inflammation,0
B11362,6.217596,5.7882304,1,Vascular / systemic inflammation,0
B11363,12.392974,2.4049482,4,Respiratory / airway EV biology,0
B11364,9.136313,8.193824,5,Lung cancer EV biology,0
B11365,8.8956995,8.201044,5,Lung cancer EV biology,0
B11366,8.3328705,5.043002,1,Vascular / systemic inflammation,0
B11367,11.6878805,7.1855655,3,Broad cancer EV biology,0
B11368,12.4262905,3.124328,4,Respiratory / airway EV biology,0
B11369,10.031799,10.655651,5,Lung cancer EV biology,0
B11370,7.757365,8.004481,2,EV engineering / delivery,0
B11371,6.0576587,4.755466,4,Respiratory / airway EV biology,0
B11372,8.329953,6.9308944,3,Broad cancer EV biology,0
B11373,10.439238,4.6502647,4,Respiratory / airway EV biology,0
B11374,7.793978,7.601126,2,EV engineering / delivery,0
B11375,9.047555,10.213008,3,Broad cancer EV biology,0
B11376,12.139449,5.3609443,4,Respiratory / airway EV biology,0
B11377,9.677605,2.7137907,1,Vascular / systemic inflammation,0
B11378,10.939565,2.6443706,4,Respiratory / airway EV biology,0
B11379,11.490028,9.498689,3,Broad cancer EV biology,0
B11380,9.458341,7.344598,3,Broad cancer EV biology,0
B11381,10.730678,10.258563,3,Broad cancer EV biology,0
B11382,8.794445,10.207655,3,Broad cancer EV biology,0
B11383,10.688707,2.9073648,4,Respiratory / airway EV biology,0
B11384,11.058522,2.231582,4,Respiratory / airway EV biology,0
B11385,11.282788,2.7360213,4,Respiratory / airway EV biology,0
B11386,11.442869,3.21419,4,Respiratory / airway EV biology,0
B11387,10.901975,3.4552267,1,Vascular / systemic inflammation,0
B11388,10.34718,4.027451,4,Respiratory / airway EV biology,0
B11389,10.934951,7.890377,3,Broad cancer EV biology,0
B11390,10.553154,1.807453,4,Respiratory / airway EV biology,0
B11391,10.582451,1.3833259,0,MSC / regenerative EV therapy,0
B11392,7.981427,10.465985,3,Broad cancer EV biology,0
B11393,8.73381,2.8885539,0,MSC / regenerative EV therapy,0
B11394,11.783528,3.2730896,4,Respiratory / airway EV biology,0
B11395,10.636678,3.5533888,4,Respiratory / airway EV biology,0
B11396,9.27135,10.599948,3,Broad cancer EV biology,0
B11397,11.8028,2.7828443,4,Respiratory / airway EV biology,0
B11398,10.693239,2.141472,0,MSC / regenerative EV therapy,0
B11399,12.488475,5.65745,1,Vascular / systemic inflammation,0
B11400,10.850056,3.3874638,4,Respiratory / airway EV biology,0
B11401,11.813476,3.4696343,3,Broad cancer EV biology,0
B11402,10.481745,3.5451787,1,Vascular / systemic inflammation,0
B11403,9.447977,10.116686,3,Broad cancer EV biology,0
B11404,10.547769,7.6258793,2,EV engineering / delivery,0
B11405,13.359304,4.6919045,4,Respiratory / airway EV biology,0
B11406,12.369373,2.421101,4,Respiratory / airway EV biology,0
B11407,10.686988,7.169526,3,Broad cancer EV biology,0
B11408,9.493997,1.7701362,0,MSC / regenerative EV therapy,0
B11409,8.477988,10.63206,3,Broad cancer EV biology,0
B11410,8.942665,7.1014466,2,EV engineering / delivery,0
B11411,8.977201,3.6864798,0,MSC / regenerative EV therapy,0
B11412,7.3193736,7.698939,2,EV engineering / delivery,0
B11413,13.276947,0.8741007,0,MSC / regenerative EV therapy,0
B11414,7.412607,9.233499,3,Broad cancer EV biology,0
B11415,7.8828983,10.416379,5,Lung cancer EV biology,0
B11416,9.44314,4.616739,0,MSC / regenerative EV therapy,0
B11417,10.789477,9.865951,0,MSC / regenerative EV therapy,0
B11418,12.623059,2.6020424,4,Respiratory / airway EV biology,0
B11419,10.024504,2.9825394,4,Respiratory / airway EV biology,0
B11420,11.296556,2.3508096,4,Respiratory / airway EV biology,0
B11421,12.447119,7.6926413,3,Broad cancer EV biology,0
B11422,11.371764,7.322775,3,Broad cancer EV biology,0
B11423,8.424208,1.3320204,1,Vascular / systemic inflammation,0
B11424,11.163779,6.372952,3,Broad cancer EV biology,0
B11425,7.5937953,6.2439594,1,Vascular / systemic inflammation,0
B11426,7.9066505,8.350078,2,EV engineering / delivery,0
B11427,12.093788,9.289516,3,Broad cancer EV biology,0
B11428,12.555581,7.24411,0,MSC / regenerative EV therapy,0
B11429,11.839905,5.2299204,2,EV engineering / delivery,0
B11430,10.259385,9.427509,3,Broad cancer EV biology,0
B11431,10.493907,8.884393,3,Broad cancer EV biology,0
B11432,8.451324,4.0157523,1,Vascular / systemic inflammation,0
B11433,11.007275,0.3402011,0,MSC / regenerative EV therapy,0
B11434,10.545098,8.303201,3,Broad cancer EV biology,0
B11435,9.52718,2.1774328,0,MSC / regenerative EV therapy,0
B11436,8.929999,10.843781,3,Broad cancer EV biology,0
B11437,11.389265,1.927613,4,Respiratory / airway EV biology,0
B11438,12.21714,3.77736,4,Respiratory / airway EV biology,0
B11439,10.62096,5.0996227,0,MSC / regenerative EV therapy,0
B11440,11.411263,9.780489,3,Broad cancer EV biology,0
B11441,11.456683,3.0440054,4,Respiratory / airway EV biology,0
B11442,11.685346,2.9060168,4,Respiratory / airway EV biology,0
B11443,7.8120236,10.247304,3,Broad cancer EV biology,0
B11444,10.134492,9.921802,3,Broad cancer EV biology,0
B11445,11.061466,0.07046992,4,Respiratory / airway EV biology,0
B11446,11.039824,0.042947426,4,Respiratory / airway EV biology,0
B11447,9.825311,9.469384,3,Broad cancer EV biology,0
B11448,11.283067,8.975495,3,Broad cancer EV biology,0
B11449,11.245846,9.094374,3,Broad cancer EV biology,0
B11450,10.396773,10.128711,3,Broad cancer EV biology,0
B11451,10.593014,9.382674,3,Broad cancer EV biology,0
B11452,10.7805,7.941787,3,Broad cancer EV biology,0
B11453,10.699345,8.018875,5,Lung cancer EV biology,0
B11454,12.056609,8.367867,3,Broad cancer EV biology,0
B11455,10.179724,2.711319,4,Respiratory / airway EV biology,0
B11456,9.197719,3.99224,1,Vascular / systemic inflammation,0
B11457,10.232713,4.57565,4,Respiratory / airway EV biology,0
B11458,9.314121,4.946186,1,Vascular / systemic inflammation,0
B11459,10.249896,8.513512,3,Broad cancer EV biology,0
B11460,10.659468,7.9638653,3,Broad cancer EV biology,0
B11461,10.88525,2.6756742,4,Respiratory / airway EV biology,0
B11462,11.305477,3.4727216,4,Respiratory / airway EV biology,0
B11463,11.358971,3.657324,4,Respiratory / airway EV biology,0
B11464,10.956871,3.6903155,4,Respiratory / airway EV biology,0
B11465,9.323652,10.201918,3,Broad cancer EV biology,0
B11466,9.531901,10.044105,3,Broad cancer EV biology,0
B11467,12.080855,8.734088,3,Broad cancer EV biology,0
B11468,12.686928,3.2584963,4,Respiratory / airway EV biology,0
B11469,8.639391,3.4842622,0,MSC / regenerative EV therapy,0
B11470,10.294987,7.671953,3,Broad cancer EV biology,0
B11471,11.456712,8.544841,3,Broad cancer EV biology,0
B11472,6.039816,4.760033,4,Respiratory / airway EV biology,0
B11473,11.696241,2.914198,4,Respiratory / airway EV biology,0
B11474,11.610224,3.3071878,4,Respiratory / airway EV biology,0
B11475,9.3969965,8.748681,3,Broad cancer EV biology,0
B11476,11.731276,1.6757622,0,MSC / regenerative EV therapy,0
B11477,8.900015,8.666661,1,Vascular / systemic inflammation,0
B11478,8.151284,9.800138,3,Broad cancer EV biology,0
B11479,8.969157,8.322875,3,Broad cancer EV biology,0
B11480,6.0760636,4.856595,4,Respiratory / airway EV biology,0
B11481,10.495016,9.799447,3,Broad cancer EV biology,0
B11482,10.678446,9.728898,3,Broad cancer EV biology,0
B11483,6.186151,4.8804307,4,Respiratory / airway EV biology,0
B11484,5.918035,4.7628365,4,Respiratory / airway EV biology,0
B11485,7.981501,2.0700133,1,Vascular / systemic inflammation,0
B11486,9.86654,4.659705,1,Vascular / systemic inflammation,0
B11487,8.940096,9.912985,3,Broad cancer EV biology,0
B11488,7.876167,10.136972,3,Broad cancer EV biology,0
B11489,10.691834,8.202955,3,Broad cancer EV biology,0
B11490,10.285324,5.470752,2,EV engineering / delivery,0
B11491,10.635704,8.61243,3,Broad cancer EV biology,0
B11492,13.55068,0.63691205,2,EV engineering / delivery,0
B11493,13.50041,0.57800704,2,EV engineering / delivery,0
B11494,9.624079,8.454896,3,Broad cancer EV biology,0
B11495,9.826645,9.755175,3,Broad cancer EV biology,0
B11496,8.053855,8.326229,3,Broad cancer EV biology,0
B11497,7.0298395,3.3664827,1,Vascular / systemic inflammation,0
B11498,9.387351,8.71891,3,Broad cancer EV biology,0
B11499,10.573916,8.287125,3,Broad cancer EV biology,0
B11500,10.725353,8.320192,3,Broad cancer EV biology,0
B11501,9.052189,3.7176576,0,MSC / regenerative EV therapy,0
B11502,6.4984226,4.8884463,0,MSC / regenerative EV therapy,0
B11503,12.262785,2.3803532,4,Respiratory / airway EV biology,0
B11504,9.848655,2.298137,0,MSC / regenerative EV therapy,0
B11505,8.535848,8.832921,3,Broad cancer EV biology,0
B11506,6.4804063,4.5741825,1,Vascular / systemic inflammation,0
B11507,11.108638,0.1878064,1,Vascular / systemic inflammation,0
B11508,12.693393,7.305265,0,MSC / regenerative EV therapy,0
B11509,9.309379,3.0222528,0,MSC / regenerative EV therapy,0
B11510,6.0968084,4.771286,4,Respiratory / airway EV biology,0
B11511,8.628563,2.3483317,1,Vascular / systemic inflammation,0
B11512,11.072966,1.6726642,4,Respiratory / airway EV biology,0
B11513,10.648948,6.471715,2,EV engineering / delivery,0
B11514,9.232368,3.14073,0,MSC / regenerative EV therapy,0
B11515,10.089887,7.3778243,1,Vascular / systemic inflammation,0
B11516,12.018782,3.020674,4,Respiratory / airway EV biology,0
B11517,12.452501,4.724405,4,Respiratory / airway EV biology,0
B11518,12.519829,4.6348705,4,Respiratory / airway EV biology,0
B11519,11.948069,4.059721,4,Respiratory / airway EV biology,0
B11520,8.094992,10.475279,5,Lung cancer EV biology,0
B11521,12.008266,1.9828669,4,Respiratory / airway EV biology,0
B11522,9.501561,5.751184,0,MSC / regenerative EV therapy,0
B11523,9.344122,11.184267,5,Lung cancer EV biology,0
B11524,13.33566,4.7703123,4,Respiratory / airway EV biology,0
B11525,6.9168024,3.3455396,1,Vascular / systemic inflammation,0
B11526,10.130232,4.9641433,2,EV engineering / delivery,0
B11527,10.955694,8.453764,4,Respiratory / airway EV biology,0
B11528,8.956911,6.8922224,2,EV engineering / delivery,0
B11529,10.173908,2.0982664,0,MSC / regenerative EV therapy,1
B11530,10.438577,2.1045406,0,MSC / regenerative EV therapy,0
B11531,10.859365,2.589728,3,Broad cancer EV biology,0
B11532,8.823108,7.39238,2,EV engineering / delivery,0
B11533,12.776531,3.0784068,4,Respiratory / airway EV biology,0
B11534,12.553893,7.376158,3,Broad cancer EV biology,0
B11535,9.106349,10.322732,3,Broad cancer EV biology,0
B11536,9.62792,11.206223,5,Lung cancer EV biology,0
B11537,12.266868,3.4518435,4,Respiratory / airway EV biology,0
B11538,13.340208,4.8728614,4,Respiratory / airway EV biology,0
B11539,10.438545,5.728695,2,EV engineering / delivery,0
B11540,6.568312,5.599059,1,Vascular / systemic inflammation,0
B11541,11.925421,1.3901898,0,MSC / regenerative EV therapy,0
B11542,10.879121,8.472284,3,Broad cancer EV biology,0
B11543,8.996877,0.8063733,4,Respiratory / airway EV biology,0
B11544,11.869352,3.4800973,4,Respiratory / airway EV biology,0
B11545,9.676059,9.665008,3,Broad cancer EV biology,0
B11546,10.427414,3.9522858,4,Respiratory / airway EV biology,0
B11547,7.395353,2.9573119,1,Vascular / systemic inflammation,0
B11548,10.236823,7.045961,2,EV engineering / delivery,0
B11549,10.203811,3.880767,1,Vascular / systemic inflammation,0
B11550,7.4844565,3.5291302,1,Vascular / systemic inflammation,0
B11551,10.765756,0.11675967,0,MSC / regenerative EV therapy,0
B11552,10.551271,2.693037,4,Respiratory / airway EV biology,0
B11553,10.542263,8.389122,3,Broad cancer EV biology,0
B11554,8.529622,10.295328,3,Broad cancer EV biology,0
B11555,8.478196,10.258411,3,Broad cancer EV biology,0
B11556,10.674805,2.966464,4,Respiratory / airway EV biology,0
B11557,9.955285,1.0979756,0,MSC / regenerative EV therapy,0
B11558,10.434552,6.5774827,2,EV engineering / delivery,0
B11559,9.807481,2.6534576,0,MSC / regenerative EV therapy,0
B11560,10.300216,2.8726847,4,Respiratory / airway EV biology,0
B11561,9.447568,3.5373335,0,MSC / regenerative EV therapy,0
B11562,10.762418,8.675454,3,Broad cancer EV biology,0
B11563,8.939879,8.173149,3,Broad cancer EV biology,0
B11564,7.4439974,2.5156114,1,Vascular / systemic inflammation,0
B11565,8.77426,10.156611,3,Broad cancer EV biology,0
B11566,8.793746,10.13719,3,Broad cancer EV biology,0
B11567,11.731266,4.646732,4,Respiratory / airway EV biology,0
B11568,10.1477375,4.4110436,4,Respiratory / airway EV biology,0
B11569,9.535641,5.010331,1,Vascular / systemic inflammation,0
B11570,11.614857,2.1414802,4,Respiratory / airway EV biology,0
B11571,9.07847,10.563579,3,Broad cancer EV biology,0
B11572,10.145698,10.634148,3,Broad cancer EV biology,0
B11573,9.408478,6.5922146,4,Respiratory / airway EV biology,0
B11574,8.942769,4.0131116,1,Vascular / systemic inflammation,0
B11575,11.80112,9.3443365,3,Broad cancer EV biology,0
B11576,10.641639,8.192831,3,Broad cancer EV biology,0
B11577,10.2268715,10.295306,3,Broad cancer EV biology,0
B11578,9.530096,11.062456,3,Broad cancer EV biology,0
B11579,10.147973,7.908193,0,MSC / regenerative EV therapy,0
B11580,9.99865,8.427806,3,Broad cancer EV biology,0
B11581,9.96318,1.0258502,0,MSC / regenerative EV therapy,0
B11582,10.667022,10.660888,5,Lung cancer EV biology,0
B11583,10.440003,10.644984,3,Broad cancer EV biology,0
B11584,10.829282,1.9186633,0,MSC / regenerative EV therapy,0
B11585,13.530464,4.6522584,4,Respiratory / airway EV biology,0
B11586,9.0942135,8.183375,3,Broad cancer EV biology,0
B11587,8.888211,10.79157,5,Lung cancer EV biology,0
B11588,9.186585,11.028714,3,Broad cancer EV biology,0
B11589,11.726915,2.8701432,4,Respiratory / airway EV biology,0
B11590,9.881414,8.29944,3,Broad cancer EV biology,0
B11591,9.982203,9.557761,3,Broad cancer EV biology,0
B11592,6.2169633,4.7934427,1,Vascular / systemic inflammation,0
B11593,10.661621,10.791864,3,Broad cancer EV biology,0
B11594,10.084376,8.696835,3,Broad cancer EV biology,0
B11595,12.527693,2.5277994,4,Respiratory / airway EV biology,0
B11596,9.591326,10.051166,3,Broad cancer EV biology,0
B11597,10.341079,10.069225,3,Broad cancer EV biology,0
B11598,11.846602,2.7363102,4,Respiratory / airway EV biology,0
B11599,10.380348,6.6462717,2,EV engineering / delivery,0
B11600,8.032918,10.276589,5,Lung cancer EV biology,0
B11601,8.9522295,3.791616,0,MSC / regenerative EV therapy,0
B11602,10.321761,8.333597,3,Broad cancer EV biology,0
B11603,9.931536,1.7939299,4,Respiratory / airway EV biology,0
B11604,11.318643,8.61179,3,Broad cancer EV biology,0
B11605,9.876881,3.7424855,0,MSC / regenerative EV therapy,0
B11606,10.585736,8.589995,3,Broad cancer EV biology,0
B11607,11.486317,1.996199,4,Respiratory / airway EV biology,0
B11608,12.623299,2.288399,4,Respiratory / airway EV biology,0
B11609,9.901961,2.4405072,0,MSC / regenerative EV therapy,0
B11610,9.469111,3.0283232,0,MSC / regenerative EV therapy,0
B11611,9.773983,0.75837636,0,MSC / regenerative EV therapy,0
B11612,10.452246,9.874083,3,Broad cancer EV biology,0
B11613,12.00156,3.83827,3,Broad cancer EV biology,0
B11614,9.031302,0.8783854,4,Respiratory / airway EV biology,0
B11615,8.592902,3.646847,0,MSC / regenerative EV therapy,0
B11616,9.683074,5.429256,0,MSC / regenerative EV therapy,0
B11617,9.232034,7.591291,3,Broad cancer EV biology,0
B11618,10.4620905,8.416298,3,Broad cancer EV biology,0
B11619,9.7799225,0.90203416,0,MSC / regenerative EV therapy,0
B11620,11.372543,7.281642,3,Broad cancer EV biology,0
B11621,9.63486,3.2579951,0,MSC / regenerative EV therapy,0
B11622,12.728691,2.6348622,4,Respiratory / airway EV biology,0
B11623,11.006192,3.7136838,4,Respiratory / airway EV biology,0
B11624,9.559336,8.196505,3,Broad cancer EV biology,0
B11625,12.65549,2.6992526,4,Respiratory / airway EV biology,0
B11626,12.368696,7.6102304,3,Broad cancer EV biology,0
B11627,9.281962,10.174547,3,Broad cancer EV biology,0
B11628,11.625702,2.573009,4,Respiratory / airway EV biology,0
B11629,8.7973175,0.8452161,4,Respiratory / airway EV biology,0
B11630,10.155021,3.1794534,4,Respiratory / airway EV biology,0
B11631,6.21788,4.9054956,4,Respiratory / airway EV biology,0
B11632,9.240396,7.4964023,3,Broad cancer EV biology,0
B11633,10.662191,6.7193685,2,EV engineering / delivery,0
B11634,10.836675,8.542625,3,Broad cancer EV biology,0
B11635,10.631612,8.890968,3,Broad cancer EV biology,0
B11636,10.406198,6.692031,2,EV engineering / delivery,0
B11637,9.5946665,7.908558,3,Broad cancer EV biology,0
B11638,10.985719,8.75279,3,Broad cancer EV biology,0
B11639,9.457933,4.835915,1,Vascular / systemic inflammation,0
B11640,9.774216,1.1734432,0,MSC / regenerative EV therapy,0
B11641,10.611614,0.5810395,0,MSC / regenerative EV therapy,0
B11642,13.573916,0.49510074,0,MSC / regenerative EV therapy,0
B11643,12.284645,2.863394,4,Respiratory / airway EV biology,0
B11644,10.469876,8.539006,3,Broad cancer EV biology,0
B11645,8.589685,3.9150932,0,MSC / regenerative EV therapy,0
B11646,11.876007,2.557372,4,Respiratory / airway EV biology,0
B11647,10.500729,8.3150425,3,Broad cancer EV biology,0
B11648,12.777503,2.584616,4,Respiratory / airway EV biology,0
B11649,12.704633,2.517978,4,Respiratory / airway EV biology,0
B11650,9.254135,8.449371,3,Broad cancer EV biology,0
B11651,10.239443,4.833521,1,Vascular / systemic inflammation,0
B11652,8.813412,5.3082314,4,Respiratory / airway EV biology,0
B11653,9.459721,3.48663,0,MSC / regenerative EV therapy,0
B11654,9.984671,3.1697915,4,Respiratory / airway EV biology,0
B11655,9.30357,7.633901,3,Broad cancer EV biology,0
B11656,10.606494,0.2664084,0,MSC / regenerative EV therapy,0
B11657,12.277511,4.7201133,4,Respiratory / airway EV biology,0
B11658,10.165044,4.2701674,4,Respiratory / airway EV biology,0
B11659,10.542449,6.3061028,2,EV engineering / delivery,0
B11660,8.026841,10.104902,3,Broad cancer EV biology,0
B11661,7.4439926,2.5981202,1,Vascular / systemic inflammation,0
B11662,11.698003,4.7839036,4,Respiratory / airway EV biology,0
B11663,9.640818,2.5423698,4,Respiratory / airway EV biology,0
B11664,9.138867,10.173612,3,Broad cancer EV biology,0
B11665,10.989307,8.778032,3,Broad cancer EV biology,0
B11666,9.216931,3.7750893,0,MSC / regenerative EV therapy,0
B11667,10.757804,6.797116,2,EV engineering / delivery,0
B11668,10.427961,9.023191,3,Broad cancer EV biology,0
B11669,9.977243,1.503585,0,MSC / regenerative EV therapy,0
B11670,10.696506,8.326936,3,Broad cancer EV biology,0
B11671,9.262482,3.5892346,0,MSC / regenerative EV therapy,0
B11672,10.306474,3.93895,1,Vascular / systemic inflammation,0
B11673,8.326629,8.607422,3,Broad cancer EV biology,0
B11674,11.251693,3.4250379,4,Respiratory / airway EV biology,0
B11675,11.3714695,3.1822696,4,Respiratory / airway EV biology,0
B11676,10.109407,3.5579355,0,MSC / regenerative EV therapy,0
B11677,11.11454,3.0572686,4,Respiratory / airway EV biology,0
B11678,12.183832,7.201016,2,EV engineering / delivery,0
B11679,12.421023,4.691661,4,Respiratory / airway EV biology,0
B11680,9.625163,9.315399,3,Broad cancer EV biology,0
B11681,9.859656,7.1610627,3,Broad cancer EV biology,0
B11682,10.040524,2.6298206,4,Respiratory / airway EV biology,0
B11683,11.145783,0.7303524,4,Respiratory / airway EV biology,0
B11684,11.348028,9.374413,3,Broad cancer EV biology,0
B11685,12.015451,1.9068497,4,Respiratory / airway EV biology,0
B11686,10.020231,9.433242,3,Broad cancer EV biology,0
B11687,11.517945,2.9323373,4,Respiratory / airway EV biology,0
B11688,13.175089,4.753033,4,Respiratory / airway EV biology,0
B11689,10.514847,9.315076,3,Broad cancer EV biology,0
B11690,9.938594,9.2571335,3,Broad cancer EV biology,0
B11691,7.435749,2.4244025,4,Respiratory / airway EV biology,0
B11692,12.535893,2.7977757,4,Respiratory / airway EV biology,0
B11693,12.577217,2.7962837,4,Respiratory / airway EV biology,0
B11694,12.90136,3.061014,4,Respiratory / airway EV biology,0
B11695,10.411697,0.66555357,1,Vascular / systemic inflammation,0
B11696,8.768239,10.591899,3,Broad cancer EV biology,0
B11697,11.273636,2.2051766,4,Respiratory / airway EV biology,0
B11698,11.079726,2.2433589,0,MSC / regenerative EV therapy,0
B11699,10.913577,3.551072,4,Respiratory / airway EV biology,1
B11700,10.123367,10.835441,5,Lung cancer EV biology,0
B11701,7.8826556,7.6154456,1,Vascular / systemic inflammation,0
B11702,10.952613,6.6833076,2,EV engineering / delivery,0
B11703,11.739431,4.699036,4,Respiratory / airway EV biology,0
B11704,7.454577,9.223773,3,Broad cancer EV biology,0
B11705,9.428955,2.2297134,0,MSC / regenerative EV therapy,0
B11706,10.657483,2.7229834,4,Respiratory / airway EV biology,0
B11707,11.235879,4.9294877,4,Respiratory / airway EV biology,0
B11708,12.47873,4.668123,4,Respiratory / airway EV biology,0
B11709,8.29842,10.10161,3,Broad cancer EV biology,0
B11710,9.5778265,4.6127825,0,MSC / regenerative EV therapy,0
B11711,10.736139,10.568654,5,Lung cancer EV biology,0
B11712,9.317083,10.040709,3,Broad cancer EV biology,0
B11713,10.519404,8.323302,3,Broad cancer EV biology,0
B11714,8.711275,3.5692623,1,Vascular / systemic inflammation,0
B11715,8.662383,3.9266362,1,Vascular / systemic inflammation,0
B11716,9.577838,2.0567644,0,MSC / regenerative EV therapy,0
B11717,10.759368,5.730165,2,EV engineering / delivery,0
B11718,10.659439,6.6356835,2,EV engineering / delivery,0
B11719,10.761617,9.00091,3,Broad cancer EV biology,0
B11720,11.965854,8.855138,3,Broad cancer EV biology,0
B11721,12.830299,2.884883,4,Respiratory / airway EV biology,0
B11722,12.525391,4.7430973,4,Respiratory / airway EV biology,0
B11723,10.2599125,3.7675223,4,Respiratory / airway EV biology,0
B11724,10.350424,3.905623,4,Respiratory / airway EV biology,0
B11725,10.371296,3.9869323,4,Respiratory / airway EV biology,0
B11726,10.347047,3.951028,1,Vascular / systemic inflammation,0
B11727,8.487172,5.091979,1,Vascular / systemic inflammation,0
B11728,9.143382,5.384512,2,EV engineering / delivery,0
B11729,11.045177,0.6686749,0,MSC / regenerative EV therapy,0
B11730,7.762425,1.8502228,1,Vascular / systemic inflammation,0
B11731,10.598458,1.4630798,0,MSC / regenerative EV therapy,0
B11732,11.829011,4.799813,1,Vascular / systemic inflammation,0
B11733,7.5193114,7.7795367,2,EV engineering / delivery,0
B11734,10.975738,4.695306,4,Respiratory / airway EV biology,0
B11735,11.218454,9.780616,3,Broad cancer EV biology,0
B11736,11.013267,9.026337,3,Broad cancer EV biology,0
B11737,11.7330675,8.943573,3,Broad cancer EV biology,0
B11738,11.334192,8.929867,3,Broad cancer EV biology,0
B11739,10.703974,10.458087,3,Broad cancer EV biology,0
B11740,10.63241,8.633956,3,Broad cancer EV biology,0
B11741,10.601701,8.782088,3,Broad cancer EV biology,0
B11742,10.826912,10.558107,3,Broad cancer EV biology,0
B11743,10.680745,11.086043,5,Lung cancer EV biology,0
B11744,13.838392,0.49184674,0,MSC / regenerative EV therapy,0
B11745,11.423097,2.8764393,4,Respiratory / airway EV biology,0
B11746,8.973032,10.608129,3,Broad cancer EV biology,0
B11747,9.377444,10.810278,3,Broad cancer EV biology,0
B11748,9.263272,9.731533,3,Broad cancer EV biology,0
B11749,9.404897,9.300234,3,Broad cancer EV biology,0
B11750,11.268566,2.7782195,4,Respiratory / airway EV biology,0
B11751,9.651818,10.778846,3,Broad cancer EV biology,0
B11752,8.457468,5.7125306,4,Respiratory / airway EV biology,0
B11753,11.937433,1.9363618,4,Respiratory / airway EV biology,0
B11754,11.536144,6.9849267,2,EV engineering / delivery,0
B11755,10.360797,4.129143,4,Respiratory / airway EV biology,0
B11756,12.716798,5.5344234,1,Vascular / systemic inflammation,0
B11757,10.633341,4.723889,2,EV engineering / delivery,0
B11758,8.027235,2.2638648,1,Vascular / systemic inflammation,0
B11759,11.127839,2.8729572,4,Respiratory / airway EV biology,0
B11760,12.074985,3.0910316,4,Respiratory / airway EV biology,0
B11761,11.60253,3.1436017,4,Respiratory / airway EV biology,0
B11762,10.938446,1.5504999,0,MSC / regenerative EV therapy,0
B11763,11.732265,2.5152133,4,Respiratory / airway EV biology,0
B11764,10.122838,8.991325,3,Broad cancer EV biology,0
B11765,9.775886,1.1000819,4,Respiratory / airway EV biology,0
B11766,9.8936205,2.5762138,1,Vascular / systemic inflammation,0
B11767,10.971223,6.6727405,2,EV engineering / delivery,0
B11768,11.833428,4.38385,4,Respiratory / airway EV biology,0
B11769,11.194869,1.571788,0,MSC / regenerative EV therapy,0
B11770,9.02612,2.7557728,1,Vascular / systemic inflammation,0
B11771,9.386044,2.817053,1,Vascular / systemic inflammation,0
B11772,13.549944,4.642264,5,Lung cancer EV biology,0
B11773,11.993145,4.339259,4,Respiratory / airway EV biology,0
B11774,11.991881,2.8876429,4,Respiratory / airway EV biology,0
B11775,10.582416,7.974223,3,Broad cancer EV biology,0
B11776,10.904735,0.5198136,0,MSC / regenerative EV therapy,0
B11777,8.908673,2.0556169,0,MSC / regenerative EV therapy,0
B11778,10.128977,2.5274644,4,Respiratory / airway EV biology,0
B11779,9.595461,1.599439,4,Respiratory / airway EV biology,0
B11780,8.961208,6.4393244,4,Respiratory / airway EV biology,0
B11781,8.591652,7.3077307,2,EV engineering / delivery,0
B11782,8.139139,7.575143,2,EV engineering / delivery,0
B11783,8.489289,7.762264,2,EV engineering / delivery,0
B11784,12.107678,4.9023275,4,Respiratory / airway EV biology,0
B11785,8.565947,5.7005177,4,Respiratory / airway EV biology,0
B11786,11.608564,4.9325004,2,EV engineering / delivery,0
B11787,9.4997225,10.341672,3,Broad cancer EV biology,0
B11788,7.5297856,7.800943,2,EV engineering / delivery,0
B11789,9.416991,7.7423997,3,Broad cancer EV biology,0
B11790,10.624584,1.5485784,0,MSC / regenerative EV therapy,0
B11791,9.195756,5.3021584,1,Vascular / systemic inflammation,0
B11792,8.2054615,10.046132,3,Broad cancer EV biology,0
B11793,7.429618,9.199641,3,Broad cancer EV biology,0
B11794,7.6795416,9.124928,3,Broad cancer EV biology,0
B11795,7.9172783,8.97091,3,Broad cancer EV biology,0
B11796,7.8217344,10.320333,3,Broad cancer EV biology,0
B11797,7.741971,10.201116,3,Broad cancer EV biology,0
B11798,7.612773,9.1056795,3,Broad cancer EV biology,0
B11799,7.7188954,10.249475,3,Broad cancer EV biology,0
B11800,8.71083,7.9393315,3,Broad cancer EV biology,0
B11801,7.6327233,9.063774,3,Broad cancer EV biology,0
B11802,7.7887073,9.731633,3,Broad cancer EV biology,0
B11803,12.107866,9.639204,3,Broad cancer EV biology,0
B11804,9.173957,7.648368,3,Broad cancer EV biology,0
B11805,10.6760435,9.016902,3,Broad cancer EV biology,0
B11806,9.957618,8.620973,3,Broad cancer EV biology,0
B11807,8.927972,8.51695,3,Broad cancer EV biology,0
B11808,11.160361,2.116571,4,Respiratory / airway EV biology,0
B11809,8.277394,7.835917,2,EV engineering / delivery,0
B11810,9.62891,2.229304,0,MSC / regenerative EV therapy,0
B11811,10.122947,10.644176,3,Broad cancer EV biology,0
B11812,10.128345,2.6450903,4,Respiratory / airway EV biology,0
B11813,7.6834745,10.270138,3,Broad cancer EV biology,0
B11814,9.857652,7.289555,4,Respiratory / airway EV biology,0
B11815,9.86709,7.2202673,4,Respiratory / airway EV biology,0
B11816,11.912258,3.8185241,4,Respiratory / airway EV biology,0
B11817,10.703052,8.842564,3,Broad cancer EV biology,0
B11818,10.6427965,3.7879462,4,Respiratory / airway EV biology,0
B11819,11.479139,3.9337003,4,Respiratory / airway EV biology,0
B11820,10.9868355,8.604949,3,Broad cancer EV biology,0
B11821,10.447388,8.909032,3,Broad cancer EV biology,0
B11822,11.135359,9.112673,3,Broad cancer EV biology,0
B11823,10.162635,3.0593123,4,Respiratory / airway EV biology,0
B11824,11.014817,8.623366,3,Broad cancer EV biology,0
B11825,9.357628,3.4208379,0,MSC / regenerative EV therapy,0
B11826,9.479662,3.266604,0,MSC / regenerative EV therapy,0
B11827,10.28276,1.3024994,0,MSC / regenerative EV therapy,0
B11828,10.471434,1.4392908,0,MSC / regenerative EV therapy,0
B11829,10.097619,1.7616485,0,MSC / regenerative EV therapy,0
B11830,9.852885,1.8962792,0,MSC / regenerative EV therapy,0
B11831,13.6079855,0.49680334,0,MSC / regenerative EV therapy,0
B11832,9.82585,1.7146537,0,MSC / regenerative EV therapy,0
B11833,10.583309,1.2967882,0,MSC / regenerative EV therapy,0
B11834,10.9188,0.12011556,0,MSC / regenerative EV therapy,0
B11835,11.113043,1.8705289,0,MSC / regenerative EV therapy,0
B11836,9.283912,2.9373384,0,MSC / regenerative EV therapy,0
B11837,10.477251,1.6299052,0,MSC / regenerative EV therapy,0
B11838,10.465449,1.6768209,0,MSC / regenerative EV therapy,0
B11839,10.906695,0.25199422,0,MSC / regenerative EV therapy,0
B11840,9.456644,2.2656913,0,MSC / regenerative EV therapy,0
B11841,12.004411,8.12432,3,Broad cancer EV biology,0
B11842,9.572702,2.3647301,0,MSC / regenerative EV therapy,0
B11843,8.790157,0.9889012,0,MSC / regenerative EV therapy,0
B11844,10.917846,1.7867652,0,MSC / regenerative EV therapy,0
B11845,9.780984,1.693035,0,MSC / regenerative EV therapy,0
B11846,9.923956,1.1638142,0,MSC / regenerative EV therapy,0
B11847,9.467549,5.574316,2,EV engineering / delivery,0
B11848,11.429175,9.408912,3,Broad cancer EV biology,0
B11849,9.382078,9.805781,3,Broad cancer EV biology,0
B11850,11.591015,4.859858,2,EV engineering / delivery,0
B11851,13.268393,4.8094244,4,Respiratory / airway EV biology,0
B11852,9.829417,5.8594456,4,Respiratory / airway EV biology,0
B11853,8.086404,7.665459,2,EV engineering / delivery,0
B11854,7.650844,2.9434364,1,Vascular / systemic inflammation,0
B11855,7.883007,2.7492616,4,Respiratory / airway EV biology,0
B11856,11.485264,2.0547867,4,Respiratory / airway EV biology,0
B11857,9.721068,8.408178,3,Broad cancer EV biology,0
B11858,10.919874,8.267849,3,Broad cancer EV biology,0
B11859,9.693277,10.908951,3,Broad cancer EV biology,0
B11860,8.690367,10.278098,3,Broad cancer EV biology,0
B11861,9.69439,7.82276,3,Broad cancer EV biology,0
B11862,11.667663,2.6703176,4,Respiratory / airway EV biology,0
B11863,12.326632,2.5842235,4,Respiratory / airway EV biology,0
B11864,9.027809,10.811842,3,Broad cancer EV biology,0
B11865,10.994663,1.848739,0,MSC / regenerative EV therapy,0
B11866,9.82159,2.455842,4,Respiratory / airway EV biology,0
B11867,10.025584,1.5570499,0,MSC / regenerative EV therapy,0
B11868,9.493787,2.6072009,1,Vascular / systemic inflammation,0
B11869,10.436372,6.9289536,2,EV engineering / delivery,0
B11870,12.519068,2.7099047,4,Respiratory / airway EV biology,0
B11871,12.839673,3.0285568,4,Respiratory / airway EV biology,0
B11872,9.293035,0.75192416,4,Respiratory / airway EV biology,0
B11873,11.286551,2.1289873,4,Respiratory / airway EV biology,0
B11874,9.179355,8.440914,3,Broad cancer EV biology,0
B11875,9.980125,8.508239,3,Broad cancer EV biology,0
B11876,9.802766,4.371439,1,Vascular / systemic inflammation,0
B11877,12.753788,5.473403,4,Respiratory / airway EV biology,0
B11878,11.361064,2.5576332,3,Broad cancer EV biology,0
B11879,8.354115,1.7899672,1,Vascular / systemic inflammation,0
B11880,10.25796,6.2304044,2,EV engineering / delivery,0
B11881,9.049446,3.067508,0,MSC / regenerative EV therapy,0
B11882,10.382983,4.207805,4,Respiratory / airway EV biology,0
B11883,11.551752,9.384749,3,Broad cancer EV biology,0
B11884,12.09381,8.797655,3,Broad cancer EV biology,0
B11885,9.281265,3.0093327,0,MSC / regenerative EV therapy,0
B11886,12.360562,2.187177,0,MSC / regenerative EV therapy,0
B11887,9.730356,10.855859,3,Broad cancer EV biology,0
B11888,11.821243,4.709576,1,Vascular / systemic inflammation,0
B11889,8.245578,7.53196,2,EV engineering / delivery,0
B11890,10.640337,9.202914,3,Broad cancer EV biology,0
B11891,11.551637,8.396821,3,Broad cancer EV biology,0
B11892,11.11417,8.627821,3,Broad cancer EV biology,0
B11893,7.515015,2.6745422,4,Respiratory / airway EV biology,0
B11894,9.970875,6.693876,2,EV engineering / delivery,0
B11895,11.371399,3.4500542,4,Respiratory / airway EV biology,0
B11896,7.301725,8.338648,2,EV engineering / delivery,0
B11897,10.675508,3.3073266,4,Respiratory / airway EV biology,0
B11898,10.26941,8.142899,3,Broad cancer EV biology,0
B11899,10.347412,3.45056,4,Respiratory / airway EV biology,0
B11900,11.109642,1.1060477,4,Respiratory / airway EV biology,0
B11901,10.806832,3.493476,4,Respiratory / airway EV biology,0
B11902,11.357961,1.2124957,4,Respiratory / airway EV biology,0
B11903,9.775151,7.0455437,3,Broad cancer EV biology,0
B11904,8.17929,10.210733,3,Broad cancer EV biology,0
B11905,7.930086,9.188011,3,Broad cancer EV biology,0
B11906,9.696829,4.4072366,1,Vascular / systemic inflammation,0
B11907,7.520189,7.905893,2,EV engineering / delivery,0
B11908,9.979734,2.9888468,1,Vascular / systemic inflammation,0
B11909,8.521401,8.534579,3,Broad cancer EV biology,0
B11910,6.238562,4.631046,1,Vascular / systemic inflammation,0
B11911,8.555971,7.5357723,3,Broad cancer EV biology,0
B11912,10.746669,9.551756,3,Broad cancer EV biology,0
B11913,9.463351,9.022919,5,Lung cancer EV biology,0
B11914,9.16536,3.1421397,0,MSC / regenerative EV therapy,0
B11915,6.518426,3.4236338,1,Vascular / systemic inflammation,0
B11916,9.952179,3.1794426,0,MSC / regenerative EV therapy,0
B11917,10.409046,5.9356656,2,EV engineering / delivery,0
B11918,11.051777,3.0342433,4,Respiratory / airway EV biology,0
B11919,9.925017,1.3611553,4,Respiratory / airway EV biology,0
B11920,9.5495825,2.6932495,1,Vascular / systemic inflammation,0
B11921,10.167729,2.5400035,4,Respiratory / airway EV biology,0
B11922,11.572337,2.3809862,4,Respiratory / airway EV biology,0
B11923,10.738281,1.7121153,0,MSC / regenerative EV therapy,0
B11924,7.3605013,3.827794,1,Vascular / systemic inflammation,0
B11925,10.924389,0.37297398,0,MSC / regenerative EV therapy,0
B11926,9.190862,0.89746916,4,Respiratory / airway EV biology,0
B11927,8.591683,5.5701265,2,EV engineering / delivery,0
B11928,11.063216,2.4841495,4,Respiratory / airway EV biology,0
B11929,10.916184,10.042195,5,Lung cancer EV biology,0
B11930,10.455596,7.5592427,3,Broad cancer EV biology,0
B11931,11.266013,4.131116,1,Vascular / systemic inflammation,0
B11932,10.241481,9.943225,3,Broad cancer EV biology,0
B11933,10.084905,8.706202,3,Broad cancer EV biology,0
B11934,10.540567,1.3684648,0,MSC / regenerative EV therapy,0
B11935,13.589548,1.1568547,4,Respiratory / airway EV biology,0
B11936,8.657726,10.590961,3,Broad cancer EV biology,0
B11937,9.593563,11.065577,3,Broad cancer EV biology,0
B11938,7.4402165,2.603166,1,Vascular / systemic inflammation,0
B11939,7.081487,3.1959662,1,Vascular / systemic inflammation,0
B11940,7.524252,7.7736106,2,EV engineering / delivery,0
B11941,11.963511,3.5793293,4,Respiratory / airway EV biology,0
B11942,9.4355545,3.573287,0,MSC / regenerative EV therapy,0
B11943,10.520344,8.178674,3,Broad cancer EV biology,0
B11944,7.6434784,9.127598,3,Broad cancer EV biology,0
B11945,7.383635,2.7383854,1,Vascular / systemic inflammation,0
B11946,10.7306385,1.5646712,0,MSC / regenerative EV therapy,0
B11947,9.249803,9.914096,3,Broad cancer EV biology,0
B11948,8.50121,5.8812556,2,EV engineering / delivery,0
B11949,10.677506,3.168256,4,Respiratory / airway EV biology,0
B11950,8.50997,3.484972,1,Vascular / systemic inflammation,0
B11951,7.11026,3.39964,1,Vascular / systemic inflammation,0
B11952,11.896332,1.4188553,4,Respiratory / airway EV biology,0
B11953,10.515671,10.853881,5,Lung cancer EV biology,0
B11954,9.730589,9.527946,3,Broad cancer EV biology,0
B11955,11.09878,9.179221,3,Broad cancer EV biology,0
B11956,9.107392,10.245036,3,Broad cancer EV biology,0
B11957,10.815129,1.7239984,0,MSC / regenerative EV therapy,0
B11958,9.204351,2.595389,0,MSC / regenerative EV therapy,0
B11959,11.625277,3.2601192,4,Respiratory / airway EV biology,0
B11960,8.783556,10.548398,3,Broad cancer EV biology,0
B11961,12.767558,5.531541,4,Respiratory / airway EV biology,0
B11962,11.347634,3.323432,4,Respiratory / airway EV biology,0
B11963,9.110396,0.74209124,4,Respiratory / airway EV biology,0
B11964,12.076881,9.34543,3,Broad cancer EV biology,0
B11965,12.1926,4.9191866,4,Respiratory / airway EV biology,0
B11966,9.66895,5.356016,1,Vascular / systemic inflammation,0
B11967,9.010589,5.064972,4,Respiratory / airway EV biology,0
B11968,11.990117,4.0806704,4,Respiratory / airway EV biology,0
B11969,9.282119,10.825341,3,Broad cancer EV biology,0
B11970,11.207365,7.0472193,2,EV engineering / delivery,0
B11971,9.526342,7.8390183,3,Broad cancer EV biology,0
B11972,8.404894,7.4003267,2,EV engineering / delivery,0
B11973,7.8704114,7.7617207,3,Broad cancer EV biology,0
B11974,13.357828,0.66794413,0,MSC / regenerative EV therapy,0
B11975,10.947282,0.21545646,4,Respiratory / airway EV biology,0
B11976,9.703915,8.755151,3,Broad cancer EV biology,0
B11977,7.2702956,8.232136,3,Broad cancer EV biology,0
B11978,10.682597,6.235136,2,EV engineering / delivery,0
B11979,12.560118,7.4591036,3,Broad cancer EV biology,0
B11980,10.210963,9.9338,3,Broad cancer EV biology,0
B11981,8.515247,3.5750957,1,Vascular / systemic inflammation,0
B11982,10.03329,10.161891,3,Broad cancer EV biology,0
B11983,12.0861635,9.558539,3,Broad cancer EV biology,0
B11984,11.385936,3.1750963,4,Respiratory / airway EV biology,0
B11985,9.175028,4.106464,1,Vascular / systemic inflammation,0
B11986,11.468392,9.981943,5,Lung cancer EV biology,0
B11987,10.167056,1.264961,0,MSC / regenerative EV therapy,0
B11988,9.576997,1.1526892,1,Vascular / systemic inflammation,0
B11989,7.0664186,7.989756,2,EV engineering / delivery,0
B11990,9.726299,5.8861523,2,EV engineering / delivery,0
B11991,7.823484,9.210439,3,Broad cancer EV biology,0
B11992,10.386271,2.4666698,4,Respiratory / airway EV biology,0
B11993,11.239325,3.1517177,4,Respiratory / airway EV biology,0
B11994,9.924966,2.75068,1,Vascular / systemic inflammation,0
B11995,9.529566,11.120842,5,Lung cancer EV biology,0
B11996,10.527617,4.7646317,4,Respiratory / airway EV biology,0
B11997,12.272435,3.7100701,4,Respiratory / airway EV biology,0
B11998,7.7459373,10.247484,3,Broad cancer EV biology,0
B11999,12.695839,2.565633,4,Respiratory / airway EV biology,0
B12000,11.349981,4.0470333,4,Respiratory / airway EV biology,0
B12001,8.081206,8.3074875,4,Respiratory / airway EV biology,0
B12002,10.447203,9.740274,5,Lung cancer EV biology,0
B12003,10.885888,8.435683,3,Broad cancer EV biology,0
B12004,12.126518,9.413497,3,Broad cancer EV biology,0
B12005,10.594759,7.947671,3,Broad cancer EV biology,0
B12006,9.157466,8.862175,3,Broad cancer EV biology,0
B12007,10.054515,10.246776,3,Broad cancer EV biology,0
B12008,10.470752,4.1235423,4,Respiratory / airway EV biology,0
B12009,10.905722,8.277617,3,Broad cancer EV biology,0
B12010,8.0986185,8.438127,3,Broad cancer EV biology,0
B12011,8.593919,8.248786,3,Broad cancer EV biology,0
B12012,11.008038,6.7973948,3,Broad cancer EV biology,0
B12013,10.648113,10.700921,3,Broad cancer EV biology,0
B12014,9.88408,4.795064,1,Vascular / systemic inflammation,0
B12015,11.858027,2.8414574,4,Respiratory / airway EV biology,0
B12016,8.098528,10.279092,3,Broad cancer EV biology,0
B12017,6.4955745,4.586735,1,Vascular / systemic inflammation,0
B12018,11.068615,1.743506,0,MSC / regenerative EV therapy,0
B12019,13.442003,4.7053514,4,Respiratory / airway EV biology,0
B12020,8.642606,5.6233845,4,Respiratory / airway EV biology,0
B12021,8.491894,4.5644817,1,Vascular / systemic inflammation,0
B12022,10.525773,4.5118375,4,Respiratory / airway EV biology,0
B12023,11.5427,3.1726384,4,Respiratory / airway EV biology,0
B12024,7.7903304,10.233713,3,Broad cancer EV biology,0
B12025,12.9408655,1.1093289,1,Vascular / systemic inflammation,0
B12026,11.0992365,3.3272843,4,Respiratory / airway EV biology,0
B12027,11.669679,7.210181,2,EV engineering / delivery,0
B12028,13.49366,4.6729827,4,Respiratory / airway EV biology,0
B12029,11.564213,3.2141416,4,Respiratory / airway EV biology,0
B12030,12.33556,2.698712,4,Respiratory / airway EV biology,0
B12031,11.519567,3.5141995,3,Broad cancer EV biology,0
B12032,10.9731,9.749415,3,Broad cancer EV biology,0
B12033,10.438672,10.063646,3,Broad cancer EV biology,0
B12034,10.375369,8.824887,3,Broad cancer EV biology,0
B12035,10.308405,2.9693608,1,Vascular / systemic inflammation,0
B12036,9.397606,2.5372345,0,MSC / regenerative EV therapy,0
B12037,10.592275,3.1654162,4,Respiratory / airway EV biology,0
B12038,11.93855,2.6032271,4,Respiratory / airway EV biology,0
B12039,11.585789,2.2113001,4,Respiratory / airway EV biology,0
B12040,12.661471,2.592455,4,Respiratory / airway EV biology,0
B12041,8.9973955,3.814606,0,MSC / regenerative EV therapy,0
B12042,9.382466,3.3588867,0,MSC / regenerative EV therapy,0
B12043,10.584384,1.6638631,0,MSC / regenerative EV therapy,0
B12044,8.940106,2.5937614,0,MSC / regenerative EV therapy,0
B12045,10.425871,5.454896,0,MSC / regenerative EV therapy,0
B12046,11.499216,2.420808,4,Respiratory / airway EV biology,0
B12047,11.386064,3.069941,4,Respiratory / airway EV biology,0
B12048,10.300514,2.5116186,4,Respiratory / airway EV biology,0
B12049,11.73052,3.2804697,4,Respiratory / airway EV biology,0
B12050,9.646889,3.7639456,0,MSC / regenerative EV therapy,0
B12051,11.134668,2.3465838,4,Respiratory / airway EV biology,0
B12052,11.177602,2.2758532,4,Respiratory / airway EV biology,0
B12053,10.836508,5.240677,4,Respiratory / airway EV biology,0
B12054,9.927109,4.942748,4,Respiratory / airway EV biology,0
B12055,11.247899,2.4588656,4,Respiratory / airway EV biology,0
B12056,11.18364,2.8816707,2,EV engineering / delivery,0
B12057,10.178643,9.862081,3,Broad cancer EV biology,0
B12058,10.863958,10.537637,3,Broad cancer EV biology,0
B12059,10.087423,9.492612,3,Broad cancer EV biology,0
B12060,11.688658,8.840287,3,Broad cancer EV biology,0
B12061,9.440347,3.2775042,0,MSC / regenerative EV therapy,0
B12062,10.716831,7.3565574,3,Broad cancer EV biology,0
B12063,7.578706,1.0533996,0,MSC / regenerative EV therapy,0
B12064,9.664844,1.2728788,1,Vascular / systemic inflammation,0
B12065,10.581336,2.632575,4,Respiratory / airway EV biology,0
B12066,10.105951,9.934198,3,Broad cancer EV biology,0
B12067,7.742998,9.33563,3,Broad cancer EV biology,0
B12068,8.6353445,7.9364386,3,Broad cancer EV biology,0
B12069,9.533217,4.4282823,1,Vascular / systemic inflammation,0
B12070,11.800238,8.95001,3,Broad cancer EV biology,0
B12071,7.9144177,8.960959,5,Lung cancer EV biology,0
B12072,9.742543,10.341103,3,Broad cancer EV biology,0
B12073,6.195299,5.7868657,1,Vascular / systemic inflammation,0
B12074,10.90216,7.0576806,2,EV engineering / delivery,0
B12075,9.068201,3.4801476,0,MSC / regenerative EV therapy,0
B12076,6.2119427,4.7139363,3,Broad cancer EV biology,0
B12077,10.052174,9.215745,3,Broad cancer EV biology,0
B12078,9.611577,8.662683,5,Lung cancer EV biology,0
B12079,9.156565,2.901899,0,MSC / regenerative EV therapy,0
B12080,11.529319,9.627518,3,Broad cancer EV biology,0
B12081,10.416757,7.886963,3,Broad cancer EV biology,0
B12082,12.07782,9.315462,3,Broad cancer EV biology,0
B12083,8.893983,7.919898,1,Vascular / systemic inflammation,0
B12084,10.478394,1.5930796,0,MSC / regenerative EV therapy,0
B12085,7.558313,9.107665,2,EV engineering / delivery,0
B12086,10.732157,0.7319855,0,MSC / regenerative EV therapy,0
B12087,10.1833935,10.321997,5,Lung cancer EV biology,0
B12088,10.347155,9.423634,3,Broad cancer EV biology,0
B12089,9.023337,2.734643,0,MSC / regenerative EV therapy,0
B12090,7.6105185,8.522562,1,Vascular / systemic inflammation,0
B12091,12.482778,2.6484845,4,Respiratory / airway EV biology,0
B12092,7.4865904,2.209039,1,Vascular / systemic inflammation,0
B12093,12.090183,8.771366,3,Broad cancer EV biology,0
B12094,6.0554647,4.728332,4,Respiratory / airway EV biology,0
B12095,13.160065,0.9941594,0,MSC / regenerative EV therapy,0
B12096,9.965726,1.6162292,4,Respiratory / airway EV biology,0
B12097,9.247289,3.4257205,0,MSC / regenerative EV therapy,0
B12098,10.051731,4.4837103,4,Respiratory / airway EV biology,0
B12099,9.885924,4.8109207,1,Vascular / systemic inflammation,0
B12100,9.911869,10.819593,4,Respiratory / airway EV biology,0
B12101,8.639244,4.121025,1,Vascular / systemic inflammation,0
B12102,10.983881,8.932237,3,Broad cancer EV biology,0
B12103,9.135351,8.272478,3,Broad cancer EV biology,0
B12104,9.935502,1.6982256,0,MSC / regenerative EV therapy,0
B12105,10.315,2.1323721,4,Respiratory / airway EV biology,0
B12106,9.76235,1.6156515,0,MSC / regenerative EV therapy,0
B12107,10.351747,1.3063073,0,MSC / regenerative EV therapy,0
B12108,9.351557,3.1715937,0,MSC / regenerative EV therapy,0
B12109,9.294588,1.718721,0,MSC / regenerative EV therapy,0
B12110,10.4086685,8.233385,3,Broad cancer EV biology,0
B12111,10.382207,6.3163123,2,EV engineering / delivery,0
B12112,9.955591,1.7176822,0,MSC / regenerative EV therapy,0
B12113,8.98246,3.4106278,0,MSC / regenerative EV therapy,0
B12114,8.215576,2.5561144,4,Respiratory / airway EV biology,0
B12115,12.840592,2.8778727,4,Respiratory / airway EV biology,0
B12116,9.963339,10.758325,3,Broad cancer EV biology,0
B12117,8.962257,2.7912621,0,MSC / regenerative EV therapy,0
B12118,10.293163,2.6108537,4,Respiratory / airway EV biology,0
B12119,12.010499,4.296458,4,Respiratory / airway EV biology,0
B12120,11.520889,8.575618,3,Broad cancer EV biology,0
B12121,6.322358,4.708601,4,Respiratory / airway EV biology,0
B12122,9.426217,9.291371,3,Broad cancer EV biology,0
B12123,10.640721,3.9636023,1,Vascular / systemic inflammation,0
B12124,9.71257,3.059805,1,Vascular / systemic inflammation,0
B12125,10.04812,7.7542496,3,Broad cancer EV biology,0
B12126,10.044977,4.936191,1,Vascular / systemic inflammation,0
B12127,7.750701,9.04149,3,Broad cancer EV biology,0
B12128,7.6637454,2.9376879,1,Vascular / systemic inflammation,0
B12129,11.871717,8.499089,3,Broad cancer EV biology,0
B12130,13.154956,4.7944207,4,Respiratory / airway EV biology,0
B12131,9.715002,10.952294,3,Broad cancer EV biology,0
B12132,10.888648,8.403794,3,Broad cancer EV biology,0
B12133,9.232257,10.107109,3,Broad cancer EV biology,0
B12134,10.6919,8.656957,3,Broad cancer EV biology,0
B12135,10.364312,8.269164,3,Broad cancer EV biology,0
B12136,9.661225,8.014872,3,Broad cancer EV biology,0
B12137,10.836171,6.871101,2,EV engineering / delivery,0
B12138,7.726804,9.304423,3,Broad cancer EV biology,0
B12139,10.38274,6.841135,2,EV engineering / delivery,0
B12140,10.579015,7.7816978,3,Broad cancer EV biology,0
B12141,10.513292,9.638596,3,Broad cancer EV biology,0
B12142,8.728588,8.797832,3,Broad cancer EV biology,0
B12143,11.52155,9.477908,3,Broad cancer EV biology,0
B12144,11.639124,8.329388,1,Vascular / systemic inflammation,0
B12145,6.391139,5.675892,1,Vascular / systemic inflammation,0
B12146,10.726548,8.5826,3,Broad cancer EV biology,0
B12147,9.099097,9.611324,3,Broad cancer EV biology,0
B12148,10.656301,0.11223774,0,MSC / regenerative EV therapy,0
B12149,7.655083,10.382478,3,Broad cancer EV biology,0
B12150,9.195308,7.750923,3,Broad cancer EV biology,0
B12151,9.02661,7.920506,3,Broad cancer EV biology,0
B12152,12.421342,3.7716606,4,Respiratory / airway EV biology,0
B12153,11.954457,5.3275557,2,EV engineering / delivery,0
B12154,10.496346,3.4844325,4,Respiratory / airway EV biology,0
B12155,8.554157,3.1982436,1,Vascular / systemic inflammation,0
B12156,9.19211,9.022322,3,Broad cancer EV biology,0
B12157,7.527509,2.269347,1,Vascular / systemic inflammation,0
B12158,6.3716702,5.609283,1,Vascular / systemic inflammation,0
B12159,12.737525,2.8257911,4,Respiratory / airway EV biology,0
B12160,8.509484,10.298888,3,Broad cancer EV biology,0
B12161,8.9316025,8.506797,5,Lung cancer EV biology,0
B12162,7.8252397,9.077925,3,Broad cancer EV biology,0
B12163,11.453785,4.6954,4,Respiratory / airway EV biology,0
B12164,8.732884,10.770327,5,Lung cancer EV biology,0
B12165,7.645846,2.281377,1,Vascular / systemic inflammation,0
B12166,10.777142,5.1911707,4,Respiratory / airway EV biology,0
B12167,13.047944,2.8555624,3,Broad cancer EV biology,0
B12168,8.035863,7.6239758,4,Respiratory / airway EV biology,0
B12169,11.077894,8.291362,1,Vascular / systemic inflammation,0
B12170,10.5164,6.2684627,3,Broad cancer EV biology,0
B12171,9.200693,2.4271548,0,MSC / regenerative EV therapy,0
B12172,12.034461,4.765116,4,Respiratory / airway EV biology,0
B12173,7.71177,7.7150726,2,EV engineering / delivery,0
B12174,9.619733,8.342325,3,Broad cancer EV biology,0
B12175,8.938953,4.7990546,3,Broad cancer EV biology,0
B12176,9.293836,3.1356676,0,MSC / regenerative EV therapy,0
B12177,9.698322,2.6428375,3,Broad cancer EV biology,0
B12178,12.219971,9.465805,3,Broad cancer EV biology,0
B12179,10.068101,9.513387,3,Broad cancer EV biology,0
B12180,10.7314625,1.7788895,4,Respiratory / airway EV biology,0
B12181,12.869089,2.9879596,4,Respiratory / airway EV biology,0
B12182,10.691026,8.141844,3,Broad cancer EV biology,0
B12183,10.189352,9.405359,3,Broad cancer EV biology,0
B12184,12.153657,2.1943557,4,Respiratory / airway EV biology,0
B12185,9.196275,0.8940654,0,MSC / regenerative EV therapy,0
B12186,9.868106,7.14986,3,Broad cancer EV biology,0
B12187,10.218815,1.2668986,0,MSC / regenerative EV therapy,0
B12188,9.806009,4.609197,1,Vascular / systemic inflammation,0
B12189,10.799874,8.362804,3,Broad cancer EV biology,0
B12190,9.932652,1.8123736,4,Respiratory / airway EV biology,0
B12191,10.411623,9.659148,3,Broad cancer EV biology,0
B12192,11.663661,2.6670122,4,Respiratory / airway EV biology,0
B12193,10.281605,2.8181102,4,Respiratory / airway EV biology,0
B12194,10.87563,1.6445047,0,MSC / regenerative EV therapy,1
B12195,11.060231,0.61228883,0,MSC / regenerative EV therapy,0
B12196,9.648273,2.1021357,0,MSC / regenerative EV therapy,0
B12197,10.5781765,7.8540545,3,Broad cancer EV biology,0
B12198,7.4061475,8.076008,3,Broad cancer EV biology,0
B12199,7.7007675,7.7955112,2,EV engineering / delivery,0
B12200,9.143929,5.1651487,1,Vascular / systemic inflammation,0
B12201,6.55854,3.4098976,3,Broad cancer EV biology,0
B12202,11.983408,4.9751015,4,Respiratory / airway EV biology,0
B12203,10.707775,6.795636,3,Broad cancer EV biology,0
B12204,10.998042,7.168497,0,MSC / regenerative EV therapy,0
B12205,7.6956153,10.282186,3,Broad cancer EV biology,0
B12206,6.615838,3.5317492,3,Broad cancer EV biology,0
B12207,11.835864,8.8216305,3,Broad cancer EV biology,0
B12208,9.640039,3.176128,0,MSC / regenerative EV therapy,0
B12209,11.202465,3.321017,4,Respiratory / airway EV biology,0
B12210,10.930083,6.987699,2,EV engineering / delivery,0
B12211,8.4760065,8.79739,3,Broad cancer EV biology,0
B12212,10.786992,8.545461,3,Broad cancer EV biology,0
B12213,10.508606,7.402969,3,Broad cancer EV biology,0
B12214,8.741464,9.15591,3,Broad cancer EV biology,0
B12215,12.133248,9.495201,3,Broad cancer EV biology,0
B12216,9.910421,1.0133533,4,Respiratory / airway EV biology,0
B12217,11.127938,0.101645686,4,Respiratory / airway EV biology,0
B12218,6.571391,3.403604,1,Vascular / systemic inflammation,0
B12219,10.4323015,8.63141,3,Broad cancer EV biology,0
B12220,11.115331,3.3396742,4,Respiratory / airway EV biology,0
B12221,7.249529,2.9483604,1,Vascular / systemic inflammation,0
B12222,11.8919525,3.3303587,4,Respiratory / airway EV biology,0
B12223,11.167154,8.534651,4,Respiratory / airway EV biology,0
B12224,9.311203,2.7088494,1,Vascular / systemic inflammation,0
B12225,9.455556,1.5009772,0,MSC / regenerative EV therapy,0
B12226,10.77936,2.9840882,4,Respiratory / airway EV biology,0
B12227,9.243505,9.919555,3,Broad cancer EV biology,0
B12228,8.681284,10.432169,3,Broad cancer EV biology,0
B12229,8.674517,5.581083,4,Respiratory / airway EV biology,0
B12230,11.596361,3.2083428,3,Broad cancer EV biology,0
B12231,11.745173,2.5602121,4,Respiratory / airway EV biology,0
B12232,11.397702,2.156722,4,Respiratory / airway EV biology,0
B12233,9.0898695,8.783258,3,Broad cancer EV biology,0
B12234,9.146472,8.883093,3,Broad cancer EV biology,0
B12235,9.171391,8.723876,3,Broad cancer EV biology,0
B12236,9.007451,8.836884,3,Broad cancer EV biology,0
B12237,9.104204,8.795771,3,Broad cancer EV biology,0
B12238,10.231063,2.919294,4,Respiratory / airway EV biology,0
B12239,8.371611,10.05647,3,Broad cancer EV biology,0
B12240,9.366109,10.182577,3,Broad cancer EV biology,0
B12241,9.198017,4.132131,4,Respiratory / airway EV biology,0
B12242,6.003344,4.76211,4,Respiratory / airway EV biology,0
B12243,5.827683,4.758886,4,Respiratory / airway EV biology,0
B12244,5.905706,4.7727776,4,Respiratory / airway EV biology,0
B12245,8.721441,8.14822,3,Broad cancer EV biology,0
B12246,9.0070715,10.323848,3,Broad cancer EV biology,0
B12247,8.686014,8.1641245,3,Broad cancer EV biology,0
B12248,9.2949705,9.820988,3,Broad cancer EV biology,0
B12249,9.342891,10.335741,3,Broad cancer EV biology,0
B12250,9.354791,10.465426,3,Broad cancer EV biology,0
B12251,9.185298,9.632621,3,Broad cancer EV biology,0
B12252,7.800912,8.920602,3,Broad cancer EV biology,0
B12253,11.506853,9.127658,3,Broad cancer EV biology,0
B12254,10.29514,10.88589,3,Broad cancer EV biology,0
B12255,10.486953,1.7905211,0,MSC / regenerative EV therapy,0
B12256,9.20714,11.004664,3,Broad cancer EV biology,0
B12257,8.643115,8.369264,3,Broad cancer EV biology,0
B12258,6.5058703,3.5676684,3,Broad cancer EV biology,0
B12259,8.159052,10.360001,3,Broad cancer EV biology,0
B12260,8.603276,10.233122,5,Lung cancer EV biology,0
B12261,10.387133,4.2492366,1,Vascular / systemic inflammation,0
B12262,9.998229,1.2266388,0,MSC / regenerative EV therapy,0
B12263,8.961944,9.350977,3,Broad cancer EV biology,0
B12264,11.93921,2.5717118,4,Respiratory / airway EV biology,0
B12265,9.768176,7.9191885,3,Broad cancer EV biology,0
B12266,9.7149315,7.981014,3,Broad cancer EV biology,0
B12267,12.149757,8.81083,3,Broad cancer EV biology,0
B12268,6.4456406,3.3175855,3,Broad cancer EV biology,0
B12269,11.533326,9.061133,3,Broad cancer EV biology,0
B12270,12.124604,2.3666563,0,MSC / regenerative EV therapy,0
B12271,9.0420885,4.095631,1,Vascular / systemic inflammation,0
B12272,6.4893565,3.3911443,3,Broad cancer EV biology,0
B12273,7.758957,3.4174538,1,Vascular / systemic inflammation,0
B12274,9.886055,10.757472,3,Broad cancer EV biology,0
B12275,8.02988,8.526079,3,Broad cancer EV biology,0
B12276,9.432057,10.269505,3,Broad cancer EV biology,0
B12277,8.960729,4.343103,1,Vascular / systemic inflammation,0
B12278,10.898384,9.379176,3,Broad cancer EV biology,0
B12279,10.193012,9.976567,3,Broad cancer EV biology,0
B12280,8.125785,3.6640368,1,Vascular / systemic inflammation,0
B12281,10.459231,2.6547143,4,Respiratory / airway EV biology,0
B12282,9.846072,3.881427,2,EV engineering / delivery,0
B12283,11.754951,7.1173153,3,Broad cancer EV biology,0
B12284,13.57114,0.4883349,0,MSC / regenerative EV therapy,0
B12285,9.237598,7.3660583,2,EV engineering / delivery,0
B12286,7.5696497,8.526389,3,Broad cancer EV biology,0
B12287,9.089356,10.885488,3,Broad cancer EV biology,0
B12288,7.1594033,3.0127833,1,Vascular / systemic inflammation,0
B12289,9.812181,10.100254,3,Broad cancer EV biology,0
B12290,11.858123,2.764292,4,Respiratory / airway EV biology,0
B12291,9.449592,8.268688,3,Broad cancer EV biology,0
B12292,8.626879,8.0284815,1,Vascular / systemic inflammation,0
B12293,8.617593,8.294756,3,Broad cancer EV biology,0
B12294,6.097678,4.8037257,4,Respiratory / airway EV biology,0
B12295,11.020269,8.497904,3,Broad cancer EV biology,0
B12296,6.176133,4.720879,4,Respiratory / airway EV biology,0
B12297,9.804047,10.399979,5,Lung cancer EV biology,0
B12298,11.46015,2.0943675,4,Respiratory / airway EV biology,0
B12299,10.35823,2.7776198,4,Respiratory / airway EV biology,0
B12300,6.2814984,5.6766357,1,Vascular / systemic inflammation,0
B12301,10.83678,0.2236614,0,MSC / regenerative EV therapy,0
B12302,13.582984,0.4511672,0,MSC / regenerative EV therapy,0
B12303,9.142924,3.9801822,3,Broad cancer EV biology,1
B12304,9.548716,4.22993,4,Respiratory / airway EV biology,0
B12305,6.975854,3.2785208,1,Vascular / systemic inflammation,0
B12306,10.905137,3.6834931,4,Respiratory / airway EV biology,0
B12307,8.960817,8.694017,3,Broad cancer EV biology,0
B12308,7.898319,2.5501285,4,Respiratory / airway EV biology,0
B12309,10.067324,2.650732,4,Respiratory / airway EV biology,0
B12310,6.7790046,4.4831166,1,Vascular / systemic inflammation,0
B12311,10.036141,2.9497888,4,Respiratory / airway EV biology,0
B12312,7.8878307,2.6123948,4,Respiratory / airway EV biology,0
B12313,7.9764476,3.0065124,1,Vascular / systemic inflammation,0
B12314,7.8125095,3.3498483,1,Vascular / systemic inflammation,0
B12315,10.642527,7.1507196,3,Broad cancer EV biology,0
B12316,12.483496,2.5492299,4,Respiratory / airway EV biology,0
B12317,12.591436,2.5533879,4,Respiratory / airway EV biology,0
B12318,12.761962,2.9277875,4,Respiratory / airway EV biology,0
B12319,9.122811,1.7835474,0,MSC / regenerative EV therapy,0
B12320,10.47143,3.2108152,1,Vascular / systemic inflammation,0
B12321,9.595347,2.3681822,1,Vascular / systemic inflammation,0
B12322,9.115887,3.874162,1,Vascular / systemic inflammation,0
B12323,9.5759735,8.586476,3,Broad cancer EV biology,0
B12324,9.239838,10.1153965,3,Broad cancer EV biology,0
B12325,9.126791,4.107924,3,Broad cancer EV biology,0
B12326,10.34826,9.24201,3,Broad cancer EV biology,0
B12327,10.547986,3.8589911,4,Respiratory / airway EV biology,0
B12328,11.783299,2.281282,4,Respiratory / airway EV biology,0
B12329,9.015101,10.76464,3,Broad cancer EV biology,0
B12330,11.142314,0.50809705,4,Respiratory / airway EV biology,0
B12331,11.515132,2.5205722,4,Respiratory / airway EV biology,0
B12332,9.586697,8.373276,3,Broad cancer EV biology,0
B12333,10.899248,3.0078096,4,Respiratory / airway EV biology,0
B12334,8.889531,10.944832,3,Broad cancer EV biology,0
B12335,9.12609,10.747049,3,Broad cancer EV biology,0
B12336,9.298031,10.467205,3,Broad cancer EV biology,0
B12337,8.886937,10.635776,3,Broad cancer EV biology,0
B12338,10.594846,8.338348,3,Broad cancer EV biology,0
B12339,10.740819,10.862879,3,Broad cancer EV biology,0
B12340,12.101349,2.7585156,4,Respiratory / airway EV biology,0
B12341,10.351509,8.074275,3,Broad cancer EV biology,0
B12342,11.322139,2.1467962,0,MSC / regenerative EV therapy,0
B12343,9.361419,4.305995,4,Respiratory / airway EV biology,0
B12344,9.620493,9.860415,3,Broad cancer EV biology,0
B12345,9.825054,7.869556,3,Broad cancer EV biology,0
B12346,10.200678,7.954906,3,Broad cancer EV biology,0
B12347,9.993215,9.597281,3,Broad cancer EV biology,0
B12348,8.083741,10.199741,3,Broad cancer EV biology,0
B12349,8.16683,10.217928,3,Broad cancer EV biology,0
B12350,11.123139,0.7031009,4,Respiratory / airway EV biology,0
B12351,10.590029,1.2340442,0,MSC / regenerative EV therapy,0
B12352,11.786452,8.819248,3,Broad cancer EV biology,0
B12353,9.945176,1.1079253,0,MSC / regenerative EV therapy,0
B12354,9.302956,5.469053,3,Broad cancer EV biology,0
B12355,10.097808,1.4686012,0,MSC / regenerative EV therapy,0
B12356,10.137745,2.4015896,0,MSC / regenerative EV therapy,0
B12357,10.144207,8.219478,3,Broad cancer EV biology,0
B12358,8.941082,8.269769,3,Broad cancer EV biology,0
B12359,6.0379114,4.710256,0,MSC / regenerative EV therapy,0
B12360,10.115076,8.709675,3,Broad cancer EV biology,0
B12361,12.522667,2.203005,4,Respiratory / airway EV biology,0
B12362,9.281296,0.8185783,1,Vascular / systemic inflammation,0
B12363,10.061392,9.5656185,3,Broad cancer EV biology,0
B12364,9.763661,6.5668955,3,Broad cancer EV biology,0
B12365,10.345339,8.193785,3,Broad cancer EV biology,0
B12366,9.718923,10.1738,3,Broad cancer EV biology,0
B12367,8.851507,1.2525389,4,Respiratory / airway EV biology,0
B12368,12.417087,2.6744797,4,Respiratory / airway EV biology,0
B12369,10.28876,7.956552,3,Broad cancer EV biology,0
B12370,11.850759,2.3634374,4,Respiratory / airway EV biology,0
B12371,8.601581,5.6066785,4,Respiratory / airway EV biology,0
B12372,10.497795,9.065086,3,Broad cancer EV biology,0
B12373,10.857749,10.853948,3,Broad cancer EV biology,0
B12374,10.930929,2.220842,4,Respiratory / airway EV biology,0
B12375,8.96227,10.512034,5,Lung cancer EV biology,0
B12376,10.534377,9.663837,3,Broad cancer EV biology,0
B12377,11.096531,0.7031057,0,MSC / regenerative EV therapy,0
B12378,5.88773,4.7722473,4,Respiratory / airway EV biology,0
B12379,11.439086,2.0563116,4,Respiratory / airway EV biology,0
B12380,11.813185,2.750085,4,Respiratory / airway EV biology,0
B12381,12.628976,2.5113344,4,Respiratory / airway EV biology,0
B12382,9.723549,9.966348,3,Broad cancer EV biology,0
B12383,10.184832,5.1309648,4,Respiratory / airway EV biology,0
B12384,9.988177,4.542317,0,MSC / regenerative EV therapy,0
B12385,10.965207,3.1044564,4,Respiratory / airway EV biology,0
B12386,10.411026,7.5584598,2,EV engineering / delivery,0
B12387,9.168097,9.495325,3,Broad cancer EV biology,0
B12388,11.54652,2.8992693,4,Respiratory / airway EV biology,0
B12389,9.176083,7.6738343,3,Broad cancer EV biology,0
B12390,10.209578,4.220362,4,Respiratory / airway EV biology,0
B12391,10.344885,4.2538056,4,Respiratory / airway EV biology,0
B12392,8.659739,1.0716076,4,Respiratory / airway EV biology,0
B12393,9.97364,8.062154,3,Broad cancer EV biology,0
B12394,10.540777,7.9943924,3,Broad cancer EV biology,0
B12395,8.050497,10.124363,3,Broad cancer EV biology,0
B12396,7.5142813,2.7565,1,Vascular / systemic inflammation,0
B12397,8.658487,7.701012,3,Broad cancer EV biology,0
B12398,8.046028,10.0969305,3,Broad cancer EV biology,0
B12399,9.856976,1.5619371,0,MSC / regenerative EV therapy,0
B12400,8.658641,10.535603,3,Broad cancer EV biology,0
B12401,6.492126,3.4132907,3,Broad cancer EV biology,0
B12402,11.098278,2.8694675,4,Respiratory / airway EV biology,0
B12403,11.1741085,2.712761,4,Respiratory / airway EV biology,0
B12404,10.103774,7.783929,3,Broad cancer EV biology,0
B12405,10.049682,4.4336514,4,Respiratory / airway EV biology,0
B12406,11.009843,3.064716,4,Respiratory / airway EV biology,0
B12407,10.3133545,2.8970485,4,Respiratory / airway EV biology,0
B12408,12.223974,9.352615,3,Broad cancer EV biology,0
B12409,11.568062,2.7713838,4,Respiratory / airway EV biology,0
B12410,11.347749,3.116445,4,Respiratory / airway EV biology,0
B12411,8.1007,8.471941,3,Broad cancer EV biology,0
B12412,13.084473,4.7686586,4,Respiratory / airway EV biology,0
B12413,11.231654,3.4163089,4,Respiratory / airway EV biology,0
B12414,11.427597,2.6397765,4,Respiratory / airway EV biology,0
B12415,11.846112,5.023735,4,Respiratory / airway EV biology,0
B12416,7.818932,10.212097,3,Broad cancer EV biology,0
B12417,12.465564,2.2802167,4,Respiratory / airway EV biology,0
B12418,11.157651,2.777185,4,Respiratory / airway EV biology,0
B12419,11.250166,1.9933503,0,MSC / regenerative EV therapy,0
B12420,11.600079,7.764485,3,Broad cancer EV biology,0
B12421,12.08607,9.464394,3,Broad cancer EV biology,0
B12422,10.440975,3.5969079,4,Respiratory / airway EV biology,0
B12423,8.6959,1.5448017,1,Vascular / systemic inflammation,0
B12424,10.489458,2.7360725,4,Respiratory / airway EV biology,0
B12425,9.547128,8.3864975,3,Broad cancer EV biology,0
B12426,8.879176,2.7410586,0,MSC / regenerative EV therapy,0
B12427,10.363017,2.4867227,4,Respiratory / airway EV biology,0
B12428,10.708568,0.25094423,0,MSC / regenerative EV therapy,0
B12429,8.8560295,1.313873,4,Respiratory / airway EV biology,0
B12430,10.566898,8.580309,3,Broad cancer EV biology,0
B12431,11.878445,4.8355885,4,Respiratory / airway EV biology,0
B12432,10.1561,8.430425,3,Broad cancer EV biology,0
B12433,10.165914,7.5610623,3,Broad cancer EV biology,0
B12434,11.533752,6.951811,2,EV engineering / delivery,0
B12435,10.207076,6.935934,2,EV engineering / delivery,0
B12436,10.301623,4.011517,4,Respiratory / airway EV biology,0
B12437,12.352806,1.9701974,4,Respiratory / airway EV biology,0
B12438,10.91177,4.582509,4,Respiratory / airway EV biology,0
B12439,11.968289,4.5623193,4,Respiratory / airway EV biology,0
B12440,8.953151,4.255516,3,Broad cancer EV biology,0
B12441,9.774808,3.5170684,0,MSC / regenerative EV therapy,0
B12442,11.047697,0.6218278,0,MSC / regenerative EV therapy,0
B12443,9.933179,2.5963187,0,MSC / regenerative EV therapy,0
B12444,9.069365,4.205758,0,MSC / regenerative EV therapy,0
B12445,12.633918,7.441661,0,MSC / regenerative EV therapy,0
B12446,9.797342,9.079778,3,Broad cancer EV biology,0
B12447,10.325573,4.163797,4,Respiratory / airway EV biology,0
B12448,10.875373,9.324137,3,Broad cancer EV biology,0
B12449,12.046416,3.057513,4,Respiratory / airway EV biology,0
B12450,8.712172,10.27847,4,Respiratory / airway EV biology,0
B12451,6.2585435,4.8201594,4,Respiratory / airway EV biology,0
B12452,9.107446,10.875163,3,Broad cancer EV biology,0
B12453,9.26389,10.685756,3,Broad cancer EV biology,0
B12454,10.457995,9.356835,3,Broad cancer EV biology,0
B12455,8.678329,10.280037,3,Broad cancer EV biology,0
B12456,9.770414,10.142264,3,Broad cancer EV biology,0
B12457,9.484059,1.4390082,0,MSC / regenerative EV therapy,0
B12458,7.960032,2.5496292,4,Respiratory / airway EV biology,0
B12459,11.142333,8.592746,3,Broad cancer EV biology,0
B12460,11.617866,7.661139,3,Broad cancer EV biology,0
B12461,8.959077,2.818151,0,MSC / regenerative EV therapy,0
B12462,11.265853,3.1696947,4,Respiratory / airway EV biology,0
B12463,12.17246,4.861612,4,Respiratory / airway EV biology,0
B12464,10.989198,9.363229,3,Broad cancer EV biology,0
B12465,7.902081,2.1068797,1,Vascular / systemic inflammation,0
B12466,11.352862,3.2990322,4,Respiratory / airway EV biology,0
B12467,7.8982015,3.6716254,1,Vascular / systemic inflammation,0
B12468,10.602069,5.572638,2,EV engineering / delivery,0
B12469,7.9825563,10.2672,3,Broad cancer EV biology,0
B12470,8.066336,10.384497,3,Broad cancer EV biology,0
B12471,8.369945,7.0595636,4,Respiratory / airway EV biology,0
B12472,7.1872773,8.164318,2,EV engineering / delivery,0
B12473,11.2969,2.3240952,4,Respiratory / airway EV biology,0
B12474,11.009362,9.734063,3,Broad cancer EV biology,0
B12475,10.750291,8.5502,3,Broad cancer EV biology,0
B12476,12.859387,3.1251726,4,Respiratory / airway EV biology,0
B12477,9.103366,2.9543984,0,MSC / regenerative EV therapy,0
B12478,11.591021,8.979555,3,Broad cancer EV biology,0
B12479,9.506692,4.8202004,4,Respiratory / airway EV biology,0
B12480,10.834464,0.3845834,0,MSC / regenerative EV therapy,0
B12481,10.045341,1.8131634,0,MSC / regenerative EV therapy,0
B12482,11.049632,0.91434485,0,MSC / regenerative EV therapy,0
B12483,9.140605,3.6708312,0,MSC / regenerative EV therapy,0
B12484,6.0329757,5.8526254,1,Vascular / systemic inflammation,0
B12485,7.381358,9.307911,3,Broad cancer EV biology,0
B12486,11.76263,2.725201,4,Respiratory / airway EV biology,0
B12487,7.984245,2.779995,4,Respiratory / airway EV biology,0
B12488,8.894272,6.5124807,4,Respiratory / airway EV biology,0
B12489,10.646702,9.632674,3,Broad cancer EV biology,0
B12490,7.747825,8.067738,2,EV engineering / delivery,0
B12491,9.009083,7.610256,2,EV engineering / delivery,0
B12492,7.6791606,2.042897,1,Vascular / systemic inflammation,0
B12493,8.898829,9.883335,3,Broad cancer EV biology,0
B12494,11.769596,2.4754505,4,Respiratory / airway EV biology,0
B12495,10.332419,2.7012513,4,Respiratory / airway EV biology,0
B12496,10.933971,1.7791587,0,MSC / regenerative EV therapy,0
B12497,7.567465,9.312954,3,Broad cancer EV biology,0
B12498,7.566591,9.188572,3,Broad cancer EV biology,0
B12499,7.5298424,2.3329368,4,Respiratory / airway EV biology,0
B12500,7.7068286,9.151751,3,Broad cancer EV biology,0
B12501,7.7860336,10.301646,3,Broad cancer EV biology,0
B12502,7.836953,10.370097,3,Broad cancer EV biology,0
B12503,7.61376,9.129393,3,Broad cancer EV biology,0
B12504,7.700981,9.13431,3,Broad cancer EV biology,0
B12505,7.7085295,9.033442,3,Broad cancer EV biology,0
B12506,7.8413153,9.226576,3,Broad cancer EV biology,0
B12507,7.9320574,10.065506,3,Broad cancer EV biology,0
B12508,10.302554,9.867545,3,Broad cancer EV biology,0
B12509,9.0691595,8.569717,3,Broad cancer EV biology,0
B12510,8.653418,4.3716516,1,Vascular / systemic inflammation,0
B12511,11.536315,10.036311,3,Broad cancer EV biology,0
B12512,8.562171,9.962179,3,Broad cancer EV biology,0
B12513,8.891879,5.1280913,4,Respiratory / airway EV biology,0
B12514,9.962764,1.1862714,4,Respiratory / airway EV biology,0
B12515,10.382601,2.9598932,4,Respiratory / airway EV biology,0
B12516,10.536706,1.7945889,0,MSC / regenerative EV therapy,0
B12517,9.798118,2.0194848,0,MSC / regenerative EV therapy,0
B12518,10.557335,3.5819547,4,Respiratory / airway EV biology,0
B12519,9.98553,2.358498,0,MSC / regenerative EV therapy,0
B12520,10.335534,3.07682,4,Respiratory / airway EV biology,0
B12521,12.790686,2.8346472,4,Respiratory / airway EV biology,0
B12522,12.104004,2.469804,4,Respiratory / airway EV biology,0
B12523,10.252214,8.328131,3,Broad cancer EV biology,0
B12524,10.400219,8.332727,3,Broad cancer EV biology,0
B12525,11.581454,9.698124,3,Broad cancer EV biology,0
B12526,12.492489,4.692085,4,Respiratory / airway EV biology,0
B12527,12.560203,7.4577837,3,Broad cancer EV biology,0
B12528,10.813333,7.9942117,3,Broad cancer EV biology,0
B12529,9.780606,2.3554811,0,MSC / regenerative EV therapy,0
B12530,9.803635,1.9448723,0,MSC / regenerative EV therapy,0
B12531,9.294646,1.8074186,0,MSC / regenerative EV therapy,0
B12532,9.417299,1.7421871,0,MSC / regenerative EV therapy,0
B12533,9.700813,2.0404963,0,MSC / regenerative EV therapy,0
B12534,10.9438095,1.779473,0,MSC / regenerative EV therapy,0
B12535,12.536999,2.1636682,4,Respiratory / airway EV biology,0
B12536,9.876098,1.7808993,0,MSC / regenerative EV therapy,0
B12537,10.894891,0.17618299,0,MSC / regenerative EV therapy,0
B12538,10.134839,9.272982,3,Broad cancer EV biology,0
B12539,12.535499,2.0146677,4,Respiratory / airway EV biology,0
B12540,10.876804,0.34373918,0,MSC / regenerative EV therapy,0
B12541,9.168746,3.3707402,0,MSC / regenerative EV therapy,0
B12542,7.3674655,7.868635,2,EV engineering / delivery,0
B12543,11.371186,9.18983,3,Broad cancer EV biology,0
B12544,9.827268,3.0316415,1,Vascular / systemic inflammation,0
B12545,13.158512,4.7693267,4,Respiratory / airway EV biology,0
B12546,11.182396,3.2249992,4,Respiratory / airway EV biology,0
B12547,10.388511,3.306663,4,Respiratory / airway EV biology,0
B12548,7.7326927,2.3448646,4,Respiratory / airway EV biology,0
B12549,7.3654475,2.8855715,1,Vascular / systemic inflammation,0
B12550,8.260478,2.2673938,1,Vascular / systemic inflammation,0
B12551,10.398995,7.267606,3,Broad cancer EV biology,0
B12552,8.866294,7.1342535,1,Vascular / systemic inflammation,0
B12553,12.59621,2.5564826,4,Respiratory / airway EV biology,0
B12554,11.220073,2.0355916,0,MSC / regenerative EV therapy,0
B12555,8.6610155,1.0995635,1,Vascular / systemic inflammation,0
B12556,10.107217,2.2691128,4,Respiratory / airway EV biology,0
B12557,8.95365,5.3710003,1,Vascular / systemic inflammation,0
B12558,10.012634,2.7352812,4,Respiratory / airway EV biology,0
B12559,10.200926,2.5205193,4,Respiratory / airway EV biology,0
B12560,10.090123,7.7793865,3,Broad cancer EV biology,0
B12561,11.737758,4.7485623,4,Respiratory / airway EV biology,0
B12562,10.780194,3.7713304,4,Respiratory / airway EV biology,0
B12563,7.7823253,10.256543,3,Broad cancer EV biology,0
B12564,8.928765,8.607544,1,Vascular / systemic inflammation,0
B12565,11.297827,4.966103,4,Respiratory / airway EV biology,0
B12566,9.733435,9.338752,4,Respiratory / airway EV biology,0
B12567,11.909684,2.931887,4,Respiratory / airway EV biology,0
B12568,10.309837,9.015397,3,Broad cancer EV biology,0
B12569,11.678592,3.4268928,4,Respiratory / airway EV biology,0
B12570,9.663673,4.889376,0,MSC / regenerative EV therapy,0
B12571,10.446299,3.504322,1,Vascular / systemic inflammation,0
B12572,8.250879,8.845392,3,Broad cancer EV biology,0
B12573,10.535417,8.205623,3,Broad cancer EV biology,0
B12574,9.513177,6.545977,4,Respiratory / airway EV biology,0
B12575,7.88556,10.198465,3,Broad cancer EV biology,0
B12576,10.95389,0.22517918,0,MSC / regenerative EV therapy,0
B12577,10.915768,2.3826828,1,Vascular / systemic inflammation,0
B12578,12.211373,8.661628,3,Broad cancer EV biology,0
B12579,10.898726,4.097671,4,Respiratory / airway EV biology,0
B12580,11.791149,2.5299788,4,Respiratory / airway EV biology,0
B12581,11.626198,2.7023034,4,Respiratory / airway EV biology,0
B12582,11.6248455,2.8498487,4,Respiratory / airway EV biology,0
B12583,8.9965925,8.526289,3,Broad cancer EV biology,0
B12584,9.331984,8.847819,5,Lung cancer EV biology,0
B12585,9.941285,4.3234396,1,Vascular / systemic inflammation,0
B12586,8.768248,4.70719,3,Broad cancer EV biology,0
B12587,11.577369,7.874013,3,Broad cancer EV biology,0
B12588,12.040108,8.852045,3,Broad cancer EV biology,0
B12589,12.085573,5.3303185,4,Respiratory / airway EV biology,0
B12590,11.877201,4.2987113,4,Respiratory / airway EV biology,0
B12591,7.4245496,7.58317,2,EV engineering / delivery,0
B12592,9.833013,10.993473,3,Broad cancer EV biology,0
B12593,7.2250957,3.2039545,1,Vascular / systemic inflammation,0
B12594,11.649847,8.079525,3,Broad cancer EV biology,0
B12595,12.840321,2.8695824,4,Respiratory / airway EV biology,0
B12596,9.965401,8.692418,3,Broad cancer EV biology,0
B12597,8.909669,8.504495,1,Vascular / systemic inflammation,0
B12598,8.519713,5.1643887,1,Vascular / systemic inflammation,0
B12599,9.916257,9.447544,3,Broad cancer EV biology,0
B12600,11.442695,9.052041,3,Broad cancer EV biology,0
B12601,12.550558,2.7373447,4,Respiratory / airway EV biology,0
B12602,10.259769,3.266055,4,Respiratory / airway EV biology,0
B12603,9.561889,10.319317,3,Broad cancer EV biology,0
B12604,8.625556,3.515165,1,Vascular / systemic inflammation,0
B12605,7.1786127,7.9782386,2,EV engineering / delivery,0
B12606,7.9750314,1.7872304,1,Vascular / systemic inflammation,0
B12607,6.5600796,3.4825864,3,Broad cancer EV biology,0
B12608,7.967097,2.8853803,4,Respiratory / airway EV biology,0
B12609,6.499893,3.509485,3,Broad cancer EV biology,0
B12610,7.6005993,2.9073145,1,Vascular / systemic inflammation,0
B12611,10.7101555,10.908484,3,Broad cancer EV biology,0
B12612,11.702308,4.4781857,4,Respiratory / airway EV biology,0
B12613,9.676768,8.397677,3,Broad cancer EV biology,0
B12614,9.905516,5.3693695,2,EV engineering / delivery,0
B12615,11.473826,9.182658,3,Broad cancer EV biology,0
B12616,10.699778,8.705094,3,Broad cancer EV biology,0
B12617,7.764382,10.239134,3,Broad cancer EV biology,0
B12618,8.957743,2.86271,0,MSC / regenerative EV therapy,0
B12619,7.712204,9.189404,3,Broad cancer EV biology,0
B12620,10.072124,2.8848867,4,Respiratory / airway EV biology,0
B12621,11.88314,2.783036,4,Respiratory / airway EV biology,0
B12622,10.658511,4.3327403,4,Respiratory / airway EV biology,0
B12623,12.799325,2.695313,4,Respiratory / airway EV biology,0
B12624,7.210314,8.034369,2,EV engineering / delivery,0
B12625,8.753896,10.765027,3,Broad cancer EV biology,0
B12626,10.209281,8.558391,1,Vascular / systemic inflammation,0
B12627,10.601137,7.773553,3,Broad cancer EV biology,0
B12628,10.050808,2.82604,4,Respiratory / airway EV biology,0
B12629,10.834429,7.739313,3,Broad cancer EV biology,0
B12630,10.213312,6.2189775,2,EV engineering / delivery,0
B12631,7.1544685,8.070195,2,EV engineering / delivery,0
B12632,9.752263,6.476597,2,EV engineering / delivery,0
B12633,7.0514503,7.998148,2,EV engineering / delivery,0
B12634,10.901738,8.592518,3,Broad cancer EV biology,0
B12635,11.110775,0.7469292,4,Respiratory / airway EV biology,0
B12636,12.177795,2.5635846,4,Respiratory / airway EV biology,0
B12637,7.880816,3.7838125,1,Vascular / systemic inflammation,0
B12638,11.262232,2.5094898,4,Respiratory / airway EV biology,0
B12639,9.193176,3.9347384,0,MSC / regenerative EV therapy,0
B12640,7.301837,7.861662,2,EV engineering / delivery,0
B12641,11.247382,3.7769868,4,Respiratory / airway EV biology,0
B12642,5.854807,4.7650332,4,Respiratory / airway EV biology,0
B12643,10.743127,10.992506,5,Lung cancer EV biology,0
B12644,10.7639675,11.014159,5,Lung cancer EV biology,0
B12645,8.896469,3.695763,0,MSC / regenerative EV therapy,0
B12646,10.73111,11.002857,5,Lung cancer EV biology,0
B12647,10.096966,9.956172,3,Broad cancer EV biology,0
B12648,7.7695494,8.056709,3,Broad cancer EV biology,0
B12649,10.764111,8.931252,1,Vascular / systemic inflammation,0
B12650,8.100394,9.777725,3,Broad cancer EV biology,0
B12651,9.909041,1.0723419,4,Respiratory / airway EV biology,0
B12652,6.114441,4.7874823,4,Respiratory / airway EV biology,0
B12653,10.290466,6.3465595,2,EV engineering / delivery,0
B12654,7.917503,2.581888,4,Respiratory / airway EV biology,0
B12655,9.323771,8.331284,3,Broad cancer EV biology,0
B12656,11.376658,4.146185,4,Respiratory / airway EV biology,0
B12657,7.2851543,2.7267864,1,Vascular / systemic inflammation,0
B12658,8.755843,10.53429,3,Broad cancer EV biology,0
B12659,10.986199,8.706997,3,Broad cancer EV biology,0
B12660,12.724025,2.154697,0,MSC / regenerative EV therapy,0
B12661,8.971468,8.282513,1,Vascular / systemic inflammation,0
B12662,10.071485,4.481553,1,Vascular / systemic inflammation,0
B12663,7.138979,7.859858,2,EV engineering / delivery,0
B12664,8.669538,1.1063519,4,Respiratory / airway EV biology,0
B12665,9.159657,8.422929,3,Broad cancer EV biology,0
B12666,9.658461,8.297531,3,Broad cancer EV biology,0
B12667,6.1957793,4.7444434,1,Vascular / systemic inflammation,0
B12668,10.46363,3.218346,1,Vascular / systemic inflammation,0
B12669,9.190712,9.506997,3,Broad cancer EV biology,0
B12670,9.153343,4.2857146,1,Vascular / systemic inflammation,0
B12671,11.791596,2.519002,4,Respiratory / airway EV biology,0
B12672,11.827539,2.5095258,4,Respiratory / airway EV biology,0
B12673,11.112324,9.340441,0,MSC / regenerative EV therapy,0
B12674,9.993056,4.885772,4,Respiratory / airway EV biology,0
B12675,10.194629,10.059979,3,Broad cancer EV biology,0
B12676,10.805161,6.7523623,2,EV engineering / delivery,0
B12677,9.486573,1.4312701,0,MSC / regenerative EV therapy,0
B12678,12.450171,2.635565,4,Respiratory / airway EV biology,0
B12679,8.549702,5.765414,2,EV engineering / delivery,0
B12680,11.895287,9.749504,3,Broad cancer EV biology,0
B12681,11.551868,8.272029,3,Broad cancer EV biology,0
B12682,7.5989275,1.0679009,0,MSC / regenerative EV therapy,0
B12683,10.783901,9.953376,3,Broad cancer EV biology,0
B12684,10.636079,7.9920564,3,Broad cancer EV biology,0
B12685,7.8087792,8.970855,3,Broad cancer EV biology,0
B12686,10.065205,8.0099125,3,Broad cancer EV biology,0
B12687,11.079498,8.572988,3,Broad cancer EV biology,0
B12688,9.433663,3.469189,0,MSC / regenerative EV therapy,0
B12689,10.998663,7.3132224,3,Broad cancer EV biology,0
B12690,9.98549,2.6757286,4,Respiratory / airway EV biology,0
B12691,9.94257,1.0159783,4,Respiratory / airway EV biology,0
B12692,10.639523,8.105211,3,Broad cancer EV biology,0
B12693,8.288358,3.0558712,1,Vascular / systemic inflammation,0
B12694,10.040556,7.9784465,3,Broad cancer EV biology,0
B12695,6.5641346,3.3805864,3,Broad cancer EV biology,0
B12696,10.174963,9.661122,3,Broad cancer EV biology,0
B12697,11.365802,3.2194238,4,Respiratory / airway EV biology,0
B12698,7.8495607,10.108205,3,Broad cancer EV biology,0
B12699,10.116931,8.199911,3,Broad cancer EV biology,0
B12700,11.849429,2.4709854,4,Respiratory / airway EV biology,0
B12701,10.974819,9.769217,3,Broad cancer EV biology,0
B12702,10.037191,8.565437,3,Broad cancer EV biology,0
B12703,6.1259828,4.7598286,4,Respiratory / airway EV biology,0
B12704,10.288019,7.529447,3,Broad cancer EV biology,0
B12705,9.495825,2.7328944,1,Vascular / systemic inflammation,0
B12706,7.636689,1.074161,0,MSC / regenerative EV therapy,0
B12707,10.060487,10.218743,3,Broad cancer EV biology,0
B12708,7.8598657,3.2231793,1,Vascular / systemic inflammation,0
B12709,9.52511,4.639251,1,Vascular / systemic inflammation,0
B12710,9.855729,7.161519,3,Broad cancer EV biology,0
B12711,9.275539,3.028157,0,MSC / regenerative EV therapy,0
B12712,10.936703,1.6478562,0,MSC / regenerative EV therapy,0
B12713,9.404354,1.4277388,0,MSC / regenerative EV therapy,0
B12714,10.368255,2.1546843,0,MSC / regenerative EV therapy,0
B12715,10.389058,1.6158328,0,MSC / regenerative EV therapy,0
B12716,9.802896,3.8495114,0,MSC / regenerative EV therapy,0
B12717,9.752422,3.1390936,0,MSC / regenerative EV therapy,0
B12718,7.9995613,8.170128,2,EV engineering / delivery,0
B12719,9.693424,10.864325,5,Lung cancer EV biology,0
B12720,6.0079775,4.737316,3,Broad cancer EV biology,0
B12721,13.656602,0.5183492,0,MSC / regenerative EV therapy,0
B12722,6.9321094,3.1416037,1,Vascular / systemic inflammation,0
B12723,9.938604,5.1183615,0,MSC / regenerative EV therapy,0
B12724,9.674813,2.2558644,0,MSC / regenerative EV therapy,0
B12725,9.355708,7.0878,1,Vascular / systemic inflammation,0
B12726,10.602247,6.701172,2,EV engineering / delivery,0
B12727,7.7216177,1.8791602,4,Respiratory / airway EV biology,0
B12728,11.859555,8.471792,3,Broad cancer EV biology,0
B12729,10.985013,8.584541,3,Broad cancer EV biology,0
B12730,9.658355,9.75829,3,Broad cancer EV biology,0
B12731,10.833303,9.416814,3,Broad cancer EV biology,0
B12732,10.6896925,8.557213,3,Broad cancer EV biology,0
B12733,7.8429112,9.588402,3,Broad cancer EV biology,0
B12734,11.71588,7.1258044,3,Broad cancer EV biology,0
B12735,11.05687,8.4372635,3,Broad cancer EV biology,0
B12736,8.748732,3.926608,1,Vascular / systemic inflammation,0
B12737,12.243208,2.9835854,4,Respiratory / airway EV biology,0
B12738,9.85109,10.450284,3,Broad cancer EV biology,0
B12739,12.073662,5.2629294,4,Respiratory / airway EV biology,0
B12740,10.397382,5.604455,2,EV engineering / delivery,0
B12741,9.217095,11.026641,3,Broad cancer EV biology,0
B12742,9.157207,11.082838,3,Broad cancer EV biology,0
B12743,9.01122,10.620483,3,Broad cancer EV biology,0
B12744,10.745353,0.46525237,0,MSC / regenerative EV therapy,0
B12745,12.066041,4.9871297,4,Respiratory / airway EV biology,0
B12746,6.4128137,4.7287507,1,Vascular / systemic inflammation,0
B12747,11.298225,2.1438484,4,Respiratory / airway EV biology,0
B12748,8.361117,8.892826,3,Broad cancer EV biology,0
B12749,10.43157,8.185202,3,Broad cancer EV biology,0
B12750,11.512674,8.752147,3,Broad cancer EV biology,0
B12751,9.787787,6.650416,3,Broad cancer EV biology,0
B12752,10.353569,6.602535,2,EV engineering / delivery,0
B12753,10.054767,8.221202,3,Broad cancer EV biology,0
B12754,11.375129,6.7433248,2,EV engineering / delivery,0
B12755,10.520322,10.720793,3,Broad cancer EV biology,0
B12756,10.520021,10.689942,3,Broad cancer EV biology,0
B12757,9.826954,8.260464,3,Broad cancer EV biology,0
B12758,9.130358,10.958593,3,Broad cancer EV biology,0
B12759,9.007697,10.8165245,3,Broad cancer EV biology,0
B12760,9.665157,8.435595,3,Broad cancer EV biology,0
B12761,9.183877,4.9925804,1,Vascular / systemic inflammation,0
B12762,9.161446,11.037081,3,Broad cancer EV biology,0
B12763,7.5862846,2.310687,4,Respiratory / airway EV biology,0
B12764,12.149276,4.8629303,4,Respiratory / airway EV biology,0
B12765,10.700334,9.60375,3,Broad cancer EV biology,0
B12766,10.573241,9.649404,3,Broad cancer EV biology,0
B12767,10.870876,1.6881557,0,MSC / regenerative EV therapy,0
B12768,12.0696125,2.0257165,4,Respiratory / airway EV biology,0
B12769,12.755108,3.170182,4,Respiratory / airway EV biology,0
B12770,12.548752,2.689606,4,Respiratory / airway EV biology,0
B12771,11.354198,10.074173,3,Broad cancer EV biology,0
B12772,9.204952,10.587665,3,Broad cancer EV biology,0
B12773,10.3758955,8.453349,3,Broad cancer EV biology,0
B12774,8.263978,7.702565,2,EV engineering / delivery,0
B12775,11.561218,2.7561252,4,Respiratory / airway EV biology,0
B12776,10.38573,3.5369968,3,Broad cancer EV biology,0
B12777,5.874199,4.775578,4,Respiratory / airway EV biology,0
B12778,5.8760552,4.7765903,3,Broad cancer EV biology,0
B12779,9.565826,3.0306153,0,MSC / regenerative EV therapy,0
B12780,9.430237,6.7889743,3,Broad cancer EV biology,0
B12781,12.371859,2.495613,4,Respiratory / airway EV biology,0
B12782,9.800933,7.100183,3,Broad cancer EV biology,0
B12783,11.052144,2.9748602,4,Respiratory / airway EV biology,0
B12784,11.6231365,4.6500072,4,Respiratory / airway EV biology,0
B12785,12.229792,4.321277,4,Respiratory / airway EV biology,0
B12786,7.146291,7.968495,2,EV engineering / delivery,0
B12787,9.602415,2.7122366,4,Respiratory / airway EV biology,0
B12788,12.636212,4.988134,1,Vascular / systemic inflammation,0
B12789,7.987721,10.494923,3,Broad cancer EV biology,0
B12790,12.139648,9.387423,3,Broad cancer EV biology,0
B12791,8.113202,10.334232,3,Broad cancer EV biology,0
B12792,7.8642116,10.245283,3,Broad cancer EV biology,0
B12793,10.578144,8.171393,3,Broad cancer EV biology,0
B12794,9.6661005,10.044638,3,Broad cancer EV biology,0
B12795,11.629572,6.830102,2,EV engineering / delivery,0
B12796,9.593748,2.2359939,0,MSC / regenerative EV therapy,0
B12797,13.391883,0.7645473,0,MSC / regenerative EV therapy,0
B12798,10.537201,2.0752184,4,Respiratory / airway EV biology,0
B12799,7.8210936,2.6944773,1,Vascular / systemic inflammation,0
B12800,12.116759,4.259484,4,Respiratory / airway EV biology,0
B12801,10.405482,3.5169663,1,Vascular / systemic inflammation,0
B12802,10.32754,7.393611,3,Broad cancer EV biology,0
B12803,11.1106,0.18778072,4,Respiratory / airway EV biology,0
B12804,9.349493,7.4650774,3,Broad cancer EV biology,0
B12805,6.5040483,3.4116237,3,Broad cancer EV biology,0
B12806,8.209413,8.86135,5,Lung cancer EV biology,0
B12807,10.581546,9.492199,3,Broad cancer EV biology,0
B12808,8.517832,3.676832,1,Vascular / systemic inflammation,0
B12809,9.932978,2.7441912,4,Respiratory / airway EV biology,0
B12810,10.778479,6.232373,2,EV engineering / delivery,0
B12811,8.067115,8.268484,1,Vascular / systemic inflammation,0
B12812,7.8223667,10.212054,3,Broad cancer EV biology,0
B12813,10.756009,6.1883883,2,EV engineering / delivery,0
B12814,8.549633,9.31216,3,Broad cancer EV biology,0
B12815,9.6188135,7.6655626,3,Broad cancer EV biology,0
B12816,9.536867,8.242363,3,Broad cancer EV biology,0
B12817,10.909384,3.016706,4,Respiratory / airway EV biology,0
B12818,10.424593,7.9685903,3,Broad cancer EV biology,0
B12819,12.720517,3.2797096,1,Vascular / systemic inflammation,0
B12820,11.359606,3.3699312,4,Respiratory / airway EV biology,0
B12821,12.245975,9.571149,3,Broad cancer EV biology,0
B12822,8.400559,10.017591,3,Broad cancer EV biology,0
B12823,9.508699,11.150647,3,Broad cancer EV biology,0
B12824,9.255152,11.121809,3,Broad cancer EV biology,0
B12825,5.912852,4.722334,3,Broad cancer EV biology,0
B12826,8.774115,8.40069,3,Broad cancer EV biology,0
B12827,9.862842,9.228673,3,Broad cancer EV biology,0
B12828,7.9010983,2.2179644,1,Vascular / systemic inflammation,0
B12829,8.818159,7.9623947,3,Broad cancer EV biology,0
B12830,10.04164,4.6354437,1,Vascular / systemic inflammation,0
B12831,8.647982,7.902251,1,Vascular / systemic inflammation,0
B12832,10.656902,10.636323,3,Broad cancer EV biology,0
B12833,12.2220955,9.553786,3,Broad cancer EV biology,0
B12834,9.27156,8.571074,3,Broad cancer EV biology,0
B12835,8.736055,9.041038,3,Broad cancer EV biology,0
B12836,10.694198,10.676968,3,Broad cancer EV biology,0
B12837,10.476463,4.2849307,4,Respiratory / airway EV biology,0
B12838,8.907822,2.4846902,0,MSC / regenerative EV therapy,0
B12839,9.121821,1.2628957,0,MSC / regenerative EV therapy,0
B12840,9.430364,3.6504304,0,MSC / regenerative EV therapy,0
B12841,9.420247,2.6091056,1,Vascular / systemic inflammation,0
B12842,9.9063015,9.649528,3,Broad cancer EV biology,0
B12843,7.664635,10.310191,3,Broad cancer EV biology,0
B12844,7.5741596,6.246551,1,Vascular / systemic inflammation,0
B12845,7.020456,3.2157404,1,Vascular / systemic inflammation,0
B12846,10.246711,1.9960703,0,MSC / regenerative EV therapy,0
B12847,11.709975,7.0572634,3,Broad cancer EV biology,0
B12848,13.645079,0.35509416,0,MSC / regenerative EV therapy,0
B12849,10.003972,2.7948558,4,Respiratory / airway EV biology,0
B12850,7.82603,3.9398482,1,Vascular / systemic inflammation,0
B12851,9.418756,8.106712,3,Broad cancer EV biology,0
B12852,8.431794,5.894134,1,Vascular / systemic inflammation,0
B12853,9.139863,10.787172,3,Broad cancer EV biology,0
B12854,9.087031,10.773006,3,Broad cancer EV biology,0
B12855,7.3941708,2.837904,1,Vascular / systemic inflammation,0
B12856,11.539549,2.5733714,3,Broad cancer EV biology,0
B12857,11.981602,8.213825,3,Broad cancer EV biology,0
B12858,12.2158785,2.711606,4,Respiratory / airway EV biology,0
B12859,9.43715,8.520329,1,Vascular / systemic inflammation,0
B12860,7.139837,7.978653,2,EV engineering / delivery,0
B12861,10.914372,8.4904175,3,Broad cancer EV biology,0
B12862,7.9122252,2.575833,1,Vascular / systemic inflammation,0
B12863,9.4552555,4.05725,4,Respiratory / airway EV biology,0
B12864,8.534133,3.3519468,1,Vascular / systemic inflammation,0
B12865,9.129574,2.9961607,0,MSC / regenerative EV therapy,0
B12866,7.847214,8.591432,1,Vascular / systemic inflammation,0
B12867,6.128795,4.8217106,4,Respiratory / airway EV biology,0
B12868,6.016093,4.7575912,4,Respiratory / airway EV biology,0
B12869,7.4038343,2.466681,1,Vascular / systemic inflammation,0
B12870,8.41088,7.1132293,3,Broad cancer EV biology,0
B12871,9.884452,3.3529458,0,MSC / regenerative EV therapy,0
B12872,10.432978,9.761264,3,Broad cancer EV biology,0
B12873,11.942089,5.403113,2,EV engineering / delivery,0
B12874,12.085572,4.1028485,4,Respiratory / airway EV biology,0
B12875,10.037207,5.470136,4,Respiratory / airway EV biology,0
B12876,11.7719965,7.1570363,3,Broad cancer EV biology,0
B12877,12.033676,2.663137,4,Respiratory / airway EV biology,0
B12878,8.72469,3.3423684,1,Vascular / systemic inflammation,0
B12879,10.448298,1.2701586,4,Respiratory / airway EV biology,0
B12880,10.563251,3.11898,4,Respiratory / airway EV biology,0
B12881,10.578141,1.8933407,0,MSC / regenerative EV therapy,0
B12882,8.135473,3.119789,1,Vascular / systemic inflammation,0
B12883,6.4855266,3.458454,3,Broad cancer EV biology,0
B12884,9.951843,2.6099763,4,Respiratory / airway EV biology,0
B12885,11.666293,6.910391,3,Broad cancer EV biology,0
B12886,12.772844,2.7170167,4,Respiratory / airway EV biology,0
B12887,12.557692,2.626913,4,Respiratory / airway EV biology,0
B12888,7.7241607,10.294538,3,Broad cancer EV biology,0
B12889,10.103635,9.36341,3,Broad cancer EV biology,0
B12890,8.780303,3.4583335,0,MSC / regenerative EV therapy,0
B12891,7.6484714,2.399274,1,Vascular / systemic inflammation,0
B12892,11.982574,4.1273856,4,Respiratory / airway EV biology,0
B12893,12.069278,4.0740147,4,Respiratory / airway EV biology,0
B12894,9.736131,7.20043,3,Broad cancer EV biology,0
B12895,9.629512,2.0562782,1,Vascular / systemic inflammation,0
B12896,9.243945,11.083114,3,Broad cancer EV biology,0
B12897,6.516396,3.4106944,3,Broad cancer EV biology,0
B12898,10.255667,2.3541758,4,Respiratory / airway EV biology,0
B12899,8.636975,10.229511,3,Broad cancer EV biology,0
B12900,11.000492,2.9918077,4,Respiratory / airway EV biology,0
B12901,10.657524,8.456255,3,Broad cancer EV biology,0
B12902,10.580155,6.5737076,2,EV engineering / delivery,0
B12903,9.209839,11.062361,3,Broad cancer EV biology,0
B12904,9.351799,11.116366,3,Broad cancer EV biology,0
B12905,9.146702,0.80334455,0,MSC / regenerative EV therapy,0
B12906,12.545626,7.4306803,3,Broad cancer EV biology,0
B12907,9.410102,7.9107075,3,Broad cancer EV biology,0
B12908,12.639331,7.5990477,3,Broad cancer EV biology,0
B12909,9.004382,10.8483,3,Broad cancer EV biology,0
B12910,8.917335,7.639415,3,Broad cancer EV biology,0
B12911,9.698536,10.342974,3,Broad cancer EV biology,0
B12912,8.538442,3.740824,1,Vascular / systemic inflammation,0
B12913,9.663238,10.1973295,3,Broad cancer EV biology,0
B12914,10.39405,6.6566334,2,EV engineering / delivery,0
B12915,8.467863,3.734503,1,Vascular / systemic inflammation,0
B12916,10.611949,7.2519546,3,Broad cancer EV biology,0
B12917,10.06421,4.7097483,4,Respiratory / airway EV biology,0
B12918,9.097208,4.3057375,4,Respiratory / airway EV biology,0
B12919,7.4462276,8.427546,3,Broad cancer EV biology,0
B12920,8.025372,2.986674,1,Vascular / systemic inflammation,0
B12921,8.530533,3.5593362,0,MSC / regenerative EV therapy,0
B12922,10.283845,9.887376,3,Broad cancer EV biology,0
B12923,9.4893055,2.3415174,0,MSC / regenerative EV therapy,0
B12924,10.249621,7.335041,0,MSC / regenerative EV therapy,0
B12925,10.530351,9.825429,3,Broad cancer EV biology,0
B12926,10.108564,8.142133,3,Broad cancer EV biology,0
B12927,10.523919,6.472785,2,EV engineering / delivery,0
B12928,11.965895,2.3490782,4,Respiratory / airway EV biology,0
B12929,12.7034855,2.7178323,4,Respiratory / airway EV biology,0
B12930,10.503255,1.4906943,0,MSC / regenerative EV therapy,0
B12931,12.263311,9.4169235,3,Broad cancer EV biology,0
B12932,11.052747,9.036844,3,Broad cancer EV biology,0
B12933,9.556678,7.81291,3,Broad cancer EV biology,0
B12934,8.807722,1.093734,4,Respiratory / airway EV biology,0
B12935,9.188153,5.323392,4,Respiratory / airway EV biology,0
B12936,12.098345,2.6357687,4,Respiratory / airway EV biology,0
B12937,8.64803,10.1456785,3,Broad cancer EV biology,0
B12938,10.819435,4.8214765,4,Respiratory / airway EV biology,0
B12939,10.430971,7.752688,2,EV engineering / delivery,0
B12940,5.8448677,4.763786,4,Respiratory / airway EV biology,0
B12941,9.900881,4.0715847,4,Respiratory / airway EV biology,0
B12942,12.705381,2.9424007,4,Respiratory / airway EV biology,0
B12943,8.808439,5.5254993,4,Respiratory / airway EV biology,0
B12944,9.431593,10.11358,3,Broad cancer EV biology,0
B12945,11.580724,8.545407,3,Broad cancer EV biology,0
B12946,10.834254,1.1272488,0,MSC / regenerative EV therapy,0
B12947,10.14949,6.4108796,2,EV engineering / delivery,0
B12948,8.748843,1.2977751,1,Vascular / systemic inflammation,0
B12949,8.465578,3.6849253,0,MSC / regenerative EV therapy,0
B12950,13.264972,4.82156,4,Respiratory / airway EV biology,0
B12951,10.551457,10.675264,3,Broad cancer EV biology,0
B12952,12.496048,7.5721483,3,Broad cancer EV biology,0
B12953,9.84636,8.271873,3,Broad cancer EV biology,0
B12954,12.75694,5.5207715,4,Respiratory / airway EV biology,0
B12955,10.018735,4.3578606,3,Broad cancer EV biology,0
B12956,9.493806,9.647098,3,Broad cancer EV biology,0
B12957,12.116965,3.4848287,4,Respiratory / airway EV biology,0
B12958,10.222397,5.686015,2,EV engineering / delivery,0
B12959,11.110556,3.1500282,4,Respiratory / airway EV biology,0
B12960,9.34871,5.1613827,4,Respiratory / airway EV biology,0
B12961,10.050727,9.285799,3,Broad cancer EV biology,0
B12962,9.661141,3.93387,0,MSC / regenerative EV therapy,0
B12963,9.256317,3.3806639,0,MSC / regenerative EV therapy,0
B12964,9.822782,9.528584,3,Broad cancer EV biology,0
B12965,11.501004,2.7489543,4,Respiratory / airway EV biology,0
B12966,10.23992,5.402987,2,EV engineering / delivery,0
B12967,10.306942,5.975081,2,EV engineering / delivery,0
B12968,10.503741,7.956577,3,Broad cancer EV biology,0
B12969,10.1950445,1.915249,0,MSC / regenerative EV therapy,0
B12970,11.771232,9.064043,3,Broad cancer EV biology,0
B12971,10.190849,8.3173895,3,Broad cancer EV biology,0
B12972,8.805841,4.4378467,1,Vascular / systemic inflammation,0
B12973,8.179959,3.6457717,1,Vascular / systemic inflammation,0
B12974,9.49053,1.5158924,0,MSC / regenerative EV therapy,0
B12975,10.242661,6.133506,2,EV engineering / delivery,0
B12976,10.93359,7.257232,0,MSC / regenerative EV therapy,0
B12977,9.350023,3.7756734,0,MSC / regenerative EV therapy,0
B12978,12.786608,3.1381683,4,Respiratory / airway EV biology,0
B12979,12.458023,4.658298,4,Respiratory / airway EV biology,0
B12980,9.037037,4.9972224,1,Vascular / systemic inflammation,0
B12981,7.2094803,3.247163,1,Vascular / systemic inflammation,0
B12982,7.621752,3.029897,1,Vascular / systemic inflammation,0
B12983,11.009463,9.18098,3,Broad cancer EV biology,0
B12984,9.950583,4.6888046,1,Vascular / systemic inflammation,0
B12985,7.785761,3.971809,1,Vascular / systemic inflammation,0
B12986,10.387208,5.345192,2,EV engineering / delivery,0
B12987,10.240696,8.127625,3,Broad cancer EV biology,0
B12988,11.999876,4.5822725,1,Vascular / systemic inflammation,0
B12989,10.987868,7.4391265,3,Broad cancer EV biology,0
B12990,8.319196,6.7859235,1,Vascular / systemic inflammation,0
B12991,12.209571,1.9545655,4,Respiratory / airway EV biology,0
B12992,8.736645,5.5857735,2,EV engineering / delivery,0
B12993,8.911789,2.8504863,0,MSC / regenerative EV therapy,0
B12994,11.338989,3.249472,4,Respiratory / airway EV biology,0
B12995,10.279442,9.866763,3,Broad cancer EV biology,0
B12996,9.965311,1.0796835,0,MSC / regenerative EV therapy,0
B12997,8.953083,10.736335,3,Broad cancer EV biology,0
B12998,9.9154005,8.311001,3,Broad cancer EV biology,0
B12999,10.224707,2.6439128,4,Respiratory / airway EV biology,0
B13000,10.447576,4.1846128,4,Respiratory / airway EV biology,0
B13001,12.151513,4.507168,4,Respiratory / airway EV biology,0
B13002,7.951849,1.9813367,1,Vascular / systemic inflammation,0
B13003,7.533279,9.248854,3,Broad cancer EV biology,0
B13004,12.313409,3.7644625,4,Respiratory / airway EV biology,0
B13005,7.785724,3.9635804,4,Respiratory / airway EV biology,0
B13006,6.479929,3.4303808,1,Vascular / systemic inflammation,0
B13007,10.117054,2.0222375,4,Respiratory / airway EV biology,0
B13008,8.208601,3.843093,1,Vascular / systemic inflammation,0
B13009,7.9217057,2.7783573,1,Vascular / systemic inflammation,0
B13010,11.269025,7.2283683,2,EV engineering / delivery,0
B13011,12.564112,4.661591,4,Respiratory / airway EV biology,0
B13012,7.4562182,7.8050423,2,EV engineering / delivery,0
B13013,9.509093,7.500258,3,Broad cancer EV biology,0
B13014,7.6742454,9.15038,3,Broad cancer EV biology,0
B13015,10.16905,1.4431391,0,MSC / regenerative EV therapy,0
B13016,9.351166,10.331145,3,Broad cancer EV biology,0
B13017,10.052247,8.665267,3,Broad cancer EV biology,0
B13018,10.2116585,2.8379397,4,Respiratory / airway EV biology,0
B13019,12.155876,4.422218,4,Respiratory / airway EV biology,0
B13020,12.162886,4.456563,4,Respiratory / airway EV biology,0
B13021,8.424863,3.552447,1,Vascular / systemic inflammation,0
B13022,7.593121,10.3653145,3,Broad cancer EV biology,0
B13023,7.695847,9.075497,3,Broad cancer EV biology,0
B13024,7.735136,9.045209,3,Broad cancer EV biology,0
B13025,7.691375,10.277291,3,Broad cancer EV biology,0
B13026,7.7023726,9.118384,3,Broad cancer EV biology,0
B13027,7.7792635,10.222149,3,Broad cancer EV biology,0
B13028,7.701054,10.262101,3,Broad cancer EV biology,0
B13029,9.18899,8.469724,1,Vascular / systemic inflammation,0
B13030,10.581612,8.982847,3,Broad cancer EV biology,0
B13031,9.678247,10.806997,3,Broad cancer EV biology,0
B13032,9.6355505,10.886926,3,Broad cancer EV biology,0
B13033,11.513383,9.7043915,3,Broad cancer EV biology,0
B13034,11.519968,2.2848067,4,Respiratory / airway EV biology,0
B13035,10.836244,2.8215625,4,Respiratory / airway EV biology,0
B13036,10.347805,2.7851093,4,Respiratory / airway EV biology,0
B13037,6.029108,4.706135,4,Respiratory / airway EV biology,0
B13038,10.446871,2.5991507,4,Respiratory / airway EV biology,0
B13039,12.063485,4.9288793,4,Respiratory / airway EV biology,0
B13040,9.532126,3.6827095,0,MSC / regenerative EV therapy,0
B13041,10.644196,3.3674908,4,Respiratory / airway EV biology,0
B13042,10.326175,7.574949,3,Broad cancer EV biology,0
B13043,9.963556,2.7432494,4,Respiratory / airway EV biology,0
B13044,9.641181,3.4208117,0,MSC / regenerative EV therapy,0
B13045,8.020327,2.6467428,4,Respiratory / airway EV biology,0
B13046,11.017711,0.646896,0,MSC / regenerative EV therapy,0
B13047,9.862426,1.8267157,0,MSC / regenerative EV therapy,0
B13048,9.243803,2.9350812,0,MSC / regenerative EV therapy,0
B13049,10.483016,1.4287046,0,MSC / regenerative EV therapy,0
B13050,9.788502,1.6181937,0,MSC / regenerative EV therapy,0
B13051,9.847958,1.8771588,0,MSC / regenerative EV therapy,0
B13052,8.808253,2.6016407,0,MSC / regenerative EV therapy,0
B13053,10.1722555,1.7294015,0,MSC / regenerative EV therapy,0
B13054,10.154654,1.901733,0,MSC / regenerative EV therapy,0
B13055,11.986789,4.5804954,4,Respiratory / airway EV biology,0
B13056,11.340162,2.439705,3,Broad cancer EV biology,0
B13057,11.370575,0.806414,4,Respiratory / airway EV biology,0
B13058,11.445935,0.97681123,4,Respiratory / airway EV biology,0
B13059,10.822059,3.55217,4,Respiratory / airway EV biology,0
B13060,7.2383018,2.9738188,1,Vascular / systemic inflammation,0
B13061,12.558321,3.0173779,4,Respiratory / airway EV biology,0
B13062,12.13769,8.718963,3,Broad cancer EV biology,0
B13063,9.020937,0.7878473,1,Vascular / systemic inflammation,0
B13064,11.58214,2.8295448,4,Respiratory / airway EV biology,0
B13065,12.690116,2.5435665,4,Respiratory / airway EV biology,0
B13066,9.465093,11.068352,3,Broad cancer EV biology,0
B13067,8.643851,7.82004,1,Vascular / systemic inflammation,0
B13068,9.643024,8.407393,3,Broad cancer EV biology,0
B13069,9.101433,8.142857,3,Broad cancer EV biology,0
B13070,9.9035845,1.8794454,0,MSC / regenerative EV therapy,0
B13071,10.535023,6.748711,2,EV engineering / delivery,0
B13072,8.371425,3.6610146,1,Vascular / systemic inflammation,0
B13073,10.623645,10.767366,3,Broad cancer EV biology,0
B13074,9.624257,10.930621,3,Broad cancer EV biology,0
B13075,9.776512,2.688161,3,Broad cancer EV biology,0
B13076,7.0592995,3.2122133,1,Vascular / systemic inflammation,0
B13077,10.669469,6.2549443,0,MSC / regenerative EV therapy,0
B13078,9.400084,3.4016964,0,MSC / regenerative EV therapy,0
B13079,10.452264,8.143569,3,Broad cancer EV biology,0
B13080,8.188437,2.7197766,1,Vascular / systemic inflammation,0
B13081,9.597474,8.120682,3,Broad cancer EV biology,0
B13082,10.043368,8.313888,3,Broad cancer EV biology,0
B13083,13.227535,4.849388,4,Respiratory / airway EV biology,0
B13084,13.0758295,4.794777,4,Respiratory / airway EV biology,0
B13085,10.106057,4.6931176,1,Vascular / systemic inflammation,0
B13086,10.449962,3.0981066,4,Respiratory / airway EV biology,0
B13087,10.102917,8.677353,3,Broad cancer EV biology,0
B13088,6.906894,3.2343397,1,Vascular / systemic inflammation,0
B13089,8.684004,5.6735225,4,Respiratory / airway EV biology,0
B13090,7.7481575,2.155102,1,Vascular / systemic inflammation,0
B13091,8.970941,11.012014,3,Broad cancer EV biology,0
B13092,12.553249,2.4833407,4,Respiratory / airway EV biology,0
B13093,9.0705385,8.808693,3,Broad cancer EV biology,0
B13094,8.92256,8.368467,5,Lung cancer EV biology,0
B13095,12.637153,2.6460958,4,Respiratory / airway EV biology,0
B13096,10.356103,3.3818207,3,Broad cancer EV biology,0
B13097,11.358047,2.3392088,4,Respiratory / airway EV biology,0
B13098,9.620908,10.213958,3,Broad cancer EV biology,0
B13099,9.794576,4.175435,1,Vascular / systemic inflammation,0
B13100,11.889283,5.2880015,4,Respiratory / airway EV biology,0
B13101,10.422262,7.9617777,3,Broad cancer EV biology,0
B13102,12.397447,4.5750203,4,Respiratory / airway EV biology,0
B13103,9.775524,2.5328064,4,Respiratory / airway EV biology,0
B13104,6.889062,3.2154434,1,Vascular / systemic inflammation,0
B13105,7.6976132,9.093258,3,Broad cancer EV biology,0
B13106,10.335628,9.583821,3,Broad cancer EV biology,0
B13107,10.355551,8.801661,3,Broad cancer EV biology,0
B13108,6.2001634,5.7715435,1,Vascular / systemic inflammation,0
B13109,7.834407,3.9740596,1,Vascular / systemic inflammation,0
B13110,8.917318,9.527196,3,Broad cancer EV biology,0
B13111,8.696962,3.6079476,1,Vascular / systemic inflammation,0
B13112,8.539865,3.612744,1,Vascular / systemic inflammation,0
B13113,10.45325,7.935437,3,Broad cancer EV biology,0
B13114,6.5983686,3.4590218,3,Broad cancer EV biology,0
B13115,12.35506,3.1395035,4,Respiratory / airway EV biology,0
B13116,12.180584,4.926146,4,Respiratory / airway EV biology,0
B13117,8.91718,4.3964267,3,Broad cancer EV biology,0
B13118,11.208186,8.615527,3,Broad cancer EV biology,0
B13119,11.81156,2.752174,1,Vascular / systemic inflammation,0
B13120,6.4130683,3.5670996,3,Broad cancer EV biology,0
B13121,7.462201,3.1107497,1,Vascular / systemic inflammation,0
B13122,9.4906025,8.379748,3,Broad cancer EV biology,0
B13123,8.460045,2.8570287,0,MSC / regenerative EV therapy,0
B13124,12.197974,9.468033,3,Broad cancer EV biology,0
B13125,8.81895,5.2475085,4,Respiratory / airway EV biology,0
B13126,10.543723,8.314311,3,Broad cancer EV biology,0
B13127,11.227155,3.2605047,4,Respiratory / airway EV biology,0
B13128,11.339944,3.3826506,4,Respiratory / airway EV biology,0
B13129,9.593027,10.950974,4,Respiratory / airway EV biology,0
B13130,11.850848,2.665401,4,Respiratory / airway EV biology,0
B13131,12.141724,4.4065576,4,Respiratory / airway EV biology,0
B13132,7.4696097,2.3155644,1,Vascular / systemic inflammation,0
B13133,9.838904,8.077709,3,Broad cancer EV biology,0
B13134,8.413964,7.4338937,2,EV engineering / delivery,0
B13135,9.052121,2.6809936,0,MSC / regenerative EV therapy,0
B13136,7.2245626,3.0651367,1,Vascular / systemic inflammation,0
B13137,7.56258,6.2904654,5,Lung cancer EV biology,0
B13138,11.128412,2.8026812,4,Respiratory / airway EV biology,0
B13139,7.346944,2.5281227,1,Vascular / systemic inflammation,0
B13140,9.929364,7.147864,3,Broad cancer EV biology,0
B13141,10.982706,7.9047475,3,Broad cancer EV biology,0
B13142,12.589861,5.317104,4,Respiratory / airway EV biology,0
B13143,12.517513,7.5816026,3,Broad cancer EV biology,0
B13144,12.396983,7.661653,3,Broad cancer EV biology,0
B13145,9.109082,4.1252375,0,MSC / regenerative EV therapy,0
B13146,11.612039,8.894883,3,Broad cancer EV biology,0
B13147,10.45468,9.336205,3,Broad cancer EV biology,0
B13148,5.873675,4.783191,4,Respiratory / airway EV biology,0
B13149,8.660797,10.366038,5,Lung cancer EV biology,0
B13150,8.18222,3.7902443,4,Respiratory / airway EV biology,0
B13151,10.542811,3.6561472,4,Respiratory / airway EV biology,0
B13152,12.428125,2.5383985,4,Respiratory / airway EV biology,0
B13153,12.314835,2.609159,4,Respiratory / airway EV biology,0
B13154,9.445529,7.917716,3,Broad cancer EV biology,0
B13155,9.586196,10.947299,3,Broad cancer EV biology,0
B13156,10.325631,7.512902,4,Respiratory / airway EV biology,0
B13157,6.483858,3.4171522,3,Broad cancer EV biology,0
B13158,11.925286,5.296858,2,EV engineering / delivery,0
B13159,8.006224,8.384699,3,Broad cancer EV biology,0
B13160,12.662039,5.1714973,1,Vascular / systemic inflammation,0
B13161,12.441385,3.1540678,4,Respiratory / airway EV biology,0
B13162,9.817617,9.500755,3,Broad cancer EV biology,0
B13163,9.953195,10.254649,3,Broad cancer EV biology,0
B13164,10.046737,9.972511,3,Broad cancer EV biology,0
B13165,9.246044,9.47841,3,Broad cancer EV biology,0
B13166,9.799238,1.6865531,1,Vascular / systemic inflammation,0
B13167,10.014919,2.6721427,4,Respiratory / airway EV biology,0
B13168,11.491067,3.3452182,4,Respiratory / airway EV biology,0
B13169,10.714201,8.196529,3,Broad cancer EV biology,0
B13170,11.004574,3.3272078,4,Respiratory / airway EV biology,1
B13171,9.052084,1.1225685,0,MSC / regenerative EV therapy,0
B13172,10.633096,1.6947603,0,MSC / regenerative EV therapy,0
B13173,9.522598,3.721703,0,MSC / regenerative EV therapy,0
B13174,10.5218315,6.7422314,2,EV engineering / delivery,0
B13175,12.438666,2.929791,4,Respiratory / airway EV biology,0
B13176,11.578981,3.5216186,4,Respiratory / airway EV biology,0
B13177,9.118578,9.817705,3,Broad cancer EV biology,0
B13178,11.782698,9.682408,3,Broad cancer EV biology,0
B13179,7.579102,1.0601687,0,MSC / regenerative EV therapy,0
B13180,9.094446,3.3871517,4,Respiratory / airway EV biology,0
B13181,10.541089,6.814672,3,Broad cancer EV biology,0
B13182,7.559973,9.548949,3,Broad cancer EV biology,0
B13183,10.182626,9.971704,3,Broad cancer EV biology,0
B13184,10.495644,8.152206,3,Broad cancer EV biology,0
B13185,6.1902657,5.787175,1,Vascular / systemic inflammation,0
B13186,10.696251,7.7820606,3,Broad cancer EV biology,0
B13187,7.679937,10.3465805,3,Broad cancer EV biology,0
B13188,10.863613,7.9323454,3,Broad cancer EV biology,0
B13189,9.005237,2.8081245,0,MSC / regenerative EV therapy,0
B13190,8.493053,7.3374662,2,EV engineering / delivery,0
B13191,10.269328,9.267267,3,Broad cancer EV biology,0
B13192,7.750033,9.06449,3,Broad cancer EV biology,0
B13193,9.758815,10.575696,3,Broad cancer EV biology,0
B13194,9.418334,8.626793,3,Broad cancer EV biology,0
B13195,11.527662,8.345767,3,Broad cancer EV biology,0
B13196,11.631449,8.399754,3,Broad cancer EV biology,0
B13197,11.390078,2.9152777,4,Respiratory / airway EV biology,0
B13198,9.78201,3.863218,0,MSC / regenerative EV therapy,0
B13199,9.487624,2.6495,0,MSC / regenerative EV therapy,0
B13200,10.017431,9.009995,4,Respiratory / airway EV biology,0
B13201,7.5245705,9.501048,3,Broad cancer EV biology,0
B13202,12.059118,3.796012,4,Respiratory / airway EV biology,0
B13203,10.545893,8.021137,3,Broad cancer EV biology,0
B13204,11.034486,8.770956,3,Broad cancer EV biology,0
B13205,7.33496,3.090732,1,Vascular / systemic inflammation,0
B13206,9.690947,7.9948525,3,Broad cancer EV biology,0
B13207,11.529676,2.3882713,4,Respiratory / airway EV biology,0
B13208,8.857178,6.2129083,4,Respiratory / airway EV biology,0
B13209,10.949495,5.0754514,4,Respiratory / airway EV biology,0
B13210,6.1124477,4.8252487,3,Broad cancer EV biology,0
B13211,10.33799,1.3185066,0,MSC / regenerative EV therapy,0
B13212,10.731487,0.3827358,0,MSC / regenerative EV therapy,0
B13213,11.094283,1.6474013,0,MSC / regenerative EV therapy,0
B13214,8.536112,3.6100156,0,MSC / regenerative EV therapy,0
B13215,9.663621,1.614919,0,MSC / regenerative EV therapy,0
B13216,9.741615,1.7456471,0,MSC / regenerative EV therapy,0
B13217,7.7683635,2.0789237,1,Vascular / systemic inflammation,0
B13218,10.610771,1.7265217,0,MSC / regenerative EV therapy,0
B13219,6.1578074,4.677579,3,Broad cancer EV biology,0
B13220,9.760801,5.707499,0,MSC / regenerative EV therapy,0
B13221,10.513508,7.2333612,3,Broad cancer EV biology,0
B13222,10.648347,9.056742,3,Broad cancer EV biology,0
B13223,10.223052,4.773435,4,Respiratory / airway EV biology,0
B13224,8.930016,6.6069856,4,Respiratory / airway EV biology,0
B13225,9.989869,8.648984,3,Broad cancer EV biology,0
B13226,8.585569,7.7483444,2,EV engineering / delivery,0
B13227,9.868397,8.4359,3,Broad cancer EV biology,0
B13228,10.106964,9.842276,3,Broad cancer EV biology,0
B13229,7.8373823,4.0572634,1,Vascular / systemic inflammation,0
B13230,8.5747595,9.960932,3,Broad cancer EV biology,0
B13231,7.545385,3.3843017,1,Vascular / systemic inflammation,0
B13232,9.688905,2.6143842,1,Vascular / systemic inflammation,0
B13233,10.610982,8.091001,3,Broad cancer EV biology,0
B13234,11.317175,6.7530146,2,EV engineering / delivery,0
B13235,11.54403,9.026177,3,Broad cancer EV biology,0
B13236,7.637733,6.3654737,1,Vascular / systemic inflammation,0
B13237,11.256993,2.1792216,4,Respiratory / airway EV biology,0
B13238,10.497591,8.502742,3,Broad cancer EV biology,0
B13239,6.125808,4.6874723,4,Respiratory / airway EV biology,0
B13240,9.321124,10.399321,3,Broad cancer EV biology,0
B13241,8.358167,6.4196777,1,Vascular / systemic inflammation,0
B13242,9.578453,10.00699,3,Broad cancer EV biology,0
B13243,9.243742,10.461133,3,Broad cancer EV biology,0
B13244,12.770589,3.291793,4,Respiratory / airway EV biology,0
B13245,10.029096,7.9710517,3,Broad cancer EV biology,0
B13246,10.248825,3.1935093,4,Respiratory / airway EV biology,0
B13247,7.4038854,2.7311206,1,Vascular / systemic inflammation,0
B13248,11.762162,4.600001,4,Respiratory / airway EV biology,0
B13249,9.53236,2.66697,0,MSC / regenerative EV therapy,0
B13250,7.6828737,1.8282249,1,Vascular / systemic inflammation,0
B13251,12.475693,2.5392852,4,Respiratory / airway EV biology,0
B13252,12.077683,3.1806188,4,Respiratory / airway EV biology,0
B13253,9.693214,8.305141,3,Broad cancer EV biology,0
B13254,12.455339,2.48655,4,Respiratory / airway EV biology,0
B13255,11.573349,3.355063,4,Respiratory / airway EV biology,0
B13256,10.080585,2.5927227,4,Respiratory / airway EV biology,0
B13257,10.137061,6.623711,2,EV engineering / delivery,0
B13258,9.169475,10.3211975,3,Broad cancer EV biology,0
B13259,10.446791,3.0142925,1,Vascular / systemic inflammation,0
B13260,10.044824,2.7920158,4,Respiratory / airway EV biology,0
B13261,9.721497,5.6236687,2,EV engineering / delivery,0
B13262,10.59368,8.449538,3,Broad cancer EV biology,0
B13263,8.142723,7.2206388,1,Vascular / systemic inflammation,0
B13264,12.993563,1.0272802,0,MSC / regenerative EV therapy,0
B13265,10.539813,6.6510634,2,EV engineering / delivery,0
B13266,12.065276,8.274945,3,Broad cancer EV biology,0
B13267,12.546487,7.458531,3,Broad cancer EV biology,0
B13268,8.664297,7.9480805,3,Broad cancer EV biology,0
B13269,11.833517,9.002965,3,Broad cancer EV biology,0
B13270,11.191734,9.16728,3,Broad cancer EV biology,0
B13271,8.852011,5.4617386,2,EV engineering / delivery,0
B13272,7.616524,1.1186742,0,MSC / regenerative EV therapy,0
B13273,8.590219,3.4750235,0,MSC / regenerative EV therapy,0
B13274,10.340482,8.226423,3,Broad cancer EV biology,0
B13275,7.9438243,2.6758654,4,Respiratory / airway EV biology,0
B13276,8.582098,8.0254345,3,Broad cancer EV biology,0
B13277,10.446917,5.1642184,2,EV engineering / delivery,0
B13278,10.8836565,0.051579315,0,MSC / regenerative EV therapy,0
B13279,10.865258,3.2956982,4,Respiratory / airway EV biology,0
B13280,8.171567,10.216855,3,Broad cancer EV biology,0
B13281,11.540503,2.8662345,4,Respiratory / airway EV biology,0
B13282,12.048119,5.227679,4,Respiratory / airway EV biology,0
B13283,10.533885,1.7524041,0,MSC / regenerative EV therapy,0
B13284,10.902969,2.9822216,4,Respiratory / airway EV biology,0
B13285,12.349999,7.372463,3,Broad cancer EV biology,0
B13286,8.621535,8.169592,3,Broad cancer EV biology,0
B13287,8.456046,3.7136278,1,Vascular / systemic inflammation,0
B13288,10.821234,9.416493,3,Broad cancer EV biology,0
B13289,8.797451,8.429292,3,Broad cancer EV biology,0
B13290,7.654786,3.0050976,1,Vascular / systemic inflammation,0
B13291,7.856653,2.7519672,1,Vascular / systemic inflammation,0
B13292,9.713897,10.8858795,3,Broad cancer EV biology,0
B13293,8.590878,8.08733,3,Broad cancer EV biology,0
B13294,9.5029335,11.180288,3,Broad cancer EV biology,0
B13295,9.144345,10.949362,3,Broad cancer EV biology,0
B13296,10.713443,8.759197,3,Broad cancer EV biology,0
B13297,9.579486,7.5544558,3,Broad cancer EV biology,0
B13298,10.328903,6.232825,2,EV engineering / delivery,0
B13299,7.617525,1.0983224,4,Respiratory / airway EV biology,0
B13300,9.159337,7.8997555,3,Broad cancer EV biology,0
B13301,10.272058,1.5692858,0,MSC / regenerative EV therapy,0
B13302,9.266098,8.311098,3,Broad cancer EV biology,0
B13303,9.356907,10.188042,3,Broad cancer EV biology,0
B13304,10.385721,10.674223,3,Broad cancer EV biology,0
B13305,12.7027,2.9377015,4,Respiratory / airway EV biology,0
B13306,10.397161,8.959408,3,Broad cancer EV biology,0
B13307,10.183783,7.550551,3,Broad cancer EV biology,0
B13308,11.701294,7.099372,3,Broad cancer EV biology,0
B13309,10.574264,2.3582518,4,Respiratory / airway EV biology,0
B13310,12.063306,5.231775,4,Respiratory / airway EV biology,0
B13311,10.619451,7.0845795,3,Broad cancer EV biology,0
B13312,8.937619,10.874207,3,Broad cancer EV biology,0
B13313,9.18761,10.803665,3,Broad cancer EV biology,0
B13314,11.233725,8.771247,3,Broad cancer EV biology,0
B13315,9.034435,10.574483,3,Broad cancer EV biology,0
B13316,7.359135,3.1417158,4,Respiratory / airway EV biology,0
B13317,5.9369206,4.7655063,3,Broad cancer EV biology,0
B13318,11.890908,3.2617953,4,Respiratory / airway EV biology,0
B13319,7.067913,3.2668214,1,Vascular / systemic inflammation,0
B13320,9.484039,2.7062967,1,Vascular / systemic inflammation,0
B13321,7.8203993,2.9311657,1,Vascular / systemic inflammation,0
B13322,9.961086,6.3998017,3,Broad cancer EV biology,0
B13323,10.611044,2.79737,4,Respiratory / airway EV biology,0
B13324,10.360617,8.316839,3,Broad cancer EV biology,0
B13325,9.834976,1.5136561,0,MSC / regenerative EV therapy,0
B13326,8.976615,10.993105,3,Broad cancer EV biology,0
B13327,8.863658,10.903795,3,Broad cancer EV biology,0
B13328,9.89296,5.4199715,2,EV engineering / delivery,0
B13329,8.078249,9.109542,3,Broad cancer EV biology,0
B13330,12.734845,5.4278364,4,Respiratory / airway EV biology,0
B13331,7.695946,2.7441025,1,Vascular / systemic inflammation,0
B13332,10.590019,7.180261,3,Broad cancer EV biology,0
B13333,9.3296995,8.384183,3,Broad cancer EV biology,0
B13334,9.406897,8.356675,3,Broad cancer EV biology,0
B13335,8.994094,10.913917,3,Broad cancer EV biology,0
B13336,9.209094,10.724684,3,Broad cancer EV biology,0
B13337,9.34542,10.731838,3,Broad cancer EV biology,0
B13338,9.747344,8.198229,3,Broad cancer EV biology,0
B13339,9.760487,10.741712,3,Broad cancer EV biology,0
B13340,9.439546,8.203218,3,Broad cancer EV biology,0
B13341,9.11054,10.056904,3,Broad cancer EV biology,0
B13342,9.32285,10.076799,3,Broad cancer EV biology,0
B13343,8.434262,10.145032,3,Broad cancer EV biology,0
B13344,11.794908,2.805023,4,Respiratory / airway EV biology,0
B13345,12.635167,2.5563266,4,Respiratory / airway EV biology,0
B13346,11.789425,4.3555107,4,Respiratory / airway EV biology,0
B13347,11.654425,6.9473953,2,EV engineering / delivery,0
B13348,9.64827,6.303996,3,Broad cancer EV biology,0
B13349,10.492414,9.329447,3,Broad cancer EV biology,0
B13350,11.909529,2.6441064,4,Respiratory / airway EV biology,0
B13351,12.083836,9.328709,3,Broad cancer EV biology,0
B13352,10.750345,10.609152,3,Broad cancer EV biology,0
B13353,10.513132,8.290293,3,Broad cancer EV biology,0
B13354,9.702197,8.44926,3,Broad cancer EV biology,0
B13355,12.597059,2.5176244,4,Respiratory / airway EV biology,0
B13356,12.666328,2.6873183,4,Respiratory / airway EV biology,0
B13357,9.432416,4.4509864,0,MSC / regenerative EV therapy,0
B13358,9.848286,6.3353705,3,Broad cancer EV biology,0
B13359,9.7377205,6.3100467,3,Broad cancer EV biology,0
B13360,9.431958,10.283641,3,Broad cancer EV biology,0
B13361,12.513854,2.8034432,4,Respiratory / airway EV biology,0
B13362,10.545844,8.308779,3,Broad cancer EV biology,0
B13363,9.736595,2.2105708,0,MSC / regenerative EV therapy,0
B13364,9.233862,10.580786,3,Broad cancer EV biology,0
B13365,9.570076,10.142686,3,Broad cancer EV biology,0
B13366,6.160098,4.764377,4,Respiratory / airway EV biology,0
B13367,10.269672,8.175553,3,Broad cancer EV biology,0
B13368,9.849405,5.0873284,0,MSC / regenerative EV therapy,0
B13369,5.9035935,4.795017,4,Respiratory / airway EV biology,0
B13370,8.632908,8.351602,3,Broad cancer EV biology,0
B13371,12.563251,7.667787,3,Broad cancer EV biology,0
B13372,9.284635,7.7348685,3,Broad cancer EV biology,0
B13373,7.6773877,8.008009,3,Broad cancer EV biology,0
B13374,11.541999,3.4431098,4,Respiratory / airway EV biology,0
B13375,10.225847,8.037627,3,Broad cancer EV biology,0
B13376,10.174043,1.8409605,0,MSC / regenerative EV therapy,0
B13377,11.490515,3.80327,1,Vascular / systemic inflammation,0
B13378,9.401307,3.5079563,0,MSC / regenerative EV therapy,0
B13379,10.853307,2.8427835,4,Respiratory / airway EV biology,0
B13380,10.247095,2.837972,4,Respiratory / airway EV biology,0
B13381,10.035217,7.477599,3,Broad cancer EV biology,0
B13382,12.375228,4.6307015,4,Respiratory / airway EV biology,0
B13383,11.450032,3.0321028,4,Respiratory / airway EV biology,0
B13384,9.649303,4.051357,0,MSC / regenerative EV therapy,0
B13385,10.823773,1.5838342,0,MSC / regenerative EV therapy,0
B13386,9.242372,7.991271,3,Broad cancer EV biology,0
B13387,9.606131,4.69379,0,MSC / regenerative EV therapy,0
B13388,11.960435,9.206727,3,Broad cancer EV biology,0
B13389,8.913174,9.014603,4,Respiratory / airway EV biology,0
B13390,7.9622393,2.9012165,1,Vascular / systemic inflammation,0
B13391,9.69688,11.118798,3,Broad cancer EV biology,0
B13392,8.815955,7.6595273,1,Vascular / systemic inflammation,0
B13393,12.819139,3.0493119,4,Respiratory / airway EV biology,0
B13394,7.688253,10.217856,3,Broad cancer EV biology,0
B13395,7.795002,8.158449,2,EV engineering / delivery,0
B13396,12.039336,3.3280244,4,Respiratory / airway EV biology,0
B13397,11.965328,5.3099976,2,EV engineering / delivery,0
B13398,9.760722,8.822182,3,Broad cancer EV biology,0
B13399,9.582268,8.222015,3,Broad cancer EV biology,0
B13400,10.99573,8.629186,3,Broad cancer EV biology,0
B13401,9.148199,3.875599,0,MSC / regenerative EV therapy,0
B13402,7.9449096,9.036437,3,Broad cancer EV biology,0
B13403,9.376148,9.0697365,3,Broad cancer EV biology,0
B13404,10.578095,7.6382213,3,Broad cancer EV biology,0
B13405,9.824057,1.8258389,0,MSC / regenerative EV therapy,0
B13406,10.749055,2.0490048,4,Respiratory / airway EV biology,0
B13407,9.847141,1.9148654,0,MSC / regenerative EV therapy,0
B13408,9.964123,2.6248493,4,Respiratory / airway EV biology,0
B13409,9.5240755,6.7300186,4,Respiratory / airway EV biology,0
B13410,10.806777,5.5835066,2,EV engineering / delivery,0
B13411,9.662518,7.919431,3,Broad cancer EV biology,0
B13412,11.422889,2.7966564,4,Respiratory / airway EV biology,0
B13413,12.30043,3.6609318,4,Respiratory / airway EV biology,0
B13414,12.216162,2.096043,4,Respiratory / airway EV biology,0
B13415,10.579109,3.0790427,4,Respiratory / airway EV biology,0
B13416,7.566734,1.051284,4,Respiratory / airway EV biology,0
B13417,9.304157,3.5238595,0,MSC / regenerative EV therapy,0
B13418,8.002399,8.682529,1,Vascular / systemic inflammation,0
B13419,10.454197,7.7872024,3,Broad cancer EV biology,0
B13420,10.583105,6.975335,3,Broad cancer EV biology,0
B13421,7.603884,2.5806508,1,Vascular / systemic inflammation,0
B13422,12.779007,4.7159066,4,Respiratory / airway EV biology,0
B13423,11.510379,8.460238,3,Broad cancer EV biology,0
B13424,10.347132,3.8598611,4,Respiratory / airway EV biology,0
B13425,10.765632,3.4363582,4,Respiratory / airway EV biology,0
B13426,11.527837,3.2619228,4,Respiratory / airway EV biology,0
B13427,12.196047,4.4212656,4,Respiratory / airway EV biology,0
B13428,7.683912,9.141764,3,Broad cancer EV biology,0
B13429,7.593327,10.146543,3,Broad cancer EV biology,0
B13430,7.776125,10.189366,3,Broad cancer EV biology,0
B13431,7.742473,10.219152,3,Broad cancer EV biology,0
B13432,8.738342,8.233771,3,Broad cancer EV biology,0
B13433,12.345797,2.6566794,4,Respiratory / airway EV biology,0
B13434,12.564589,2.551023,4,Respiratory / airway EV biology,0
B13435,11.388469,2.1892664,4,Respiratory / airway EV biology,0
B13436,11.295469,2.1120431,4,Respiratory / airway EV biology,0
B13437,9.886542,9.260349,3,Broad cancer EV biology,0
B13438,10.528088,9.752788,3,Broad cancer EV biology,0
B13439,10.21098,9.26696,3,Broad cancer EV biology,0
B13440,10.582414,9.544806,3,Broad cancer EV biology,0
B13441,10.076451,2.8096077,4,Respiratory / airway EV biology,0
B13442,10.25539,3.2032208,4,Respiratory / airway EV biology,0
B13443,10.287602,3.0449307,4,Respiratory / airway EV biology,0
B13444,10.564111,7.9828835,3,Broad cancer EV biology,0
B13445,7.392225,2.4906094,1,Vascular / systemic inflammation,0
B13446,10.976001,0.2561849,4,Respiratory / airway EV biology,0
B13447,10.808517,9.073054,3,Broad cancer EV biology,0
B13448,10.80777,9.29874,3,Broad cancer EV biology,0
B13449,6.5124984,3.3164864,1,Vascular / systemic inflammation,0
B13450,7.782276,1.9880553,1,Vascular / systemic inflammation,0
B13451,10.715754,7.917733,3,Broad cancer EV biology,0
B13452,11.600107,8.129018,3,Broad cancer EV biology,0
B13453,10.603953,8.471298,3,Broad cancer EV biology,0
B13454,10.391343,7.812151,3,Broad cancer EV biology,0
B13455,8.86654,3.587339,0,MSC / regenerative EV therapy,0
B13456,10.156026,1.6716706,0,MSC / regenerative EV therapy,0
B13457,9.908672,2.0062158,0,MSC / regenerative EV therapy,0
B13458,12.27989,9.469078,3,Broad cancer EV biology,0
B13459,10.880088,-0.006103756,0,MSC / regenerative EV therapy,0
B13460,12.571955,7.2799134,0,MSC / regenerative EV therapy,0
B13461,10.012513,2.0271032,0,MSC / regenerative EV therapy,0
B13462,8.690741,2.717775,0,MSC / regenerative EV therapy,0
B13463,8.181757,7.687394,3,Broad cancer EV biology,0
B13464,8.02196,2.4879026,4,Respiratory / airway EV biology,0
B13465,8.102393,2.766863,4,Respiratory / airway EV biology,0
B13466,7.397338,2.8757489,1,Vascular / systemic inflammation,0
B13467,8.06847,2.6146698,4,Respiratory / airway EV biology,0
B13468,7.211816,3.2753117,1,Vascular / systemic inflammation,0
B13469,12.114195,2.4556847,4,Respiratory / airway EV biology,0
B13470,12.050323,2.4571126,4,Respiratory / airway EV biology,0
B13471,10.757629,2.8727903,4,Respiratory / airway EV biology,0
B13472,8.602108,7.885279,1,Vascular / systemic inflammation,0
B13473,11.205822,5.030803,4,Respiratory / airway EV biology,0
B13474,11.393604,3.6266897,4,Respiratory / airway EV biology,0
B13475,9.193552,8.14076,3,Broad cancer EV biology,0
B13476,12.325855,7.5509634,3,Broad cancer EV biology,0
B13477,9.2171,4.70664,1,Vascular / systemic inflammation,0
B13478,12.887606,2.597959,4,Respiratory / airway EV biology,0
B13479,13.810367,0.7623733,4,Respiratory / airway EV biology,0
B13480,11.122014,8.341215,3,Broad cancer EV biology,0
B13481,7.8322754,2.1630783,1,Vascular / systemic inflammation,0
B13482,10.203987,2.8695457,4,Respiratory / airway EV biology,0
B13483,11.316279,4.9311666,4,Respiratory / airway EV biology,0
B13484,11.094118,7.9258056,3,Broad cancer EV biology,0
B13485,10.724586,3.1478121,1,Vascular / systemic inflammation,0
B13486,10.3159075,8.252478,3,Broad cancer EV biology,0
B13487,10.401989,8.255601,3,Broad cancer EV biology,0
B13488,8.662255,3.8823009,0,MSC / regenerative EV therapy,0
B13489,12.001941,8.3785,3,Broad cancer EV biology,0
B13490,10.195348,1.6416087,0,MSC / regenerative EV therapy,0
B13491,9.438693,8.602633,5,Lung cancer EV biology,0
B13492,12.002469,8.905715,3,Broad cancer EV biology,0
B13493,10.812993,6.5461216,2,EV engineering / delivery,0
B13494,10.6559305,6.542565,2,EV engineering / delivery,0
B13495,10.498758,7.1200905,2,EV engineering / delivery,0
B13496,10.420769,5.4530706,2,EV engineering / delivery,0
B13497,12.39409,2.694195,4,Respiratory / airway EV biology,0
B13498,12.4171715,2.8046615,4,Respiratory / airway EV biology,0
B13499,9.727606,8.523864,3,Broad cancer EV biology,0
B13500,11.3939,9.512368,3,Broad cancer EV biology,0
B13501,8.962023,8.633386,3,Broad cancer EV biology,0
B13502,10.316044,7.696003,3,Broad cancer EV biology,0
B13503,12.115413,2.1433644,4,Respiratory / airway EV biology,0
B13504,12.13536,2.1517246,4,Respiratory / airway EV biology,0
B13505,9.493586,8.705471,3,Broad cancer EV biology,0
B13506,11.218174,8.716962,3,Broad cancer EV biology,0
B13507,10.331673,3.8930755,4,Respiratory / airway EV biology,0
B13508,7.8683743,2.6851804,1,Vascular / systemic inflammation,0
B13509,7.9778886,2.49967,4,Respiratory / airway EV biology,0
B13510,10.213873,3.1999824,4,Respiratory / airway EV biology,0
B13511,9.127366,7.058141,4,Respiratory / airway EV biology,0
B13512,8.011669,2.5703373,4,Respiratory / airway EV biology,0
B13513,10.201233,7.9750085,3,Broad cancer EV biology,0
B13514,11.313455,8.915679,3,Broad cancer EV biology,0
B13515,11.527861,8.92306,3,Broad cancer EV biology,0
B13516,10.728942,1.9534131,4,Respiratory / airway EV biology,0
B13517,11.433707,7.936405,3,Broad cancer EV biology,0
B13518,9.539797,1.5440253,0,MSC / regenerative EV therapy,0
B13519,10.72644,0.70072454,0,MSC / regenerative EV therapy,0
B13520,7.8813677,2.8906457,1,Vascular / systemic inflammation,0
B13521,11.978192,4.959551,4,Respiratory / airway EV biology,0
B13522,9.574695,7.494071,3,Broad cancer EV biology,0
B13523,11.654183,2.789024,4,Respiratory / airway EV biology,0
B13524,11.583858,3.3822045,4,Respiratory / airway EV biology,0
B13525,12.024478,2.7779822,4,Respiratory / airway EV biology,0
B13526,12.069788,3.4040394,4,Respiratory / airway EV biology,0
B13527,9.862492,10.015895,3,Broad cancer EV biology,0
B13528,10.53892,10.611488,3,Broad cancer EV biology,0
B13529,12.574741,7.470266,3,Broad cancer EV biology,0
B13530,7.9683557,10.069564,3,Broad cancer EV biology,0
B13531,9.470063,1.4966302,0,MSC / regenerative EV therapy,0
B13532,10.978746,8.524004,3,Broad cancer EV biology,0
B13533,10.800988,0.45276564,0,MSC / regenerative EV therapy,0
B13534,8.931909,4.6269636,4,Respiratory / airway EV biology,0
B13535,9.965285,9.947307,3,Broad cancer EV biology,0
B13536,8.679248,10.332762,5,Lung cancer EV biology,0
B13537,11.122569,7.376149,3,Broad cancer EV biology,0
B13538,11.067391,7.3172655,2,EV engineering / delivery,0
B13539,10.425026,9.861099,3,Broad cancer EV biology,0
B13540,10.187371,9.735334,3,Broad cancer EV biology,0
B13541,10.395558,10.0583105,3,Broad cancer EV biology,0
B13542,7.008457,3.100007,1,Vascular / systemic inflammation,0
B13543,9.703278,8.609412,3,Broad cancer EV biology,0
B13544,10.020695,3.7127998,0,MSC / regenerative EV therapy,0
B13545,8.700669,3.283522,1,Vascular / systemic inflammation,0
B13546,11.052063,9.293549,3,Broad cancer EV biology,0
B13547,10.071971,7.796778,4,Respiratory / airway EV biology,0
B13548,10.090354,8.37082,3,Broad cancer EV biology,0
B13549,10.973191,9.198802,3,Broad cancer EV biology,1
B13550,8.755785,5.6728144,4,Respiratory / airway EV biology,0
B13551,11.614743,8.62364,3,Broad cancer EV biology,0
B13552,8.612819,5.6193986,2,EV engineering / delivery,0
B13553,11.3373995,2.5199838,4,Respiratory / airway EV biology,0
B13554,11.410092,3.3064113,4,Respiratory / airway EV biology,0
B13555,8.626584,5.649196,4,Respiratory / airway EV biology,0
B13556,7.687972,9.217119,3,Broad cancer EV biology,0
B13557,8.625153,7.9494615,3,Broad cancer EV biology,0
B13558,9.364708,3.5160394,0,MSC / regenerative EV therapy,0
B13559,10.144997,10.222447,3,Broad cancer EV biology,0
B13560,10.773761,0.041475277,0,MSC / regenerative EV therapy,0
B13561,8.525278,3.5822115,0,MSC / regenerative EV therapy,0
B13562,10.843126,0.045962226,0,MSC / regenerative EV therapy,0
B13563,10.679659,5.260319,4,Respiratory / airway EV biology,0
B13564,8.098203,2.5847085,4,Respiratory / airway EV biology,0
B13565,8.842619,8.49048,2,EV engineering / delivery,0
B13566,11.513188,6.9222026,2,EV engineering / delivery,0
B13567,8.525024,3.0660942,1,Vascular / systemic inflammation,0
B13568,7.603297,1.0764041,4,Respiratory / airway EV biology,0
B13569,7.5882134,1.0632784,0,MSC / regenerative EV therapy,0
B13570,7.5919185,1.0681252,0,MSC / regenerative EV therapy,0
B13571,7.5827713,1.0568712,0,MSC / regenerative EV therapy,0
B13572,7.598654,1.0951492,1,Vascular / systemic inflammation,0
B13573,7.6136703,1.1443377,0,MSC / regenerative EV therapy,0
B13574,7.5669613,1.0401736,0,MSC / regenerative EV therapy,0
B13575,7.3714767,2.7623549,1,Vascular / systemic inflammation,0
B13576,11.331746,4.1310973,4,Respiratory / airway EV biology,0
B13577,11.019179,8.171872,3,Broad cancer EV biology,0
B13578,9.983004,7.076722,3,Broad cancer EV biology,0
B13579,9.39749,2.4830399,1,Vascular / systemic inflammation,0
B13580,10.447153,8.166619,3,Broad cancer EV biology,0
B13581,8.909855,0.9531573,1,Vascular / systemic inflammation,0
B13582,10.401288,7.57729,3,Broad cancer EV biology,0
B13583,7.804926,9.036845,3,Broad cancer EV biology,0
B13584,10.747215,7.199081,3,Broad cancer EV biology,0
B13585,7.5819077,1.0709393,1,Vascular / systemic inflammation,0
B13586,11.724068,8.728685,3,Broad cancer EV biology,0
B13587,6.398556,4.5826464,1,Vascular / systemic inflammation,0
B13588,6.464063,3.4288135,3,Broad cancer EV biology,0
B13589,7.552853,10.277409,3,Broad cancer EV biology,0
B13590,10.547447,9.733072,3,Broad cancer EV biology,0
B13591,9.604127,2.630017,4,Respiratory / airway EV biology,0
B13592,11.325198,2.1499183,4,Respiratory / airway EV biology,0
B13593,11.8298645,9.254555,3,Broad cancer EV biology,0
B13594,9.528316,9.328725,3,Broad cancer EV biology,0
B13595,7.6382327,6.316583,1,Vascular / systemic inflammation,0
B13596,7.6027455,1.068867,4,Respiratory / airway EV biology,0
B13597,10.0397005,2.0919642,0,MSC / regenerative EV therapy,0
B13598,10.1322775,2.5074444,4,Respiratory / airway EV biology,0
B13599,10.410801,9.44622,3,Broad cancer EV biology,0
B13600,8.594066,10.058885,3,Broad cancer EV biology,0
B13601,7.338295,2.9566226,1,Vascular / systemic inflammation,0
B13602,6.5562634,3.3649285,3,Broad cancer EV biology,0
B13603,10.796782,7.698812,3,Broad cancer EV biology,0
B13604,11.296083,2.6418188,4,Respiratory / airway EV biology,0
B13605,8.702265,7.965348,1,Vascular / systemic inflammation,0
B13606,10.106415,5.184516,0,MSC / regenerative EV therapy,0
B13607,10.714637,8.373294,3,Broad cancer EV biology,0
B13608,11.004337,3.5298595,4,Respiratory / airway EV biology,0
B13609,10.390721,7.8903584,3,Broad cancer EV biology,0
B13610,10.777486,1.6097403,0,MSC / regenerative EV therapy,0
B13611,9.241096,9.925851,3,Broad cancer EV biology,0
B13612,10.928719,8.597357,3,Broad cancer EV biology,0
B13613,10.881256,9.483245,3,Broad cancer EV biology,0
B13614,10.281764,8.184139,3,Broad cancer EV biology,0
B13615,10.587552,8.254474,3,Broad cancer EV biology,0
B13616,11.134428,9.23034,3,Broad cancer EV biology,0
B13617,11.16096,8.04349,3,Broad cancer EV biology,0
B13618,7.855946,9.197619,3,Broad cancer EV biology,0
B13619,10.34184,4.7812943,4,Respiratory / airway EV biology,0
B13620,8.078722,2.5102181,4,Respiratory / airway EV biology,0
B13621,8.227008,8.188777,1,Vascular / systemic inflammation,0
B13622,9.1545105,7.2997975,3,Broad cancer EV biology,0
B13623,11.483452,8.948392,3,Broad cancer EV biology,0
B13624,8.868653,3.8691297,1,Vascular / systemic inflammation,0
B13625,9.563852,2.9766448,4,Respiratory / airway EV biology,0
B13626,10.351667,8.587389,3,Broad cancer EV biology,0
B13627,6.069769,5.8599124,1,Vascular / systemic inflammation,0
B13628,9.7047615,9.926351,3,Broad cancer EV biology,0
B13629,10.6408615,6.043441,1,Vascular / systemic inflammation,0
B13630,12.015139,5.2103143,4,Respiratory / airway EV biology,0
B13631,7.755145,3.3267715,1,Vascular / systemic inflammation,0
B13632,9.183423,8.352922,3,Broad cancer EV biology,0
B13633,9.200309,3.284945,0,MSC / regenerative EV therapy,0
B13634,10.548616,0.6240541,4,Respiratory / airway EV biology,0
B13635,12.130061,4.696003,4,Respiratory / airway EV biology,0
B13636,9.625849,4.3704004,4,Respiratory / airway EV biology,0
B13637,11.095301,9.225927,0,MSC / regenerative EV therapy,0
B13638,8.0485735,2.1156485,4,Respiratory / airway EV biology,0
B13639,11.0334015,8.741105,3,Broad cancer EV biology,0
B13640,11.791225,2.1482272,4,Respiratory / airway EV biology,0
B13641,8.699601,10.576425,3,Broad cancer EV biology,0
B13642,6.150268,4.755897,4,Respiratory / airway EV biology,0
B13643,12.639983,2.8120499,4,Respiratory / airway EV biology,0
B13644,8.063274,2.3690991,4,Respiratory / airway EV biology,0
B13645,10.548901,1.3885212,0,MSC / regenerative EV therapy,0
B13646,7.448757,2.4250991,1,Vascular / systemic inflammation,0
B13647,10.1003895,5.466923,2,EV engineering / delivery,0
B13648,6.67318,3.2981772,1,Vascular / systemic inflammation,0
B13649,12.10038,2.1169145,4,Respiratory / airway EV biology,0
B13650,9.6605215,1.5175564,0,MSC / regenerative EV therapy,0
B13651,13.16037,4.8285494,4,Respiratory / airway EV biology,0
B13652,11.2863,2.6027086,3,Broad cancer EV biology,0
B13653,10.342757,4.8349075,4,Respiratory / airway EV biology,0
B13654,9.150901,2.6319647,1,Vascular / systemic inflammation,0
B13655,7.9896083,8.633935,1,Vascular / systemic inflammation,0
B13656,7.992492,3.1797736,1,Vascular / systemic inflammation,0
B13657,8.967262,2.9124243,0,MSC / regenerative EV therapy,0
B13658,12.211517,9.57818,3,Broad cancer EV biology,0
B13659,11.557651,8.61706,3,Broad cancer EV biology,0
B13660,8.148222,8.852939,3,Broad cancer EV biology,0
B13661,10.944294,8.326938,3,Broad cancer EV biology,0
B13662,10.694784,2.8140025,4,Respiratory / airway EV biology,0
B13663,13.202919,4.591608,0,MSC / regenerative EV therapy,0
B13664,10.114378,2.5848238,3,Broad cancer EV biology,0
B13665,9.001962,7.605752,4,Respiratory / airway EV biology,0
B13666,8.588293,7.837762,1,Vascular / systemic inflammation,0
B13667,11.709011,2.4874525,4,Respiratory / airway EV biology,0
B13668,10.486971,3.5488045,1,Vascular / systemic inflammation,0
B13669,8.2058525,9.115863,3,Broad cancer EV biology,0
B13670,6.1956563,5.7798553,1,Vascular / systemic inflammation,0
B13671,7.937791,2.778547,1,Vascular / systemic inflammation,0
B13672,10.758661,3.5312479,1,Vascular / systemic inflammation,0
B13673,6.2392035,4.7213783,1,Vascular / systemic inflammation,0
B13674,7.720338,8.893106,3,Broad cancer EV biology,0
B13675,7.9344625,10.313098,5,Lung cancer EV biology,0
B13676,7.4299927,7.483537,2,EV engineering / delivery,0
B13677,6.8572617,3.330037,1,Vascular / systemic inflammation,0
B13678,10.135759,4.644754,1,Vascular / systemic inflammation,0
B13679,7.8508153,9.145097,3,Broad cancer EV biology,0
B13680,7.6997967,3.0159042,1,Vascular / systemic inflammation,0
B13681,9.854281,10.349991,3,Broad cancer EV biology,0
B13682,7.7011685,10.290189,3,Broad cancer EV biology,0
B13683,9.637173,3.6300998,0,MSC / regenerative EV therapy,0
B13684,6.2955165,4.677943,4,Respiratory / airway EV biology,0
B13685,12.83507,2.652216,4,Respiratory / airway EV biology,0
B13686,11.894799,4.115708,4,Respiratory / airway EV biology,0
B13687,9.789128,3.8993475,3,Broad cancer EV biology,0
B13688,12.556005,2.5965555,4,Respiratory / airway EV biology,0
B13689,10.16272,8.078141,3,Broad cancer EV biology,0
B13690,9.139236,10.013145,3,Broad cancer EV biology,0
B13691,9.261353,10.270296,3,Broad cancer EV biology,0
B13692,10.505767,3.1836503,4,Respiratory / airway EV biology,0
B13693,12.550242,2.4996035,4,Respiratory / airway EV biology,0
B13694,9.698432,10.206142,3,Broad cancer EV biology,0
B13695,8.637545,3.6107488,0,MSC / regenerative EV therapy,0
B13696,9.400216,10.222088,3,Broad cancer EV biology,0
B13697,11.3412485,8.44318,3,Broad cancer EV biology,0
B13698,12.7451315,2.6193502,4,Respiratory / airway EV biology,0
B13699,10.190486,10.024508,3,Broad cancer EV biology,0
B13700,9.726069,4.6301837,0,MSC / regenerative EV therapy,0
B13701,12.322015,3.7950454,4,Respiratory / airway EV biology,0
B13702,9.774535,2.9695725,4,Respiratory / airway EV biology,0
B13703,11.171649,3.069967,4,Respiratory / airway EV biology,0
B13704,11.311082,3.1942337,4,Respiratory / airway EV biology,0
B13705,10.281509,5.9870505,2,EV engineering / delivery,0
B13706,10.553467,7.8941116,3,Broad cancer EV biology,0
B13707,9.096761,7.894807,3,Broad cancer EV biology,0
B13708,8.374395,8.723222,3,Broad cancer EV biology,0
B13709,10.564527,8.272334,3,Broad cancer EV biology,0
B13710,12.148684,4.467339,4,Respiratory / airway EV biology,0
B13711,8.110531,2.6841624,4,Respiratory / airway EV biology,0
B13712,8.461726,3.7940936,1,Vascular / systemic inflammation,0
B13713,8.577316,3.712662,1,Vascular / systemic inflammation,0
B13714,10.382509,8.712708,3,Broad cancer EV biology,0
B13715,12.300759,7.348552,0,MSC / regenerative EV therapy,0
B13716,12.172748,2.0905013,4,Respiratory / airway EV biology,0
B13717,12.2484,2.091083,0,MSC / regenerative EV therapy,0
B13718,9.498476,1.4760175,0,MSC / regenerative EV therapy,0
B13719,10.821007,4.9982715,4,Respiratory / airway EV biology,0
B13720,9.981106,2.8011923,4,Respiratory / airway EV biology,0
B13721,7.895755,2.7329204,1,Vascular / systemic inflammation,0
B13722,8.597659,5.6791215,2,EV engineering / delivery,0
B13723,12.136221,2.6528344,4,Respiratory / airway EV biology,0
B13724,9.253742,5.1492543,4,Respiratory / airway EV biology,0
B13725,10.555076,4.668701,4,Respiratory / airway EV biology,0
B13726,12.371395,2.8236449,1,Vascular / systemic inflammation,0
B13727,7.9296045,3.1064887,1,Vascular / systemic inflammation,0
B13728,9.843085,1.0419699,0,MSC / regenerative EV therapy,0
B13729,7.9848547,2.3055983,4,Respiratory / airway EV biology,0
B13730,8.02345,2.7130835,1,Vascular / systemic inflammation,0
B13731,9.884173,1.4305663,1,Vascular / systemic inflammation,0
B13732,9.168859,9.105295,3,Broad cancer EV biology,0
B13733,10.219858,2.140859,0,MSC / regenerative EV therapy,0
B13734,10.315471,2.5052755,4,Respiratory / airway EV biology,0
B13735,10.735405,2.793859,4,Respiratory / airway EV biology,0
B13736,10.509664,7.5340667,3,Broad cancer EV biology,0
B13737,11.790561,3.7667837,4,Respiratory / airway EV biology,0
B13738,12.22161,2.4699771,4,Respiratory / airway EV biology,0
B13739,10.213998,4.0752854,1,Vascular / systemic inflammation,0
B13740,9.305679,3.5642066,0,MSC / regenerative EV therapy,0
B13741,9.476028,3.9305856,0,MSC / regenerative EV therapy,0
B13742,9.053439,2.908322,0,MSC / regenerative EV therapy,0
B13743,11.606655,8.991579,3,Broad cancer EV biology,0
B13744,11.690584,9.087746,3,Broad cancer EV biology,0
B13745,10.1905365,7.6612945,3,Broad cancer EV biology,0
B13746,8.055713,2.490685,4,Respiratory / airway EV biology,0
B13747,9.546597,2.5386724,1,Vascular / systemic inflammation,0
B13748,10.544812,9.499519,3,Broad cancer EV biology,0
B13749,9.298138,8.614026,5,Lung cancer EV biology,0
B13750,9.499055,2.4471881,0,MSC / regenerative EV therapy,0
B13751,12.206042,9.606112,3,Broad cancer EV biology,0
B13752,11.554404,2.646474,4,Respiratory / airway EV biology,0
B13753,11.542277,3.6294355,4,Respiratory / airway EV biology,0
B13754,10.024062,2.1897464,0,MSC / regenerative EV therapy,0
B13755,10.028678,2.0220463,0,MSC / regenerative EV therapy,0
B13756,12.555585,4.662385,1,Vascular / systemic inflammation,0
B13757,8.163863,2.503592,4,Respiratory / airway EV biology,0
B13758,12.283724,2.5995839,4,Respiratory / airway EV biology,0
B13759,8.582992,10.453558,3,Broad cancer EV biology,0
B13760,12.007087,2.0477762,4,Respiratory / airway EV biology,0
B13761,8.844074,6.8550124,2,EV engineering / delivery,0
B13762,8.145396,2.84075,1,Vascular / systemic inflammation,0
B13763,9.322598,2.0126412,4,Respiratory / airway EV biology,0
B13764,6.447672,4.864431,4,Respiratory / airway EV biology,0
B13765,9.444063,9.445596,3,Broad cancer EV biology,0
B13766,11.162961,3.780649,4,Respiratory / airway EV biology,0
B13767,7.5049696,2.744314,1,Vascular / systemic inflammation,0
B13768,7.5909452,2.4901133,1,Vascular / systemic inflammation,0
B13769,7.1254363,3.1352212,1,Vascular / systemic inflammation,0
B13770,10.554548,3.4585776,4,Respiratory / airway EV biology,0
B13771,6.9913273,3.0554216,1,Vascular / systemic inflammation,0
B13772,9.706898,7.7630916,3,Broad cancer EV biology,0
B13773,9.759738,4.035003,4,Respiratory / airway EV biology,0
B13774,9.552766,8.7252245,3,Broad cancer EV biology,0
B13775,8.424317,8.901585,3,Broad cancer EV biology,0
B13776,11.627264,8.965576,3,Broad cancer EV biology,0
B13777,12.107893,9.495919,3,Broad cancer EV biology,0
B13778,11.783624,4.7627044,4,Respiratory / airway EV biology,0
B13779,8.890847,6.255249,4,Respiratory / airway EV biology,0
B13780,10.8868685,9.34081,3,Broad cancer EV biology,0
B13781,10.381327,7.520639,3,Broad cancer EV biology,0
B13782,7.4040146,2.8690803,1,Vascular / systemic inflammation,0
B13783,10.215258,10.619592,3,Broad cancer EV biology,0
B13784,9.679681,6.391579,2,EV engineering / delivery,0
B13785,9.742435,10.664422,3,Broad cancer EV biology,0
B13786,9.903513,4.1642213,0,MSC / regenerative EV therapy,0
B13787,9.624685,4.3802567,1,Vascular / systemic inflammation,0
B13788,13.485545,0.6410994,0,MSC / regenerative EV therapy,0
B13789,10.225137,8.302871,3,Broad cancer EV biology,0
B13790,10.334185,3.1234565,4,Respiratory / airway EV biology,0
B13791,10.579525,1.4788029,0,MSC / regenerative EV therapy,0
B13792,11.356923,3.035414,4,Respiratory / airway EV biology,0
B13793,12.287554,1.9556196,4,Respiratory / airway EV biology,0
B13794,10.91982,9.135205,3,Broad cancer EV biology,0
B13795,9.037181,8.565124,3,Broad cancer EV biology,0
B13796,10.261936,2.8005223,4,Respiratory / airway EV biology,0
B13797,11.226204,7.6679273,3,Broad cancer EV biology,0
B13798,7.633298,2.8329535,1,Vascular / systemic inflammation,0
B13799,11.638653,2.4253583,4,Respiratory / airway EV biology,0
B13800,7.81393,10.28452,3,Broad cancer EV biology,0
B13801,10.1448145,2.6700082,4,Respiratory / airway EV biology,0
B13802,9.610663,6.5281987,0,MSC / regenerative EV therapy,0
B13803,9.2946205,1.5184041,0,MSC / regenerative EV therapy,0
B13804,7.580262,3.1027095,1,Vascular / systemic inflammation,0
B13805,6.458007,3.3824499,1,Vascular / systemic inflammation,0
B13806,11.913543,3.6249685,4,Respiratory / airway EV biology,0
B13807,10.278976,8.020502,3,Broad cancer EV biology,0
B13808,10.026861,1.8645731,0,MSC / regenerative EV therapy,0
B13809,10.801056,8.540047,3,Broad cancer EV biology,0
B13810,9.398713,3.4986842,0,MSC / regenerative EV therapy,0
B13811,9.906267,1.8247963,0,MSC / regenerative EV therapy,0
B13812,9.4802065,1.4826081,0,MSC / regenerative EV therapy,0
B13813,9.496018,1.4684272,0,MSC / regenerative EV therapy,0
B13814,6.4592366,3.4081788,3,Broad cancer EV biology,0
B13815,10.866818,10.252026,3,Broad cancer EV biology,0
B13816,10.359138,2.8210073,4,Respiratory / airway EV biology,0
B13817,11.763251,3.6275623,4,Respiratory / airway EV biology,0
B13818,11.695655,3.4180517,4,Respiratory / airway EV biology,0
B13819,13.316024,4.7506576,4,Respiratory / airway EV biology,0
B13820,7.3762136,2.541833,3,Broad cancer EV biology,0
B13821,10.450832,8.068753,3,Broad cancer EV biology,0
B13822,10.465433,9.637568,3,Broad cancer EV biology,0
B13823,11.4065695,8.981133,3,Broad cancer EV biology,0
B13824,9.030891,6.6029887,2,EV engineering / delivery,0
B13825,12.151287,4.938371,4,Respiratory / airway EV biology,0
B13826,6.892795,3.2597194,1,Vascular / systemic inflammation,0
B13827,6.48272,3.4025972,3,Broad cancer EV biology,0
B13828,7.7978816,4.023894,1,Vascular / systemic inflammation,0
B13829,10.3341255,6.585766,2,EV engineering / delivery,0
B13830,9.223614,9.28418,3,Broad cancer EV biology,0
B13831,12.071628,2.1163042,3,Broad cancer EV biology,0
B13832,9.504643,7.752486,3,Broad cancer EV biology,0
B13833,10.616631,8.865189,3,Broad cancer EV biology,0
B13834,7.9407005,2.5304127,4,Respiratory / airway EV biology,0
B13835,11.555718,4.756136,1,Vascular / systemic inflammation,0
B13836,8.00002,7.7861657,3,Broad cancer EV biology,0
B13837,7.91598,1.9621768,1,Vascular / systemic inflammation,0
B13838,8.140468,8.527905,1,Vascular / systemic inflammation,0
B13839,10.408097,8.038538,3,Broad cancer EV biology,0
B13840,11.278516,2.9916751,4,Respiratory / airway EV biology,0
B13841,8.663869,8.035116,3,Broad cancer EV biology,0
B13842,13.18689,4.7929606,4,Respiratory / airway EV biology,0
B13843,8.914858,5.4575977,2,EV engineering / delivery,0
B13844,10.410276,9.611182,3,Broad cancer EV biology,0
B13845,10.633193,8.323631,3,Broad cancer EV biology,0
B13846,10.11987,4.1055293,4,Respiratory / airway EV biology,0
B13847,10.819752,4.3018017,4,Respiratory / airway EV biology,0
B13848,10.63326,7.8960333,3,Broad cancer EV biology,0
B13849,12.2296,4.790351,4,Respiratory / airway EV biology,0
B13850,8.418534,10.065,3,Broad cancer EV biology,0
B13851,10.459094,3.5086973,1,Vascular / systemic inflammation,0
B13852,7.652591,1.0858856,4,Respiratory / airway EV biology,0
B13853,8.543438,2.511916,4,Respiratory / airway EV biology,0
B13854,12.731984,3.5177276,4,Respiratory / airway EV biology,0
B13855,9.810945,4.970635,1,Vascular / systemic inflammation,0
B13856,11.755951,7.025139,3,Broad cancer EV biology,0
B13857,13.350984,4.8476205,4,Respiratory / airway EV biology,0
B13858,8.872111,8.449305,3,Broad cancer EV biology,0
B13859,9.688888,10.411329,3,Broad cancer EV biology,0
B13860,11.835773,3.044209,4,Respiratory / airway EV biology,0
B13861,7.3952274,3.0263317,1,Vascular / systemic inflammation,0
B13862,8.67093,5.625921,4,Respiratory / airway EV biology,0
B13863,6.4409146,3.3389523,3,Broad cancer EV biology,0
B13864,6.4818425,3.4884465,3,Broad cancer EV biology,0
B13865,8.714235,7.5302234,2,EV engineering / delivery,0
B13866,11.386301,7.7518425,3,Broad cancer EV biology,0
B13867,7.557658,2.412928,1,Vascular / systemic inflammation,0
B13868,10.370473,3.8718567,4,Respiratory / airway EV biology,0
B13869,9.070695,10.530805,3,Broad cancer EV biology,0
B13870,10.602512,6.598388,2,EV engineering / delivery,0
B13871,9.772954,5.320147,4,Respiratory / airway EV biology,0
B13872,10.563281,10.663011,3,Broad cancer EV biology,0
B13873,10.560521,10.577233,3,Broad cancer EV biology,0
B13874,12.610788,2.6140618,4,Respiratory / airway EV biology,0
B13875,8.965891,3.660348,1,Vascular / systemic inflammation,0
B13876,8.30589,6.8209076,1,Vascular / systemic inflammation,0
B13877,9.442434,3.6293588,0,MSC / regenerative EV therapy,0
B13878,8.32562,4.297036,1,Vascular / systemic inflammation,0
B13879,9.599505,9.408936,3,Broad cancer EV biology,0
B13880,10.009648,6.095728,1,Vascular / systemic inflammation,0
B13881,10.6098995,8.178444,3,Broad cancer EV biology,0
B13882,10.403401,3.4924774,4,Respiratory / airway EV biology,0
B13883,12.096988,4.822779,4,Respiratory / airway EV biology,0
B13884,11.692955,7.002029,3,Broad cancer EV biology,0
B13885,7.2579336,2.9288347,1,Vascular / systemic inflammation,0
B13886,11.694451,6.9837685,2,EV engineering / delivery,0
B13887,7.662284,6.3166833,1,Vascular / systemic inflammation,0
B13888,9.896462,1.6768692,0,MSC / regenerative EV therapy,0
B13889,10.225125,7.293775,3,Broad cancer EV biology,0
B13890,12.044174,8.3047285,3,Broad cancer EV biology,0
B13891,9.231574,6.4259686,3,Broad cancer EV biology,0
B13892,8.552019,5.675328,2,EV engineering / delivery,0
B13893,8.051368,7.695127,3,Broad cancer EV biology,0
B13894,8.126126,7.770376,3,Broad cancer EV biology,0
B13895,12.115858,2.9907987,4,Respiratory / airway EV biology,0
B13896,10.190269,10.161291,3,Broad cancer EV biology,0
B13897,7.7272596,2.1870909,1,Vascular / systemic inflammation,0
B13898,7.7464747,10.187207,3,Broad cancer EV biology,0
B13899,11.256175,9.0818205,3,Broad cancer EV biology,0
B13900,11.2808485,3.4406393,4,Respiratory / airway EV biology,0
B13901,8.160872,2.6040046,4,Respiratory / airway EV biology,0
B13902,11.044521,8.168739,3,Broad cancer EV biology,0
B13903,9.475535,5.6533327,2,EV engineering / delivery,0
B13904,10.091011,9.72603,3,Broad cancer EV biology,0
B13905,12.020979,2.2492805,4,Respiratory / airway EV biology,0
B13906,7.3328485,2.5220459,1,Vascular / systemic inflammation,0
B13907,12.139953,2.110594,4,Respiratory / airway EV biology,0
B13908,10.64357,5.0266395,4,Respiratory / airway EV biology,0
B13909,9.293385,4.955106,1,Vascular / systemic inflammation,0
B13910,9.263446,8.272669,3,Broad cancer EV biology,0
B13911,8.892469,7.9783635,3,Broad cancer EV biology,0
B13912,12.822971,2.6468458,4,Respiratory / airway EV biology,0
B13913,10.135452,8.106326,3,Broad cancer EV biology,0
B13914,10.6105175,8.339089,3,Broad cancer EV biology,0
B13915,10.014567,9.9190035,3,Broad cancer EV biology,0
B13916,9.872822,6.2167206,1,Vascular / systemic inflammation,0
B13917,9.090781,8.244673,3,Broad cancer EV biology,0
B13918,11.938871,9.187074,3,Broad cancer EV biology,0
B13919,10.701315,7.986386,3,Broad cancer EV biology,0
B13920,11.6006155,7.410345,3,Broad cancer EV biology,0
B13921,10.753066,0.41765702,0,MSC / regenerative EV therapy,0
B13922,10.094024,4.024453,4,Respiratory / airway EV biology,0
B13923,10.963428,7.9457517,3,Broad cancer EV biology,0
B13924,9.184581,3.013134,0,MSC / regenerative EV therapy,0
B13925,7.474104,3.1457355,1,Vascular / systemic inflammation,0
B13926,7.7327347,2.6780667,1,Vascular / systemic inflammation,0
B13927,7.9859753,2.5424454,4,Respiratory / airway EV biology,0
B13928,7.693531,3.034347,1,Vascular / systemic inflammation,0
B13929,9.823698,8.266764,3,Broad cancer EV biology,0
B13930,9.659149,9.210103,3,Broad cancer EV biology,0
B13931,8.150543,2.5628388,4,Respiratory / airway EV biology,0
B13932,7.7378435,6.272874,1,Vascular / systemic inflammation,0
B13933,11.293881,6.5113935,3,Broad cancer EV biology,0
B13934,7.7160535,6.0997553,1,Vascular / systemic inflammation,0
B13935,11.626714,3.5432587,4,Respiratory / airway EV biology,0
B13936,10.221562,9.986679,3,Broad cancer EV biology,0
B13937,8.852647,8.7172785,3,Broad cancer EV biology,0
B13938,10.4554615,9.807299,3,Broad cancer EV biology,0
B13939,12.277965,4.7202916,4,Respiratory / airway EV biology,0
B13940,10.2736435,7.942596,3,Broad cancer EV biology,0
B13941,6.981503,3.0875096,1,Vascular / systemic inflammation,0
B13942,8.654105,3.8112512,1,Vascular / systemic inflammation,0
B13943,7.4439282,2.3589275,1,Vascular / systemic inflammation,0
B13944,8.847893,2.877896,0,MSC / regenerative EV therapy,0
B13945,10.914275,4.4739637,4,Respiratory / airway EV biology,0
B13946,11.54239,3.840438,4,Respiratory / airway EV biology,0
B13947,10.639049,3.1364782,4,Respiratory / airway EV biology,0
B13948,12.055626,9.325067,3,Broad cancer EV biology,0
B13949,7.605452,2.4222472,1,Vascular / systemic inflammation,0
B13950,9.452398,9.865243,3,Broad cancer EV biology,0
B13951,8.59188,7.923924,3,Broad cancer EV biology,0
B13952,9.662204,5.542368,4,Respiratory / airway EV biology,0
B13953,7.8891377,2.600708,4,Respiratory / airway EV biology,0
B13954,12.925124,3.0252547,4,Respiratory / airway EV biology,0
B13955,9.001502,10.879435,3,Broad cancer EV biology,0
B13956,11.663937,8.354574,3,Broad cancer EV biology,0
B13957,9.7116165,2.1671336,0,MSC / regenerative EV therapy,0
B13958,9.564139,1.4060391,0,MSC / regenerative EV therapy,0
B13959,10.2869,1.483322,0,MSC / regenerative EV therapy,0
B13960,7.46453,2.9500399,1,Vascular / systemic inflammation,0
B13961,7.4677753,3.1548944,1,Vascular / systemic inflammation,0
B13962,9.462661,2.2684467,0,MSC / regenerative EV therapy,0
B13963,6.83863,3.520668,1,Vascular / systemic inflammation,0
B13964,9.040501,10.92222,3,Broad cancer EV biology,0
B13965,7.765034,6.2447853,1,Vascular / systemic inflammation,0
B13966,11.368154,8.741449,3,Broad cancer EV biology,0
B13967,10.421733,7.956041,3,Broad cancer EV biology,0
B13968,12.092396,2.1472857,4,Respiratory / airway EV biology,0
B13969,12.585501,2.611018,4,Respiratory / airway EV biology,0
B13970,8.486732,7.911354,3,Broad cancer EV biology,0
B13971,11.153442,5.127098,2,EV engineering / delivery,0
B13972,10.274741,4.826168,4,Respiratory / airway EV biology,0
B13973,10.868471,2.8624666,4,Respiratory / airway EV biology,0
B13974,8.9337225,8.500395,3,Broad cancer EV biology,0
B13975,7.400573,2.4569342,1,Vascular / systemic inflammation,0
B13976,8.227231,8.874866,3,Broad cancer EV biology,0
B13977,8.883319,10.924294,3,Broad cancer EV biology,0
B13978,7.7695637,2.6579242,1,Vascular / systemic inflammation,0
B13979,10.402739,4.648557,4,Respiratory / airway EV biology,0
B13980,9.867688,2.8625407,1,Vascular / systemic inflammation,0
B13981,9.408398,7.6818385,3,Broad cancer EV biology,0
B13982,6.472582,3.3733134,3,Broad cancer EV biology,0
B13983,7.3680067,2.8940933,1,Vascular / systemic inflammation,0
B13984,8.993934,8.006023,3,Broad cancer EV biology,0
B13985,9.131363,10.890973,3,Broad cancer EV biology,0
B13986,10.197621,8.1600065,3,Broad cancer EV biology,0
B13987,8.938662,8.467455,1,Vascular / systemic inflammation,0
B13988,7.2989135,7.676654,2,EV engineering / delivery,0
B13989,7.7078357,7.8058105,2,EV engineering / delivery,0
B13990,7.907782,2.5597348,1,Vascular / systemic inflammation,0
B13991,8.252042,2.792357,4,Respiratory / airway EV biology,0
B13992,8.695967,4.623631,1,Vascular / systemic inflammation,0
B13993,7.975698,2.4666464,4,Respiratory / airway EV biology,0
B13994,8.0949135,3.1796534,1,Vascular / systemic inflammation,0
B13995,12.708682,2.818709,4,Respiratory / airway EV biology,0
B13996,10.33432,9.5741415,3,Broad cancer EV biology,0
B13997,8.318942,10.215964,3,Broad cancer EV biology,0
B13998,7.560297,2.7726676,1,Vascular / systemic inflammation,0
B13999,10.691557,8.712321,3,Broad cancer EV biology,0
B14000,9.960704,8.0618305,3,Broad cancer EV biology,0
B14001,13.242939,4.884806,4,Respiratory / airway EV biology,0
B14002,10.6948805,7.7172546,3,Broad cancer EV biology,0
B14003,11.730696,2.8594675,4,Respiratory / airway EV biology,0
B14004,10.544679,8.098874,3,Broad cancer EV biology,0
B14005,9.98493,6.302071,2,EV engineering / delivery,0
B14006,8.866351,4.206823,0,MSC / regenerative EV therapy,0
B14007,12.640272,2.566543,4,Respiratory / airway EV biology,0
B14008,9.268863,3.2136912,0,MSC / regenerative EV therapy,0
B14009,9.289055,7.499566,2,EV engineering / delivery,0
B14010,12.330245,3.793254,4,Respiratory / airway EV biology,0
B14011,10.4238825,4.9242926,4,Respiratory / airway EV biology,0
B14012,7.4205475,2.8927424,1,Vascular / systemic inflammation,0
B14013,6.0214043,4.884936,3,Broad cancer EV biology,0
B14014,11.506587,2.6593285,4,Respiratory / airway EV biology,0
B14015,7.5185704,6.2610345,1,Vascular / systemic inflammation,0
B14016,8.32492,2.204084,1,Vascular / systemic inflammation,0
B14017,11.006624,6.49932,2,EV engineering / delivery,0
B14018,8.311212,6.861828,1,Vascular / systemic inflammation,0
B14019,9.928052,2.727749,4,Respiratory / airway EV biology,0
B14020,9.190157,9.516663,3,Broad cancer EV biology,0
B14021,10.669562,8.173279,3,Broad cancer EV biology,0
B14022,11.767292,6.8771553,2,EV engineering / delivery,0
B14023,12.054374,5.2727656,4,Respiratory / airway EV biology,0
B14024,7.759314,2.6349301,4,Respiratory / airway EV biology,0
B14025,8.522531,2.1812189,1,Vascular / systemic inflammation,0
B14026,11.705263,2.6983228,4,Respiratory / airway EV biology,0
B14027,9.658503,5.9447713,1,Vascular / systemic inflammation,0
B14028,9.750871,2.376919,4,Respiratory / airway EV biology,0
B14029,11.600568,7.3214607,2,EV engineering / delivery,0
B14030,9.22308,2.7548745,0,MSC / regenerative EV therapy,0
B14031,10.139513,4.175083,1,Vascular / systemic inflammation,0
B14032,8.54331,9.990068,3,Broad cancer EV biology,0
B14033,6.475866,3.4169753,3,Broad cancer EV biology,0
B14034,8.963981,8.358987,1,Vascular / systemic inflammation,0
B14035,11.241907,3.5505655,3,Broad cancer EV biology,0
B14036,8.102212,10.549725,3,Broad cancer EV biology,0
B14037,8.216165,2.5694401,4,Respiratory / airway EV biology,0
B14038,8.83786,3.7252872,0,MSC / regenerative EV therapy,0
B14039,13.125066,4.726632,4,Respiratory / airway EV biology,0
B14040,7.461313,3.0200682,1,Vascular / systemic inflammation,0
B14041,9.097849,8.069377,3,Broad cancer EV biology,0
B14042,8.986965,10.859652,3,Broad cancer EV biology,0
B14043,9.267017,8.174803,3,Broad cancer EV biology,0
B14044,6.648756,3.309693,1,Vascular / systemic inflammation,0
B14045,10.022661,2.7026315,1,Vascular / systemic inflammation,0
B14046,9.22584,7.6450825,3,Broad cancer EV biology,0
B14047,10.692508,7.8421497,3,Broad cancer EV biology,0
B14048,9.644047,8.793118,3,Broad cancer EV biology,0
B14049,8.119964,2.5154526,4,Respiratory / airway EV biology,0
B14050,10.418322,3.0052567,4,Respiratory / airway EV biology,0
B14051,8.199568,2.5603302,4,Respiratory / airway EV biology,0
B14052,12.111386,5.3599095,4,Respiratory / airway EV biology,0
B14053,8.076728,9.548825,3,Broad cancer EV biology,0
B14054,9.799662,8.249634,3,Broad cancer EV biology,0
B14055,11.070255,3.3334253,4,Respiratory / airway EV biology,0
B14056,12.548456,2.6256557,4,Respiratory / airway EV biology,0
B14057,10.480911,9.353169,3,Broad cancer EV biology,0
B14058,9.955227,4.780613,1,Vascular / systemic inflammation,0
B14059,12.066499,5.287962,4,Respiratory / airway EV biology,0
B14060,11.997589,4.129141,4,Respiratory / airway EV biology,0
B14061,9.548706,2.5566707,1,Vascular / systemic inflammation,0
B14062,8.593569,3.9255328,1,Vascular / systemic inflammation,0
B14063,10.071481,4.33819,4,Respiratory / airway EV biology,0
B14064,8.215141,8.500389,3,Broad cancer EV biology,0
B14065,7.8688827,10.292866,3,Broad cancer EV biology,0
B14066,9.380052,8.010181,3,Broad cancer EV biology,0
B14067,7.6966166,2.769651,1,Vascular / systemic inflammation,0
B14068,9.242973,5.0311947,1,Vascular / systemic inflammation,0
B14069,9.081904,6.798311,2,EV engineering / delivery,0
B14070,9.637817,5.5464134,2,EV engineering / delivery,0
B14071,7.9398456,2.7385156,4,Respiratory / airway EV biology,0
B14072,11.687128,2.5303292,4,Respiratory / airway EV biology,0
B14073,11.008333,8.732329,3,Broad cancer EV biology,0
B14074,10.534191,1.3256131,0,MSC / regenerative EV therapy,0
B14075,7.304942,2.8399327,1,Vascular / systemic inflammation,0
B14076,12.887334,2.5539649,4,Respiratory / airway EV biology,0
B14077,10.655538,8.766461,1,Vascular / systemic inflammation,0
B14078,10.301517,8.768031,3,Broad cancer EV biology,0
B14079,10.407204,7.829798,3,Broad cancer EV biology,0
B14080,6.465445,3.323138,3,Broad cancer EV biology,0
B14081,11.813056,9.049931,3,Broad cancer EV biology,0
B14082,9.464259,3.1366143,0,MSC / regenerative EV therapy,0
B14083,11.097769,6.6817565,2,EV engineering / delivery,0
B14084,10.375612,7.591838,3,Broad cancer EV biology,0
B14085,11.509212,6.8190346,2,EV engineering / delivery,0
B14086,10.934065,8.143387,3,Broad cancer EV biology,0
B14087,9.488724,7.761318,4,Respiratory / airway EV biology,0
B14088,10.443003,3.4963887,1,Vascular / systemic inflammation,0
B14089,12.73215,2.9424741,4,Respiratory / airway EV biology,0
B14090,6.895454,3.272568,1,Vascular / systemic inflammation,0
B14091,12.507871,2.624137,4,Respiratory / airway EV biology,0
B14092,8.373663,1.3703313,1,Vascular / systemic inflammation,0
B14093,7.9436502,8.549526,3,Broad cancer EV biology,0
B14094,7.414868,2.9796326,1,Vascular / systemic inflammation,0
B14095,8.347841,9.930113,3,Broad cancer EV biology,0
B14096,8.649178,8.123176,3,Broad cancer EV biology,0
B14097,8.609551,8.017734,3,Broad cancer EV biology,0
B14098,8.538523,10.894431,3,Broad cancer EV biology,0
B14099,10.280858,4.8450365,4,Respiratory / airway EV biology,0
B14100,7.8419843,2.8071928,1,Vascular / systemic inflammation,0
B14101,9.309313,8.380633,3,Broad cancer EV biology,0
B14102,11.078423,5.9473543,1,Vascular / systemic inflammation,0
B14103,9.477738,10.672367,5,Lung cancer EV biology,0
B14104,9.790367,7.296202,3,Broad cancer EV biology,0
B14105,11.235347,5.5950217,4,Respiratory / airway EV biology,0
B14106,9.784595,5.784126,2,EV engineering / delivery,0
B14107,9.8328495,5.8871503,2,EV engineering / delivery,0
B14108,13.260517,4.789733,4,Respiratory / airway EV biology,0
B14109,9.771752,1.9378655,0,MSC / regenerative EV therapy,0
B14110,9.80916,8.263069,3,Broad cancer EV biology,0
B14111,12.313771,3.7081115,4,Respiratory / airway EV biology,0
B14112,11.654735,7.3223524,3,Broad cancer EV biology,0
B14113,8.099961,10.415698,3,Broad cancer EV biology,0
B14114,10.417523,4.667763,3,Broad cancer EV biology,0
B14115,8.089887,1.8106266,1,Vascular / systemic inflammation,0
B14116,8.581255,8.022087,3,Broad cancer EV biology,0
B14117,7.542205,3.0102203,1,Vascular / systemic inflammation,0
B14118,7.8904157,2.589966,4,Respiratory / airway EV biology,0
B14119,10.678041,2.7938628,4,Respiratory / airway EV biology,0
B14120,6.6449103,3.3140602,3,Broad cancer EV biology,0
B14121,12.074267,4.792111,4,Respiratory / airway EV biology,0
B14122,11.146891,8.8125305,3,Broad cancer EV biology,0
B14123,10.479951,4.563881,4,Respiratory / airway EV biology,0
B14124,8.034114,2.521421,4,Respiratory / airway EV biology,0
B14125,7.6039634,2.399439,1,Vascular / systemic inflammation,0
B14126,10.094296,4.744282,4,Respiratory / airway EV biology,0
B14127,8.009463,3.0617914,1,Vascular / systemic inflammation,0
B14128,10.279074,1.4297974,0,MSC / regenerative EV therapy,0
B14129,10.79728,8.125883,1,Vascular / systemic inflammation,0
B14130,10.799333,5.948516,2,EV engineering / delivery,0
B14131,11.314692,5.9638553,4,Respiratory / airway EV biology,0
B14132,11.699158,6.943304,2,EV engineering / delivery,0
B14133,10.213452,8.538469,3,Broad cancer EV biology,0
B14134,9.799697,5.4346657,4,Respiratory / airway EV biology,0
B14135,8.814905,4.468542,1,Vascular / systemic inflammation,0
B14136,7.4665895,2.472203,4,Respiratory / airway EV biology,0
B14137,7.441055,2.999625,1,Vascular / systemic inflammation,0
B14138,7.681265,2.9307683,1,Vascular / systemic inflammation,0
B14139,9.661564,2.0991664,0,MSC / regenerative EV therapy,0
B14140,7.37349,2.9917274,1,Vascular / systemic inflammation,0
B14141,7.6969333,2.636173,1,Vascular / systemic inflammation,0
B14142,10.790376,8.08973,3,Broad cancer EV biology,0
B14143,10.661561,0.11616942,0,MSC / regenerative EV therapy,0
B14144,10.847369,8.762667,3,Broad cancer EV biology,0
B14145,10.681733,0.04613992,0,MSC / regenerative EV therapy,0
B14146,7.8304048,3.9490116,1,Vascular / systemic inflammation,0
B14147,7.8053603,3.976309,1,Vascular / systemic inflammation,0
B14148,8.881983,1.9869083,1,Vascular / systemic inflammation,0
B14149,8.037248,8.262029,4,Respiratory / airway EV biology,0
B14150,11.665745,8.992922,3,Broad cancer EV biology,0
B14151,12.68489,2.7189538,4,Respiratory / airway EV biology,0
B14152,8.953937,1.0057077,1,Vascular / systemic inflammation,0
B14153,9.977061,2.2107582,4,Respiratory / airway EV biology,0
B14154,12.302298,3.856278,4,Respiratory / airway EV biology,0
B14155,7.465504,3.0223255,1,Vascular / systemic inflammation,0
B14156,9.902021,8.045923,3,Broad cancer EV biology,0
B14157,9.62224,9.30875,3,Broad cancer EV biology,0
B14158,12.665277,3.058522,4,Respiratory / airway EV biology,0
B14159,11.595441,6.9471955,2,EV engineering / delivery,0
B14160,7.507776,3.0212936,1,Vascular / systemic inflammation,0
B14161,12.177528,2.1551309,4,Respiratory / airway EV biology,0
B14162,10.546906,7.834423,3,Broad cancer EV biology,0
B14163,10.686701,8.393976,3,Broad cancer EV biology,0
B14164,9.781298,2.3423872,4,Respiratory / airway EV biology,0
B14165,10.858205,8.460215,3,Broad cancer EV biology,0
B14166,11.402522,3.2534354,4,Respiratory / airway EV biology,0
B14167,9.892287,4.6472816,4,Respiratory / airway EV biology,0
B14168,12.102972,5.3106627,4,Respiratory / airway EV biology,0
B14169,10.094429,4.753233,1,Vascular / systemic inflammation,0
B14170,9.223881,10.292366,3,Broad cancer EV biology,0
B14171,9.736705,7.8354597,3,Broad cancer EV biology,0
B14172,7.9596357,2.5339766,4,Respiratory / airway EV biology,0
B14173,8.23931,1.7736852,1,Vascular / systemic inflammation,0
B14174,8.606814,7.867893,1,Vascular / systemic inflammation,0
B14175,11.138041,8.540671,3,Broad cancer EV biology,0
B14176,9.7835865,4.949313,3,Broad cancer EV biology,0
B14177,10.298898,2.928099,4,Respiratory / airway EV biology,0
B14178,10.053605,8.369389,3,Broad cancer EV biology,0
B14179,7.9448204,2.1859705,4,Respiratory / airway EV biology,0
B14180,7.378736,3.1493995,1,Vascular / systemic inflammation,0
B14181,9.000644,4.705928,3,Broad cancer EV biology,0
B14182,12.25523,3.606008,4,Respiratory / airway EV biology,0
B14183,9.2932625,4.6115675,1,Vascular / systemic inflammation,0
B14184,11.74207,7.15069,3,Broad cancer EV biology,0
B14185,7.900147,2.3014135,4,Respiratory / airway EV biology,0
B14186,8.091531,7.1936407,1,Vascular / systemic inflammation,0
B14187,10.120662,3.0447984,4,Respiratory / airway EV biology,0
B14188,7.654125,2.8920135,1,Vascular / systemic inflammation,0
B14189,12.3147335,3.6640399,4,Respiratory / airway EV biology,0
B14190,11.645751,5.4713387,2,EV engineering / delivery,0
B14191,8.172226,2.1651242,4,Respiratory / airway EV biology,0
B14192,11.903207,8.224475,3,Broad cancer EV biology,0
B14193,11.687179,3.0102348,4,Respiratory / airway EV biology,0
B14194,9.817013,2.1507893,3,Broad cancer EV biology,0
B14195,9.531041,1.4665333,0,MSC / regenerative EV therapy,0
B14196,9.039081,8.5483265,3,Broad cancer EV biology,0
B14197,7.4836893,2.4705956,1,Vascular / systemic inflammation,0
B14198,8.6570835,7.974882,3,Broad cancer EV biology,0
B14199,10.765535,8.67545,3,Broad cancer EV biology,0
B14200,12.302564,3.645826,4,Respiratory / airway EV biology,0
B14201,11.799607,3.9225764,4,Respiratory / airway EV biology,0
B14202,9.213355,7.24121,1,Vascular / systemic inflammation,0
B14203,9.064517,9.866857,3,Broad cancer EV biology,0
B14204,12.162624,2.866583,4,Respiratory / airway EV biology,0
B14205,8.158468,2.5751562,4,Respiratory / airway EV biology,0
B14206,12.235003,3.7614703,4,Respiratory / airway EV biology,0
B14207,7.6466255,1.0290946,0,MSC / regenerative EV therapy,0
B14208,7.6436944,1.0787348,4,Respiratory / airway EV biology,0
B14209,7.617425,1.0668422,1,Vascular / systemic inflammation,0
B14210,7.890769,2.9430444,1,Vascular / systemic inflammation,0
B14211,7.786286,3.9953232,1,Vascular / systemic inflammation,0
B14212,9.100696,10.85051,3,Broad cancer EV biology,0
B14213,9.037562,9.859691,3,Broad cancer EV biology,0
B14214,8.999407,9.830657,3,Broad cancer EV biology,0
B14215,12.891867,2.7770395,4,Respiratory / airway EV biology,0
B14216,10.703761,8.580532,3,Broad cancer EV biology,0
B14217,7.742949,2.7077072,1,Vascular / systemic inflammation,0
B14218,8.631527,8.008209,3,Broad cancer EV biology,0
B14219,7.3488827,2.921745,1,Vascular / systemic inflammation,0
B14220,11.185746,8.251955,3,Broad cancer EV biology,0
B14221,11.54252,8.131178,3,Broad cancer EV biology,0
B14222,11.732006,7.040872,3,Broad cancer EV biology,0
B14223,12.379695,2.7348645,4,Respiratory / airway EV biology,0
B14224,11.95542,2.6028414,4,Respiratory / airway EV biology,0
B14225,9.9539995,4.467583,0,MSC / regenerative EV therapy,0
B14226,11.547998,4.22894,4,Respiratory / airway EV biology,0
B14227,12.402614,3.5886693,4,Respiratory / airway EV biology,0
B14228,7.22303,3.074441,1,Vascular / systemic inflammation,0
B14229,12.113341,4.2239966,4,Respiratory / airway EV biology,0
B14230,6.464462,3.3699589,3,Broad cancer EV biology,0
B14231,7.961334,2.6957002,4,Respiratory / airway EV biology,0
B14232,10.119565,4.946874,4,Respiratory / airway EV biology,0
B14233,11.349925,3.3660326,4,Respiratory / airway EV biology,0
B14234,11.079592,9.123403,3,Broad cancer EV biology,0
B14235,11.297256,3.427639,4,Respiratory / airway EV biology,0
B14236,7.4843717,2.842569,1,Vascular / systemic inflammation,0
B14237,9.878406,2.0844245,4,Respiratory / airway EV biology,0
B14238,9.7690115,6.6204143,3,Broad cancer EV biology,0
B14239,13.173203,4.6387324,4,Respiratory / airway EV biology,0
B14240,11.848762,4.6390505,4,Respiratory / airway EV biology,0
B14241,6.4998145,3.3208873,1,Vascular / systemic inflammation,0
B14242,12.0166025,2.6232166,4,Respiratory / airway EV biology,0
B14243,6.4315457,5.681401,1,Vascular / systemic inflammation,0
B14244,10.371443,4.664123,4,Respiratory / airway EV biology,0
B14245,8.630038,7.9664545,3,Broad cancer EV biology,0
B14246,9.760246,7.5264583,3,Broad cancer EV biology,0
B14247,9.352187,2.3445625,0,MSC / regenerative EV therapy,0
B14248,8.90158,8.31346,1,Vascular / systemic inflammation,0
B14249,11.493219,6.9384866,2,EV engineering / delivery,0
B14250,9.735005,2.5478213,4,Respiratory / airway EV biology,0
B14251,7.502037,2.8984997,1,Vascular / systemic inflammation,0
B14252,11.088639,7.9613976,3,Broad cancer EV biology,0
B14253,6.4759173,3.3622324,3,Broad cancer EV biology,0
B14254,10.931607,8.786399,3,Broad cancer EV biology,0
B14255,11.220299,3.639508,4,Respiratory / airway EV biology,0
B14256,9.126039,10.844392,3,Broad cancer EV biology,0
B14257,8.165738,2.8470597,1,Vascular / systemic inflammation,0
B14258,9.290085,11.067997,3,Broad cancer EV biology,0
B14259,9.698928,7.2707787,3,Broad cancer EV biology,0
B14260,7.675707,2.875435,1,Vascular / systemic inflammation,0
B14261,10.139772,9.168021,3,Broad cancer EV biology,0
B14262,6.5952125,3.3324616,3,Broad cancer EV biology,0
B14263,7.94946,2.303395,4,Respiratory / airway EV biology,0
B14264,10.196954,7.459909,3,Broad cancer EV biology,0
B14265,10.304324,2.932469,4,Respiratory / airway EV biology,0
B14266,6.481443,3.375925,3,Broad cancer EV biology,0
B14267,9.601791,9.310701,3,Broad cancer EV biology,0
B14268,10.351019,2.8954437,4,Respiratory / airway EV biology,0
B14269,8.105103,3.3604558,1,Vascular / systemic inflammation,0
B14270,11.573976,7.8143272,3,Broad cancer EV biology,0
B14271,11.1253195,7.163903,3,Broad cancer EV biology,0
B14272,6.4550385,3.5397573,3,Broad cancer EV biology,0
B14273,8.105511,2.8907802,1,Vascular / systemic inflammation,0
B14274,12.853075,2.7925928,4,Respiratory / airway EV biology,0
B14275,10.701002,7.3389378,3,Broad cancer EV biology,0
B14276,12.805428,2.8039656,4,Respiratory / airway EV biology,0
B14277,11.778765,4.6862273,4,Respiratory / airway EV biology,0
B14278,9.933263,9.860533,3,Broad cancer EV biology,0
B14279,10.283567,2.7434125,3,Broad cancer EV biology,0
B14280,7.60664,2.4365833,1,Vascular / systemic inflammation,0
B14281,9.820477,7.115061,3,Broad cancer EV biology,0
B14282,11.702851,3.0304317,4,Respiratory / airway EV biology,0
B14283,10.306343,4.44297,1,Vascular / systemic inflammation,0
B14284,12.931538,2.7887294,4,Respiratory / airway EV biology,0
B14285,9.615475,2.151232,0,MSC / regenerative EV therapy,0
B14286,11.224634,6.3533754,4,Respiratory / airway EV biology,0
B14287,9.885233,2.0428054,0,MSC / regenerative EV therapy,0
B14288,12.808499,2.7426414,4,Respiratory / airway EV biology,0
B14289,12.2811165,5.0644426,4,Respiratory / airway EV biology,0
B14290,8.433753,5.959291,2,EV engineering / delivery,0
B14291,13.171863,4.8254924,4,Respiratory / airway EV biology,0
B14292,9.751029,7.860549,3,Broad cancer EV biology,0
B14293,11.758555,6.9458027,4,Respiratory / airway EV biology,0
B14294,6.4804487,3.3525422,1,Vascular / systemic inflammation,0
B14295,9.906387,2.3399575,4,Respiratory / airway EV biology,0
B14296,11.778354,6.9008646,2,EV engineering / delivery,0
B14297,9.450458,2.2161396,0,MSC / regenerative EV therapy,0
B14298,9.335647,2.1268837,0,MSC / regenerative EV therapy,0
B14299,11.751454,6.978142,2,EV engineering / delivery,0
B14300,11.792435,6.960501,2,EV engineering / delivery,0
B14301,11.144997,8.595519,3,Broad cancer EV biology,0
B14302,11.680904,6.969042,2,EV engineering / delivery,0
B14303,10.192908,2.9040008,1,Vascular / systemic inflammation,0
B14304,10.166993,4.7107205,1,Vascular / systemic inflammation,0
B14305,10.776186,8.012844,3,Broad cancer EV biology,0
B14306,10.497633,3.5880692,1,Vascular / systemic inflammation,0
B14307,6.7188625,3.2312016,1,Vascular / systemic inflammation,0
B14308,10.237243,7.9715643,3,Broad cancer EV biology,0
B14309,10.140263,7.763354,3,Broad cancer EV biology,0
B14310,11.72659,6.98541,3,Broad cancer EV biology,0
B14311,11.471995,6.6771355,2,EV engineering / delivery,0
B14312,11.784573,6.943795,2,EV engineering / delivery,0
B14313,11.749169,6.9104853,2,EV engineering / delivery,0
B14314,11.754352,7.035958,3,Broad cancer EV biology,0
B14315,11.771128,7.0902085,3,Broad cancer EV biology,0
B14316,10.917027,9.038769,3,Broad cancer EV biology,0
B14317,11.131612,7.1389356,2,EV engineering / delivery,0
B14318,10.080829,5.8061843,2,EV engineering / delivery,0
B14319,10.25635,2.8541045,4,Respiratory / airway EV biology,0
B14320,11.286735,7.593324,3,Broad cancer EV biology,0
B14321,9.199881,8.288667,1,Vascular / systemic inflammation,0
B14322,6.698675,3.2754707,1,Vascular / systemic inflammation,0
B14323,11.376005,7.2534266,3,Broad cancer EV biology,0
B14324,9.752785,8.056451,3,Broad cancer EV biology,0
B14325,9.8721075,8.121054,3,Broad cancer EV biology,0
B14326,10.212503,2.9219527,4,Respiratory / airway EV biology,0
B14327,10.412542,7.718886,3,Broad cancer EV biology,0
B14328,11.795367,7.082218,3,Broad cancer EV biology,0
B14329,11.732593,6.9954042,3,Broad cancer EV biology,0
B14330,12.158887,2.6872761,4,Respiratory / airway EV biology,0
B14331,12.757222,5.485949,1,Vascular / systemic inflammation,0
B14332,10.155512,8.818621,3,Broad cancer EV biology,0
B14333,7.8455033,2.4728053,4,Respiratory / airway EV biology,0
B14334,9.830989,6.162166,4,Respiratory / airway EV biology,0
B14335,10.769306,4.527674,1,Vascular / systemic inflammation,0
B14336,7.8925357,1.158921,4,Respiratory / airway EV biology,0
B14337,11.771679,6.8902445,4,Respiratory / airway EV biology,0
B14338,7.703863,3.4962423,1,Vascular / systemic inflammation,0
B14339,8.445514,8.559201,3,Broad cancer EV biology,0
B14340,7.5220594,6.25015,1,Vascular / systemic inflammation,0
B14341,7.860048,2.5295162,4,Respiratory / airway EV biology,0
B14342,7.801955,3.9196217,1,Vascular / systemic inflammation,0
B14343,6.4519343,3.4160945,3,Broad cancer EV biology,0
B14344,10.372714,3.455127,4,Respiratory / airway EV biology,0
B14345,9.9543,2.6956992,4,Respiratory / airway EV biology,0
B14346,11.812638,1.6858902,1,Vascular / systemic inflammation,0
B14347,7.759884,2.4440563,4,Respiratory / airway EV biology,0
B14348,6.5418525,3.3511338,3,Broad cancer EV biology,0
B14349,10.280943,4.923659,4,Respiratory / airway EV biology,0
B14350,10.453085,5.4895782,1,Vascular / systemic inflammation,0
B14351,10.512298,3.5073571,4,Respiratory / airway EV biology,0
B14352,10.105123,2.5346248,4,Respiratory / airway EV biology,0
B14353,7.60396,1.0807054,4,Respiratory / airway EV biology,0
B14354,7.795784,1.1300082,4,Respiratory / airway EV biology,0
B14355,10.297966,4.8352265,4,Respiratory / airway EV biology,0
B14356,10.213925,3.7910976,1,Vascular / systemic inflammation,0
B14357,10.900006,3.2598102,4,Respiratory / airway EV biology,0
B14358,7.600206,2.2492275,1,Vascular / systemic inflammation,0
B14359,8.976212,4.49354,1,Vascular / systemic inflammation,0
B14360,12.814367,3.353367,1,Vascular / systemic inflammation,0
B14361,10.645417,4.8015356,0,MSC / regenerative EV therapy,0
B14362,11.04605,2.5999315,4,Respiratory / airway EV biology,0
B14363,7.8093886,3.9800956,1,Vascular / systemic inflammation,0
B14364,8.803684,4.0999837,1,Vascular / systemic inflammation,0
B14365,10.515328,3.555098,4,Respiratory / airway EV biology,0
B14366,10.095798,4.6936855,4,Respiratory / airway EV biology,0
